account_id,customer_id,branch_id,account_type,account_status,open_date,close_date,balance,currency,interest_rate,overdraft_limit,monthly_fee,account_number
ACC3176014,CUST000009,BR026,business acct,Suspended,2006-08-05,,USD 2873.27,,4.8009,,25,283797255211
ACC4355855,CUST000357,BR024,Money Market,Active,"February 16, 2010",,4467.68,USD,3.6083,1000,25,695789943420
ACC7244594,CUST001627,BR013,Savings,Open,13/09/2013,,,USD ,0.0285,,0,791796483031
ACC7052964,CUST000770,BR024,Checking,N/A,10-12-25,,1157.71,,3.8787,1000,0,373409515468
ACC2359890,,BR050,MONEY MARKET,N/A,23-09-2013,04-07-2020,727.05,usd,0.906,0,0,748238747779
ACC3320855,CUST001616,BR030,MONEY MARKET,open,06/06/2019,"September 16, 2021",1719.9,GBP,3.0528,250,25,494687271970
ACC8562174,,BR014,Checking,open,"July 03, 2001",,5416.18,$,5.1159,0,25,796599370633
ACC1083202,CUST004481,BR028,money mkt,active,13-03-2003,06/23/2015,5653.92,,3.3797,250,5,327526223278
ACC6712112,CUST002918,BR018,Business,Closed,2023-04-23,,4397.31,usd,2.5916,500,15,685332678975
ACC9272277,CUST002066,BR029,business,Inactive,23/03/2004,,1066.44,USD,3.117,250,12,568951791762
ACC2198830,CUST002991,BR041,MONEY MARKET,N/A,09-10-01,,3547.77,,0.9168,,12,237187828268
ACC9680710,CUST000152,BR006,Checking,N/A,NULL,,3382.3,EUR,0.0647,0,12,340484067646
ACC8821340,CUST004363,BR006,Money Market,Suspended,09/11/2015,,2648.66,,0.3379,,0,696722018979
ACC3023828,CUST000912,BR017,Money Market,Active,01-03-29,,,EUR,4.1697,500,25,773438155101
ACC5923701,CUST001843,BR045,Savings,Closed,05/20/2016,,2707.45,US Dollar,4.3789,250,0,787914395460
ACC7640035,,BR047,Business,open,13-06-28,24/11/2017,3333.84,,0.5961,500,0,405292582766
ACC7495471,CUST001437,BR031,MONEY MARKET,Inactive,,,5028.17,,4.6873,250,0,372463717082
ACC9835183,CUST001095,BR015,Money Market,Active,21-11-17,,464.46,usd,2.0842,,12,160784347376
ACC3349296,CUST001315,BR038,Savings,Open,20-08-2006,04-12-2021,5539.19,USD,3.4411,1000,5,015702434950
ACC1337340,CUST003756,BR017,Checking,CLOSED,2000-08-14,,584.2,usd,0.1639,USD 0.00,15,778771817046
ACC4587729,CUST000637,BR017,Business,Suspended,,2022-09-21,275.81,$,3.3829,USD 500.00,12,331809382858
ACC6436548,CUST003864,BR001,BUSINESS,N/A,99/99/9999,,"$14,932.11",EUR,1.6377,250,25,039879577090
ACC5933696,CUST002391,BR010,savings,Frozen,29-05-2003,,12585.46,USD,5.0061,1000,5,532225198295
ACC5603410,CUST004762,BR011,Saving Acct,Active,17-10-11,21-06-28,249.36,,3.3713,$100.00,15,918552433225
ACC8345191,CUST003633,BR022,MoneyMarket,ACTIVE,23-12-2009,26-09-2012,2342.58,GBP,4.324,100,25,990099856385
ACC1097927,CUST003706,BR004,money market,Open,09-06-10,,"824,38",usd,3.8594,100,25,759918791419
ACC5546070,CUST002285,BR009,money mkt,ACTIVE,2023-02-03,,2657.03,,4.9153,0,5,473650864587
ACC6844835,CUST000573,BR007,Money Market,Frozen,99/99/9999,,7092.0,usd,1.8968,500,15,779402429397
ACC4607163,CUST004382,BR030,CHK,Frozen,08-08-29,13/12/2013,,,1.817,1000,25,210279583550
ACC1011948,CUST002924,,Business,N/A,10/12/2000,,4023.25,$,2.7179,1000,10,288594896718
ACC6879508,CUST004350,BR046,Business,ACTIVE,07-12-2014,,1747.24,GBP,1.0999,250,0,595437789045
ACC9976826,CUST004745,BR022,MONEY MARKET,open,99/99/9999,05/20/2016,3698.56,usd,3.3849,100,0,742148114939
ACC2871398,CUST000536,BR034,money mkt,CLOSED,13/08/2000,,1495.87,GBP,0.4322,,5,964782696380
ACC8186043,CUST000973,BR037,Money Market,closed,20-03-2018,,9623.95,USD,0.8371,,5,847764727763
ACC8681972,CUST000672,BR046,Money Market,Active,19-03-2016,,8173.22,USD ,,250,12,910374867004
ACC8905951,CUST001671,BR007,Current Acct,Open,2009-10-04,,3267.88,USD,2.0302,500,12,462725737483
ACC2157693,CUST004115,BR042,Savings,N/A,02-04-15,,1570.98,EUR,0.3582,0,25,826017622226
ACC8154388,CUST004657,BR016,SAVINGS,N/A,NULL,,1389.1,US Dollar,2.9597,1000,12,733563082390
ACC2838520,CUST001747,BR040,Checkng,Active,"December 02, 2003","August 13, 2010",135.96,$,0.9871,500,25,787099312728
ACC2021060,CUST004411,BR008,Savings,active,01/02/2023,,-6767.39,EUR,1.1885,,5,178224816449
ACC2394940,CUST001049,BR042,svgs,Closed,21-03-2011,,2394.14,EUR,2.2306,0,25,669130323734
ACC6508184,CUST003227,BR043,Checking,Closed,13/06/2012,,"$1,572.96",GBP,4.7658,,10,873889965303
ACC4731219,CUST001501,BR024,Saving,N/A,23-03-01,,2547.9,EUR,,0,15,353492236115
ACC9667771,CUST004592,BR038,Checking,Closed,20/10/2017,,USD 6831.25,USD,2.5087,$250.00,0,194473061743
ACC6959033,CUST004920,BR041,Checking,closed,23-12-26,,532.36,usd,4.1696,1000,15,717104963817
ACC2590855,CUST001514,BR015,Checking,closed,99/99/9999,,7798.03,USD,4.7215,1000,5,048092863668
ACC2881518,CUST000427,BR013,Savings,closed,11/03/2017,,9111.91,usd,2.5623,500,15,641406180833
ACC5106329,CUST004751,BR006,Business,open,09/04/2002,,11727.87,US Dollar,3.2845,1000,10,989520598515
ACC3738870,CUST004302,BR009,CHK,Open,"February 04, 2005",,2026.59,,3.2941,100,10,493064504403
ACC5936769,CUST004063,BR005,money mkt,open,06/09/2015,,979.21,$,4.0153,$250.00,12,749199123527
ACC7434588,CUST003964,BR034,Checking,Open,10-12-2009,,,$,3.9849,,25,503109029183
ACC1599974,CUST000766,BR032,MONEY MARKET,ACTIVE,10/11/2003,,1619.33,EUR,4.6607,,5,080372845303
ACC7900499,CUST004300,,Savings,Inactive,,,775.09,GBP,5.0376,,12,982278920889
ACC7600742,CUST004316,BR035,Savings,N/A,2022-04-01,,"$3,738.50",EUR,0.702,$250.00,15,715499789285
ACC1294927,CUST004438,BR012,Checking,active,08-07-21,09/21/2016,2589.82,,0.6956,0,15,790334484195
ACC8059435,CUST003506,BR045,Buisness,open,13-10-2009,,8030.75,USD ,4.6431,0,25,597055039066
ACC1445084,CUST002017,BR045,Savings,Active,"March 10, 2004",,130.55,USD,1.717,500,5,213873298668
ACC5951026,CUST003882,BR038,Money Market,ACTIVE,20-07-07,,4129.81,EUR,2.1636,100,0,747295981770
ACC8552185,CUST004852,BR048,MM,open,"December 09, 2021",,5757.92,$,2.4376,250,15,203614507362
ACC8228443,CUST003287,BR047,Checking,active,"April 27, 2019",,5699.92,USD ,3.8513,250,0,504708424238
ACC1299046,CUST000380,BR039,Savings,active,29-01-2019,,"$8,688.82",USD,4.2848,500,0,751606315240
ACC3692706,CUST001713,BR023,money mkt,Active,"September 15, 2020",,5223.04,,,,15,825473397750
ACC5827273,CUST003945,BR018,Business,Suspended,09/02/2012,,10513.82,US Dollar,4.2759,1000,12,522143550999
ACC5785117,CUST002415,BR026,Current Acct,Suspended,99/99/9999,,1617.8,EUR,1.757,100,0,108751998426
ACC5896961,CUST002825,BR018,Checking,Open,"May 15, 2008",,2798.35,USD ,,1000,10,635153115552
ACC3046770,CUST001187,BR028,Checking,N/A,NULL,,56.72,,4.9013,250,5,105180898686
ACC2262106,CUST000141,BR040,Savings,Suspended,17-09-2006,,27.93,USD ,2.0437,100,0,065722218683
ACC4018051,CUST002765,BR014,Business,open,28/07/2018,,1098.41,EUR,1.7031,USD 500.00,15,890643425222
ACC2958418,CUST000233,BR045,savings,active,21-03-18,,425.03,usd,0.4493,250,5,170430474884
ACC3214127,CUST001201,BR011,Checking,open,25-06-2009,16-03-22,1205.56,,1.3269,0,25,706002025427
ACC9551883,CUST004036,BR010,Checking,Suspended,08/14/2007,,779.41,usd,1.1841,1000,15,488374464533
ACC3718072,CUST000122,BR046,BUSINESS,Active,05/10/2022,,115.74,EUR,1.6103,0,10,607142082919
ACC1239497,CUST003028,BR033,Money Market,Active,NULL,,9600.97,$,4.773,,10,372500027472
ACC3690726,CUST001249,BR003,Business,N/A,"October 16, 2023","December 11, 2023",33.03,EUR,4.7991,500,0,644810728432
ACC6304564,CUST001416,BR009,BUS,active,,,5328.47,,2.6229,250,15,044094586308
ACC8407247,CUST001961,BR032,Savngs,Open,"March 30, 2008",,660.2,EUR,2.9837,0,5,069111294039
ACC2263650,CUST004403,BR007,CHK,Open,01-12-2012,"February 11, 2021","9732,12",$,1.0849,,10,924193709993
ACC3334907,CUST003305,BR006,BUSINESS,Inactive,08/20/2015,,8932.08,EUR,3.4389,,0,533060704770
ACC9266482,CUST001337,BR046,Savngs,CLOSED,17-06-02,,-4244.12,US Dollar,5.4668,1000,10,570919439261
ACC2435860,CUST000847,BR018,SAV,N/A,2023-03-10,,4461.82,US Dollar,4.0845,500,15,682257015346
ACC7646629,CUST003547,BR025,checking,Suspended,06-03-16,,,,5.3187,100,25,028681187088
ACC7798162,CUST002004,BR047,Savngs,Active,"June 27, 2016",,16764.72,US Dollar,4.9654,0,0,759724404530
ACC3019558,CUST003967,BR046,money market,CLOSED,08/13/2014,,8409.45,$,1.0421,1000,15,177402774816
ACC8059855,CUST004685,BR012,checking,Inactive,13-03-25,,,$,0.6888,250,12,783454604165
ACC3783546,CUST000237,BR040,sav,N/A,12/13/2007,,4306.36,EUR,0.5689,0,0,284295079132
ACC4370786,CUST002979,BR036,Money Market,Active,2013-03-30,,1691.18,GBP,1.2973,,0,083851909104
ACC6203690,CUST001323,BR044,Biz,open,16/07/2008,31/01/2014,8964.03,,5.4697,500,25,294055547043
ACC8386984,CUST000699,BR005,BUSINESS,Active,01/27/2015,,1378.52,GBP,,100,10,163225092870
ACC4000825,CUST001626,BR031,Money Market,open,10/25/2004,,3308.65,$,2.2665,250,12,975983071093
ACC4266160,CUST004955,BR043,Checking,Suspended,"February 17, 2012",,420.25,USD ,2.6827,250,12,377053439744
ACC6409564,CUST002570,BR020,Checking,open,16/02/2022,,10201.91,$,4.9735,0,15,863301317434
ACC5704859,CUST002082,BR009,Checking,Closed,07/23/2014,11-12-2015,606.88,usd,4.9152,500,5,624425060380
ACC2676186,CUST003793,BR040,Money Market,Frozen,NULL,,,USD ,1.9211,100,12,090502380841
ACC7536189,CUST004273,BR033,Savings,Suspended,07-11-2002,,3267.0,US Dollar,5.4632,250,5,258086968689
ACC3073413,CUST002481,BR045,Savings,ACTIVE,02-01-19,26/12/2004,5777.27,,4.0827,,12,920110801790
ACC5473469,CUST003215,BR009,Savings,ACTIVE,"September 16, 2016",01-03-2018,3863.51,US Dollar,3.3371,100,12,801265878312
ACC1606390,CUST002400,BR009,Business,Inactive,11/04/2006,26-02-2011,1056.56,,0.8337,$250.00,25,191190342958
ACC5042784,CUST002894,BR024,Savings,closed,08-10-14,,3.77,usd,3.2532,100,15,632980651652
ACC6771652,CUST001980,BR044,check,Inactive,02/14/2013,,5661.25,USD,4.5238,100,25,661845245372
ACC5656934,CUST000852,BR033,Savings,CLOSED,2006-12-14,,16854.49,EUR,4.6375,250,25,968474644337
ACC2184927,CUST003200,BR045,SAVINGS,active,17-11-03,,"$6,641.10",,3.7469,100,15,107047086773
ACC5400601,CUST000341,BR019,Money Market,Open,21-05-04,,2466.28,GBP,3.007,100,10,649260448859
ACC8228124,CUST004656,BR047,Checking,N/A,07-03-2023,,9363.94,,4.8741,100,25,301190453478
ACC3304609,CUST000607,BR009,Savings,Active,29/07/2017,,2109.5,GBP,0.3323,1000,10,046311347636
ACC6388523,CUST001326,BR019,check,open,19-11-2013,,2977.21,$,1.4356,1000,15,545001726558
ACC5540644,CUST000169,BR003,MONEY MARKET,Inactive,20/12/2006,,2593.69,$,1.1944,0,15,305716569189
ACC9375348,CUST003509,BR008,business acct,Suspended,27/07/2009,,2374.1,$,3.9203,1000,10,793555840069
ACC4021732,CUST000904,BR023,Savings,CLOSED,16-04-2021,,5970.01,USD ,1.191,,5,821246522132
ACC1181489,CUST000034,BR012,Business,closed,2005-04-11,,2992.69,$,,1000,15,464156684606
ACC6517362,CUST002314,BR002,business,ACTIVE,26-08-2022,,1523.39,USD ,4.6881,$0.00,15,879033017575
ACC3617626,CUST002349,BR049,money market,Open,19/04/2022,,1194.48,,,0,0,421095231191
ACC2911805,CUST003792,BR041,Money Market,Open,2016-11-16,20-03-13,153.91,GBP,1.543,,25,688158463155
ACC4482184,CUST003446,BR031,Business,N/A,2008-05-23,18-02-28,3500.55,USD,1.015,1000,12,356171404540
ACC3624819,CUST001085,BR024,Buisness,CLOSED,99/99/9999,,1045.26,USD ,4.0196,500,5,824492603156
ACC7594013,CUST002903,BR032,money market,Closed,10/12/2004,,641.3,USD,,1000,25,421382832173
ACC3331964,CUST003634,BR001,Money Mkt,closed,"April 20, 2021",,4243.3,USD ,4.4947,1000,12,443875384073
ACC2270296,CUST003029,BR014,Current Acct,Active,"November 20, 2017",,4572.88,,4.6505,,10,220096768395
ACC8148433,CUST001485,BR007,SAV,active,17-04-2000,,5579.81,USD ,2.572,500,12,684285931177
ACC8623573,CUST003791,BR017,SAV,open,20-11-2019,,2801.31,USD ,0.139,100,0,311980861467
ACC9477081,CUST001156,BR028,MONEY MARKET,N/A,20-11-2004,,8979.33,,0.8208,,15,809151271084
ACC7888987,CUST003521,BR019,Money Market,Frozen,12-11-06,,11016.97,$,1.3071,1000,12,638005830715
ACC9845840,CUST003512,BR006,Savngs,Frozen,2010-03-31,,6587.96,USD,3.7504,100,5,250864566329
ACC1632809,CUST001851,BR014,BUS,Inactive,"August 13, 2013",,4037.94,usd,1.3153,,12,971209218921
ACC8941309,CUST003311,BR017,MoneyMarket,Suspended,26-01-2015,,1448.02,$,2.6898,100,5,904620709024
ACC8821032,CUST004624,BR005,sav,Inactive,17-06-10,,16285.23,usd,1.1157,$0.00,25,792590339192
ACC8066336,CUST004457,BR036,Savngs,Closed,99/99/9999,,1281.57,$,5.4195,0,25,184929644840
ACC4483185,CUST000812,BR008,Checkng,Active,05/08/2021,,USD 905.88,GBP,3.7781,1000,5,108674918397
ACC2132889,,,svgs,Suspended,,,2334.69,US Dollar,3.0429,0,12,487750282296
ACC8823872,CUST002077,BR027,Business,closed,"September 17, 2023",,234.08,$,3.8895,500,15,890689162948
ACC3854851,,BR026,Checking,Active,NULL,,15357.78,USD,1.6262,,0,164966567859
ACC8715187,CUST000580,BR026,Checking,closed,20-11-08,,3551.14,USD,0.2312,0,5,639285770788
ACC1832423,CUST001388,,business,Closed,14-06-2018,,"3256,31",USD ,1.6644,500,5,566800410168
ACC2606456,CUST001974,BR005,BUS,closed,12-09-22,,4266.09,USD ,2.031,1000,12,492641617554
ACC9887453,CUST004226,BR018,Money Market,open,"July 09, 2022",,2748.85,usd,4.3513,,25,518487056659
ACC6870668,CUST000667,BR006,Business,Closed,14/02/2020,,130.36,usd,4.2058,,12,191323671948
ACC2309358,CUST001267,BR025,Money Mkt,Closed,24/05/2020,,3790.21,usd,1.3891,250,10,085060385401
ACC6516591,CUST000432,BR041,BUSINESS,Active,08/05/2017,,5037.57,USD ,4.8323,,5,830502419546
ACC1291647,CUST000466,BR021,money market,N/A,23-09-2003,,2156.55,$,1.5663,100,5,376632625547
ACC9119209,CUST004383,BR028,Savings,Suspended,01/07/2004,,5663.64,,4.4702,500,10,164229500722
ACC8689889,CUST000736,BR044,Savings,closed,2014-08-19,,"1029,91",,0.7224,250,15,054982098108
ACC7104478,CUST000909,BR050,business acct,ACTIVE,10/08/2009,,1000.4,$,1.0729,250,15,954430976511
ACC4492174,CUST003304,BR012,Checking,Inactive,16-02-08,2018-03-05,704.17,USD,5.46,250,25,006074406125
ACC3632598,CUST002566,BR024,Business,N/A,"January 14, 2001",10/26/2004,1860.83,EUR,1.1423,500,25,103647218494
ACC8186065,CUST003302,BR029,Checkng,open,14-08-2013,,7509.58,GBP,2.0359,100,5,654945329418
ACC8804769,CUST002921,BR019,Business,open,2001-08-30,,7039.0,US Dollar,3.4911,500,25,805424749726
ACC2198253,CUST004210,BR023,money mkt,Frozen,20-01-2004,,1930.41,EUR,2.2493,,10,380982869571
ACC2794130,CUST000537,BR028,Savings,CLOSED,"February 25, 2000",,3557.8,EUR,3.564,500,5,421322171355
ACC6262839,CUST002560,BR001,CHECKING,Inactive,15/06/2016,,5103.54,EUR,0.5169,500,12,393463932018
ACC1612601,CUST003512,BR016,CHK,Open,2018-07-28,,1104.1,GBP,1.5853,,5,715175200565
ACC3120004,CUST001551,,Checking,N/A,05/02/2002,,736.37,usd,0.5998,USD 0.00,10,689136804272
ACC5881464,CUST000134,BR012,Current Acct,open,07-10-17,,14315.94,,4.7611,1000,5,617709047562
ACC3715610,,BR035,Money Market,Inactive,2007-11-29,12-10-2009,3844.71,,2.1611,0,12,071751895403
ACC8647748,CUST001483,BR020,Business,closed,,,15941.76,GBP,1.3411,500,25,930149811091
ACC3172257,CUST001400,BR033,Savings,Open,2007-07-05,,"$1,648.48",USD ,,0,12,780214307199
ACC1212111,CUST002741,BR015,Business,Open,"March 11, 2013",19/06/2019,"4856,52",GBP,4.7833,100,25,295436638546
ACC8371449,CUST001267,,checking,CLOSED,"May 21, 2014",,1007.22,USD ,3.8537,,10,476633370400
ACC5237865,CUST003996,BR001,Money Market,N/A,10/04/2017,,1210.91,usd,4.9058,1000,10,195200854741
ACC9541434,CUST002268,BR022,Money Market,N/A,00-05-18,09/25/2001,2868.96,USD,3.9339,0,10,905750087942
ACC9006208,CUST000885,BR039,Checking,CLOSED,"October 14, 2022",,,USD ,1.081,"$1,000.00",25,175949266890
ACC8053319,CUST000486,BR027,Checking,Suspended,"April 24, 2004",,,EUR,4.3705,1000,10,837983242832
ACC5339219,CUST002461,BR027,Checking,Open,"October 18, 2013",,"$1,220.02",GBP,2.471,$500.00,15,104170869399
ACC9346067,CUST004532,BR049,Money Market,active,"November 05, 2014",,145.61,GBP,5.0469,USD 0.00,15,743452545369
ACC1508447,CUST001892,BR019,MM,Closed,15-01-23,,4875.31,$,3.2377,100,0,336892544581
ACC9281172,CUST002472,BR001,Savngs,Closed,00-01-15,,271001.0,,1.3209,$0.00,12,258231658813
ACC9528545,CUST000714,BR030,Business,closed,NULL,08/30/2021,395.94,usd,4.3147,500,0,725190265793
ACC4608837,CUST000292,BR004,Savings,Active,"January 23, 2012",,753.49,$,1.2091,250,25,039668115178
ACC5961048,CUST002068,BR003,Money Market,Active,11-03-08,,,GBP,0.3235,1000,0,980957038770
ACC7755673,CUST001158,BR020,Money Market,Open,04/26/2004,,3793.12,EUR,4.1166,500,25,525577733619
ACC6909290,CUST002111,BR018,MoneyMarket,N/A,10/08/2000,,395.79,,1.896,100,5,680691576280
ACC6090438,CUST002384,BR045,Savings,closed,13/01/2015,,5614.29,usd,,1000,15,441221638257
ACC8003947,CUST001262,BR048,Savings,open,20/01/2014,,82.9,USD,0.6197,0,15,157430231835
ACC7971015,CUST002864,BR007,money market,active,20-03-2002,,1147.4,USD,0.3224,0,12,838850841862
ACC5674456,CUST003448,BR005,Business,Inactive,"September 01, 2006",99/99/9999,8853.42,EUR,,250,25,618744508388
ACC6395362,CUST003127,BR002,Checking,active,23-04-2014,,5070.94,usd,3.2645,500,15,859793201163
ACC4693806,CUST001626,BR048,money market,Closed,03/06/2009,,$303.07,GBP,5.3076,250,5,286980580352
ACC7814912,CUST004299,BR013,svgs,CLOSED,99/99/9999,,6884.3,EUR,4.8566,100,0,876754163815
ACC6172180,CUST002212,BR013,SAVINGS,active,2008-02-11,,"$2,717.25",$,2.1469,0,25,893480442909
ACC2442247,CUST002234,BR027,Checkng,Open,10/05/2009,18-12-04,7503.6,US Dollar,0.356,0,10,678246942897
ACC6583278,CUST002484,BR012,Checking,Open,"July 07, 2018",,3672.57,US Dollar,0.2133,250,0,100839113638
ACC6342137,CUST003445,BR028,Checking,ACTIVE,08/09/2023,,4580.72,EUR,4.7271,500,15,976652570966
ACC2776545,CUST002200,BR049,Money Market,closed,"January 12, 2020",03/08/2020,20144.77,$,2.4343,250,0,447098924451
ACC3581192,CUST000651,BR034,check,N/A,99/99/9999,,"1057,61",$,2.5217,500,25,024865796382
ACC2635556,CUST000411,BR049,Checkng,Frozen,02/04/2002,,3912.09,,5.0877,250,5,586847263257
ACC5788153,CUST001038,BR043,Checking,Closed,23-07-2002,,2467.13,EUR,3.6754,500,5,024554529714
ACC1919148,CUST004435,BR027,Business,Frozen,"July 25, 2022",13/05/2023,161.01,USD ,0.0561,0,10,422624520856
ACC8343591,CUST003434,BR041,MONEY MARKET,closed,99/99/9999,15/10/2022,58.31,usd,2.0587,0,25,099143385124
ACC3767261,,BR048,Money Market,Inactive,"March 22, 2012",,507.83,EUR,3.1005,500,12,629416339233
ACC1483038,CUST001894,BR017,Checking,Active,"May 30, 2014",,USD 4188.92,USD,5.3036,0,12,729382670934
ACC7618296,CUST004872,BR032,Savings,Frozen,04-03-02,,3349.58,,1.3987,1000,5,850359158981
ACC1569277,CUST004567,BR041,Business,active,2015-02-02,,3224.63,USD ,0.2145,0,0,185306651547
ACC6272758,CUST004521,BR021,Savings,Inactive,,"November 22, 2021",$129.50,USD ,5.3191,500,0,096858356869
ACC4745020,CUST004376,BR030,BUSINESS,Closed,16-12-10,,2534.26,EUR,1.0542,250,10,568275378654
ACC2908843,CUST004064,BR041,Buisness,Inactive,"August 16, 2004",,10341.0,GBP,2.9275,1000,10,766294552448
ACC5665252,CUST002126,BR032,checking,CLOSED,99/99/9999,,2027.28,USD ,2.6298,1000,15,283190774990
ACC5090315,CUST004920,BR010,Checking,open,23-11-2008,,3922.49,$,4.8911,0,0,521380409689
ACC5325277,CUST004524,BR046,Business,Open,29-04-2010,,6053.22,EUR,5.3994,500,15,219228636870
ACC1164775,CUST004140,BR005,Savings,open,07/08/2007,,6128.52,$,4.6263,USD 1000.00,12,814386833514
ACC9186261,CUST001024,BR010,business acct,active,"October 24, 2015",,2929.88,USD,2.6667,500,25,230835930586
ACC9240964,CUST000883,BR014,Savings,closed,"September 19, 2020",,7806.36,usd,1.5245,250,0,314552651547
ACC9558236,CUST000405,BR039,Money Market,N/A,NULL,17-12-12,1986.23,USD ,3.1795,,5,235228490117
ACC8969555,CUST001460,BR012,Money Market,Closed,00-11-21,,8781.86,EUR,1.0643,500,10,297850497592
ACC9236335,CUST003081,BR046,Savings,Open,2017-01-09,,1098.94,GBP,3.3502,0,5,206962610810
ACC4863195,CUST001497,BR011,Money Market,Suspended,12/28/2021,,1315.22,USD ,,500,10,191732582926
ACC3377642,CUST003151,BR003,money mkt,N/A,"September 16, 2009",,218.33,$,3.5042,250,15,579203298818
ACC1369848,CUST003696,BR025,Checking,Inactive,2017-10-19,,6350.35,US Dollar,2.1166,100,15,912024486335
ACC4621987,CUST002169,BR045,Checking,CLOSED,03/21/2018,,2158.65,,3.1896,500,5,715998147400
ACC2403058,CUST000498,BR014,SAV,ACTIVE,02-02-01,,1040.87,US Dollar,3.967,1000,10,937472707683
ACC3208720,CUST002503,BR011,Money Market,closed,12-06-2011,,1054.77,$,2.0518,100,15,784121327160
ACC5307830,CUST002888,BR025,Savings,ACTIVE,"May 14, 2019",,"$9,266.73",GBP,5.4232,,15,009871759030
ACC9645571,CUST003244,BR027,business acct,Active,05/16/2020,,7181.06,usd,2.1625,,10,156012079283
ACC2063363,CUST003444,BR012,Money Market,Open,2005-03-11,,3225.54,USD,5.2124,250,25,397919668159
ACC4183475,CUST003391,BR017,Checking,active,"January 03, 2018",12/06/2021,3829.61,,5.0531,100,10,823826707951
ACC2069126,CUST001105,BR008,money market,active,"April 30, 2013",2018-10-06,,GBP,2.0816,500,25,878531274392
ACC5541983,CUST000977,BR019,MoneyMarket,active,03/05/2020,,1988.13,US Dollar,3.1399,100,25,689435340442
ACC4650668,CUST004858,BR025,Savings,open,02-06-10,,9882.92,usd,1.2426,0,5,447425638463
ACC4313572,CUST000283,BR050,Money Market,closed,16-08-25,09-12-2018,USD 536.93,USD ,3.2407,1000,5,965354281362
ACC8531849,CUST003364,BR007,Savings,Active,2010-10-13,,2168.21,US Dollar,4.9989,1000,0,915318635442
ACC1306147,CUST004989,BR027,svgs,Inactive,2017-07-20,,1689.81,EUR,2.8499,"$1,000.00",5,926209021248
ACC8063950,CUST004949,BR021,Checking,open,"August 06, 2012",,2757.82,usd,2.1357,,10,004514575409
ACC5460551,CUST003800,,BUS,Inactive,28/10/2000,,2447.24,GBP,3.7159,,0,216684123270
ACC1339022,CUST003540,BR007,money mkt,closed,06-10-25,,2926.63,US Dollar,5.2039,1000,15,139129598648
ACC6064682,CUST002523,BR025,savings,N/A,02/02/2009,,602.91,USD,2.5366,,0,560325375100
ACC3994540,CUST003812,BR013,Checking,Inactive,10/02/2008,,"2879,13",EUR,4.121,250,0,168077991547
ACC7328147,CUST003701,BR044,Savings,Active,06/19/2000,,1110.5,,1.0554,,10,346783196227
ACC3939020,CUST002617,,Savings,Inactive,18-11-2008,,814.99,USD ,3.1869,500,15,901041796827
ACC9512693,CUST000936,BR020,svgs,closed,,,268.13,$,5.3681,500,0,434575975615
ACC2097012,CUST001936,BR048,Business,open,30-08-2021,,USD 5752.92,,1.9304,1000,0,704127894316
ACC2313438,,BR026,business,open,"May 07, 2008",,2230.56,GBP,,250,12,967410950959
ACC9312545,CUST003739,BR014,money market,Active,2006-03-17,,3940.89,,5.1969,100,12,163402225444
ACC9932494,CUST002594,BR049,Business,Frozen,09/04/2003,,5201.84,USD,1.0918,1000,5,866214883856
ACC3904861,CUST003351,BR015,savings,closed,"September 09, 2005",,4549.2,usd,3.5467,250,10,810466662426
ACC6038332,CUST003424,BR021,savings,Open,11-06-2005,,2543.29,US Dollar,,,0,019759339813
ACC8049008,CUST004398,BR033,Checkng,closed,30-06-2008,25-06-2014,1963.43,USD ,4.7759,500,25,074119577968
ACC4156394,CUST004167,BR049,money mkt,Inactive,07-10-03,,1886.16,GBP,2.3446,,25,598280197475
ACC3854330,CUST001810,BR020,Savngs,Open,02-04-18,,4087.15,,3.7532,100,15,247844642896
ACC2406771,CUST000364,BR050,MoneyMarket,CLOSED,"January 18, 2004",,2731.16,usd,3.5043,1000,5,523923768972
ACC1061346,CUST004295,BR019,Savings,open,11-05-30,,"$7,565.41",GBP,2.8289,100,12,252424229942
ACC4430794,CUST004417,BR044,MM,Closed,29-06-2002,,8308.24,USD ,3.8295,500,0,480745815163
ACC4879778,CUST003946,BR038,money mkt,Inactive,2019-05-10,,748.02,USD ,2.9141,250,10,955376868072
ACC6196533,CUST000159,BR022,business,CLOSED,02-11-2007,,585.81,USD,4.6543,0,5,683439199728
ACC8618477,,BR036,svgs,Open,21-11-15,,USD 3981.35,USD,0.3909,0,12,333790881345
ACC6930181,CUST002240,BR043,Buisness,ACTIVE,06-07-2007,,1433.71,usd,1.5861,0,10,441966005963
ACC4643697,CUST003281,BR010,Savings,Closed,20-09-20,,74.98,usd,4.7354,1000,0,897960894999
ACC5069380,CUST004927,BR013,Business,Frozen,"April 17, 2009",21-10-13,8780.04,$,4.8536,500,15,850667986652
ACC5805970,CUST004051,BR049,Business,N/A,09-01-2003,,1029.39,usd,3.8136,,0,346035334187
ACC7617658,CUST001864,BR011,Checking,active,20-11-06,,10596.14,$,4.9564,USD 100.00,12,610793300666
ACC6935286,CUST003183,BR028,svgs,Open,26-05-2005,18-09-14,5055.38,US Dollar,2.5056,250,0,474591506334
ACC3203373,CUST000269,BR012,Checking,closed,NULL,05/08/2023,5752.94,GBP,2.9572,,25,949309069096
ACC6508152,CUST004352,BR017,Savings,Active,13-06-2022,,899.89,,3.4296,0,0,868861725050
ACC6345629,CUST001696,BR033,Business,CLOSED,11/22/2019,10-05-2021,1067.31,USD,4.5299,100,15,065126794178
ACC4702276,CUST001992,BR024,sav,CLOSED,10-12-27,,2946.46,usd,5.3123,1000,5,120045897092
ACC6833112,CUST001531,BR020,Business,Open,2012-05-10,,"755,45",,0.1403,1000,10,866052390823
ACC3494700,CUST002203,BR036,Saving Acct,Closed,29/08/2022,,1457.86,GBP,0.1688,100,25,594740203687
ACC2069917,CUST000278,BR042,Savings,Open,04/15/2021,,1551.26,,4.53,USD 100.00,0,930620766454
ACC7745436,CUST004622,BR010,MM,open,11-02-2005,,695.65,US Dollar,4.2619,1000,10,478268669386
ACC1388413,CUST002827,BR010,Money Market,Suspended,02/11/2003,,918.57,EUR,,500,12,838782044261
ACC9929073,CUST002693,BR002,Money Market,active,05-06-2004,,"$6,215.10",$,3.3666,100,0,754520877730
ACC4125694,CUST001445,BR038,Checking,Active,00-09-18,,731.83,USD,1.8361,100,25,813074682370
ACC1625418,CUST001765,BR028,chk,Active,03-02-2023,,115.48,usd,5.4345,1000,0,876769282193
ACC6934284,CUST004242,BR008,Checking,Inactive,2020-03-09,,3970.04,US Dollar,0.9605,25000,25,242530847081
ACC5980751,CUST000212,,Savings,Frozen,99/99/9999,26/11/2013,14915.99,EUR,,500,0,669239641234
ACC4094840,CUST004943,BR014,Checking,CLOSED,19-12-15,,1609.16,,0.1577,500,12,086281199584
ACC4820485,CUST002889,BR009,chk,Suspended,10/12/2004,,505.23,USD ,3.9637,250,12,550571496483
ACC5394139,CUST004539,,Business,CLOSED,10-08-23,,,USD,1.7449,100,12,732720207104
ACC9392043,CUST001273,BR041,Checking,closed,19/11/2013,,9472.94,US Dollar,3.7697,100,12,702466138575
ACC4154569,CUST002540,BR020,savings,active,01/04/2020,,6131.05,EUR,3.6355,100,12,089606389572
ACC2030364,CUST002154,BR020,Savings,closed,15-09-12,,3896.91,EUR,5.3933,250,25,638523914616
ACC1440892,CUST004690,BR028,Checkng,active,20-06-2023,,1513.68,EUR,0.3482,250,25,724012692663
ACC9104342,CUST003528,BR005,check,ACTIVE,12/30/2022,,3122.5,USD ,3.4545,1000,0,781563772975
ACC5924376,CUST000539,BR019,money mkt,open,23/08/2005,,382.72,EUR,1.2977,1000,15,466111777014
ACC9285035,CUST002601,BR035,MONEY MARKET,open,06/17/2013,,4544.58,usd,2.8319,500,12,655177631851
ACC3622506,CUST004371,BR008,Buisness,open,17/05/2009,,5165.33,EUR,4.1044,$500.00,25,800756390448
ACC4570442,CUST000460,BR004,MONEY MARKET,Closed,08/03/2021,,13413.24,USD,3.3275,,15,776769392561
ACC2464146,CUST002153,BR012,Money Market,Frozen,04-03-2023,"April 08, 2023",1206.57,US Dollar,5.1375,500,15,304099750395
ACC1400494,CUST003573,BR042,Current Acct,active,14-04-2001,,74.52,$,1.5413,500,0,767814802988
ACC6216110,CUST004134,,CHECKING,open,"April 13, 2000",,3155.18,USD ,3.6553,500,0,566877762495
ACC1553852,CUST002879,BR039,Savings,ACTIVE,01/12/2001,,4907.47,USD,3.7044,1000,15,428039474350
ACC4466635,CUST000202,BR040,Saving,active,08-07-2018,,6250.36,USD,3.97,1000,0,238461932022
ACC3777834,CUST002718,BR038,money market,Suspended,2000-07-17,22-05-19,861.39,,1.1169,250,0,383910021670
ACC3723397,CUST004029,BR016,Savings,open,06/14/2005,,1213.91,USD ,1.6359,1000,0,051376653915
ACC4454651,CUST003680,BR023,Checkng,Closed,06-02-13,,2874.61,EUR,0.0368,1000,0,504855356326
ACC7426915,CUST002753,BR012,Chequing,open,02/22/2015,,1605.5,usd,,,5,142078041102
ACC8934854,CUST004961,BR013,MM,Inactive,99/99/9999,,7879.09,$,5.2496,500,15,905536716603
ACC5210743,CUST002390,BR043,Checking,Inactive,"August 24, 2018",,2567.99,usd,0.1992,250,25,675209613380
ACC7806003,CUST000808,BR009,Current Acct,Suspended,31-10-2019,,6429.33,usd,0.2453,,15,688243717774
ACC2631401,CUST000973,BR012,Savings,CLOSED,99/99/9999,,USD 3475.91,US Dollar,1.2103,$500.00,0,577067595053
ACC1516790,CUST002357,BR037,Checking,CLOSED,2016-08-15,,5932.81,USD,1.0739,0,10,995465131765
ACC1920421,CUST002948,BR041,Savngs,Frozen,08/23/2022,,1617.9,USD ,,250,25,179705702232
ACC5313457,CUST002155,BR026,SAV,Inactive,18-08-2014,,7121.3,USD,,100,0,554560654148
ACC7608137,CUST004224,BR006,Checking,Inactive,05-11-2003,,,GBP,,100,15,148466859814
ACC2672439,CUST004464,BR028,Savings,Suspended,15-06-26,,3159.5,USD ,1.5335,1000,10,718640749094
ACC4765418,CUST002010,BR007,Business,Suspended,10-01-21,,963.23,,4.4407,250,10,288140108406
ACC4708522,CUST000332,BR032,money market,Active,04/10/2014,,2581.44,USD,5.3172,,25,078922086617
ACC7078903,CUST004204,BR048,Business,Open,01/04/2012,,1531.93,usd,,100,12,991080508446
ACC2341886,CUST000762,BR027,Current Acct,Active,22-01-19,,1240.82,US Dollar,0.9765,250,0,066679235649
ACC7862498,CUST002082,BR005,money market,Frozen,2018-06-25,,13643.18,EUR,0.616,1000,10,376755722303
ACC6209033,CUST001740,BR028,Business,CLOSED,15-02-08,,697.77,US Dollar,5.4158,500,15,241174628601
ACC1199443,CUST004887,BR033,check,Active,01/04/2001,,6191.98,US Dollar,1.0829,250,0,428580814487
ACC1787139,CUST003151,BR001,Savings,Open,08-11-23,,16582.12,USD ,1.1111,250,10,745820510144
ACC4944420,CUST004947,BR039,Current Acct,ACTIVE,11/03/2015,,80.41,US Dollar,5.4521,100,25,269924359913
ACC2866806,CUST002735,BR022,Biz,open,17-06-2007,,4802.94,,2.9484,0,10,647508138723
ACC7730065,CUST004124,BR029,Savings,Frozen,09/08/2010,,1166.29,USD,3.8157,250,5,022640173798
ACC2957464,CUST004624,BR024,Savings,active,"November 18, 2004",,$165.32,$,4.9797,0,12,251505884838
ACC7784228,CUST002109,BR017,savings,Closed,07/06/2016,,2062.61,USD,1.9578,250,15,897169621306
ACC7592765,CUST000522,BR043,Biz,Active,"October 10, 2004",,,USD,3.7815,,5,171151989093
ACC6632957,CUST003930,BR009,Biz,Open,99/99/9999,2016-04-12,47.34,US Dollar,0.1981,100,0,387781681101
ACC6596098,CUST001700,BR002,money market,CLOSED,07-03-2012,,3545.82,EUR,2.7613,0,0,272561488959
ACC8085943,CUST000682,BR003,MONEY MARKET,ACTIVE,05/17/2023,NULL,2783.78,EUR,2.0391,,12,596051586818
ACC3415652,CUST003862,BR017,Checking,CLOSED,24-03-2016,,,$,0.2213,,5,560311885347
ACC1205396,CUST003044,BR021,Money Market,closed,01/15/2005,,350.96,$,1.9469,500,5,416110562350
ACC7135710,CUST004140,BR016,Savings,active,12-03-26,,4576.86,USD ,4.2046,1000,15,174873222678
ACC7606708,CUST004351,BR007,savings,closed,04/11/2022,,USD 4559.11,,0.4581,10000,10,404334357615
ACC2969332,CUST000374,BR010,Buisness,Inactive,03-06-27,,4423.51,USD ,2.2582,250,12,496547144321
ACC6896509,CUST000607,BR017,sav,Frozen,2010-01-19,,11412.38,EUR,,1000,15,531851372835
ACC9926637,CUST001867,BR015,business,Suspended,16-12-2017,17-08-2019,,$,2.3156,1000,12,474367171396
ACC9154100,CUST004393,BR034,business acct,Inactive,09-01-09,"March 29, 2019",171.52,GBP,1.5215,,10,578917803467
ACC2486738,CUST004436,BR015,MM,ACTIVE,16-12-2000,,2547.69,USD,,500,10,496743038889
ACC3219304,CUST000107,BR023,Checking,CLOSED,"October 28, 2014",,2029.68,$,3.7203,,10,518073779543
ACC8251898,CUST000206,BR026,Business,Active,NULL,,1485.11,GBP,1.569,,12,220775741781
ACC6127095,CUST000026,BR020,Savings,Open,11-03-2006,,2401.08,$,3.3529,1000,25,979747959664
ACC6425168,,BR010,check,Suspended,2021-04-30,,1939.29,GBP,2.3059,100,12,355354562814
ACC7176195,CUST004324,BR030,Checking,ACTIVE,01/13/2009,,2264.89,GBP,2.5558,"$1,000.00",25,096475950395
ACC3699215,CUST003758,BR027,Checking,Inactive,30/04/2016,,15503.12,,2.7364,0,0,401648805144
ACC9024103,CUST002653,BR010,Business,open,"November 16, 2006",,371.24,US Dollar,0.6568,0,25,463932194396
ACC4141378,CUST000971,BR010,Savings,Active,"July 02, 2007",15-03-01,"10216,04",EUR,1.486,250,10,805328951894
ACC9167827,CUST001212,BR024,business,Closed,"October 21, 2017",,2617.53,GBP,3.3793,100,0,518597243588
ACC3433431,CUST000989,BR016,Buisness,open,"January 08, 2013",,3909.92,$,1.733,,25,685196463831
ACC5048672,CUST004182,BR035,Checking,closed,2012-03-06,,7092.13,US Dollar,4.4976,100,25,297978827712
ACC8169515,CUST000482,BR016,Current Acct,open,02-04-07,18-10-2020,1788.04,usd,3.2193,,12,890901029440
ACC7793396,CUST000987,BR042,money mkt,active,12-11-27,,2251.44,EUR,1.5994,500,10,316693244527
ACC1123952,CUST002142,BR024,Money Market,Open,10-11-01,,2107.27,USD,3.3366,250,15,942966598502
ACC1623865,CUST004944,BR022,Biz,Suspended,04-08-19,,"1878,29",USD,0.6125,500,15,409323083437
ACC2157166,CUST003795,BR050,Money Market,Suspended,20-10-2022,,10389.4,US Dollar,0.826,0,0,580672985368
ACC6621497,CUST000432,BR035,Business,open,01/06/2012,,7062.73,$,4.1274,0,0,444338193374
ACC1891588,CUST000762,BR004,Checking,Suspended,12/08/2000,,461.64,GBP,2.6932,500,5,472546270329
ACC2581047,CUST003440,BR020,money market,Frozen,"October 23, 2008",,457.71,EUR,4.8121,0,0,492631236417
ACC5531725,CUST002290,BR001,Saving Acct,N/A,08-01-07,11/02/2013,2233.55,US Dollar,2.2371,100,15,054613578847
ACC6981161,CUST003700,BR019,MM,open,03/06/2007,"July 03, 2022",415.48,US Dollar,4.0011,,12,225555566408
ACC7524712,CUST000796,BR050,checking,CLOSED,2018-10-08,12/25/2022,3860.8,USD,5.364,1000,0,302625836481
ACC1429661,CUST002224,BR002,money market,Active,12/04/2012,03/31/2019,620.5,USD,3.2923,1000,12,574594857000
ACC8434410,CUST001603,BR006,Checking,active,"August 16, 2018",,2955.7,usd,0.8402,0,15,847316286867
ACC1524600,CUST003214,BR011,Business,active,01/02/2007,04/18/2011,28.98,$,4.4383,500,15,406512894995
ACC1061195,CUST001371,BR008,Savings,Inactive,14-07-2005,,1522.68,GBP,3.8129,10000,5,952306541375
ACC8416971,CUST001388,BR030,Checking,Active,13-09-18,,452277.00000000006,,5.1771,500,10,373243708172
ACC4744304,CUST001857,BR012,Business,closed,20-09-2004,,2646.9,,0.6116,500,15,465677132030
ACC7862071,CUST003490,BR043,Savings,Inactive,05/09/2002,,15316.15,USD ,1.226,250,25,785191800560
ACC6299699,CUST000986,BR030,Savings,open,29/08/2023,,8289.19,US Dollar,5.4719,250,10,371542766979
ACC4495476,CUST001438,BR021,CHK,Open,2023-06-05,,1779.34,GBP,4.1122,250,5,390780105139
ACC6089257,CUST001417,BR044,Savings,open,"December 01, 2010",,186.21,usd,4.8061,1000,15,602504215552
ACC5363652,CUST002947,BR031,Checking,N/A,01/19/2005,18-07-24,"$7,473.52",USD,0.3642,500,15,980600583338
ACC2242950,CUST004273,BR032,Money Market,Inactive,16-03-2008,,968702.0,GBP,2.2349,1000,10,048943613391
ACC6522996,CUST003065,BR002,sav,Suspended,28-04-2008,14-04-2023,6873.16,$,2.3624,1000,0,759584939950
ACC7815403,CUST001865,BR045,CHK,Open,2012-08-10,,547.63,usd,0.0552,,12,207912290530
ACC5366463,CUST004330,BR010,chk,open,07/07/2022,,24692.2,EUR,,0,5,311870933402
ACC2236046,CUST004543,BR049,Business,CLOSED,"May 11, 2011",27/12/2014,1196.77,USD ,0.3803,,5,312105113502
ACC8698740,CUST000773,,Savings,N/A,14-12-18,,"$5,152.39",GBP,5.0833,250,25,038847526393
ACC2030350,CUST001387,BR021,Business,Inactive,NULL,,9545.38,USD ,3.616,,10,794738994333
ACC4506677,CUST001402,BR003,Savings,closed,19-03-04,,1075.11,US Dollar,3.4667,500,15,959119623151
ACC1304239,CUST000057,BR024,Business,active,02-05-06,2014-08-15,9555.12,USD ,3.0159,1000,0,365207069675
ACC6686208,CUST003259,BR006,Savings,Inactive,2004-02-29,,1481.25,USD,1.8511,500,25,921393593730
ACC4009063,CUST004768,BR030,Money Market,Active,11/12/2012,16-11-17,14988.28,USD,4.2788,1000,10,859264557549
ACC8971218,CUST002331,BR011,Money Market,Inactive,20/04/2019,,1321.02,US Dollar,0.1352,1000,0,147630465720
ACC9851306,CUST003500,BR019,Business,active,10/04/2015,,12267.7,US Dollar,2.9943,500,0,392692822418
ACC5660031,CUST003950,BR041,SAVINGS,ACTIVE,"November 09, 2009",,220.13,EUR,0.5203,100,0,560992620987
ACC5630660,CUST003511,BR044,money market,open,07/02/2010,"December 22, 2022",4941.47,usd,4.643,0,5,921194617546
ACC8174817,CUST003176,BR041,checking,Suspended,18-11-2000,,3038.1,USD,3.2401,,5,853322347066
ACC4681955,,BR010,Biz,Frozen,"May 31, 2016",,2599.41,usd,1.0378,,25,029848531074
ACC7541574,CUST002972,BR035,Business,CLOSED,99/99/9999,,1011.81,GBP,1.3874,100,10,141154409426
ACC3396953,CUST002966,,Money Market,closed,18/12/2020,,4891.21,,3.6057,0,25,481884024889
ACC6872825,CUST004734,BR005,Checking,closed,01-06-03,,846.88,,2.7975,$0.00,12,773173868559
ACC1927692,CUST002001,BR035,Buisness,active,NULL,10-08-2013,3219.37,EUR,3.7235,100,25,118165254269
ACC3149493,CUST000270,BR011,Business,Inactive,"May 09, 2019",,1168.07,GBP,1.7875,100,25,948541695717
ACC9290350,CUST004351,BR009,Checking,ACTIVE,,,12459.99,usd,3.3543,500,15,845394554674
ACC7159004,CUST003609,BR021,Money Market,Suspended,08-02-02,,116.2,USD ,3.1799,,15,358556895823
ACC2242318,CUST003209,BR020,money market,open,13/08/2022,,891.22,EUR,0.2924,,10,322773699282
ACC1000532,CUST003695,BR019,BUSINESS,ACTIVE,"August 28, 2001","April 20, 2015",1109.93,USD,3.2231,,12,853913983366
ACC6028032,CUST003289,BR004,Money Market,Inactive,99/99/9999,,2138.2,USD ,,1000,12,128857235273
ACC2527661,CUST004407,BR004,MoneyMarket,closed,06-03-20,,1059.67,usd,2.3649,100,5,336743634198
ACC9261926,CUST000685,BR029,Biz,Active,03/09/2006,,2703.97,GBP,2.0519,0,10,370284426559
ACC4738354,CUST004273,BR030,Checking,Open,08-04-09,,8237.47,USD ,4.8828,500,0,692406467623
ACC5200678,CUST000468,BR045,sav,active,02/22/2007,,4980.06,usd,4.8079,$500.00,25,791829218343
ACC9629412,CUST003996,BR028,Savings,open,31-01-2007,,3469.64,usd,4.6542,,0,809859902598
ACC6269313,CUST000082,BR044,Savings,CLOSED,"February 18, 2003",,USD 372.86,EUR,1.6989,1000,25,445625364230
ACC2707754,CUST004431,BR015,Savings,N/A,31-03-2012,,4736.58,,1.8082,500,0,500579063499
ACC8420656,CUST000471,BR042,Checking,Inactive,,,728.07,US Dollar,0.6997,1000,10,006756151350
ACC2721243,CUST002694,BR005,MM,ACTIVE,19/12/2019,"August 18, 2021",6173.99,,2.4856,,0,515386951475
ACC3447560,CUST002872,BR038,Savings,Frozen,"June 08, 2009",,1151.03,GBP,1.2831,500,15,078969009108
ACC2901846,CUST002648,BR042,Biz,active,2007-01-18,,2158.61,USD ,2.5253,1000,10,206199551971
ACC1118158,CUST003879,BR023,business acct,Open,15-03-2013,,1726.03,$,4.3037,1000,5,110611309160
ACC8290701,CUST004898,BR008,Business,N/A,25/10/2000,,7830.71,USD ,5.3289,250,5,149420984764
ACC9606961,CUST003609,BR011,Biz,CLOSED,99/99/9999,,541.19,usd,2.0861,500,5,559369358980
ACC3384186,CUST004424,BR027,Money Market,Inactive,"April 07, 2019",,,USD,1.3049,1000,25,218888213298
ACC1789268,CUST004310,BR027,Savings,active,24-01-2012,,612.89,EUR,0.0835,250,5,137475031464
ACC4422876,CUST001042,BR044,Money Market,Open,2000-09-01,,"$4,880.35",$,3.3907,,25,660879267593
ACC3805743,CUST003453,BR048,business,Suspended,99/99/9999,,9418.8,usd,5.331,250,12,986247880215
ACC7424950,CUST003003,BR046,Checking,closed,00-06-01,,2280.94,$,5.0209,250,0,126468517024
ACC8304236,CUST000958,BR011,Business,active,2002-05-27,,2678.44,usd,1.4181,,0,028132346261
ACC6480246,CUST001716,BR019,Business,Suspended,"August 03, 2020",,10492.42,$,4.0561,250,25,022713172170
ACC8217695,CUST000241,BR035,CHK,N/A,,,2944.15,$,2.462,500,15,415004481416
ACC5949935,CUST002104,BR016,Money Mkt,N/A,07/29/2003,,2674.59,GBP,,250,15,675888369542
ACC1257364,CUST001078,BR016,Checking,Closed,04-11-02,2009-04-26,,USD ,,250,12,786777823941
ACC3970344,CUST002060,BR048,SAVINGS,N/A,NULL,,4674.81,,0.5877,$100.00,5,865340080716
ACC4855883,,BR045,Business,Suspended,13/06/2017,"May 12, 2019",452.15,GBP,1.1477,250,0,922964347003
ACC8477436,CUST000600,BR021,chk,Inactive,05/21/2004,,6883.95,$,4.2975,100,10,561912052254
ACC1082401,CUST000925,BR025,Biz,active,23-03-2005,,2287.3,USD ,2.0891,0,10,430537634271
ACC9191521,CUST000273,BR028,Saving,Inactive,15-09-2010,10/29/2012,300.4,GBP,1.3546,250,25,896580316994
ACC7126043,CUST001254,BR029,Money Market,Frozen,12-04-2023,99/99/9999,6170.53,,2.4979,0,15,167147630056
ACC8215885,CUST000791,BR009,Checking,ACTIVE,11-07-2009,,"1892,51",USD,0.9848,0,12,512494080585
ACC9431827,CUST004425,BR049,Checking,Frozen,04-05-16,,423.08,USD ,0.0525,0,15,002353017476
ACC9503706,CUST002447,BR014,BUS,Frozen,"August 06, 2001",,4018.07,,1.9811,0,25,141701941151
ACC2878548,CUST003041,BR040,Biz,Active,"May 26, 2004",,8485.43,GBP,2.5782,1000,10,278973808811
ACC2737094,CUST001374,BR010,Money Market,N/A,20-11-22,,8748.23,EUR,4.4021,100,25,593534041754
ACC1024796,CUST002716,BR005,Savings,open,03/25/2000,,12648.42,USD,5.3646,,25,263333232480
ACC2514392,,BR044,business acct,Active,05/01/2006,,8090.9,EUR,1.2777,250,10,737139356889
ACC4426597,CUST002505,BR004,SAV,Suspended,05/01/2008,,$8.57,USD ,2.7792,USD 0.00,12,102976591698
ACC9614901,CUST000426,BR050,Money Market,Frozen,18/05/2008,,1913.7,,4.3957,0,25,442953999250
ACC2769574,CUST001280,BR020,Buisness,active,"March 21, 2015",,6826.94,$,4.5182,,12,342065056524
ACC8396218,CUST001625,BR037,SAVINGS,active,00-08-07,,1824.42,US Dollar,,0,0,325895287624
ACC5444403,CUST004234,BR037,Checking,active,09/07/2021,,3680.68,USD ,1.9355,250,10,551480335350
ACC5428395,CUST003305,BR024,Chequing,open,2012-10-01,,"$3,728.84",GBP,4.223,,12,941851191846
ACC3203765,CUST002479,BR019,checking,active,25-12-2006,,1816.68,EUR,0.3308,1000,25,080391267142
ACC2814391,CUST000433,BR042,Savings,Active,15-07-2021,,9393.42,usd,3.9244,500,12,112511345071
ACC1030826,CUST002209,BR041,Checking,CLOSED,15-07-2021,,2798.5,EUR,4.0768,1000,25,163158321549
ACC8297824,CUST003029,BR039,Money Market,ACTIVE,26/08/2011,"September 19, 2023",2500.34,US Dollar,0.1219,0,15,313162881605
ACC6456677,CUST000850,BR035,svgs,Suspended,"June 19, 2019",,23987.91,$,,0,12,574168745621
ACC4845834,CUST001008,BR004,Savings,Active,04/06/2020,,2720.93,USD ,2.5006,,5,113483123098
ACC7550670,CUST003592,BR037,money mkt,Frozen,03/30/2010,,786.0,EUR,,0,5,545019311585
ACC4026787,CUST002558,BR001,Money Market,Inactive,16-07-31,,2878.53,EUR,2.1513,1000,25,282875375374
ACC5647394,CUST001397,BR036,Money Market,Open,,,6728.39,USD ,2.5524,250,5,943434424744
ACC9315083,CUST003675,BR001,Money Market,closed,15-05-2016,,5999.83,GBP,,0,5,304307275889
ACC8071231,CUST003846,BR013,Money Market,active,02/04/2015,,"$6,215.67",GBP,4.499,1000,10,351823997417
ACC7372142,CUST004993,BR013,Savngs,Closed,17-12-2012,,4924.33,EUR,2.4617,,5,139276895804
ACC7635885,CUST002795,BR042,Checking,Frozen,2014-10-04,,1173.29,GBP,5.272,500,15,548614602826
ACC2734141,CUST000636,BR016,MM,closed,2013-11-20,,,US Dollar,2.92,1000,0,726027902268
ACC4500315,CUST002552,BR043,Checking,Frozen,01/02/2023,,8956.32,$,0.4685,1000,12,039064736065
ACC8718419,CUST002768,BR012,Checking,CLOSED,11/09/2017,,863.44,GBP,2.8001,500,15,611831894222
ACC3693203,CUST003861,BR026,business,CLOSED,08/10/2010,,559.14,US Dollar,1.7588,250,5,677866838234
ACC2269516,CUST000731,BR023,Business,CLOSED,07-10-2023,,14853.5,US Dollar,3.9371,500,10,920717047160
ACC4240424,CUST000232,BR007,svgs,Frozen,10-06-2003,07/02/2010,8109.64,US Dollar,3.5704,$0.00,10,026939284024
ACC7314093,CUST003898,BR011,CHK,ACTIVE,23-06-21,,8948.54,USD,0.1386,,25,156049312134
ACC7571366,CUST001554,BR005,Checking,closed,2018-01-17,,8699.46,EUR,3.153,1000,5,206302801004
ACC5645518,CUST000611,BR010,Checking,Closed,17-09-10,,3120.81,USD ,1.3725,250,10,594098156188
ACC1839838,CUST001786,BR002,Checking,Open,05/14/2022,,4158.38,EUR,1.9807,,5,120512822229
ACC9353921,CUST002777,BR004,Savings,CLOSED,2005-02-21,,USD 3153.02,usd,5.4312,100,5,414771091766
ACC2027317,CUST002350,BR036,Money Market,Inactive,10/13/2008,,,$,1.0767,500,15,983659390992
ACC5269432,CUST003831,BR028,Money Market,Active,21/01/2017,,5473.87,usd,4.2614,500,15,982259315760
ACC4841243,CUST003382,BR007,Savings,Inactive,"June 06, 2013",,2815.47,USD,3.4357,250,5,064512301968
ACC3594664,CUST001390,BR039,Money Market,Frozen,08/20/2000,,4173.19,,,500,15,191590335472
ACC5920394,CUST001112,BR028,Checking,open,2017-07-14,,,EUR,2.7172,,10,679277991919
ACC7378181,CUST000256,BR040,Chequing,Closed,02-11-28,06-05-2017,2707.61,EUR,3.8792,100,15,119187330956
ACC3248772,CUST000777,BR025,Checking,Active,29-03-2007,2015-08-03,753.95,USD,4.3576,500,12,364378303484
ACC3863640,CUST003832,BR022,Business,Inactive,NULL,,1306.88,USD ,4.4571,250,10,292709470992
ACC6392032,CUST001904,BR048,Biz,Closed,,05/06/2023,691.95,EUR,,USD 500.00,10,173504299464
ACC8679955,CUST003905,BR048,Business,Active,05/12/2019,,870.96,GBP,4.2556,100,0,537600069411
ACC6914767,CUST004687,BR034,Saving,closed,04-04-2008,,"14444,32",,2.9919,250,12,981028262304
ACC4160013,CUST001746,BR047,Savings,ACTIVE,03-01-23,,664.75,US Dollar,1.6061,500,25,460872735130
ACC6453731,CUST002645,BR022,Checking,Closed,"August 15, 2004",,1254.85,$,2.3254,0,15,448047032945
ACC2133428,CUST001652,BR049,Business,Frozen,23-06-2002,,3572.15,$,4.4207,0,25,824861677860
ACC6699408,CUST000907,BR016,Money Market,N/A,12/01/2014,,3768.27,$,4.2983,500,5,127927975951
ACC9250158,CUST003443,BR040,Checking,ACTIVE,01/04/2023,,668.82,USD ,4.6775,,5,911873266531
ACC7994598,CUST000109,BR045,Checking,closed,2009-01-20,27/09/2013,"$6,314.03",$,3.8218,250,5,369458045437
ACC9936992,CUST002882,BR026,Money Market,Active,2013-07-10,,USD 6152.25,$,5.0503,100,10,988181286443
ACC8780217,CUST004261,BR042,Checking,Inactive,11-05-2000,,1083.65,USD ,5.3289,1000,15,983507919875
ACC4432841,CUST004126,BR016,business,N/A,"August 03, 2005",,USD 1362.45,usd,5.4336,,25,150110837763
ACC3439755,CUST002983,BR031,Checking,Inactive,"September 18, 2023",,11121.7,GBP,0.1901,0,0,058795913193
ACC8243992,CUST001739,BR048,Saving,Active,,19/12/2021,6987.25,EUR,0.055,500,5,571479499209
ACC8879627,CUST000748,BR044,MONEY MARKET,Active,2023-06-06,,4786.63,GBP,,100,10,608067128382
ACC6190684,CUST004939,BR048,Business,open,2009-06-15,,343.25,EUR,1.1112,1000,15,771228932569
ACC8552002,CUST003498,BR025,Chequing,Closed,11-03-2011,,2166.95,GBP,0.1839,500,5,662017898357
ACC3636957,CUST000833,BR020,Money Market,Open,03/08/2009,,3277.58,$,4.8948,,5,155059257751
ACC9355166,CUST002889,BR009,Business,open,17-04-2021,,USD 830.12,usd,4.7245,500,12,540548506631
ACC7645093,CUST002305,,Business,CLOSED,,,2378.47,usd,0.4024,0,10,829560445049
ACC5614813,CUST004849,BR031,Checking,closed,04/25/2002,,3675.43,usd,5.3989,$100.00,10,739526184743
ACC5352889,CUST004275,BR024,Savings,ACTIVE,06-05-17,12/24/2022,1586.28,EUR,0.1699,1000,12,217682641953
ACC8446503,CUST002052,BR033,Business,ACTIVE,"May 23, 2022",22-08-27,6073.73,,,0,10,732862088012
ACC9510242,CUST000167,BR036,business,Suspended,16-01-12,,,usd,3.8579,500,15,818165232893
ACC8121091,CUST002384,BR016,Checking,CLOSED,13-07-2013,,USD 1563.94,$,2.6876,0,10,160175069904
ACC3879053,CUST004175,BR044,money market,open,"December 22, 2013",,7296.89,usd,0.7795,100000,15,888456897206
ACC7441492,CUST001318,BR002,MONEY MARKET,N/A,23-01-05,,437.37,GBP,4.521,250,12,962104054263
ACC1247093,CUST001322,BR019,Checking,open,25-06-2001,,7273.95,USD ,2.8312,0,15,080249663355
ACC3724364,CUST001674,BR002,Money Market,Closed,28-07-2005,,663.04,usd,0.5165,,15,982189520696
ACC9683618,CUST002928,BR030,Money Mkt,open,2013-02-22,,346.27,$,5.0615,0,5,226237645659
ACC5551369,CUST004022,BR038,Savings,Active,01-06-2004,,4106.38,USD,3.2573,25000,0,703593618564
ACC8812019,CUST004482,BR043,Savings,Active,03/08/2010,,-2554.16,USD,3.8651,100,5,998590633819
ACC1139214,CUST004401,BR012,BUS,Closed,13-03-06,,9539.11,USD,0.9804,,25,132398902859
ACC1279736,CUST002860,BR006,Money Market,Open,"September 02, 2009",,1805.13,USD,1.4045,100,15,903886076092
ACC1653153,CUST000922,BR011,Checking,CLOSED,28-11-2011,,,EUR,,,15,748435986299
ACC4683313,CUST001844,BR022,Money Market,CLOSED,2003-09-02,,"2778,47",EUR,2.5457,0,25,434674071632
ACC6341242,CUST002913,BR026,money mkt,active,03/04/2001,17-09-2012,,$,0.9693,250,25,005113073484
ACC2791545,CUST004498,BR007,business,open,2010-05-11,,1688.99,GBP,,,0,854319674280
ACC2822468,CUST004532,BR043,Savings,N/A,11-04-27,,4733.3,$,2.1818,0,25,085642811076
ACC9186478,CUST002173,BR025,SAVINGS,N/A,16/12/2010,,5701.17,EUR,2.812,,5,959937781717
ACC5699456,CUST001856,BR032,savings,open,19-04-2015,18/09/2023,7668.85,,,,0,822544360772
ACC8570287,CUST000476,BR035,Business,Closed,"February 08, 2004",16-01-22,14426.49,USD,3.7006,500,5,425860916585
ACC9470556,CUST001000,BR050,svgs,open,99/99/9999,,,USD ,5.1996,USD 1000.00,5,277463626818
ACC2902047,CUST000827,BR021,MONEY MARKET,Frozen,,,5036.44,USD,,250,5,415093772920
ACC3195167,CUST004228,BR017,Checking,ACTIVE,"May 12, 2014",,2005.21,US Dollar,4.5622,500,10,319800875856
ACC1772573,CUST000437,BR048,BUS,Open,2021-03-19,,4521.43,usd,3.0845,0,15,622793549119
ACC9661043,CUST004670,BR012,Business,Inactive,99/99/9999,,2584.91,,1.8491,500,15,298671616901
ACC7623956,CUST003538,BR019,BUS,Closed,02/14/2019,,20315.51,USD,5.1028,250,5,965258351413
ACC1975465,CUST004000,BR020,BUSINESS,Inactive,07-02-20,,5221.1,GBP,3.6314,500,12,596729953973
ACC6028135,CUST000672,BR026,chk,Frozen,19-11-24,,12187.37,,3.6302,100,10,150720285606
ACC7651412,,BR039,Savings,Suspended,01/19/2007,,USD 7206.50,US Dollar,3.3688,500,15,965526942649
ACC2818001,CUST004369,BR003,Business,active,2008-07-31,,9328.1,USD,4.6548,500,15,160364416307
ACC2808434,,BR009,Money Market,open,22-07-2002,,USD 6737.06,GBP,3.5913,500,25,188892038432
ACC4910977,CUST002628,BR011,Savings,CLOSED,29-04-2015,,2458.52,$,0.8689,250,12,819492204737
ACC8856440,CUST002490,BR001,Savings,Open,"September 22, 2006",99/99/9999,1160.28,usd,4.4574,0,12,737043594491
ACC2120145,CUST001192,BR009,Savings,open,21-10-14,,1850.18,GBP,1.9485,$0.00,0,345160731458
ACC4391952,CUST001046,BR029,Savings,Open,11/05/2009,,,EUR,1.0558,,25,065631753479
ACC9995534,CUST001219,BR029,money mkt,closed,07-07-19,,"$2,969.29",GBP,1.3072,,0,344337865628
ACC3088845,CUST004180,BR016,chk,ACTIVE,2023-04-04,,"2813,26",USD,1.5895,0,10,899673375482
ACC6480924,CUST004453,BR011,Money Market,active,2016-06-08,07/14/2020,2979.87,usd,2.2815,,15,270157175529
ACC4793035,CUST000663,BR012,Money Mkt,closed,05/22/2007,,14603.44,EUR,3.9097,250,12,311521882336
ACC2726932,CUST001360,BR025,Money Market,closed,16-08-2018,,,US Dollar,3.8011,1000,10,329795986890
ACC7402909,CUST004953,BR028,Money Market,Inactive,21-01-16,,705.58,$,,500,10,997125816736
ACC3264057,CUST003951,BR033,MM,Active,2004-03-24,,1841.05,usd,1.5315,$500.00,5,204682935276
ACC2737124,CUST001037,BR025,Checking,open,"April 13, 2014",,2206.29,US Dollar,,100,5,470709913810
ACC1333413,CUST000163,BR019,Money Mkt,open,05/12/2009,,1788.48,EUR,0.7292,250,25,473301478929
ACC2052507,CUST000232,BR047,Checking,Suspended,NULL,,6407.78,usd,2.3192,500,5,046572079376
ACC1306451,CUST001726,BR026,Business,open,2006-05-23,,2969.67,EUR,2.9423,500,5,341528622726
ACC8724913,CUST001255,BR048,Money Market,open,2001-02-03,,3395.46,USD,1.4986,100,12,188931934072
ACC6201667,CUST003687,,business,N/A,99/99/9999,,,,2.3978,500,15,701105536236
ACC9452372,CUST001623,BR006,Money Mkt,open,17/03/2019,,6558.11,usd,2.492,500,15,109048823619
ACC7246971,CUST004858,BR049,SAVINGS,CLOSED,"May 01, 2003",,567.23,USD ,5.2078,500,15,291843030208
ACC5257563,CUST000301,BR045,Saving,N/A,18/10/2002,,5005.86,EUR,2.0462,250,5,366415293192
ACC2216846,CUST001943,BR023,BUS,N/A,08/04/2017,23-03-17,2286.81,USD ,4.6969,0,5,522269353012
ACC9027122,CUST003878,BR046,Business,Open,31-07-2007,,1396.24,,,,10,344472437755
ACC4061464,CUST001717,BR050,Savings,N/A,14-08-14,,205.25,,2.1265,250,0,863342997267
ACC5607266,CUST003795,BR003,checking,Open,10-01-2021,,2671.86,USD ,5.2259,100,25,444006785455
ACC4086157,CUST004759,BR033,Checking,ACTIVE,08/07/2014,,1756.73,GBP,2.7664,USD 250.00,12,996956722390
ACC1149452,CUST003723,BR034,Money Market,Active,15/06/2007,,1158.81,EUR,0.4841,500,10,108315120008
ACC7958569,CUST002695,BR003,Checking,open,02-11-07,,,$,,0,5,268820190537
ACC9395123,CUST002238,BR016,Savings,Suspended,09-03-05,,5869.76,$,3.6625,1000,12,208661181085
ACC3525059,CUST003468,BR030,Biz,Inactive,04/09/2018,,1123.04,,1.0334,100,0,197837721121
ACC3237031,CUST003389,BR007,Checking,Inactive,"June 25, 2014",,202.85,$,3.7181,500,25,007760296662
ACC6495750,CUST000066,BR043,Saving Acct,N/A,2020-03-24,,-7555.36,USD ,2.4612,1000,25,609736200547
ACC6383543,CUST002677,BR010,Money Market,Closed,12/30/2002,,40.04,$,3.6928,500,10,218273532000
ACC4732847,CUST000187,BR014,Money Market,closed,14-05-28,26-04-2015,,,4.3574,500,5,519350023079
ACC4370120,CUST001867,BR009,Checking,active,2011-05-31,,3951.36,,5.3026,0,10,082845185196
ACC1371810,CUST001774,BR044,Money Market,ACTIVE,04-06-2015,,1553.53,US Dollar,3.8039,250,15,537922527490
ACC5620565,CUST000153,BR027,Savings,active,07/13/2003,04-01-28,1131.99,EUR,3.7541,1000,25,297393254366
ACC8275195,CUST004788,BR013,Money Market,Suspended,99/99/9999,,36.19,GBP,2.5086,0,15,357258660891
ACC1396054,,BR036,business acct,ACTIVE,"September 01, 2009",,1073.98,EUR,3.8162,100,10,752354001347
ACC6311537,CUST001188,BR045,checking,Inactive,20/08/2017,,592.74,GBP,3.4957,500,15,811400905177
ACC3915229,CUST003989,BR041,Money Mkt,Open,17-10-2001,24/01/2015,USD 3788.71,EUR,2.4104,100,10,791596391228
ACC3712287,CUST000250,BR007,business acct,active,02-10-07,,728.71,US Dollar,2.8955,100,5,949847225097
ACC7267931,CUST003980,BR045,Business,Closed,99/99/9999,,3008.45,USD ,0.7844,100,0,060939253751
ACC3899762,CUST000210,BR005,check,CLOSED,22-03-2010,,3567.53,GBP,3.1133,250,12,226245426516
ACC8002253,,BR010,Chequing,open,"January 25, 2010",,1415.53,$,0.7841,250,10,003771626338
ACC4734196,CUST004907,BR026,SAV,closed,03/16/2013,,142.78,US Dollar,0.3051,1000,0,094005205356
ACC7519331,CUST002104,BR044,MM,Open,"March 26, 2014",,USD 151.86,,3.5007,250,5,594091766265
ACC8267980,CUST003977,BR035,check,ACTIVE,05/28/2003,,106.8,USD,1.1742,1000,25,589113668807
ACC9966312,CUST000207,BR002,Checking,Closed,"September 23, 2021",,"$5,374.85",USD,0.0419,1000,25,005401230814
ACC8325659,CUST001053,BR045,Checking,closed,04/04/2002,,1530.96,$,4.3007,1000,0,237602016317
ACC9958031,CUST004653,BR048,CHK,Frozen,17/07/2013,,6364.43,GBP,1.4775,1000,25,827351882818
ACC7946723,CUST000641,BR022,Checking,CLOSED,24-01-2018,,2260.65,US Dollar,0.6615,0,5,780099349316
ACC3108513,CUST000268,BR040,CHK,ACTIVE,05-10-2012,,"$2,413.21",USD ,5.3315,100,12,465721231078
ACC9214267,CUST001621,BR021,Money Market,open,11-04-2020,,2877.0,GBP,1.4453,100,5,498210315467
ACC6749023,CUST004406,BR039,money market,closed,22-10-13,,4993.53,US Dollar,4.7859,,10,590100044072
ACC6134455,CUST000445,BR045,Checking,closed,2012-05-13,,1278.08,GBP,3.5561,500,15,080345330526
ACC1529266,CUST000152,BR046,Business,Inactive,20/05/2016,"October 24, 2018",518.56,EUR,0.9117,1000,10,393795910877
ACC3630756,CUST000786,BR027,Money Market,closed,,,3248.24,GBP,0.3924,$0.00,5,401380641324
ACC9376431,CUST003187,BR032,check,Suspended,16-02-2000,,1583.91,USD,1.2875,0,25,411664762066
ACC5590598,CUST002596,BR018,business,Active,07/03/2018,,2337.11,GBP,2.6368,500,0,284568197006
ACC3959157,CUST001483,BR046,Saving Acct,Inactive,06/27/2011,2019-07-04,4164.55,GBP,4.901,1000,5,206988788660
ACC5678662,CUST001852,BR036,Current Acct,Inactive,,,2725.87,usd,4.3213,250,10,627085531927
ACC7983115,CUST000264,BR001,CHECKING,active,99/99/9999,,3873.27,$,1.9766,500,10,285385991457
ACC8073218,CUST000122,BR033,Checking,closed,"January 08, 2000",,3142.8,usd,4.5464,500,10,404499875662
ACC4102318,CUST003903,BR026,SAVINGS,active,15-01-01,,5385.16,usd,2.4746,1000,10,633236421711
ACC8643832,CUST002542,BR032,Checking,closed,06/20/2020,,4895.84,,3.1277,1000,0,492495173316
ACC4524293,CUST000466,BR031,BUSINESS,Frozen,"May 24, 2021",,"3055,91",usd,2.0444,1000,12,709033931952
ACC5209456,CUST001203,BR039,Savings,Frozen,05/12/2019,,"$-4,544.05",,0.4452,,25,281725961865
ACC5846361,CUST001943,BR047,CHK,CLOSED,12-11-2023,,8271.94,,1.517,500,15,359931758204
ACC7191450,CUST003021,BR044,Money Market,closed,02-01-2005,05/19/2019,2264.45,USD ,1.9141,0,10,465931200549
ACC5786950,CUST002690,BR037,CHK,open,10/09/2015,,2129.31,US Dollar,2.384,100,10,942702822027
ACC5944474,CUST003699,BR040,Current Acct,Inactive,"February 04, 2002",,577986.0,usd,3.8927,250,15,704100806034
ACC4954858,CUST000406,BR003,Saving,open,"June 30, 2020",,,,,,0,683733954094
ACC4700499,CUST000961,BR034,Biz,Suspended,01-07-2006,,294.62,USD ,1.4329,,25,047338563433
ACC5460122,CUST000417,BR033,MoneyMarket,Frozen,27-12-2016,,8906.65,US Dollar,1.7023,1000,12,397812021778
ACC1867737,CUST003916,BR042,Business,active,2020-08-19,,125.07,,0.6251,0,0,424069333599
ACC4591465,CUST002445,BR021,business acct,open,"April 02, 2001",,5519.6,GBP,4.8205,500,10,379309487780
ACC9336119,CUST000895,BR045,chk,CLOSED,"April 11, 2013",,5688.42,GBP,1.7303,250,15,370290971531
ACC5373397,CUST002580,BR033,Business,N/A,07/23/2021,,12239.9,EUR,1.6868,,5,762142110330
ACC4591247,CUST003984,BR002,Business,open,04-06-25,,222.62,EUR,1.2547,100,0,415149177893
ACC3815075,CUST002627,BR026,Chequing,Suspended,20-03-07,,3633.85,GBP,3.8648,500,5,320738008945
ACC8564481,CUST001007,BR039,Money Market,closed,06-09-2006,,2233.35,$,2.0183,250,12,943675743667
ACC9949888,CUST002652,BR007,Checking,Open,"February 13, 2005","May 27, 2006",1605.69,EUR,4.0922,500,15,749315034450
ACC8959130,CUST004284,BR003,Money Market,Inactive,17-10-17,,$378.64,USD ,2.8475,,0,998008636356
ACC1744441,CUST002600,BR005,Savings,Closed,22/05/2016,,3308.12,$,2.7802,1000,5,166884913040
ACC6301278,CUST001882,BR003,Business,open,"July 18, 2016",,2608.33,,2.9447,1000,25,690015397437
ACC6168633,CUST002897,BR050,Checking,active,00-11-08,,441.74,$,1.9605,100,15,198154393398
ACC7570304,CUST000372,BR040,MONEY MARKET,N/A,18-11-22,,3792.05,GBP,3.0887,500,5,813153196221
ACC7416023,CUST002085,BR019,sav,open,2006-05-01,,5356.93,US Dollar,4.3514,500,15,466830690486
ACC3669916,CUST002256,BR031,Money Market,N/A,"June 18, 2015",,5831.65,US Dollar,4.2022,0,5,554596480643
ACC9519016,CUST000985,BR035,Checking,Closed,06/02/2019,10/24/2022,9431.26,GBP,5.3634,1000,5,952783366058
ACC8690609,CUST003581,BR017,check,closed,"February 19, 2008",,2106.94,US Dollar,2.99,,25,420822170718
ACC7392781,CUST001572,BR041,Savings,ACTIVE,,,12236.63,US Dollar,5.1572,100,12,091968300019
ACC9877252,CUST004508,BR025,chk,active,16-01-23,,8022.67,GBP,3.8569,0,0,230870440403
ACC4630403,CUST003003,BR042,Money Market,Open,2001-09-26,,1406.76,usd,4.207,250,10,411866607806
ACC5993734,CUST001786,BR048,business acct,Inactive,"May 15, 2018",18-06-19,694.0,,5.047,1000,5,004622798484
ACC9383888,CUST000129,BR001,business acct,Suspended,01-07-2020,,2286.48,$,4.6099,USD 250.00,10,198387618103
ACC6920619,CUST002411,BR038,Business,Inactive,05-02-01,,"2055,98",US Dollar,2.8395,USD 0.00,0,405240173075
ACC5323858,CUST001711,BR029,Checking,Open,03-05-11,,3429.44,US Dollar,0.2602,USD 500.00,25,620646017704
ACC8924847,CUST002479,BR031,CHECKING,Closed,2014-07-26,,3502.38,$,4.9273,0,12,007432502904
ACC5838121,CUST000328,BR037,Savings,Inactive,NULL,,5544.97,USD ,4.8307,,5,449978758969
ACC5203920,CUST000611,BR027,Business,open,"October 25, 2021",,2852.5,,3.92,,0,778520022983
ACC4101326,CUST002184,BR009,sav,open,20/07/2008,,442.93,USD,4.2461,,15,575432763153
ACC1051272,CUST004703,BR005,Money Market,active,12/23/2012,,7815.93,$,2.8109,100,12,872105538600
ACC6798893,CUST002097,BR014,Business,N/A,2002-09-03,,1482.89,USD,1.8166,,15,104013757107
ACC4484922,CUST004172,BR049,business acct,active,09-04-2008,10/12/2013,14203.08,USD,1.2445,,12,466683890646
ACC4313508,CUST002910,BR037,money market,Closed,17-04-2007,,,GBP,1.3276,500,15,633213683344
ACC4480349,CUST002904,BR037,money market,Frozen,07/29/2008,23-01-04,12704.34,USD ,0.946,0,15,993362699725
ACC7376639,CUST004957,BR044,Money Market,CLOSED,"July 02, 2023",,381.69,EUR,3.11,250,10,568256655688
ACC3632764,CUST000589,BR017,check,Open,03-07-22,99/99/9999,1050.85,usd,0.9875,250,12,119376890604
ACC6893207,CUST001699,BR002,Money Market,ACTIVE,12/17/2012,,190.8,GBP,,500,15,291162211503
ACC7561277,CUST003221,BR011,Checking,Active,10/08/2010,,4884.65,US Dollar,3.0262,0,25,955603217287
ACC6256201,CUST003456,BR045,Business,Suspended,05-09-13,,7596.45,$,5.497,1000,15,307665716107
ACC4182291,CUST002738,BR042,checking,open,21/12/2002,,,USD ,3.1485,100,15,194960233660
ACC5679227,CUST001281,BR030,MONEY MARKET,Suspended,20-04-05,,10553.47,US Dollar,3.7976,100,10,588131788691
ACC8512595,CUST003290,BR018,Checking,N/A,04/01/2005,,3569.31,usd,2.3486,,15,583580099716
ACC1149282,CUST000462,BR013,Saving Acct,ACTIVE,,,,US Dollar,1.515,500,15,087087929095
ACC3977699,CUST000019,BR047,Checking,Inactive,"November 01, 2001",,7468.15,GBP,3.6579,,5,304895058670
ACC4531307,CUST004805,BR014,Business,Active,"February 23, 2002",,1408.46,USD ,1.1819,0,15,008105840758
ACC8812887,CUST001073,BR019,checking,open,07/05/2001,,1749.47,US Dollar,2.7406,500,5,866608355782
ACC2054004,CUST002195,BR006,checking,ACTIVE,"December 11, 2000",,9455.8,USD ,2.6734,500,10,735296231259
ACC9862541,CUST002630,BR022,money mkt,active,17-12-2018,,9249.07,USD ,2.534,1000,10,621211936073
ACC1121012,CUST002069,BR018,Business,Inactive,02-03-04,,15000.09,,1.9002,500,25,315357401549
ACC5587213,CUST002210,BR017,Chequing,closed,04-03-20,,9284.56,GBP,5.4989,500,12,020534521016
ACC3676204,CUST002305,BR030,check,CLOSED,08-02-2010,,544.98,USD ,0.1004,0,15,922551333395
ACC2686221,CUST003985,BR002,Savings,Inactive,09-10-2002,,6942.82,usd,2.9546,1000,10,119036527653
ACC5933409,CUST004151,BR050,Business,Frozen,22-10-2007,,2109.44,US Dollar,2.3207,500,15,365930682114
ACC1832030,CUST000443,BR034,Business,Active,27/04/2021,,,USD ,4.5497,1000,25,068216756719
ACC3692609,CUST004334,BR003,Business,Closed,05/01/2001,,USD 2556.77,USD,5.153,250,12,523631566335
ACC2698767,CUST000595,BR014,Money Mkt,Suspended,04/20/2022,,3228.28,GBP,2.2772,,25,343839009136
ACC1302396,CUST000257,BR019,sav,Open,"August 11, 2012",,"3018,18",USD ,3.9033,100,10,729481931125
ACC9322115,CUST003434,BR026,sav,ACTIVE,2014-04-20,11/09/2019,"$1,552.88",,4.937,,12,528649493140
ACC2830109,CUST002148,BR020,Buisness,Active,13-07-2023,,311.94,US Dollar,4.6071,500,12,854263209972
ACC7012015,CUST004642,BR005,Savings,ACTIVE,05-11-30,,9040.07,USD,2.8912,0,12,532436500529
ACC8748818,CUST003986,BR018,SAV,Closed,07-08-10,,6491.63,,4.3991,500,0,229764645849
ACC4140631,CUST004612,BR050,Savings,Active,07/12/2003,,601.09,USD ,3.3062,500,0,919598713957
ACC6597285,CUST001839,BR028,Checking,Inactive,05/05/2002,,599818.0,GBP,1.0151,0,10,805373984723
ACC9892261,CUST002096,BR045,Money Market,CLOSED,09/12/2018,,3932.36,usd,3.6749,$0.00,0,816494808942
ACC5314359,CUST000640,BR006,Checking,open,2006-07-21,,USD 2104.73,US Dollar,0.6866,,0,364860145200
ACC4814538,CUST000439,BR016,Checking,Suspended,19-04-2021,,1172.23,EUR,,$500.00,12,866932772992
ACC5599828,CUST001994,BR033,BUSINESS,Inactive,06-01-22,14/12/2008,7856.71,GBP,1.0378,1000,15,623387990681
ACC6802913,CUST002891,BR015,MM,Frozen,"June 15, 2007",,4818.4,$,3.0087,100,15,231848594205
ACC7229545,CUST003075,BR023,Checking,active,02-09-04,,3173.99,USD,1.6334,100,0,128265068269
ACC8956850,CUST001721,BR037,Checking,CLOSED,11/29/2009,,3762.01,usd,1.91,1000,5,255543079607
ACC6398023,CUST003623,BR020,Checking,Closed,11/08/2008,21-07-28,381.93,,1.3257,0,0,215781307336
ACC3247535,CUST004589,BR012,Checking,Open,25/03/2014,,USD 2569.21,USD,3.0391,500,10,073055936483
ACC1436675,CUST001680,BR003,MONEY MARKET,Frozen,28/08/2014,,861.2,US Dollar,3.4173,250,25,394631676127
ACC2008160,CUST000102,BR031,Savings,N/A,05/28/2018,,934.71,EUR,1.3137,250,15,265797840609
ACC2340378,CUST004509,BR023,Business,CLOSED,"July 07, 2011",,4330.61,USD ,5.3219,500,5,447351798457
ACC2470084,CUST003770,BR030,SAVINGS,Inactive,99/99/9999,"October 04, 2022",9688.0,EUR,3.547,100,10,130557753824
ACC9925450,CUST004276,BR012,Checking,ACTIVE,06/26/2012,,2068.43,US Dollar,4.7618,100,10,683792594976
ACC8981950,CUST003527,BR019,Saving Acct,Open,"January 10, 2001",,"931,51",GBP,3.3856,,10,515713333499
ACC9131341,CUST000935,BR011,Savings,Suspended,02/16/2021,,4184.99,usd,2.9953,0,5,748756490752
ACC3311316,CUST004403,BR048,Money Market,CLOSED,2003-09-08,,8197.58,usd,0.212,USD 250.00,12,173440311215
ACC5099521,CUST002102,BR005,Business,open,06/16/2015,,5518.37,usd,4.2919,1000,5,257232906810
ACC9760541,CUST004238,BR050,Business,Closed,29/11/2011,,8122.83,usd,1.3912,250,15,505742853985
ACC7957936,CUST000969,BR048,Money Market,Active,2016-09-15,,3076.27,US Dollar,3.8511,1000,5,525399563396
ACC1961511,CUST001933,BR043,Checkng,Suspended,2011-12-12,,5575.31,usd,3.9099,USD 0.00,12,012386891672
ACC5002808,CUST002708,BR014,checking,N/A,,,603.59,,4.7282,100,15,126508073545
ACC9132372,CUST002286,,Checking,closed,10/26/2022,,1712.53,US Dollar,4.2653,0,5,734782200438
ACC2017909,CUST004129,BR047,Checking,open,28-07-2019,22-05-07,1974.23,USD ,1.7936,0,5,067171362159
ACC3868968,CUST003690,BR028,Buisness,open,2016-05-26,04/07/2019,2863.99,,,250,12,084898615729
ACC5373156,CUST004767,BR011,Money Market,Open,01-06-03,09/10/2011,10584.61,GBP,3.7262,500,10,117616727311
ACC1988781,CUST001706,BR007,SAVINGS,CLOSED,06/03/2019,,8295.32,$,,250,25,608645883588
ACC9391525,CUST003713,BR003,Savings,Frozen,11/20/2023,,577.91,USD,2.2611,100,25,467132813682
ACC4486105,CUST004494,BR031,SAVINGS,ACTIVE,28/01/2000,,758.79,GBP,4.3754,250,15,939386307261
ACC7908604,CUST004765,BR011,chk,Frozen,2019-01-09,,,,3.6995,100,10,496361594808
ACC9182432,CUST004641,BR017,svgs,Closed,2006-07-13,,1374.15,$,1.8853,1000,10,709058546585
ACC6007151,CUST001291,BR011,Checking,Inactive,27-08-2016,,3815.67,USD ,3.1234,$0.00,15,245756013156
ACC5127813,CUST002206,BR044,Savings,closed,"September 27, 2008",,9322.95,USD,1.2201,1000,12,581634612344
ACC8115305,CUST000162,BR001,Savings,CLOSED,09-11-08,05/19/2023,13111.48,US Dollar,2.8844,250,0,657626109227
ACC6985372,CUST004827,BR014,Checking,active,2005-11-22,,4240.68,US Dollar,3.677,500,25,608871881334
ACC5331003,CUST001866,BR005,Business,Open,2020-08-19,,"7284,57",EUR,4.6293,100,25,482926629824
ACC3414821,CUST002929,BR047,SAVINGS,open,08/04/2006,,2979.47,GBP,1.2884,100,0,585581797796
ACC6982505,CUST001175,BR021,MM,Active,"June 07, 2013",,,GBP,4.4179,100,10,589387420629
ACC4210681,CUST000582,BR017,CHK,open,14-04-29,,2975.14,,2.2209,,12,816523824464
ACC9087039,CUST004045,BR004,business,N/A,"November 03, 2007",,3239.47,USD,,,12,797616165795
ACC9529181,CUST002993,BR013,Savngs,Inactive,"August 17, 2011",,5426.28,usd,0.6295,500,25,624362611810
ACC5545367,CUST001920,BR049,MONEY MARKET,Suspended,03-05-01,,993.25,USD,1.7101,100,10,804061380972
ACC7315237,,BR026,Money Market,closed,06/08/2009,,"1837,43",GBP,4.168,100,5,951657640609
ACC6308362,CUST001295,BR049,Buisness,open,10/02/2016,,1810.4,USD,0.284,,5,303293089446
ACC5862156,CUST001550,BR049,CHECKING,closed,2001-04-03,,12819.85,usd,0.1683,,10,064756863758
ACC6728160,CUST000312,BR044,money mkt,Frozen,10-07-16,,,US Dollar,0.6751,1000,12,979216868059
ACC2540640,CUST003034,,Savings,open,06/26/2013,,5627.52,EUR,4.709,250,5,558877841902
ACC3339399,CUST001437,BR008,BUS,Closed,2023-07-05,,5558.18,usd,4.3743,250,25,508743211963
ACC5209788,CUST004706,BR039,Money Market,active,"July 09, 2000",,1234.5,EUR,4.9628,100,0,653392956416
ACC7048756,CUST000812,BR044,checking,CLOSED,"May 20, 2004",,3393.31,,0.4895,0,25,851675244907
ACC8391069,CUST003941,BR043,Business,N/A,27-01-2002,,8988.71,,2.8741,0,25,710699403899
ACC8730983,CUST004504,,Money Mkt,Inactive,04-01-07,,2578.93,US Dollar,1.826,500,10,937189619302
ACC5869292,CUST000286,BR024,Money Market,Open,2004-10-02,,11610.24,usd,1.2828,0,10,570630813084
ACC9940242,CUST001191,BR005,SAVINGS,open,04/10/2008,,965.53,,1.5049,500,5,252928115906
ACC8134812,CUST002477,,MM,active,05/12/2012,,308.21,usd,0.4036,1000,10,787999497734
ACC2892617,CUST000878,,Savings,Active,"May 01, 2017",,8882.32,,0.6021,500,25,004240899505
ACC7647761,CUST000738,BR041,Money Market,Closed,15-03-01,,,EUR,1.6334,,10,163976386597
ACC7110846,CUST000321,BR048,money mkt,ACTIVE,"February 13, 2000",,"19619,63",$,2.6255,100,15,886783674659
ACC9420047,CUST001806,BR048,money market,Inactive,04/05/2002,,4550.16,EUR,2.0018,100,25,588285512670
ACC5684022,CUST001136,BR048,Checking,Closed,09/12/2014,20/09/2015,11038.72,US Dollar,3.7613,100,10,009001571213
ACC8660519,CUST002278,BR035,Buisness,Active,2022-08-25,,7016.68,USD,1.5409,,25,025383332410
ACC7442144,CUST004240,BR050,business,CLOSED,12/12/2023,,7442.54,,2.7856,250,5,728560927276
ACC4630491,CUST000949,BR040,Money Market,ACTIVE,NULL,,3367.9,USD ,1.8297,500,10,203374134229
ACC8396285,CUST003041,BR016,Savings,N/A,13-08-18,16/12/2015,1927.43,USD ,4.5619,500,15,062069075695
ACC6386895,CUST004177,BR009,money mkt,ACTIVE,05/29/2019,,10906.37,$,0.1522,,15,576456810993
ACC6601419,CUST004097,BR021,BUS,CLOSED,11-09-2011,,2263.36,EUR,2.6972,100,10,285777544541
ACC4912201,CUST004519,BR050,Checking,Active,03-08-03,,3095.86,US Dollar,4.0656,0,10,182710641526
ACC6387922,CUST002498,BR023,Checking,Suspended,02-01-2009,,2363.19,EUR,2.489,0,12,543616390598
ACC1792683,,BR030,Business,Inactive,"November 28, 2006",,3327.97,USD,2.9636,250,25,882556327333
ACC2044674,CUST003575,BR023,Saving,Inactive,2000-04-25,,2543.33,EUR,5.3479,,25,039074934561
ACC4564028,CUST000711,BR050,Money Market,active,2008-03-06,,196.62,GBP,1.7295,0,0,410651896018
ACC6123515,CUST002141,BR038,BUSINESS,closed,"September 08, 2014",26/06/2021,8549.92,USD ,4.544,250,5,370172071565
ACC9829477,CUST001808,BR030,Saving,Inactive,09-08-21,,2350.78,EUR,3.427,1000,25,735813987382
ACC1325800,CUST002180,BR041,Checking,closed,NULL,23/03/2017,3556.1,US Dollar,3.2068,0,12,952033134626
ACC9638960,CUST001705,BR030,money market,CLOSED,"January 14, 2001",,599.52,usd,4.8944,,0,208197455166
ACC2887082,CUST002734,BR038,checking,closed,2014-12-02,,$13.57,usd,2.8939,250,5,062694304619
ACC6504186,CUST003919,BR011,Checkng,Frozen,14-10-2013,2020-11-25,USD 1125.69,usd,4.0855,500,0,147575612643
ACC3082778,CUST001443,BR024,Checking,active,10/21/2009,,4877.51,US Dollar,4.0514,,25,138062864238
ACC7354837,CUST004316,BR005,Checking,Frozen,08/18/2000,,417.86,US Dollar,3.7592,0,25,022304179732
ACC4519432,CUST002911,BR007,Checking,Suspended,01/12/2014,,,US Dollar,,250,10,728513451941
ACC2059006,CUST000320,BR034,money mkt,Suspended,14/11/2002,,968.4,$,3.2693,1000,15,756001122917
ACC5807265,,BR011,Business,Inactive,12-03-2004,,915.61,GBP,4.3324,1000,15,419903053461
ACC4181801,CUST002493,BR047,Money Market,open,05-09-18,,801.17,,0.5927,100,10,230015650952
ACC7203244,CUST001065,BR047,Savings,Inactive,22-01-24,,56.32,EUR,,500,0,574565388114
ACC3600285,,BR008,check,Suspended,24/03/2021,,5910.23,EUR,3.3016,,12,409975966457
ACC4508279,CUST000402,BR019,Money Market,closed,08/07/2001,,8318.87,GBP,1.2644,500,12,048761862239
ACC2317322,CUST001517,BR032,Money Market,Closed,08/19/2002,,3809.36,US Dollar,4.9043,250,12,738663550565
ACC6623429,CUST004110,BR044,chk,open,99/99/9999,,834.01,USD,2.3775,500,12,315716709847
ACC9597942,CUST000311,BR005,Business,open,05/14/2017,,1343.45,EUR,4.1767,$100.00,15,711465689839
ACC2430805,CUST004033,BR029,Savings,Suspended,NULL,,2584.49,USD,2.2262,500,0,875736802086
ACC9983593,CUST001939,BR011,checking,closed,11/19/2013,11/12/2022,12346.65,USD ,0.573,100,5,131890120820
ACC4273029,CUST001815,,business,closed,2001-07-12,,1136.63,,4.6683,100,15,860356897058
ACC4211327,CUST000192,BR043,Checking,active,"October 19, 2011",,,,0.4373,$0.00,25,507121458262
ACC4097149,,BR032,Savings,active,17-02-15,,2315.33,usd,2.5567,250,10,973288350989
ACC3890044,,BR040,Checking,Closed,99/99/9999,,1414.42,USD,,100,5,228956820775
ACC6765922,CUST001138,BR042,Money Market,N/A,"October 12, 2010",2020-10-06,2434.61,usd,4.9217,100,15,366746759863
ACC7817624,CUST001509,BR049,Saving Acct,Suspended,03-11-13,,295.48,,4.5698,250,10,231532019463
ACC9397606,CUST004783,BR040,MM,Frozen,07/02/2016,,6411.58,,2.9485,250,15,379566920712
ACC9322901,CUST001016,BR038,Business,open,04/07/2021,,1115.16,,0.6325,500,10,960242203402
ACC1082122,CUST002274,BR005,Savings,ACTIVE,03/04/2014,,5169.94,USD,,0,5,597059456668
ACC5933021,CUST003618,BR036,checking,Suspended,11/12/2021,,283.19,$,4.0105,100,10,590079290828
ACC6430830,CUST003286,BR026,Business,closed,01-07-07,01/03/2006,12413.14,$,,1000,0,161592273432
ACC5378841,CUST004224,BR038,Savings,Frozen,02/06/2009,20-11-09,857.8,USD ,0.2763,250,12,020737732404
ACC1653101,CUST001476,BR041,Money Market,Active,04-12-2015,,8573.52,GBP,4.713,100,10,354113130260
ACC3530586,,BR028,Money Market,Frozen,"May 20, 2010",,6631.85,USD ,1.4383,500,12,754542203701
ACC1386912,CUST001235,BR023,svgs,Open,99/99/9999,,13750.61,usd,1.722,100,5,542907622826
ACC1927673,CUST004342,BR035,svgs,open,06/23/2009,,2599.51,usd,4.5801,500,10,540334772068
ACC2379668,CUST003565,BR027,Money Market,active,02/04/2013,,5198.96,,3.7426,250,25,327663342830
ACC5132670,CUST003654,BR031,Saving Acct,N/A,22/06/2014,,1852.66,US Dollar,3.1354,500,5,684864505854
ACC5293696,CUST003465,BR023,Business,Closed,20-06-26,,815.17,usd,5.2843,,12,827075440725
ACC6942817,CUST000715,BR036,Checking,active,"October 12, 2015",,2341.31,US Dollar,4.4955,500,0,274021223789
ACC6042115,CUST002377,BR050,Business,closed,"July 14, 2005",,724.88,,3.8,250,10,060463639440
ACC1353448,CUST004375,BR005,Money Market,ACTIVE,14-09-2001,,16079.46,GBP,2.4196,1000,25,694092929121
ACC2744867,CUST003453,BR030,Business,active,"May 27, 2014",29/07/2017,404.79,$,,,0,665898140732
ACC3624208,CUST000800,BR031,savings,Closed,29/03/2002,,3558.71,US Dollar,2.6913,100000,10,153400466830
ACC4273632,CUST002091,,Money Market,ACTIVE,01-12-28,,393896.0,EUR,4.2609,,15,566636426704
ACC8711524,CUST000065,BR012,Savings,closed,2013-10-07,,3089.45,GBP,2.0543,1000,10,631076964824
ACC8752568,CUST002917,,Money Market,open,13/07/2015,99/99/9999,4341.04,usd,3.2724,0,0,375158792242
ACC7861579,CUST003920,BR039,Business,closed,20-12-2013,,494.01,US Dollar,,25000,15,355075162611
ACC7867466,CUST002315,BR004,Money Market,Active,23/12/2011,,3238.89,GBP,4.5294,100,5,129254153400
ACC7391026,CUST004920,BR047,svgs,Frozen,"December 29, 2014",,1354.29,,1.2611,100,12,900092792654
ACC5178772,CUST002049,BR047,Business,Closed,04-05-20,"June 26, 2019",,GBP,1.5996,1000,15,171079564789
ACC9347556,CUST002802,BR001,SAVINGS,Active,"February 19, 2003",,5743.14,USD ,4.0182,,0,884631396360
ACC7285393,CUST000548,BR008,Money Market,open,12-09-26,,14376.38,usd,2.6654,500,5,014003757907
ACC8892680,CUST003111,BR030,Buisness,Active,26/07/2016,,153.12,GBP,5.1144,250,10,947477225936
ACC9246881,CUST003571,BR037,Business,N/A,31-05-2006,,1342.64,USD ,4.2433,250,25,225217820829
ACC6115322,CUST004148,BR041,Checking,ACTIVE,21-12-08,,869.75,,2.4675,250,25,950329419996
ACC1151507,CUST004279,BR007,Checking,Closed,05/19/2005,,44.87,USD,,,15,699079214270
ACC8753041,CUST000475,BR050,Buisness,Open,04/09/2006,,1110.01,usd,4.4248,,0,165146501396
ACC7003400,CUST002492,BR033,CHK,Closed,25-04-2021,2024-01-01,4542.47,USD ,4.2323,500,15,765186263394
ACC5210116,CUST001870,BR047,Business,Open,28/08/2016,,,USD,2.7787,1000,12,267842039136
ACC9722583,CUST002059,BR030,Money Mkt,active,08-11-29,,2845.27,USD,4.5442,0,15,972561518664
ACC1585405,CUST002434,BR009,Savngs,N/A,21-04-21,,8750.54,EUR,0.1882,,0,080539927949
ACC2036714,CUST000292,BR035,Money Market,Active,02/18/2014,,"4733,52",USD ,4.8684,500,5,776791514732
ACC6423593,CUST004388,BR043,MM,CLOSED,"April 03, 2016",,2007.66,EUR,4.2649,100,25,910715744855
ACC3994867,CUST002171,BR013,Business,CLOSED,02-10-2019,,1863.85,usd,3.122,1000,25,372376879993
ACC1330537,CUST004216,BR036,Money Mkt,N/A,24-09-2017,,2433.28,EUR,3.2969,1000,12,433285068977
ACC7060728,CUST001081,BR002,Checking,Closed,03/01/2011,,779.4,$,3.5485,500,5,774194487577
ACC3272908,CUST003910,BR015,svgs,Suspended,21-07-2010,,4020.5,$,2.4781,500,0,876729672238
ACC6635520,CUST002959,BR024,Checking,Suspended,19/07/2015,,1811.19,GBP,1.7076,1000,10,608649909582
ACC8416769,CUST003477,BR004,BUSINESS,N/A,20-10-25,,7652.06,US Dollar,4.5071,1000,10,547327511603
ACC9326990,CUST000895,BR047,Checking,Suspended,99/99/9999,,5651.42,EUR,3.8404,0,15,589297604450
ACC7822789,CUST003043,BR020,Savings,Closed,04/17/2014,,3771.7,EUR,3.5422,1000,10,608419924931
ACC8860268,CUST000124,BR015,svgs,closed,2004-09-06,,1811.5,$,4.6271,500,5,477555046275
ACC3447939,CUST004856,BR045,MONEY MARKET,Closed,2005-02-05,,942.54,US Dollar,2.3946,1000,10,172690483589
ACC5290642,CUST004502,BR019,Money Market,N/A,05/20/2000,,5987.15,EUR,4.7236,USD 500.00,10,656909645249
ACC2771652,CUST001180,BR018,checking,closed,02/20/2022,,2665.31,US Dollar,1.2194,1000,12,614144447859
ACC9715607,CUST003460,BR025,Money Market,N/A,"July 19, 2014",,1018.28,$,,1000,25,714779724130
ACC8994945,CUST004339,BR039,Business,open,02/19/2013,,868.52,US Dollar,0.1904,100,15,557947316331
ACC7298961,CUST003333,BR013,Checking,Inactive,"June 06, 2017",27-06-2018,723.22,usd,3.4837,0,10,295332695894
ACC1573502,CUST003668,BR030,business acct,Closed,07-01-18,,6005.23,$,,250,12,606860833005
ACC3869873,CUST003529,BR017,Savings,open,02-07-08,,1040.2,USD ,4.2333,,12,878718691595
ACC4046242,CUST000078,BR026,Checking,Closed,"May 20, 2000",,2991.62,$,5.3837,0,15,712371810755
ACC1296579,CUST003230,BR024,business,Inactive,08/04/2007,,2402.61,EUR,1.0604,100,12,704116746720
ACC4775849,CUST002074,BR049,chk,active,22-07-2012,,3466.3,,1.6994,1000,15,110752063628
ACC1883092,CUST001923,BR026,MoneyMarket,Suspended,,,8387.32,USD ,3.4193,100,25,891149027425
ACC3864105,CUST001481,BR014,savings,Frozen,"March 11, 2022",,,$,0.1764,1000,15,396574398937
ACC6124706,CUST001794,BR020,business,CLOSED,2017-01-02,,,US Dollar,4.3523,500,10,606010235928
ACC5979610,CUST003809,BR016,Business,N/A,2009-03-20,,61.94,,3.9866,0,15,646241167920
ACC4281282,CUST003995,BR013,Business,Open,24-10-2021,,2223.6,US Dollar,0.2572,100,15,336238153832
ACC1785418,CUST003433,BR045,MONEY MARKET,Frozen,99/99/9999,,3727.58,usd,2.4051,$250.00,15,471886132498
ACC3431470,CUST000980,BR018,Buisness,N/A,"December 11, 2017",,326365.0,EUR,1.264,250,0,826281512677
ACC1466804,CUST004461,BR008,SAV,ACTIVE,"October 31, 2015",,4214.59,usd,1.7007,100,15,317429913662
ACC8571807,CUST000776,BR013,Money Market,Closed,18-11-2021,,669.3,,5.3535,,15,524609655166
ACC6668528,,BR017,Checking,Inactive,11/05/2021,,415988.0,USD,,500,25,649453440148
ACC9087164,CUST002853,BR043,MoneyMarket,Suspended,12/19/2001,,806.76,USD,3.6143,0,0,304952086152
ACC6314665,CUST002822,BR008,Money Market,Active,23-09-04,2023-09-30,5553.57,GBP,0.4293,250,10,454881852422
ACC8179049,CUST000239,BR027,Money Market,Suspended,2004-12-10,,1656.54,EUR,3.0039,,25,431801052817
ACC5225108,CUST002995,BR021,Checkng,Inactive,10-05-2006,,4950.06,USD,3.2645,100,5,882734005843
ACC1879319,CUST004416,BR025,Savings,N/A,2008-05-01,,196.2,USD ,1.8478,500,5,721261913226
ACC7660910,CUST003067,BR018,Business,Suspended,06-03-03,,2096.05,GBP,1.9308,0,12,295871230788
ACC1612636,CUST003438,BR006,Checking,Frozen,08/08/2000,23-07-18,4883.59,US Dollar,2.2413,100,12,035435173181
ACC2371400,CUST002471,BR048,money mkt,CLOSED,09-07-2016,10/30/2019,1029.23,usd,4.9561,1000,15,335488914714
ACC5082020,CUST001234,BR023,MoneyMarket,Inactive,15-03-2005,,6344.59,USD ,3.9548,,10,092440715466
ACC8925741,CUST002913,BR038,Savings,CLOSED,20-10-25,,3985.45,USD,3.1415,,12,958459545151
ACC6778395,CUST002686,BR037,Money Mkt,Open,2021-12-07,,3542.68,USD,4.4222,1000,25,034486631377
ACC4182414,CUST001611,BR049,BUS,Frozen,24/08/2018,,1745.03,usd,4.1946,0,5,240580754171
ACC3585074,CUST004696,BR018,Biz,Inactive,31-12-2014,,2634.61,EUR,4.5931,1000,10,386580903642
ACC4795623,CUST000023,BR007,Checking,Active,28/08/2006,,3638.74,$,2.8142,250,0,199539283649
ACC2814431,CUST002438,BR035,Savings,N/A,02-11-06,,2558.14,USD,2.3515,0,25,505434895740
ACC3749736,CUST004592,BR024,Business,closed,17-08-19,,4793.47,,4.0241,1000,0,354202186867
ACC2940194,CUST004402,BR010,check,N/A,16-05-23,,"$2,274.50",,2.2401,250,10,165841870981
ACC4764605,CUST000880,,Saving,closed,"July 08, 2023",,903.96,,3.1884,500,12,674997333044
ACC5804636,CUST003039,BR047,BUS,Suspended,01-04-02,,962.86,USD ,5.1788,250,25,135990119915
ACC3682688,CUST003859,BR040,money mkt,Frozen,16/12/2020,2021-04-25,23.28,EUR,1.1191,0,5,484953818352
ACC4870020,CUST004740,BR038,MoneyMarket,ACTIVE,2011-05-07,,1432.18,EUR,1.4432,250,25,222796014201
ACC6108766,CUST000985,BR008,checking,Frozen,08/26/2019,,5527.9,,3.7726,250,12,128146712833
ACC1503740,CUST000403,BR030,CHECKING,Active,2000-05-05,,6322.68,,3.9071,0,10,170886811205
ACC6434951,CUST001296,BR036,Business,closed,11-03-2003,,904.93,,0.8508,250,5,017608876882
ACC3550563,CUST001372,BR034,Business,N/A,"April 02, 2001","May 22, 2013",12781.03,GBP,1.8192,,15,178387451806
ACC1803749,,BR030,Savings,Suspended,09/02/2015,2023-12-14,2791.86,GBP,1.2265,,15,666402920443
ACC7167689,CUST003952,BR018,Business,CLOSED,04/24/2006,,,EUR,2.1902,500,15,757672654014
ACC5266244,CUST001635,BR007,money market,open,01/12/2004,,4907.13,EUR,0.5062,0,0,431838324901
ACC1965227,CUST000832,BR029,Business,Inactive,02-11-2008,,"$5,126.78",$,2.7029,,10,652518818844
ACC5331923,,,money market,ACTIVE,11/08/2010,,355.52,USD,,0,5,716709611085
ACC3724105,CUST002188,BR026,Business,Open,09-10-30,,993.8,USD ,1.293,1000,25,425811568428
ACC1654911,CUST004334,BR044,Money Market,active,07/23/2007,,35.42,US Dollar,3.7575,100,5,546709920299
ACC1584291,CUST004157,BR037,Checking,Suspended,07/21/2020,,5036.92,USD,,50000,12,209910910740
ACC4352352,CUST001348,BR033,Savings,Closed,14-03-17,2016-11-28,1689.05,US Dollar,0.4921,,5,525274807733
ACC7315705,CUST001529,BR047,Business,open,"February 17, 2022",,6179.33,EUR,1.5381,100,12,301480022764
ACC7133122,CUST000559,BR038,Savings,N/A,"December 24, 2012",,1655.62,usd,5.0186,100,10,958117902250
ACC4807381,CUST001948,BR014,sav,Closed,2020-10-29,,6844.42,USD ,4.3214,250,15,127512457938
ACC2799264,CUST001899,BR015,Checkng,active,99/99/9999,,560.26,GBP,2.7338,0,15,478073797378
ACC8547325,CUST002011,,Money Market,Open,01/24/2015,,$761.61,usd,2.164,USD 100.00,25,957729156742
ACC5991041,CUST004871,BR019,money market,N/A,"October 03, 2002",,1667.38,usd,3.0214,0,10,578457636810
ACC2471907,CUST004375,BR001,Money Market,active,06-12-29,,2100.29,usd,0.4975,$100.00,25,495131056378
ACC1110995,CUST000611,BR008,CHK,Frozen,08/16/2016,,1715.16,,3.9541,1000,10,765974834208
ACC4636334,CUST002489,BR011,SAVINGS,Open,2021-07-15,,5769.72,USD ,1.3518,250,10,029899119169
ACC2564160,CUST002215,BR029,Savings,ACTIVE,01/22/2002,,407.92,,2.3562,,10,967043569365
ACC4208979,CUST002223,BR021,savings,Active,19-01-20,,173063.0,USD ,3.1742,100,5,738874152925
ACC3036515,,BR050,chk,active,2010-10-14,,7261.91,USD ,2.3193,1000,15,772931929182
ACC6690214,CUST002556,BR030,Checking,CLOSED,20-08-2020,,276.53,GBP,2.8969,1000,0,118313192118
ACC2017263,CUST001229,BR011,savings,Suspended,23-11-07,,11413.01,USD ,5.3275,250,25,087485859853
ACC3067404,CUST002039,BR019,Money Market,N/A,"March 24, 2001",NULL,17166.36,,0.4055,500,10,050449199762
ACC6703999,CUST004939,BR033,Savings,Frozen,02-09-08,,USD 370.95,,2.0104,100,25,728996651164
ACC8889457,CUST000816,BR029,Savings,Closed,11/10/2010,14/10/2021,1377.14,usd,3.4137,1000,0,400071334002
ACC2548119,CUST003005,,CHECKING,ACTIVE,09/15/2006,,1863.41,USD,0.9853,,12,004633174459
ACC6137091,CUST000936,BR025,Biz,Closed,"March 03, 2001",,5991.43,$,1.6533,1000,12,332425170066
ACC4743596,CUST002275,BR016,BUSINESS,active,02/07/2006,,3624.64,EUR,5.2385,250,15,499180027137
ACC4114169,CUST000718,BR034,Checking,ACTIVE,"October 20, 2022",,4135.41,$,1.3234,500,12,209489118223
ACC4043829,CUST001850,BR003,Savings,active,"June 16, 2022",,5667.18,usd,2.036,100,15,339967897412
ACC8092622,CUST002511,BR045,Savings,active,08-06-07,,502.16,US Dollar,1.1556,,10,746073033894
ACC5777484,CUST002208,BR028,BUSINESS,Inactive,08/13/2014,,7164.07,USD ,3.2832,500,10,406393610858
ACC9196788,CUST003153,BR031,Money Market,Suspended,11-07-2013,08/18/2018,4891.53,USD,5.122,,0,526053011582
ACC3853524,CUST002340,BR035,MM,Closed,2005-01-08,,,EUR,2.0624,500,15,667693736484
ACC7549592,CUST004794,BR031,Savings,Open,04/08/2005,,,USD ,5.1903,100,5,857396905076
ACC4958654,CUST003811,BR009,BUSINESS,open,14/04/2023,,4819.98,GBP,1.489,,12,980895948612
ACC3608638,CUST002527,BR013,Business,ACTIVE,10-06-2013,,$901.08,US Dollar,4.6915,,5,424593733005
ACC7309083,CUST003061,BR003,SAV,Open,09/14/2019,,"$2,246.69",USD,0.4736,1000,15,812202271369
ACC2415621,CUST001698,BR041,Checking,CLOSED,"April 21, 2002",,2725.21,US Dollar,0.2505,1000,25,152324623959
ACC9303368,CUST004009,BR023,svgs,Suspended,2004-01-01,,227.2,EUR,5.1341,,15,654018861054
ACC6981256,CUST001310,BR028,Checking,ACTIVE,17/08/2022,,12372.28,$,5.3667,100,15,441144256538
ACC8058765,CUST004235,BR017,Money Mkt,Active,09-09-2011,,550.51,USD,2.7371,$250.00,12,561661656351
ACC4877889,CUST004937,BR037,Business,open,2000-02-29,,4782.18,usd,0.9145,500,12,187037778005
ACC7145179,CUST000306,BR022,Savings,open,"November 28, 2015",,,GBP,1.5738,250,0,129662646650
ACC9313395,CUST003095,BR041,Money Mkt,ACTIVE,2000-04-16,,103.87,EUR,3.1316,1000,5,931978676248
ACC6730578,CUST004554,BR007,Savings,Closed,15/08/2022,,10347.62,US Dollar,4.5084,500,0,953509144226
ACC7336685,CUST001254,BR009,Saving,Active,07-04-2016,,763776.0,$,,500,0,367838868098
ACC8705883,CUST003102,BR005,svgs,Closed,01-12-24,,2971.52,$,3.0055,500,10,198971917454
ACC4371431,CUST004645,BR030,sav,ACTIVE,23/10/2013,,-1039.97,,0.0644,100,12,636369382359
ACC3326832,CUST000205,BR002,Business,Active,"August 29, 2019",,518.72,$,2.8962,,5,410573206253
ACC1374938,CUST001086,BR033,Chequing,CLOSED,22-06-2014,,1806.41,USD,2.0421,0,5,500749129784
ACC5509124,CUST003337,BR019,Money Market,Closed,2008-06-11,,1179.78,,4.4089,100,25,596025349214
ACC4964048,CUST003272,BR045,Savings,Open,99/99/9999,,2826.48,GBP,0.8163,,15,963109800186
ACC8366378,CUST003609,BR017,Current Acct,Active,13-03-2006,,,usd,3.1166,0,0,194222059872
ACC8250087,CUST004072,BR014,BUS,N/A,06-12-2018,,3422.23,US Dollar,2.5757,USD 250.00,12,371397070982
ACC6243872,CUST001071,BR019,Business,Open,99/99/9999,,8826.59,$,1.5139,,25,407183823266
ACC7898397,CUST001028,BR005,Business,Suspended,02/03/2010,,4209.34,usd,3.3006,0,15,181180987525
ACC4555913,,BR027,Business,closed,04/12/2022,,2579.31,EUR,3.2646,,12,730243448287
ACC4772869,CUST000048,BR010,Business,active,13/07/2000,,7713.27,USD ,2.2066,100,12,162551440609
ACC4629724,CUST003952,BR038,Savings,N/A,03/26/2003,,"$2,549.85",USD,1.8389,1000,0,317482025475
ACC4257862,CUST000783,BR049,MoneyMarket,ACTIVE,,,8118.89,USD,1.8447,0,12,265582681966
ACC8858612,CUST003460,BR020,chk,Suspended,"June 16, 2005",18-09-12,1378.85,GBP,0.1788,1000,0,705792591069
ACC8292185,CUST002816,BR008,Savings,open,2012-09-03,,551.59,EUR,2.6642,0,0,345996248883
ACC6837984,CUST004646,BR041,Business,Frozen,25/01/2004,,"7732,77",EUR,0.5527,,25,228461697052
ACC4105671,CUST002311,BR008,Saving Acct,N/A,05/15/2002,,3541.25,usd,4.9267,,0,491312545291
ACC4727646,CUST003275,,Money Market,Closed,05-10-09,,8796.23,EUR,2.4027,250,5,035073120073
ACC7586159,CUST003252,BR022,Buisness,Inactive,06/30/2013,,11111.35,usd,5.1516,$100.00,25,476358090449
ACC8183140,CUST001199,BR048,Saving,open,"March 19, 2007",,220.48,$,3.8284,500,10,060892663184
ACC1695998,CUST001719,BR049,Savings,Frozen,"August 10, 2003",,2780.35,USD,0.6199,500,15,362402165778
ACC8713881,CUST002416,BR039,Business,closed,2010-12-04,,1879.79,$,1.2489,,15,945012761804
ACC3613347,CUST003346,BR019,Money Market,N/A,01/03/2005,,3932.48,USD,5.3467,$250.00,0,013868080349
ACC2626726,CUST003411,BR020,chk,open,07/13/2015,,6311.59,USD,1.2293,500,15,451395324230
ACC1966212,CUST000159,BR004,Current Acct,Active,29/03/2007,12-11-17,1317.3,USD ,5.3879,1000,5,569207607419
ACC3162373,CUST001857,BR017,Checking,Frozen,26-08-2005,,3254.92,$,3.1525,500,0,734777826608
ACC6588230,CUST001943,BR037,Business,Frozen,18/09/2017,,4934.0,USD ,3.2488,1000,10,423363244100
ACC5589247,CUST001735,BR011,Savings,Suspended,07-09-2013,,57747.0,USD,2.5467,500,15,146517256978
ACC1236452,CUST003510,BR031,Savings,Open,00-02-06,,6729.47,USD,4.9225,100,0,735022679616
ACC1158090,CUST002659,BR050,Checking,Frozen,12/09/2018,,3726.73,US Dollar,,0,10,351159855923
ACC6223026,CUST004197,BR038,Money Mkt,Frozen,,,11946.09,GBP,1.858,500,10,497903624723
ACC7680304,CUST001835,BR045,Checkng,active,07/10/2006,,1659.21,$,5.4979,,25,179889939863
ACC3977213,CUST002938,BR002,Savings,ACTIVE,2017-06-17,,,,3.7653,,15,645881517465
ACC6961654,CUST001062,BR039,CHK,CLOSED,,,2824.94,US Dollar,2.5479,0,10,681406873285
ACC9776759,CUST004457,BR045,MM,Closed,12-04-09,,358.87,EUR,0.5368,,10,089403242229
ACC7253255,CUST000303,BR008,Money Market,Active,06-03-2022,,13963.59,GBP,3.1287,,5,973230610474
ACC5165535,CUST002522,,BUS,Active,31-12-2010,,157.81,,0.4676,500,0,179546956223
ACC5481831,CUST004442,BR033,Checking,closed,2009-02-21,"February 16, 2018",5601.64,$,,0,0,786431358419
ACC1846505,CUST004846,BR042,Checking,N/A,05/03/2023,,2978.62,EUR,0.5071,100,0,176809228622
ACC2978172,CUST001251,BR006,Money Market,Open,29/09/2022,2022-12-01,1839.39,USD,5.4202,,10,761282019950
ACC4170300,CUST002248,BR008,Business,Suspended,17-07-06,,27244.0,US Dollar,2.6467,250,12,667845232368
ACC2669549,CUST000461,BR043,Savings,Inactive,"August 24, 2006",,3893.21,EUR,,250,5,719220109062
ACC1929933,CUST001513,BR033,Checking,Inactive,28-12-2007,,3520.03,EUR,4.4607,250,5,238777315672
ACC1963947,CUST004182,BR002,MONEY MARKET,Active,05/06/2023,,1318.93,EUR,4.4171,250,5,310390796548
ACC1132902,CUST004441,BR046,Money Market,closed,NULL,,9641.65,,1.4423,500,5,815032044219
ACC8335040,CUST001113,BR040,BUSINESS,closed,05/25/2022,,1450.25,USD,1.3363,,0,159328355779
ACC5069667,CUST002482,BR021,money mkt,Inactive,12/25/2021,,2389.35,US Dollar,0.0407,,5,239197408788
ACC3648441,CUST002420,BR017,Money Market,CLOSED,04/23/2021,,3138.97,USD,1.7199,USD 1000.00,10,375342840037
ACC1646268,CUST000747,BR013,Business,Frozen,25-05-2020,,$422.47,EUR,4.3347,250,5,171534831336
ACC7475641,CUST002061,BR019,Chequing,ACTIVE,"February 05, 2019",25-06-2023,10762.51,US Dollar,3.298,$0.00,15,409818261328
ACC6284436,CUST001302,BR026,CHK,closed,02-06-2022,,"1877,05",EUR,4.9965,0,15,476025533025
ACC8408949,CUST004402,BR046,savings,ACTIVE,04/14/2015,,,EUR,1.1655,250,5,413933140503
ACC8184647,CUST002885,BR010,Money Market,Open,"October 13, 2015",,1959.46,$,2.7875,,5,936677739545
ACC3403603,CUST002049,BR026,Checking,CLOSED,2014-10-03,,3667.19,,1.3555,,25,199384748079
ACC6825406,CUST004696,BR003,MONEY MARKET,CLOSED,16-07-07,,2883.33,usd,3.756,500,25,354217719418
ACC4159928,CUST002405,BR011,Business,Active,02/02/2005,,4743.77,,4.8285,500,12,857268632070
ACC9440645,CUST004100,BR047,Checking,N/A,09/12/2011,,228.33,US Dollar,2.1289,100,5,686151865475
ACC7368570,CUST003761,BR017,checking,open,07-09-2008,,1339.32,GBP,1.3963,100,12,973111819235
ACC3137716,CUST003948,BR043,Money Market,active,19-03-2016,,6842.13,USD ,0.6127,250,0,051330451663
ACC2558409,CUST002511,BR014,Checking,Suspended,20-08-31,,333.06,,4.798,0,5,047124237845
ACC3416792,CUST001887,BR017,sav,CLOSED,2008-08-16,,USD 7737.51,USD ,0.2378,1000,12,457528570451
ACC7193330,CUST001034,BR008,SAVINGS,CLOSED,2021-02-25,,385.59,usd,2.006,500,12,400817612149
ACC1540284,CUST002062,BR019,savings,open,10-11-2013,,7194.03,usd,4.7955,,10,346328159614
ACC3664369,CUST003400,BR012,SAVINGS,Frozen,07-10-28,,1790.08,US Dollar,0.8491,1000,12,712114558228
ACC3958608,CUST003552,BR016,Business,open,09/17/2002,,3789.16,$,2.2149,0,12,640916939700
ACC4945903,CUST004281,BR026,Saving Acct,Active,19-09-07,,663.69,$,5.1866,,25,564849454138
ACC7931314,CUST001264,BR019,Money Market,open,11-11-2012,,273.84,GBP,3.1202,250,0,914142051016
ACC9750731,CUST003734,,Checking,open,17/07/2003,,973.07,USD,3.2027,250,15,103036164020
ACC7686457,CUST000816,BR032,Checking,Frozen,,,547.19,US Dollar,4.4196,100,5,503061388163
ACC7512848,CUST004769,BR001,Business,closed,28/11/2000,15/09/2008,1498.23,EUR,3.5683,,5,625880012615
ACC9961221,CUST004055,BR049,MM,CLOSED,2020-02-07,,2889.34,usd,4.486,0,12,804029401167
ACC2009255,CUST001127,BR029,Business,Open,09-01-2007,,3554.31,USD ,1.1151,500,0,772396524884
ACC2934083,CUST004718,BR010,Savings,N/A,99/99/9999,99/99/9999,6240.08,GBP,1.4635,500,10,494157033914
ACC6013080,CUST000927,BR007,Chequing,Inactive,2019-04-10,,4271.24,USD ,4.212,500,25,023593847161
ACC6935131,CUST001347,BR035,checking,Inactive,2004-02-13,,,EUR,0.6245,1000,12,544116422500
ACC4546364,CUST000592,BR013,Savings,Suspended,15-11-2021,,2122.63,USD,1.6146,,12,258740748046
ACC8366449,CUST000998,BR037,Chequing,Open,NULL,,2568.36,EUR,1.2106,100,10,059713986370
ACC2280047,CUST003793,BR023,Checking,Open,20-08-01,,2141.3,$,1.3298,0,10,822057094823
ACC1337040,CUST004123,BR037,Savings,N/A,"April 06, 2013",,7384.85,USD,3.7773,100,10,589160886508
ACC3204807,CUST002038,BR041,Buisness,active,09/16/2001,,1045.46,US Dollar,2.3239,,0,344799107534
ACC6560403,CUST003941,BR039,Business,N/A,06/03/2006,,22.95,usd,2.1259,,12,850693926762
ACC2184478,CUST000483,BR011,Savings,Suspended,"January 06, 2018",,4214.4,GBP,1.6999,100,25,706538145083
ACC9248768,CUST002498,BR037,BUSINESS,closed,2010-04-16,,904.9,USD,3.0734,1000,12,530109654675
ACC7335165,CUST004218,BR008,Savings,Active,"September 07, 2008",,8833.29,US Dollar,0.9395,500,25,803656510812
ACC9535985,CUST004765,BR025,Money Market,Frozen,"October 24, 2002",,7837.3,usd,,250,5,006833953598
ACC8802628,CUST004772,BR024,CHK,Frozen,03/27/2007,01/03/2023,319.32,USD,1.169,0,10,921181370505
ACC5384009,CUST002781,BR046,Business,ACTIVE,10/10/2014,,449.94,USD ,2.5028,250,5,588455151310
ACC5951647,CUST000376,BR019,BUS,Open,08/02/2015,,2734.15,$,3.9791,1000,0,311708479030
ACC9102603,CUST000487,BR006,Checking,Frozen,15-07-2020,,3758.47,USD,5.058,250,15,025831530767
ACC3351356,CUST000721,BR043,Checking,Active,"May 04, 2000",,"$1,285.83",US Dollar,2.4261,100,12,494233015730
ACC8397254,CUST003631,BR027,Checking,active,"May 21, 2014",,"5046,38",EUR,0.9478,500,10,820817737468
ACC3816442,CUST003765,BR029,BUSINESS,Closed,05-08-2022,,3614.64,,3.2406,500,15,972173834939
ACC8695229,CUST003116,BR046,chk,closed,03-12-03,,1571.13,US Dollar,4.3512,0,25,172702371944
ACC2820138,CUST003922,BR007,Savings,active,NULL,,102.8,US Dollar,4.8308,250,15,154720993293
ACC6318247,CUST002481,,MM,ACTIVE,,,5547.58,,0.2787,250,15,292948082276
ACC7575736,CUST001767,BR043,Checkng,CLOSED,28-07-2016,,967.03,USD,5.068,500,0,109362222244
ACC2146527,CUST003205,BR013,Business,Closed,,,7194.5,US Dollar,0.5417,,5,387850635249
ACC3066907,CUST002024,BR049,Checking,Active,2016-12-28,,2180.91,USD,0.7708,1000,15,057764861985
ACC5095188,CUST003803,,Savings,CLOSED,04/14/2002,,3442.26,usd,3.3678,0,5,382407614413
ACC7535904,CUST001253,BR023,Business,active,22-03-2023,,8252.66,USD ,,$0.00,5,161592830886
ACC8416979,CUST002264,BR020,business,active,"May 27, 2019",,7969.33,$,3.6791,,10,004305446591
ACC6156480,CUST003254,BR012,Money Market,Frozen,23-06-2000,,1857.8,USD ,2.7301,0,0,144456722896
ACC4011572,CUST000071,BR028,Savings,Active,"October 19, 2021",,937.27,US Dollar,3.0458,100,25,714195579955
ACC4068574,CUST003708,BR019,Chequing,Inactive,07-10-19,05-03-2013,5969.22,USD ,3.8688,$250.00,10,821929977679
ACC9740391,CUST004662,BR021,Savings,Open,11/04/2009,,,EUR,2.6971,100,10,068303126284
ACC3439546,CUST003436,BR015,Savings,Inactive,10/21/2000,,852.98,US Dollar,5.4048,100,25,416845655720
ACC4288041,CUST000638,BR012,Money Market,active,,,9391.39,,1.0166,1000,15,108624390926
ACC7390567,CUST001802,BR047,SAVINGS,active,2020-12-21,,883.11,US Dollar,0.4868,,5,826954408635
ACC9182497,CUST004832,BR029,Business,CLOSED,06-04-29,,104.58,US Dollar,1.3893,1000,5,248956572934
ACC6008989,CUST003979,BR010,Business,Suspended,"November 06, 2012",11-02-2013,81.95,,,250,15,108888108155
ACC5235425,CUST000872,BR031,Biz,Active,12-01-30,,,GBP,0.3278,,25,091977360656
ACC8013651,CUST003912,BR020,Savings,ACTIVE,"November 14, 2013",,,USD ,2.0001,250,12,909607968348
ACC5162190,CUST001339,BR027,Checking,Closed,2018-07-16,,"$1,490.30",usd,3.4825,,0,500699183886
ACC7841028,CUST003350,BR009,Business,ACTIVE,01-05-2002,,1542.71,usd,4.8875,250,10,294284739763
ACC2365422,,BR017,Money Market,Frozen,15-12-2015,,USD 1659.00,USD,4.3532,1000,25,561130928868
ACC3348240,CUST003382,BR020,Checking,closed,09/26/2018,,"4559,72",GBP,0.0217,500,5,342947122895
ACC3089175,CUST002041,BR003,Money Market,Frozen,28/08/2010,,239.57,GBP,5.143,1000,25,156625916329
ACC7582033,CUST000068,BR027,Money Market,Suspended,01-11-02,,10586.86,GBP,1.763,0,12,926933025891
ACC2714806,CUST003821,BR039,Checking,CLOSED,10/07/2015,,,GBP,1.3858,,25,043749645376
ACC5615877,CUST003955,BR044,Business,closed,23-01-2010,,,$,2.5743,,5,198586158142
ACC9672214,CUST004155,BR050,chk,Inactive,2008-01-04,,752.66,GBP,3.3946,500,10,016365222309
ACC2747634,CUST000061,BR030,Chequing,Frozen,09/07/2005,,,EUR,3.8081,$250.00,0,371338803116
ACC1973542,CUST002315,BR010,Buisness,Inactive,26/03/2014,,1011.38,USD,4.1218,100,0,460228621697
ACC1562878,CUST003075,BR012,business acct,closed,20-10-2010,,337.21,USD,0.5302,,10,686757243868
ACC6826541,CUST002202,BR034,Buisness,CLOSED,"April 30, 2011",,8315.63,usd,4.5935,1000,12,719299684475
ACC5944483,CUST000737,BR023,Checking,Open,,,7828.93,USD ,5.3711,1000,0,629038455095
ACC4375156,CUST001363,BR045,Checking,active,03-05-02,,2067.18,US Dollar,4.4282,1000,10,238375844618
ACC3688902,CUST004871,BR002,MoneyMarket,open,,2020-05-31,4847.97,USD ,2.1088,USD 250.00,5,885396161628
ACC1605674,CUST003658,BR049,SAVINGS,Frozen,,,3257.34,GBP,5.4524,250,5,924040635926
ACC5580726,CUST000590,BR010,SAVINGS,ACTIVE,"May 02, 2019",,7668.1,usd,3.4921,1000,10,207283523230
ACC9689338,CUST002272,BR041,Money Market,Active,19/09/2002,,1513.67,USD ,0.6413,250,25,364508984843
ACC5427467,CUST000529,BR024,Savings,Inactive,11/01/2023,,2966.6,$,2.6658,250,5,297672862198
ACC6903802,CUST000694,BR044,Business,Active,01/01/2018,,2657.25,$,2.3647,,5,709341990881
ACC9212948,CUST002540,BR024,Saving,Active,08-08-14,,1747.24,,0.7864,250,10,284355266667
ACC5843205,CUST002679,BR043,Chequing,Inactive,"May 24, 2008",,8882.36,usd,2.1858,100,15,905242732751
ACC8384788,CUST001033,BR043,Savings,Inactive,99/99/9999,09-01-08,725.5,usd,4.7315,USD 1000.00,15,465795629710
ACC4330789,CUST001006,BR018,business,Suspended,,,647.76,$,1.6907,,0,241848810855
ACC2462152,CUST004593,BR002,Business,Suspended,12/30/2007,,3440.68,GBP,3.1734,500,12,399069392982
ACC2460735,CUST003614,BR034,business acct,Open,22/09/2016,,4285.87,,3.3018,500,5,239688529220
ACC5689985,CUST000627,BR037,sav,Suspended,08-08-2018,,865.76,GBP,2.978,100,5,917922501666
ACC4133030,CUST003560,BR037,Checking,Closed,"July 04, 2017",,1981.89,GBP,5.1875,,12,769848865154
ACC9691153,CUST002938,BR024,Business,N/A,15/01/2022,,11717.07,USD,4.6367,100,15,642000894361
ACC4148563,CUST002869,BR011,money mkt,Open,27/01/2015,,1132.73,USD ,0.8333,0,12,495186286895
ACC9037952,CUST000733,BR035,Savings,Frozen,10-02-05,,4414.83,GBP,0.6943,100,10,450784710873
ACC5104424,CUST004776,BR031,Checking,Open,13/07/2020,,5390.59,$,2.3411,0,25,766608509053
ACC1401147,CUST004335,BR009,Business,ACTIVE,2017-02-19,,2377.76,$,0.105,100,0,540844914531
ACC3690823,CUST002248,BR043,Checking,Closed,NULL,,11092.02,GBP,1.0383,0,15,516804406169
ACC3158832,CUST003320,BR011,Savngs,N/A,"October 10, 2017",,5337.19,USD,,0,25,659984685688
ACC6026129,CUST001263,BR033,Savings,Inactive,NULL,,2449.4,,,0,12,845740570225
ACC7594640,CUST000726,BR038,Business,Inactive,31-05-2021,,3369.7,EUR,4.7158,0,0,357248568864
ACC8259635,CUST004617,BR010,checking,N/A,04/01/2011,,4718.6,GBP,1.1891,,12,513658872467
ACC1705351,CUST000986,BR004,BUSINESS,Inactive,NULL,,3587.82,,,1000,5,093162192652
ACC4355915,CUST002916,BR035,Savings,Inactive,27/10/2006,,843787.0000000001,USD,2.9235,250,15,334491968288
ACC8846534,CUST001135,BR018,Saving Acct,Frozen,17-12-2016,,1765.75,USD,0.9167,,0,807142547773
ACC4279631,CUST003459,BR033,Business,Open,02-05-22,,1426.05,EUR,5.1369,1000,12,944359356144
ACC8347933,,BR040,Money Mkt,Open,"March 28, 2004",,962.37,usd,3.1137,,10,230419057505
ACC1026384,CUST004142,BR019,MONEY MARKET,Suspended,27/06/2002,2011-08-15,"154,06",,0.9834,0,25,939598820330
ACC9687475,CUST002360,BR048,Savings,Active,28/10/2005,,175.87,,3.5304,0,15,991270323716
ACC4072515,CUST003157,BR037,Money Market,open,2003-02-02,,8162.58,EUR,0.872,0,25,937600142758
ACC7312530,CUST002874,BR017,svgs,Active,23/04/2020,03-05-2020,4537.7,USD ,1.3802,250,12,696527624501
ACC2657114,CUST004803,BR013,Checking,N/A,01/13/2003,,,GBP,4.3468,0,12,451588672056
ACC5929338,CUST001089,BR041,Chequing,Suspended,04/11/2014,,"$3,814.34",USD,0.1908,0,0,765693239446
ACC2671523,CUST001045,BR032,svgs,Frozen,18/03/2014,06/12/2015,7567.71,USD ,1.2131,1000,25,855652286279
ACC2025661,,,CHECKING,N/A,2010-04-15,,2617.76,EUR,4.0838,,15,435493885208
ACC6432250,CUST003126,BR033,Checking,open,01/08/2019,,8173.54,,2.3681,250,25,409312611415
ACC2013638,CUST004075,BR016,Checking,Frozen,01/20/2005,,1781.68,USD,2.5959,1000,25,253795029986
ACC9230333,CUST002688,BR038,Savings,Frozen,17/07/2002,,,$,4.3316,250,25,609940260423
ACC1848091,CUST000941,BR038,business acct,Suspended,05/13/2017,16/06/2017,4798.02,USD ,4.4075,500,10,296999828430
ACC9761867,CUST003611,BR046,Business,Closed,06-08-04,,1189.19,usd,1.8149,0,12,728427755048
ACC2781924,CUST000451,BR026,Checking,Frozen,99/99/9999,,3321.23,GBP,1.1306,250,0,697540319816
ACC8497721,CUST001485,BR050,Money Mkt,Open,01-07-2017,,,$,,1000,25,688591486340
ACC1135398,CUST001202,BR027,Business,open,16-06-15,,593.53,$,5.3601,100,25,797983448635
ACC8250707,CUST002232,BR001,BUSINESS,Inactive,99/99/9999,,3578.54,USD ,3.2854,500,5,975807910966
ACC7979443,CUST003962,BR049,CHK,closed,"September 14, 2009",,1512.09,$,0.8242,$0.00,5,542501096469
ACC3010816,CUST001381,BR049,Business,closed,2016-04-15,,215.07,USD,2.4646,100,25,021406267266
ACC8900542,CUST002307,BR006,Money Market,ACTIVE,2013-04-03,,11876.84,USD ,0.3445,1000,25,762360128773
ACC7445616,CUST000851,,money market,active,07-11-2015,,,USD ,3.5068,,0,749604455770
ACC6871845,CUST004369,BR041,BUS,open,2003-07-11,,8379.65,US Dollar,1.8998,250,5,950753770713
ACC8981478,CUST000531,BR047,Money Market,active,16-09-20,"April 06, 2021",4508.74,USD,2.1478,100,12,415181594117
ACC4546584,CUST000080,BR013,Business,Open,99/99/9999,,USD 1766.34,,2.5513,1000,12,600440701776
ACC8607602,CUST000844,BR011,Checking,Suspended,05-04-2023,,2875.4,,1.6116,100,25,665039352959
ACC3832603,CUST001290,BR024,Money Market,Inactive,27-08-2002,,,USD ,2.9443,250,10,069398922799
ACC9631574,CUST004766,BR039,MM,Active,07-01-06,2010-03-22,12900.82,,4.7549,1000,25,783271866454
ACC2684010,CUST004821,BR008,sav,Suspended,2000-02-27,,"$1,170.35",EUR,2.1651,250,5,370873889026
ACC3169404,CUST000520,BR029,Money Market,Frozen,"July 01, 2004",,,GBP,0.5689,250,5,827339754252
ACC6674106,CUST004156,BR036,Savings,open,11/07/2003,,10312.18,EUR,,1000,15,719353887484
ACC6784432,CUST004032,BR014,money market,CLOSED,"May 28, 2018",,4439.69,usd,2.6149,500,12,816688833740
ACC5100373,CUST000938,BR026,Savings,Open,10/13/2023,,10710.08,US Dollar,2.8951,250,12,485922792075
ACC6475249,CUST000015,BR018,BUSINESS,CLOSED,2007-07-30,,2029.18,$,5.092,250,12,338664979767
ACC2366531,CUST000195,BR001,Money Market,ACTIVE,22-03-2004,2010-06-12,,EUR,,,12,451308388676
ACC3202288,CUST001839,BR048,Chequing,Suspended,2014-12-23,,4853.17,,2.845,100,12,591691815892
ACC1699402,CUST001323,BR043,Money Market,Inactive,2011-04-05,,171.65,,1.3083,500,12,391526034393
ACC8510160,CUST003670,BR004,Savings,N/A,2012-11-09,,9495.16,USD ,2.9206,1000,10,564983469475
ACC7833714,CUST001548,BR046,Biz,active,15/01/2014,,2650.26,EUR,,,15,123909933931
ACC7018600,CUST001970,BR039,check,active,08-08-14,,2467.17,,0.3733,500,10,960995532928
ACC2889674,CUST003735,BR015,Savings,active,01/12/2002,,3343.15,USD ,2.9998,100,0,442995325508
ACC1018457,CUST002527,BR020,Savings,Suspended,"May 13, 2012",,647.18,US Dollar,5.0696,1000,15,436286313580
ACC5546158,CUST000051,BR003,Savings,open,27/10/2001,,2533.22,GBP,2.4646,0,15,877152128327
ACC2694977,CUST000217,,Savings,Closed,2018-04-18,,7114.44,US Dollar,2.4646,1000,10,405215962527
ACC2655672,CUST002863,BR034,Business,Inactive,07-07-22,,$62.41,$,0.272,250,25,434438400346
ACC4114328,CUST003800,BR019,Checking,CLOSED,14-01-2021,,"$1,274.86",,,,25,570370077624
ACC7256051,CUST000237,BR047,sav,N/A,01-11-10,,9.83,$,,1000,25,192476712202
ACC8346840,CUST004170,BR009,savings,active,01/02/2003,,2149.44,EUR,1.6917,0,15,523537069453
ACC7144243,CUST001966,BR012,CHECKING,Frozen,"May 16, 2002",,,usd,,250,25,262877942753
ACC9040392,CUST001625,BR030,Checkng,Open,13-08-17,,,$,0.5564,500,5,596775287492
ACC1283029,CUST000668,BR011,Money Market,closed,06/03/2023,16-08-2023,11615.51,GBP,5.3962,0,10,717000308244
ACC4991280,CUST000611,BR001,Money Market,ACTIVE,99/99/9999,,3751.13,GBP,4.5633,250,12,658924836375
ACC9106335,CUST002486,BR025,Business,ACTIVE,2013-10-18,,1175.48,EUR,0.8945,1000,5,921233092889
ACC2034379,CUST000560,BR028,MONEY MARKET,active,02/07/2011,99/99/9999,"$10,315.88",,0.7879,,12,867071251975
ACC3475781,CUST004682,BR048,BUSINESS,Inactive,07-02-08,,,US Dollar,2.751,,0,676216329500
ACC8377082,CUST002136,,MM,CLOSED,09/22/2023,,3417.29,GBP,3.4758,250,15,441928229190
ACC1279940,CUST002554,BR001,Savings,CLOSED,17/12/2009,2023-02-24,4758.18,GBP,2.909,250,10,209626511142
ACC3335950,CUST004254,BR043,CHECKING,closed,2004-07-25,,10324.77,USD,2.8201,0,25,592208186967
ACC9022645,CUST000790,BR012,Money Market,Active,00-06-08,,4984.66,usd,3.738,500,0,384425414616
ACC2178271,CUST001213,BR031,Checking,Suspended,08-10-02,,1837.83,US Dollar,2.1478,0,12,266089568664
ACC4103490,CUST000655,BR035,Chequing,Frozen,2016-02-22,,4993.49,GBP,1.7793,,0,616800493589
ACC4423760,CUST003759,BR033,Chequing,open,18/04/2008,,16445.0,GBP,2.5229,,25,991488970686
ACC1295172,CUST001813,BR044,Money Market,CLOSED,07/29/2013,,1953.75,,1.5095,0,10,402021397648
ACC1388456,CUST003751,BR047,Business,ACTIVE,28-01-2012,,2085.68,EUR,3.1763,250,12,940410839848
ACC8131173,CUST003154,BR036,Money Market,active,27/09/2014,,$730.11,usd,4.2455,0,12,377334440644
ACC6254045,CUST000202,BR014,Money Mkt,Inactive,22-08-2023,,,US Dollar,3.0085,100,25,416743410000
ACC2546566,CUST000487,BR028,Business,ACTIVE,13-07-04,,572.62,usd,1.4045,100,5,563677440277
ACC1021156,CUST000625,BR015,Current Acct,Frozen,99/99/9999,,4252.46,EUR,2.4779,,15,539210857426
ACC7926429,CUST000702,BR004,Savings,N/A,2014-01-01,,6483.79,USD,5.356,1000,12,935462266521
ACC5225046,CUST000117,BR037,Buisness,Suspended,01/12/2001,,17759.81,USD,1.675,100,25,025983008460
ACC7159455,CUST000468,BR006,Savings,Closed,07-12-08,,1700.82,usd,0.6445,100,15,939953542528
ACC4596012,CUST003146,BR009,SAV,closed,2014-04-21,,3658.96,US Dollar,0.7317,100,12,801053580291
ACC9166737,CUST003115,BR035,Checking,Suspended,10/07/2023,,,USD,0.382,100,0,750126619522
ACC3527342,CUST004483,BR049,Savings,Frozen,20-05-2014,,"731,09",,1.9911,,5,627875008773
ACC9962639,CUST000946,BR028,business acct,Suspended,2006-10-06,16/11/2011,5058.37,usd,4.2554,$500.00,25,598604862845
ACC1803848,CUST004333,BR039,Savings,CLOSED,10/08/2011,,5625.64,US Dollar,1.4964,1000,25,300512222492
ACC6306998,CUST000930,BR003,CHECKING,Suspended,99/99/9999,,372.74,US Dollar,,500,12,074165124949
ACC2597336,CUST002716,BR032,Checking,closed,2002-02-06,,,USD ,4.9772,500,0,859643911006
ACC9082540,CUST001110,BR035,Checking,Suspended,01-01-19,,6708.83,usd,2.4106,,15,683926017760
ACC1294319,CUST000110,BR048,BUSINESS,Frozen,03/11/2016,,135.89,EUR,2.8567,250,15,689738719793
ACC2399428,CUST001252,BR050,Checking,Inactive,27/09/2015,"October 04, 2021",382.01,US Dollar,1.6295,500,12,434065649579
ACC8726769,CUST000831,BR026,CHK,Suspended,06-05-2006,,201.5,,2.6286,0,10,313623294530
ACC3443797,CUST003142,BR035,MoneyMarket,active,2012-07-26,,1630.33,,2.0492,,0,776056063812
ACC3241190,CUST000534,BR027,business acct,Open,"July 04, 2021",,2847.6,USD,2.031,,25,993851278828
ACC2590190,CUST003152,BR016,sav,Suspended,02-08-04,,3040.12,GBP,2.1814,USD 100.00,10,322477759335
ACC7851854,CUST000536,BR044,Business,Frozen,15-11-25,"September 21, 2023",USD 1246.08,EUR,0.9631,500,10,908559444114
ACC7211502,CUST001045,BR005,Money Market,Closed,18/11/2003,,9703.39,GBP,1.4367,250,25,127483631029
ACC9561562,CUST001602,BR048,Savings,Inactive,17-03-2017,,1837.13,$,3.4953,,12,518732424962
ACC6306595,CUST002355,BR021,check,closed,18-01-2013,,186.48,USD ,2.6285,1000,12,877505127624
ACC1663151,CUST001161,BR047,Money Market,Open,2012-02-23,,"$1,428.00",US Dollar,4.6659,250,0,143669619917
ACC1928368,CUST000549,BR035,business,N/A,07/03/2003,,3029.54,usd,5.4883,500,5,177973811444
ACC3212531,CUST003222,BR049,SAV,Closed,13/12/2020,,2098.49,US Dollar,1.9561,1000,0,070533107401
ACC4134166,CUST001804,BR013,Money Market,Active,06-11-07,,1279.95,USD,2.237,100,5,448641960513
ACC3516936,CUST003418,,money mkt,ACTIVE,06-05-23,23-08-11,563.14,US Dollar,4.7316,250,25,262867538942
ACC9423722,CUST004810,BR015,Checking,Closed,NULL,,6840.67,EUR,,0,0,979174676417
ACC5535736,CUST002823,BR038,Checking,Active,06/19/2020,,22233.79,usd,4.8576,500,10,525057059225
ACC8941384,CUST004354,BR019,BUS,Closed,03/10/2007,14-04-17,1599.18,US Dollar,4.1743,0,25,326464345443
ACC5221119,CUST002326,BR016,BUSINESS,Frozen,07-06-23,,1922.62,US Dollar,3.9732,500,5,129462802061
ACC7468372,CUST003473,BR005,Checking,ACTIVE,2014-04-06,,3849.73,EUR,3.0273,500,12,752685633923
ACC9344899,CUST001049,BR041,Chequing,Active,"April 05, 2001",,,GBP,3.6099,0,12,886713932464
ACC7977987,CUST001201,BR018,Savings,open,01-03-2009,,1990.52,US Dollar,,,5,857448229403
ACC8808222,CUST001744,BR030,CHECKING,Closed,26-12-2023,,9412.55,US Dollar,0.9506,500,12,508926506222
ACC4187474,,BR016,BUS,Open,27-02-2004,,,USD,1.9269,250,0,130358752232
ACC7886639,CUST000432,BR033,check,Active,"June 04, 2015",,2394.19,EUR,4.5769,1000,5,480676520534
ACC5140719,CUST000485,BR004,Saving Acct,Open,2001-05-17,,4161.44,,4.6149,100,15,970553017700
ACC2407998,CUST004037,BR039,Business,active,2003-09-03,,12213.77,$,3.3066,$100.00,12,418241702673
ACC5382309,CUST001422,BR033,BUSINESS,CLOSED,08/18/2003,,6330.26,$,2.2681,0,5,332580208996
ACC8412525,CUST002123,BR027,Money Market,Frozen,99/99/9999,,163.34,USD,2.5154,,5,855832886891
ACC5781460,CUST004549,BR039,Money Market,ACTIVE,"May 13, 2003",,1615.72,US Dollar,2.2793,500,15,310124611811
ACC9158092,CUST000029,BR039,money market,open,15-07-22,,"2543,63",USD,3.5473,250,15,656863019397
ACC9946347,CUST003526,BR040,Money Market,Suspended,"August 27, 2019",,1510.53,$,3.5033,0,10,676212931831
ACC4834032,CUST003134,BR007,check,ACTIVE,"March 13, 2005",,4818.39,USD ,1.4892,500,15,596175314209
ACC7094252,CUST003481,BR050,sav,active,2012-05-18,,7000.99,USD ,2.5891,0,12,166741713223
ACC2822095,CUST000405,BR012,Business,Active,18-09-2013,13-06-2016,,GBP,4.9324,500,0,963398733340
ACC2964132,CUST001220,BR014,Checking,CLOSED,"June 04, 2014",,"18162,51",USD ,1.4275,1000,0,639363277835
ACC7187327,CUST002503,BR002,Money Market,active,99/99/9999,,1272.83,EUR,1.4976,1000,25,895774771243
ACC4821239,CUST001190,BR015,Checking,N/A,11-01-2005,,8317.43,,0.1865,0,10,265881680643
ACC3606322,CUST000336,BR015,Checking,Suspended,2012-12-30,,5820.39,usd,4.8332,100,5,369145039574
ACC1767875,CUST004420,BR044,BUSINESS,Inactive,28/04/2017,,1798.79,GBP,2.4958,500,10,258762833505
ACC7646540,CUST003946,,chk,active,20-10-2003,,5298.91,usd,0.6865,100,0,212878092804
ACC2168553,CUST001312,BR032,Business,active,,,,,1.5488,1000,5,806589175260
ACC2329523,CUST002116,BR019,savings,open,,,6229.92,usd,4.1924,,10,607791570814
ACC5364917,CUST004196,BR038,Savings,active,10-02-2021,,3039.97,,,250,25,899081668666
ACC5210073,CUST002769,BR023,Business,Active,21/01/2012,,1382.88,,3.1276,100,0,015975646008
ACC2799828,CUST004173,BR022,money market,ACTIVE,20/03/2018,,,USD ,2.8629,250,12,558269176383
ACC8606068,CUST000750,BR042,Saving Acct,Active,,,4104.65,USD ,0.8205,USD 0.00,0,553956674428
ACC2606421,CUST000039,BR040,Savings,CLOSED,2001-09-27,,940.29,,3.9704,500,12,436157488907
ACC6117974,CUST000569,BR031,Money Market,Open,14-08-2014,,123.48,USD ,,100,15,640047897185
ACC1648319,CUST001987,BR043,CHK,Closed,06/01/2020,05/27/2021,,usd,1.4856,,15,468245466533
ACC4689039,CUST001977,BR014,BUSINESS,Frozen,05/09/2000,,3371.34,GBP,4.8617,100,10,419678696749
ACC4823447,CUST001502,BR004,CHK,N/A,2004-12-09,08/29/2018,8369.47,USD,3.9232,500,12,734776432928
ACC8807165,CUST004316,BR010,Checking,Frozen,10-02-15,,10536.42,USD ,4.4331,250,25,393720565278
ACC1574894,CUST003214,BR013,check,N/A,21-02-2007,,3009.93,USD,1.4725,100,5,156489200083
ACC6591069,CUST002949,BR016,money market,open,18-05-01,,5606.5,usd,,500,10,796552924290
ACC5206976,CUST003878,BR019,Buisness,Open,10-02-2002,,2314.3,USD,1.2871,1000,12,540528459147
ACC9307374,CUST004246,BR042,Money Market,Inactive,"June 10, 2000",,5482.98,USD ,3.8365,,12,114545097374
ACC6102198,CUST001200,BR027,svgs,closed,03/12/2011,,916.65,GBP,2.1834,1000,15,374788024812
ACC9559977,CUST003442,BR046,Savings,open,18-12-2012,,1854.91,USD ,3.5368,100,0,800593853569
ACC8046541,CUST003320,BR034,Savings,CLOSED,2000-01-19,,4022.98,USD ,4.8297,,0,919156368762
ACC5920198,CUST002237,BR013,Checking,closed,"January 13, 2008",14-07-22,73.3,US Dollar,2.7603,500,15,699803468416
ACC8463071,CUST001878,BR050,CHECKING,N/A,"March 07, 2022",12/01/2023,5127.18,usd,1.3478,250,15,225129549045
ACC7256219,CUST003649,BR016,Buisness,CLOSED,21-03-19,,7220.24,EUR,0.892,1000,15,904727467443
ACC5053397,CUST000132,BR028,BUSINESS,Inactive,99/99/9999,,2037.58,$,0.884,100,10,253304002816
ACC6283805,CUST001609,BR029,money mkt,ACTIVE,02-06-03,,2376.41,EUR,4.0316,1000,0,299875996097
ACC7404929,CUST004691,BR040,Money Market,N/A,2018-10-17,,7622.82,USD ,2.679,0,10,371092456388
ACC8982620,CUST002378,BR003,savings,Open,NULL,,5978.27,$,4.9838,500,25,561512732087
ACC2953870,CUST000859,BR014,Savings,open,,,,USD ,1.7428,,25,981541583101
ACC5352242,CUST002573,BR043,Savings,Closed,2020-06-18,,1566.11,$,5.0256,0,12,346905113528
ACC3723565,CUST004400,BR022,Biz,Open,"March 24, 2018",,4543.74,USD,,100,25,198738726208
ACC2913034,CUST003305,BR022,Money Market,active,,,3313.1,GBP,3.2588,USD 250.00,5,332376958740
ACC8270914,CUST002146,BR002,Biz,ACTIVE,04-04-22,,708.04,,2.6924,100000,10,385789406418
ACC1558387,CUST001481,BR024,check,Inactive,2005-03-13,,1483.85,GBP,2.8349,0,10,685506683224
ACC6238061,CUST002774,BR015,Checking,Suspended,2010-04-26,,9209.67,GBP,5.1739,250,25,955646932434
ACC4481180,CUST004811,BR015,Checking,closed,"October 20, 2007",,4661.25,USD,1.5464,,5,316621009386
ACC8299063,CUST001059,BR045,Money Market,Open,08/14/2023,,"17067,46",GBP,4.1502,250,5,961398617931
ACC1100400,CUST001817,BR049,MoneyMarket,active,08-07-09,2010-07-29,5827.08,USD,3.4406,0,15,271931905608
ACC5248464,CUST002606,BR028,MONEY MARKET,active,22/10/2007,,,$,,USD 0.00,12,358236432966
ACC8454822,CUST004911,BR017,Checkng,open,04-09-2010,,974.35,EUR,2.1317,100,5,211921933268
ACC7977182,CUST002683,BR048,Savings,CLOSED,99/99/9999,,5904.61,$,5.3132,1000,10,475992858351
ACC9052654,CUST001304,BR006,Savngs,Open,10/02/2006,,81.7,usd,3.4196,$250.00,5,413530100649
ACC1436256,CUST001121,BR037,Checking,Closed,16-03-16,,4443.87,USD ,2.8871,0,15,462191098124
ACC9279005,CUST002805,BR029,Business,Active,17/11/2016,,USD 2534.10,US Dollar,3.4984,500,25,354255677527
ACC1551708,CUST001595,BR050,MONEY MARKET,Suspended,00-09-04,26-12-2022,1703.24,US Dollar,1.4396,500,12,314239739192
ACC7790240,CUST001171,BR018,Savings,Active,27-03-2022,,7933.74,US Dollar,5.1663,100,0,698616184612
ACC3120085,CUST001911,BR029,Saving Acct,Inactive,03/01/2007,,7703.94,usd,3.0326,250,5,569945115462
ACC2435492,CUST002592,BR016,Checking,active,23/07/2007,2009-10-31,90.22,,1.7044,,10,233603940476
ACC6407020,CUST003872,BR039,svgs,Closed,20-05-02,,3761.36,US Dollar,5.3121,100,5,595588437059
ACC8977849,CUST003819,BR042,Business,ACTIVE,99/99/9999,07/15/2021,,$,0.1032,1000,5,938891813005
ACC6801579,CUST002323,BR027,Business,Open,12-11-17,06/15/2013,2149.1,EUR,2.5292,500,25,449760233999
ACC2093260,CUST000279,BR018,chk,Open,99/99/9999,10/11/2001,7136.14,EUR,4.5318,100,5,612927234246
ACC2432324,CUST003070,BR048,BUS,active,18/02/2002,,1483.33,usd,0.8047,500,12,232693294575
ACC6784069,CUST003170,BR024,checking,Suspended,,,11462.24,$,3.4667,,25,606381675708
ACC2186144,CUST003125,BR042,chk,N/A,05-12-07,04/04/2016,79202.0,$,1.5989,100,15,427070532676
ACC6228055,,BR037,Business,ACTIVE,07-09-28,,4347.4,USD ,0.0343,100,5,557719021871
ACC1478007,CUST001832,BR017,Checking,Inactive,03-10-29,,4460.25,US Dollar,4.6937,,0,104120090554
ACC7754019,CUST000360,BR046,Savings,Inactive,27-04-2019,,1162.45,USD,1.592,1000,5,565741649536
ACC7434478,CUST002765,BR020,savings,ACTIVE,"April 26, 2010",01/08/2016,1570.69,USD,2.1989,1000,5,650476799585
ACC5477729,CUST004058,BR016,Checking,closed,01/31/2018,,7202.36,USD,0.3609,250,15,534469418253
ACC3963613,CUST000504,BR050,Business,Suspended,18/08/2013,,5738.67,USD,1.7364,"$1,000.00",5,980546772290
ACC8805185,CUST003264,BR027,Checking,Suspended,02/06/2007,,1596.52,US Dollar,1.0835,100,25,938548620048
ACC4862384,CUST002386,BR035,Savings,active,2020-03-26,08-03-2021,3053.91,GBP,0.6168,250,5,898640442651
ACC5822157,CUST004404,BR025,Savings,Open,08/11/2010,,USD 254.66,USD ,2.1373,100,10,968853797612
ACC5022832,CUST003295,,Checking,Open,28/04/2007,,936.54,usd,2.6758,500,15,103835037807
ACC6586284,,BR019,SAVINGS,N/A,20-08-22,,2660.73,usd,3.9562,1000,5,499036067829
ACC4411237,CUST001939,BR039,Savings,active,03/19/2016,,359.58,usd,1.6974,100,15,026889000645
ACC9500619,CUST003308,BR050,Chequing,CLOSED,17-06-15,,7414.51,USD,4.8849,1000,0,389125279576
ACC2929179,CUST002541,BR014,CHECKING,Open,10/14/2007,,5063.48,,2.7208,500,0,567476285086
ACC8188491,CUST000567,BR036,sav,Closed,22-10-29,,11503.53,USD,2.233,1000,10,412995905465
ACC8151739,CUST001866,BR030,Money Market,open,"August 09, 2012",,4729.72,EUR,1.3891,250,15,049056408477
ACC5790982,CUST001137,BR017,business,Active,2012-02-03,,11280.49,USD,3.875,500,25,430449438114
ACC6012400,CUST000408,BR019,Biz,Active,2023-11-12,,3234.34,USD,2.3513,1000,12,284543576829
ACC1589826,CUST003527,BR016,Money Market,CLOSED,"September 16, 2005",03/25/2015,3667.35,usd,2.6926,1000,25,793451961331
ACC5177026,CUST004412,BR014,Biz,CLOSED,29/08/2002,,15084.01,GBP,1.9391,,5,618150263871
ACC3119695,CUST003309,BR031,money market,Suspended,31/10/2002,,4110.33,,2.3285,,5,436041236685
ACC3536932,CUST000064,BR026,Money Market,closed,"November 04, 2000",,125.08,USD,2.104,100,10,086110255575
ACC2935804,CUST004282,BR016,Savings,Suspended,12-01-2012,,5146.56,usd,1.2667,250,5,426436858095
ACC8003019,CUST004657,BR014,money market,closed,09-12-05,,9435.3,US Dollar,1.4161,0,0,881391394008
ACC9762358,CUST001403,BR034,Savings,CLOSED,99/99/9999,,6350.32,US Dollar,1.5472,100,15,285885656607
ACC3103725,CUST000294,BR024,Checking,active,11/10/2013,,3506.68,USD ,1.8016,,0,028925442133
ACC2567016,CUST001941,BR041,Business,closed,"March 11, 2019","June 20, 2021",4450.48,USD ,3.0844,250,0,776641034163
ACC9235009,CUST002939,BR001,Business,Closed,06/17/2012,"September 14, 2017",18498.14,US Dollar,1.6455,,0,378062590132
ACC1767317,CUST001214,BR031,Savings,Closed,2016-09-19,,380.15,USD ,4.4539,250,10,331977515258
ACC8755227,CUST004161,BR010,Checking,N/A,14-09-2011,,4401.39,GBP,3.772,500,12,291670580371
ACC9535711,CUST003668,BR042,SAV,closed,28-04-2004,,1332.94,GBP,1.617,0,10,219913699962
ACC3951710,CUST004217,BR007,Business,Frozen,02/08/2017,,4087.61,$,,500,10,499042988805
ACC7677389,CUST001939,BR002,Checking,ACTIVE,20-09-2020,05/15/2022,3742.13,GBP,0.2395,1000,10,855369857196
ACC6385999,CUST002776,BR038,Money Market,ACTIVE,25/08/2023,,666.38,EUR,3.1645,500,0,226719173391
ACC9358170,CUST002969,BR001,checking,open,12-10-2000,,926.45,,1.4317,500,10,561101965089
ACC1031510,CUST002951,BR038,MONEY MARKET,active,30-01-2000,11-03-27,3887.53,USD,1.1516,0,25,917262414489
ACC6173562,CUST004327,BR049,Checking,closed,2021-12-30,,548.92,US Dollar,3.0509,,10,346860160098
ACC9698717,CUST002869,BR046,MoneyMarket,Inactive,2012-11-23,,1232.52,,0.3353,250,0,272546131087
ACC5458773,CUST000216,BR033,business,active,,17/06/2013,"$7,213.20",$,0.4544,10000,5,180670749025
ACC9883221,CUST004903,BR046,Checkng,Frozen,99/99/9999,06-05-2020,1584.58,USD,2.3751,500,15,178715616344
ACC2849666,CUST000135,BR024,BUSINESS,Inactive,23-05-04,,2678.19,EUR,5.4447,250,0,600284761247
ACC8244904,CUST003159,BR034,Savings,closed,99/99/9999,25-11-2021,11330.4,usd,1.0363,100,25,535840591170
ACC1244949,CUST004192,BR018,Chequing,open,17-11-2014,,1030.68,GBP,2.9408,100,12,539515411809
ACC3638590,CUST000476,BR033,Money Mkt,Frozen,20-12-21,03/17/2023,1974.73,EUR,1.1147,500,5,500447462562
ACC7363374,CUST002346,BR047,Money Market,closed,16/03/2000,,3730.27,GBP,,0,25,603162448705
ACC4772704,CUST004686,BR013,check,Closed,"November 02, 2017",,5631.53,usd,0.6306,0,15,371134120231
ACC7717126,CUST003159,BR031,Business,active,07-11-12,,9277.03,USD,4.612,0,12,968593775253
ACC9371291,CUST002241,BR038,Business,active,27-07-2006,,9882.74,USD,1.7704,250,25,660855829996
ACC8621566,CUST004807,BR045,Business,open,23-07-2000,,5995.88,GBP,2.2888,,15,720322116369
ACC7678317,CUST003332,BR032,Business,ACTIVE,2006-05-19,,1036.8,US Dollar,3.6872,100,12,984925815411
ACC1234973,CUST003405,BR048,Business,Open,18-03-12,,$100.49,EUR,1.4473,0,0,988198048856
ACC7064592,CUST002012,BR029,Money Market,Open,99/99/9999,,,,4.1677,1000,15,275289288556
ACC8659498,CUST003831,BR002,money market,ACTIVE,99/99/9999,,610.5,usd,5.2556,1000,10,694700485630
ACC3685937,CUST000757,BR039,Checking,closed,01/12/2003,2012-04-07,,$,4.7872,100,12,403284841596
ACC7080232,CUST003418,BR010,money mkt,active,10/26/2018,,4328.56,EUR,,USD 1000.00,5,788964527166
ACC8996542,CUST000809,BR009,check,Inactive,17-06-24,20-10-19,179.87,usd,1.642,,5,207511421076
ACC2727318,CUST001886,BR002,business,Suspended,08/24/2012,,7246.06,USD ,1.3934,,5,763494220497
ACC9317818,CUST001628,BR043,Business,Suspended,"September 09, 2023",,1144.03,USD ,2.8314,0,10,238617939736
ACC1217646,CUST002218,BR018,Business,Inactive,"January 04, 2002",11/28/2014,2264.13,US Dollar,3.7249,250,0,764710540939
ACC8652794,CUST000526,BR024,Money Market,Inactive,"November 22, 2005",,4409.68,USD,0.8357,100,10,715231164552
ACC2044014,CUST003147,BR008,Business,Suspended,16-03-2005,,2244.4,usd,,1000,0,884922964001
ACC8440163,CUST002351,BR030,checking,Active,99/99/9999,,2328.48,USD,2.8078,,12,144765080930
ACC6037052,CUST003941,BR050,Current Acct,Frozen,11-09-2004,"March 11, 2017",271.52,USD ,1.4045,250,12,709639529077
ACC9388624,CUST004140,BR034,Checking,Inactive,"January 06, 2011",,2052.94,usd,,$0.00,25,791152553512
ACC7186471,CUST002592,BR023,Savings,active,12/24/2000,,,usd,2.6343,100,12,072964720364
ACC9320798,CUST002772,BR050,CHECKING,CLOSED,"May 05, 2015",,"9868,72",$,3.9772,100,5,414486339491
ACC1057179,CUST001333,,Checking,active,2023-05-01,,2134.31,USD ,2.8979,$0.00,10,609606650769
ACC4495019,CUST002487,BR026,savings,Frozen,12/08/2018,2023-09-25,2203.72,GBP,0.0528,,0,620484418635
ACC8996309,CUST001064,,Checking,Open,01/09/2019,,4851.07,$,1.6111,100,25,867837191658
ACC3400281,CUST004150,BR021,Current Acct,closed,"September 21, 2012",,11442.85,USD ,2.8789,,0,902474593198
ACC9223546,CUST002056,BR028,Savngs,Closed,01/24/2008,22-02-2011,1242.77,USD,2.4105,0,10,538209662000
ACC7954716,CUST000200,BR006,SAVINGS,Open,26-01-2008,,,EUR,3.6902,0,12,860781927608
ACC4447672,CUST004677,BR035,money market,Frozen,01-11-2022,,6358.02,USD,2.2641,,0,919337407798
ACC3269609,CUST000197,BR010,Business,Suspended,26-08-2008,,3763.29,usd,1.8544,500,10,625477514564
ACC9330931,CUST002486,BR028,MONEY MARKET,N/A,2009-04-14,25-03-2010,"468,77",USD,1.6432,500,0,310669299954
ACC6982760,,BR038,Money Market,ACTIVE,2020-05-28,,3952.57,USD,3.3968,$0.00,12,135661449496
ACC6915572,CUST001809,BR024,MM,Open,08/27/2006,,826.85,,4.0876,100,25,701062908494
ACC8473388,CUST001387,BR019,Money Market,N/A,09-03-27,,2855.16,USD,1.4224,,25,459117669471
ACC2181932,CUST000720,BR041,money market,Closed,2021-10-05,,3012.47,EUR,0.1137,100,10,368865344599
ACC3202668,CUST001525,BR004,Buisness,Closed,"September 22, 2007",,8356.46,US Dollar,3.1593,500,5,555962998324
ACC1237801,CUST004173,BR008,Checking,Suspended,"April 21, 2016",,2483.26,GBP,0.8739,250,5,628015532428
ACC2058524,CUST002420,BR037,svgs,Inactive,08/02/2022,,1310.92,,2.9989,250,15,018274538886
ACC1501299,CUST002430,BR022,Checking,Inactive,08-09-05,,1050.48,$,4.4275,500,5,179628287014
ACC9504844,CUST003295,BR020,Checking,Active,07-08-2014,,8293.9,EUR,3.2465,100,12,426840858859
ACC5842008,CUST002769,BR008,MONEY MARKET,N/A,03-05-23,,750.19,USD ,2.5378,500,0,965687022753
ACC2011485,CUST004990,BR021,Current Acct,Closed,11/01/2015,,2219.59,US Dollar,0.4951,$250.00,15,821654029449
ACC3579828,CUST002787,BR028,Money Market,active,2023-06-27,,$828.95,GBP,,100,12,724011356327
ACC8711014,CUST002711,BR003,Money Market,active,"July 22, 2017",,5936.58,GBP,5.0622,100,10,237162743023
ACC8157957,CUST004033,BR015,Money Market,Suspended,02/09/2011,,,USD,0.2084,,10,881988360268
ACC8249916,CUST004668,BR024,Savings,Active,2009-11-26,,1730.18,,1.9631,100,25,788873825783
ACC1095436,CUST003158,BR011,MM,Active,18/09/2020,,1792.03,EUR,4.0183,1000,0,349611497547
ACC5993520,CUST001628,BR050,Business,N/A,"June 08, 2019",,7647.97,GBP,4.7716,250,25,161239286632
ACC2632664,CUST001732,BR040,Chequing,open,05-11-2013,,3227.72,usd,2.0944,250,0,982130779479
ACC2181610,CUST001182,BR007,Money Market,N/A,10/12/2018,,5061.52,USD ,3.7647,0,0,018695603873
ACC7751518,CUST003419,BR038,Money Market,ACTIVE,2011-12-03,,9093.6,GBP,,1000,15,636021533921
ACC7586214,CUST003247,BR044,Checking,closed,11/02/2015,,9280.62,USD,5.1228,0,5,437218776315
ACC8640412,CUST003364,BR009,Money Market,open,10-01-2001,23/01/2021,"$1,593.02",,5.4898,0,10,275924586481
ACC3239221,CUST004300,BR040,Business,Open,"February 06, 2019",,12184.0,US Dollar,0.3823,250,0,443877790568
ACC6809353,CUST001961,BR048,BUSINESS,ACTIVE,"April 17, 2019",,100.76,US Dollar,1.5457,500,25,910494084058
ACC2497671,CUST004292,,business acct,Closed,08/16/2017,,1891.78,usd,4.2209,250,12,470573324916
ACC9671484,CUST002722,BR021,Checking,Open,NULL,01/14/2015,9045.73,$,3.2661,250,5,418271531690
ACC2135670,CUST003025,BR008,Savings,Inactive,01/10/2014,,1284.33,GBP,5.0305,100,12,307443555651
ACC5155295,CUST001011,BR028,Business,Open,12-01-2002,,1275.76,$,3.2636,1000,10,346662539405
ACC6393576,CUST002701,BR043,Saving Acct,CLOSED,10/05/2005,,1441.71,US Dollar,4.1491,100,25,458027464002
ACC6642547,CUST001709,,Checking,Active,2013-02-16,,3790.23,$,3.8229,50000,25,378205515231
ACC8467860,CUST000010,BR004,money mkt,Suspended,"June 01, 2000",2013-07-05,2307.38,$,4.2307,500,15,813570232313
ACC9015058,CUST004529,BR040,business acct,CLOSED,"October 02, 2013",,"$5,189.25",,0.8252,USD 100.00,5,432605668041
ACC3710486,,BR011,Savings,Active,28-10-2013,,9011.78,usd,2.2002,500,25,338036638097
ACC9763413,CUST004273,BR031,Money Market,N/A,02/16/2009,,4485.88,GBP,4.9625,500,10,969507077143
ACC3485232,CUST000673,BR002,Chequing,Closed,2017-07-21,"September 11, 2020",914.97,USD ,1.4775,,25,176335045518
ACC9111581,CUST000162,BR018,Checking,Closed,11/23/2000,,10793.3,GBP,1.6108,,25,694591539082
ACC8927452,CUST000874,BR039,SAVINGS,Frozen,,,1228.78,,3.9457,1000,12,965131042062
ACC5615191,CUST002779,BR006,Money Market,Suspended,26/01/2020,,649.58,,3.2242,,5,425405278647
ACC5481736,CUST000506,BR042,Checking,ACTIVE,20/06/2014,20-03-31,377.1,$,0.1008,500,5,635906766680
ACC4086965,CUST000936,BR007,Checking,Frozen,2006-05-17,,"3314,8",US Dollar,4.9316,250,5,100761905032
ACC7619627,CUST003009,BR026,Money Market,Active,09/10/2002,,483.08,US Dollar,0.6391,0,0,541198260568
ACC8760286,CUST002350,BR031,Money Market,CLOSED,24/12/2004,,597.6,,1.8942,250,12,860597726736
ACC4669221,CUST000258,BR019,Savings,Closed,"August 28, 2008",,1426.87,US Dollar,2.3691,250,5,829186619069
ACC9865090,CUST002869,,Savings,ACTIVE,2014-09-20,,1323.21,USD,2.4544,250,10,912168226336
ACC1929806,CUST002210,BR023,Checking,Active,04/04/2022,,3707.78,USD,0.8649,,0,450734257377
ACC9143473,CUST000416,BR005,Business,Closed,"August 22, 2000",,6787.51,$,2.1322,1000,0,313459838260
ACC3479977,CUST000994,BR040,Savings,Inactive,16-06-2022,,5731.02,GBP,3.4785,500,10,474820467504
ACC9192857,CUST003080,BR037,Savings,Closed,2008-06-29,,1217.87,USD,4.3758,,15,360060310591
ACC3049373,CUST002103,BR045,Savings,open,22/04/2003,2014-11-19,1125.8,USD ,3.2291,USD 0.00,15,331882178430
ACC6758384,CUST000076,BR023,Business,CLOSED,"July 10, 2008",,13501.13,USD,3.9241,1000,25,677338239439
ACC9996852,CUST004283,BR017,Money Market,N/A,2000-12-10,,33.08,US Dollar,3.6936,0,25,744813110317
ACC4218357,CUST002631,BR028,Savings,Closed,24/01/2023,,,USD,4.5323,,12,104870742641
ACC6305255,CUST002438,BR011,Money Market,Suspended,,,891.22,GBP,3.053,250,12,306543846276
ACC8703521,CUST002615,,Checking,Closed,03-06-02,,11771.37,$,5.0792,250,5,092471308135
ACC7373143,CUST004188,BR041,SAV,N/A,"January 05, 2001",,1676.07,$,2.9111,500,12,139014092755
ACC5705750,CUST001976,BR033,Money Market,Frozen,01/06/2002,,2321.79,EUR,2.1031,100000,25,274022975888
ACC5731916,CUST004673,BR002,savings,Frozen,10-03-19,2018-07-11,4911.98,USD,3.6768,,10,402621344622
ACC1593893,CUST004940,BR008,CHECKING,open,17-05-06,,3543.72,USD ,4.0055,500,0,295738293386
ACC8740861,,BR027,BUSINESS,CLOSED,16-01-27,,1530.55,usd,5.0733,500,0,334759799814
ACC9010127,CUST003949,BR004,Savings,Frozen,02/12/2022,,3228.23,,2.49,,15,298151481707
ACC8439306,CUST000231,BR020,Checking,Open,15-11-12,,5247.82,GBP,2.1146,500,10,423106873868
ACC5029427,CUST003288,BR003,Checking,N/A,99/99/9999,,173.03,USD,1.7825,$0.00,10,076315658807
ACC4310350,CUST004569,BR021,Money Market,Open,,,45.05,US Dollar,1.331,1000,12,430716932878
ACC2191090,CUST000160,BR027,Biz,ACTIVE,08/30/2017,,USD 2450.45,USD ,1.7305,100,0,201373841544
ACC8526087,CUST000763,BR033,Checking,ACTIVE,16-07-2014,,565.5,usd,2.3676,0,25,432804250169
ACC3243512,CUST001880,BR007,Savings,active,"April 29, 2016",NULL,4366.68,USD,3.7802,0,25,634191229108
ACC8322040,CUST001491,BR015,Money Market,open,08-08-03,,,US Dollar,3.3757,0,5,082862504775
ACC9596840,CUST003452,BR034,Checking,N/A,01-04-2009,,2268.53,US Dollar,0.2077,,0,034243455673
ACC7138075,CUST004258,BR012,chk,Closed,06-01-20,,880.95,usd,2.8121,500,12,610674988206
ACC9924858,CUST001298,BR006,Business,Inactive,"November 05, 2003",23/07/2011,3180.57,GBP,2.5644,0,5,788282887613
ACC9383389,CUST003370,BR029,Saving,Inactive,"December 12, 2023",,493.43,GBP,0.9609,0,0,786344510097
ACC7871690,CUST000762,BR022,Business,open,16-03-11,,93.51,EUR,3.238,100,12,564519184222
ACC9663978,CUST001099,BR030,Business,active,,,209.94,usd,2.0211,100,5,428883146458
ACC9204757,CUST001124,BR046,Savings,Suspended,17-08-08,,-12338.99,US Dollar,5.4909,$100.00,15,752490082067
ACC4137173,CUST004278,BR012,Money Market,closed,2003-04-27,,613.94,US Dollar,,100,25,146706907548
ACC5824024,CUST003940,BR033,MONEY MARKET,active,10/08/2004,,4930.56,USD ,0.6642,100,15,229926387950
ACC1228454,CUST003257,BR041,Savngs,active,2006-03-12,,281.37,$,3.8047,0,5,129527006049
ACC1245014,CUST002690,BR013,MONEY MARKET,Inactive,01/01/2014,,457.88,USD,4.6878,,15,173804450901
ACC4028006,CUST002680,BR020,MONEY MARKET,Frozen,"April 30, 2021",,2844.24,$,,100,0,979255594748
ACC9369141,CUST002450,BR031,Checking,N/A,10/23/2010,,2500.99,USD ,4.1682,1000,10,440082121484
ACC1021091,CUST000491,BR038,business acct,Frozen,12-10-26,,12111.39,EUR,3.9527,,10,635985155420
ACC1733213,CUST002282,BR044,Business,Suspended,05/03/2021,,11589.74,$,4.9266,,10,490536046367
ACC9448546,CUST000804,BR017,Savings,active,"December 11, 2007",,6049.4,$,3.7589,250,10,022310908664
ACC9897475,CUST002936,BR023,Money Market,N/A,"October 08, 2012",,3686.24,,5.0063,,10,597813593319
ACC6939446,CUST000209,BR014,Savings,Suspended,12/08/2016,,2427.59,GBP,2.9446,1000,5,837975117805
ACC9798131,CUST004698,BR027,Checking,active,08/03/2000,,1761.34,,1.9636,,0,135244611723
ACC6749663,CUST000854,BR028,Savings,Frozen,"May 16, 2020",,11756.47,USD ,0.7888,0,0,607199039821
ACC1723661,CUST000472,BR047,Checking,Inactive,03/14/2017,15/03/2017,3694.36,,1.5017,0,25,985944047452
ACC2368072,CUST003229,BR015,Savings,ACTIVE,03-08-09,20-03-2019,3461.18,usd,4.0185,100,5,869168946438
ACC4392924,CUST004344,BR006,money market,Closed,02/06/2001,,1055.35,EUR,1.9707,250,5,043075799958
ACC9871570,CUST003413,BR026,Savings,ACTIVE,04-11-2016,,191.29,GBP,,,12,581134806518
ACC6567383,CUST004542,BR033,Money Market,Open,23-03-27,,11615.43,US Dollar,0.0197,500,10,318191280111
ACC2263546,CUST004163,BR038,MM,Suspended,2000-01-07,,"$1,505.97",USD,2.1136,250,0,641554086269
ACC8533644,CUST004989,BR010,Checking,ACTIVE,04/26/2016,,"$2,337.81",,0.0605,,15,180320004679
ACC4563860,CUST001237,BR031,Money Market,closed,"March 16, 2022",,,USD,3.9949,0,15,492028670071
ACC2658764,CUST000841,BR005,Savings,open,"December 06, 2018",,7254.16,US Dollar,2.1709,500,0,435737368096
ACC8913578,CUST001498,BR026,Money Market,Open,"July 10, 2008",,112.08,USD ,4.9354,500,15,011457139115
ACC7190679,CUST000810,BR029,CHK,N/A,14-10-11,,"$7,182.85",USD ,0.4423,100,15,694641906627
ACC3199689,CUST001946,BR024,Money Market,Open,99/99/9999,,604.62,,3.7134,250,15,379151145855
ACC6549747,CUST000788,BR036,Buisness,open,08/18/2004,,8706.07,,4.7307,$500.00,5,197999878311
ACC6948237,CUST001643,BR004,Checking,open,07/02/2001,,5233.97,usd,3.2098,$100.00,12,580802910217
ACC4246501,CUST003342,BR005,Business,CLOSED,12/16/2016,,719.71,GBP,1.1153,100,0,927423634205
ACC8163685,CUST002405,BR008,Savings,active,19-07-23,06/29/2021,3337.17,USD ,2.2346,,15,961382907730
ACC4886013,CUST003370,BR006,Money Mkt,Frozen,09/12/2010,,1499.68,USD,5.3544,100,5,701240002723
ACC8744538,CUST000791,BR022,CHK,Active,"September 12, 2023",,785.19,GBP,3.4359,500,15,528554946673
ACC8198640,CUST000091,BR002,money market,active,NULL,,7841.15,USD ,2.9922,$0.00,5,219748612157
ACC7619922,CUST002209,BR030,Business,ACTIVE,05-04-18,,2066.86,EUR,,,15,001868987066
ACC3447413,CUST000051,BR012,money market,Active,20-06-03,,USD 2033.61,USD,,100,10,115042333642
ACC5839122,CUST004130,BR049,Checking,open,11/10/2017,,744.77,GBP,2.6857,$100.00,15,413891721825
ACC2771842,CUST003376,BR036,Checking,open,2003-09-07,,1931.97,USD ,2.8616,0,25,983736763312
ACC1352435,CUST000044,BR003,Money Market,N/A,24/08/2007,,8210.94,USD ,2.6881,500,5,536454472055
ACC2529203,CUST003089,BR022,Money Market,Closed,01/24/2009,,1804.75,,0.1847,250,15,480410182235
ACC2232757,CUST003561,BR023,Money Market,ACTIVE,11/01/2014,18-09-08,12113.32,USD ,3.5653,500,25,187841964390
ACC7395699,CUST004020,BR045,Savings,open,21/09/2014,,11698.03,,5.0344,250,25,841685297188
ACC7501348,CUST003181,BR049,Saving Acct,Active,04/06/2010,,626.14,,4.823,0,0,118316511354
ACC7153376,CUST001235,BR014,Checkng,closed,12/27/2009,,780.71,USD ,3.341,0,10,089207558349
ACC9634047,CUST001604,BR022,sav,N/A,01-01-24,NULL,7941.59,USD,3.5611,100,5,301897885922
ACC9335081,CUST004014,BR042,Checking,ACTIVE,"July 16, 2017",,"$1,995.33",usd,0.7498,250,15,340336267549
ACC3736219,CUST002833,BR012,Money Mkt,active,14/04/2010,,17.53,USD ,3.0772,100,0,316587799395
ACC9434419,CUST003580,BR018,Biz,active,02-09-2022,,1280.11,EUR,4.9643,500,12,360564702741
ACC2183092,CUST002573,,Savings,Open,02/09/2005,,3641.52,EUR,4.7626,USD 500.00,12,391026507844
ACC7790735,CUST003168,BR015,Business,Active,03-06-08,,6423.1,$,4.6844,250,10,527866287131
ACC9238726,CUST004191,BR027,money mkt,Frozen,2014-10-12,,572.66,EUR,0.1586,0,15,694320340514
ACC4075694,CUST000588,BR046,Money Market,Active,2014-08-24,,468.57,US Dollar,5.0851,,12,219967437603
ACC8652053,CUST000434,BR031,Saving Acct,Active,02/05/2013,,10208.94,$,2.9438,0,10,956859214475
ACC4180091,CUST001344,BR026,money mkt,Inactive,09/19/2016,NULL,5563.59,$,5.1931,0,15,255630196001
ACC3894518,CUST004272,BR037,money market,ACTIVE,08/06/2012,,3564.24,$,0.8413,100,10,197489379306
ACC6451465,CUST002562,BR007,MoneyMarket,Inactive,2012-02-04,,5864.59,$,4.0031,500,12,273566050845
ACC7083128,CUST001358,BR025,Checking,Open,"May 15, 2014",,2240.44,GBP,5.2858,500,15,894492917962
ACC6032090,CUST001306,BR035,Money Market,closed,02/02/2021,,5682.81,usd,0.8079,500,15,398485794702
ACC1791078,CUST002101,BR034,Checking,Closed,18-02-27,,1859.61,USD ,4.7213,250,0,053444145397
ACC6828608,CUST001189,BR024,Money Market,Open,08/07/2012,,1119.36,usd,0.3969,500,12,822326194570
ACC9818015,CUST004261,BR020,Business,Frozen,"April 26, 2009",,5222.74,,1.8495,1000,5,807144617080
ACC9216690,CUST000846,BR020,chk,Inactive,01/25/2002,,"$2,176.65",USD,3.167,500,5,821764951621
ACC3756405,CUST001452,BR039,Money Market,Closed,27/10/2016,,15933.45,EUR,4.6253,500,0,854598715881
ACC2425512,CUST000860,BR038,Savings,ACTIVE,24-10-2023,,USD 1719.96,USD ,0.2555,500,12,682908762290
ACC6471337,CUST002329,,Biz,N/A,10/01/2003,,10190.23,USD ,0.1648,250,5,506894965562
ACC7655558,CUST000143,BR034,Business,Closed,15/03/2001,,10810.02,GBP,3.9313,1000,15,585753807241
ACC1517295,CUST002314,BR037,checking,Active,21-03-02,,1107.51,EUR,,0,25,896019564818
ACC9511328,CUST001336,BR009,business,ACTIVE,06-06-2014,,6402.33,USD,5.2485,100,0,783250541242
ACC6042956,CUST002731,BR031,Saving Acct,Inactive,27-01-2006,,2270.11,US Dollar,4.4051,1000,0,142106312083
ACC8775662,CUST002446,BR028,CHK,N/A,28/12/2008,,9981.03,$,2.4612,500,15,744047178717
ACC5817032,CUST003947,BR004,Money Market,Frozen,28-08-2008,,2392.25,GBP,4.4908,1000,0,097090453752
ACC5556248,CUST002635,BR014,Money Market,ACTIVE,05/09/2016,,5455.06,USD,3.3908,250,10,753524417667
ACC3203829,CUST000116,BR033,money market,Active,08-06-19,,2516.69,,2.2253,1000,10,667148006294
ACC5816040,CUST002078,BR048,Checking,Suspended,2011-10-19,,1034.05,US Dollar,,0,10,572182487872
ACC2376364,CUST002020,,MONEY MARKET,Open,2006-04-26,,889.33,USD,5.4193,USD 250.00,10,330317986718
ACC9163436,CUST003924,BR012,Money Market,N/A,04/26/2017,,2216.54,$,3.6667,500,0,302678335387
ACC6275064,CUST004028,BR033,Saving Acct,Active,01-01-28,,5634.07,usd,1.3524,,5,681987759904
ACC7122048,CUST004019,BR016,Business,Open,"October 13, 2018",,3716.2,$,5.0129,250,5,887814310544
ACC5411028,CUST003709,BR041,Savings,Open,04/13/2022,,4667.08,USD,3.9581,250,15,855164346058
ACC7376491,CUST002866,BR034,checking,active,09/02/2006,,1326.96,US Dollar,4.9979,,5,118242230048
ACC7775128,CUST001485,BR040,Biz,N/A,15-01-17,,2626.76,US Dollar,4.3524,1000,12,947737793781
ACC5896694,CUST001134,BR047,Money Market,Closed,2013-02-09,,181.64,GBP,5.072,250,25,131283984464
ACC7478581,CUST003924,BR008,Checking,ACTIVE,2010-05-13,,6804.73,usd,4.5114,250,0,451774592613
ACC7616798,CUST003046,BR030,Business,CLOSED,"February 14, 2001",,18377.78,US Dollar,4.7977,0,10,622720891564
ACC8741787,CUST002701,BR029,Checking,Frozen,08/23/2020,,2089.43,USD ,3.4631,,25,629224225523
ACC2092359,CUST000481,BR028,business,CLOSED,2004-07-04,,"44,1",US Dollar,,1000,12,735048601302
ACC4002516,CUST002292,BR002,Money Mkt,Open,03-02-17,,744.32,$,4.1344,0,15,288776456565
ACC8851574,CUST003721,BR034,Savings,N/A,2015-01-27,,4228.27,GBP,2.5845,250,5,884955393814
ACC3314347,CUST003417,BR024,business acct,Inactive,16/09/2007,,"$3,787.82",USD ,2.2833,0,5,790015277321
ACC7167794,CUST003293,BR034,Checking,active,11/04/2004,,6202.12,US Dollar,4.2887,0,15,678143262626
ACC1409221,CUST001821,BR031,BUS,ACTIVE,24-07-2000,,1171.5,USD,0.7618,1000,25,653207923525
ACC9241658,CUST004866,BR044,Checking,open,2002-07-16,,5769.46,USD ,1.7716,USD 250.00,0,238912261872
ACC7427211,CUST002670,BR048,Checking,active,06/13/2011,,4658.8,USD ,4.6277,0,25,575522416487
ACC8931531,CUST000358,BR038,Money Market,active,03/08/2006,10-11-2009,1559.24,EUR,4.4456,500,0,791577291839
ACC3423986,CUST004273,BR045,Saving,Frozen,"August 15, 2000",,3154.13,US Dollar,2.9623,500,0,880345215915
ACC3041334,CUST000834,BR029,Money Market,Inactive,16-11-2021,,637.27,GBP,0.4305,250,0,849501335035
ACC7472341,CUST002782,BR010,Savings,Active,06-08-07,,2410.04,USD,5.3595,250,12,221657454113
ACC3228910,CUST002079,BR007,money mkt,CLOSED,"August 14, 2013",,8521.17,US Dollar,1.1649,1000,12,249584815797
ACC9755113,CUST002984,BR050,Savings,Suspended,14-12-06,,218713.0,usd,1.2656,500,12,815446716693
ACC2682538,CUST004324,BR017,check,closed,"April 29, 2003",21-08-2017,7319.51,GBP,,500,0,330185036330
ACC8389040,CUST001680,BR024,business,Suspended,21-10-27,,3568.87,USD,,0,12,341659347050
ACC5089566,CUST003335,BR026,Business,CLOSED,"March 24, 2010",,852.16,USD,3.4296,500,0,415922023782
ACC6314952,CUST001752,BR038,business,CLOSED,,,3480.55,EUR,3.0639,500,15,520938647325
ACC8621446,CUST001533,BR017,Buisness,ACTIVE,13-03-2006,,2820.74,USD,,0,0,180595272722
ACC8809426,CUST003717,BR003,Money Market,open,07/13/2017,,2034.25,,2.7938,0,10,207029876504
ACC5176138,CUST002201,BR017,Savings,N/A,12/01/2008,,509.65,GBP,3.9249,,10,365939587182
ACC6158288,CUST003156,BR036,CHECKING,closed,01/20/2012,,2156.27,EUR,2.6445,500,15,310337920723
ACC4008915,CUST003500,BR024,Biz,N/A,19-11-10,,302.18,usd,0.5657,250,12,178292233449
ACC1370831,CUST002041,BR040,Money Market,Suspended,17-01-2007,,,USD,3.4814,100,5,623417805760
ACC7153036,CUST004136,BR015,Biz,Inactive,01/18/2014,09/12/2022,2150.85,GBP,1.522,USD 500.00,5,756542549759
ACC8879499,CUST001845,BR009,Checking,Inactive,14/07/2003,19-09-03,1457.57,usd,2.2889,1000,12,821877516122
ACC5430916,CUST001912,BR040,Business,CLOSED,13-12-10,,10390.21,,3.7005,,12,696282568251
ACC2873018,CUST001298,BR018,BUS,closed,02-10-18,,1884.53,US Dollar,4.2138,100,0,075163638985
ACC6384614,CUST004369,,Money Market,Active,99/99/9999,,5672.93,US Dollar,3.0062,100,12,655774679395
ACC1743710,CUST002143,BR047,MONEY MARKET,Closed,"May 26, 2014",,3022.2,USD,4.3883,1000,0,379524669258
ACC2415447,CUST002669,BR019,Money Market,Closed,"January 23, 2023",,4870.74,USD,0.248,1000,25,296796343737
ACC1816977,CUST002717,BR046,Savings,Inactive,03/03/2017,,1205.05,usd,5.116,USD 250.00,0,900382425884
ACC9847709,CUST000115,BR008,Checking,active,00-02-24,11/12/2018,11382.7,EUR,0.0502,1000,15,100755935216
ACC9171325,CUST003141,BR022,Checking,open,10-08-21,,3020.84,USD,1.9206,100,15,754521427597
ACC7818639,CUST003349,BR004,Savings,Frozen,21-10-2022,,7119.1,$,,500,0,887670864044
ACC8034995,CUST000090,BR022,Money Market,Closed,"August 20, 2003",,1816.81,,2.7983,250,15,582480363597
ACC4257332,CUST004477,BR032,Checking,ACTIVE,10-10-15,17-12-23,,USD ,3.2101,,5,825615800182
ACC2496170,CUST001504,BR040,Checking,closed,"May 13, 2019",,4479.9,$,1.6858,1000,5,261491213630
ACC9301143,CUST002173,BR013,Checking,Suspended,"July 29, 2014",,31.16,usd,2.0866,0,15,569694060528
ACC3426729,CUST003960,BR049,BUSINESS,Inactive,"January 17, 2002",13-02-16,2579.66,,2.7285,0,10,018111031307
ACC3864889,CUST001752,BR024,Money Market,Active,03/27/2002,99/99/9999,$856.74,EUR,0.3048,500,25,090635488933
ACC3557071,CUST001595,BR005,Savings,Frozen,02/23/2011,11/15/2012,3948.74,$,4.9203,0,15,639830233911
ACC9589449,CUST003062,BR016,Money Market,open,07-01-2012,,,$,2.6003,,0,257130390059
ACC6061604,CUST002075,BR017,Biz,active,12/15/2000,,2497.49,usd,1.1124,,0,366357761150
ACC8980013,CUST001217,BR002,Saving Acct,Suspended,03/09/2011,,6803.98,EUR,4.2877,500,5,190175095563
ACC7756875,,BR028,Money Market,CLOSED,22-02-2017,,2835.35,EUR,3.9964,$100.00,25,929813232006
ACC7548494,CUST001745,BR021,Business,closed,07/14/2011,,2739.45,$,,1000,10,169369318923
ACC6988723,CUST001811,BR018,SAV,CLOSED,02/22/2018,12/17/2018,10661.31,USD,4.6893,500,10,631099046392
ACC6351830,CUST004434,BR039,Checking,Frozen,"July 15, 2014",,,USD,0.4574,0,5,389253911808
ACC6340731,CUST003628,,Saving,active,07-02-16,,6163.39,$,0.7724,0,5,850168201657
ACC5321523,CUST003611,BR008,Business,active,"January 12, 2017",,USD 1405.36,USD ,2.73,1000,12,108752833317
ACC5817296,CUST002293,BR005,Current Acct,N/A,04/05/2002,,3149.91,GBP,4.6861,500,12,477721136460
ACC5442004,CUST000064,BR018,Money Market,Frozen,11/16/2004,,101388.0,EUR,0.6707,250,12,198971250873
ACC1833828,CUST001457,BR036,Biz,ACTIVE,27-09-2023,,2347.35,EUR,3.6185,0,25,028215573113
ACC2497033,CUST004754,BR029,Savings,open,05/01/2017,,2648.25,EUR,0.9738,100,5,247718588952
ACC8078790,CUST003973,BR001,check,Frozen,17-04-23,,7126.6,US Dollar,1.8846,,15,480499040907
ACC7839931,CUST001293,BR002,Business,CLOSED,2006-01-08,2020-12-10,9054.55,US Dollar,0.8193,500,10,783855653370
ACC6840422,CUST003287,BR023,Business,Frozen,"August 11, 2011",,,,0.7476,,5,029410183327
ACC5544745,CUST000501,BR018,business acct,Open,12-02-2000,,71.45,usd,4.2689,,0,420777956721
ACC3560995,CUST001619,BR046,money mkt,N/A,27-10-2007,,7915.46,US Dollar,,0,12,149978401493
ACC6363815,CUST004135,BR049,MM,active,08/29/2023,"December 14, 2023",765.99,USD,3.824,1000,25,935874774723
ACC2862864,CUST004980,BR011,Money Market,Frozen,"January 18, 2011",,389020.0,USD,3.0612,500,12,069296119633
ACC6941928,CUST002405,BR005,Checking,closed,19/12/2004,,101.15,usd,1.6668,0,10,121716957356
ACC5837147,CUST002086,BR028,Checking,open,99/99/9999,,2040.01,GBP,1.6897,1000,10,509460948593
ACC2825201,CUST004290,BR006,Money Market,closed,NULL,,17063.47,EUR,5.4343,1000,5,220073262589
ACC3313177,CUST002108,BR004,Money Market,Closed,24-02-2008,,424.53,,0.7839,100,0,732259253338
ACC7816315,CUST001756,BR045,Savngs,Closed,11-11-13,,2204.46,EUR,2.7207,250,15,409417348319
ACC4276018,CUST002857,BR043,sav,Frozen,"May 10, 2002",,1467.77,EUR,0.5883,,12,555737596232
ACC4150997,CUST004650,BR022,Savings,CLOSED,2015-04-24,,USD 9419.23,GBP,,100,5,951121535002
ACC2399797,CUST003084,BR034,Savings,Inactive,2018-10-27,,8140.63,$,4.7591,250,0,529243500752
ACC5984196,CUST000374,BR045,checking,Inactive,"October 03, 2002",,1085.65,$,2.2338,0,0,217005513967
ACC3402228,CUST000145,BR045,MONEY MARKET,open,09-12-2008,,338.69,,0.1852,0,5,862011995686
ACC9369188,CUST001729,BR001,Savings,N/A,"April 09, 2017","April 27, 2023",3946.19,usd,0.8447,500,10,323835115160
ACC7801900,CUST004350,BR043,Chequing,CLOSED,01/10/2004,,1640.11,$,1.5321,$250.00,25,716358911872
ACC1130184,CUST002265,BR044,Savings,CLOSED,06/03/2022,,4460.0,US Dollar,2.0885,,5,992559908345
ACC4605877,CUST004233,BR022,Money Market,closed,"December 12, 2018",,130.59,USD ,3.1806,1000,10,632921215672
ACC4368357,CUST001005,BR005,SAVINGS,N/A,04/21/2013,,572.71,EUR,2.165,500,10,718441058446
ACC5592430,CUST004182,BR009,Chequing,closed,"July 31, 2021",06-05-2022,4638.19,US Dollar,2.0285,500,15,006732652443
ACC9314471,CUST004541,BR032,Savings,Active,,,954.91,EUR,1.1043,$100.00,12,966847926641
ACC2376748,CUST000647,BR036,Money Market,N/A,06-11-28,,7796.11,,2.7623,500,10,744689570141
ACC8353553,CUST001076,BR026,Business,Active,05/17/2011,,241.51,usd,5.4426,,15,241724582552
ACC9742721,CUST000062,BR020,Checkng,Frozen,10/06/2006,,"970,74",GBP,1.5699,,15,712655157043
ACC8145403,CUST001882,BR035,money mkt,Open,06-06-2018,,26173.14,USD ,,,15,273706307656
ACC4520402,CUST003442,BR020,BUSINESS,CLOSED,NULL,,,,3.666,1000,15,539988054386
ACC4854105,CUST002211,BR031,business,ACTIVE,2019-03-30,,4855.63,USD ,1.1475,500,0,211804960591
ACC4760051,CUST004913,BR026,Savngs,closed,10-09-2021,,806.82,USD,3.0278,500,0,827029985031
ACC7368914,CUST004863,BR003,money mkt,ACTIVE,"April 12, 2013",18/04/2019,3765.09,$,2.2938,,12,442710278189
ACC6430651,CUST004616,BR050,Business,Inactive,23/08/2009,,5180.06,GBP,1.8793,0,15,646875664495
ACC4105132,CUST003711,BR021,MONEY MARKET,Closed,01/07/2004,,1510.29,,1.6925,0,25,021510035820
ACC6328285,,BR017,svgs,Suspended,01/15/2001,,7061.96,US Dollar,2.131,100,5,414412510439
ACC3328424,CUST000344,BR016,Chequing,closed,11-10-2005,04/20/2012,3699.49,$,5.1548,$500.00,10,833364710196
ACC4569375,CUST004371,BR005,Money Market,CLOSED,27-12-2009,21/01/2018,"1971,44",,4.4763,500,12,248475573741
ACC2225247,CUST004509,BR017,SAVINGS,Inactive,19-06-2013,,3262.55,,5.1416,100,15,414933868006
ACC4248079,CUST002980,BR006,business,closed,01/18/2008,,3439.27,USD,3.8516,,10,025136711765
ACC6571981,CUST002157,BR002,Savings,CLOSED,07-04-15,,723.86,GBP,3.1252,100,10,702977673393
ACC4353094,CUST004052,BR042,MONEY MARKET,Closed,"November 30, 2005",,2061.56,US Dollar,,0,10,651033358197
ACC5011838,CUST003259,BR015,Business,active,12-10-02,,,$,0.428,,12,380677641852
ACC3821494,CUST003687,BR036,Buisness,Suspended,11/02/2015,,2049.33,,3.2351,250,0,023238443469
ACC7349207,CUST002345,BR003,checking,active,05-04-05,,5727.02,USD,4.6209,1000,15,243072586705
ACC4344986,CUST004681,BR042,Business,ACTIVE,13-02-18,,2635.28,USD ,1.2681,500,12,726211985958
ACC9564137,CUST000146,BR003,money market,ACTIVE,09/25/2015,,11274.78,EUR,4.9983,1000,0,633864786624
ACC1027599,CUST000125,BR045,money market,Frozen,01-12-2016,,1390.73,USD ,5.1,100,0,931459437024
ACC2936989,CUST000950,BR032,Savings,Suspended,2018-08-06,,2149.39,USD,0.4196,250,10,669358827336
ACC4458209,CUST000871,BR049,Biz,Active,"January 18, 2014",,6185.04,USD ,5.1347,100,10,127519864252
ACC5050946,CUST001839,BR034,Checking,Frozen,23/05/2017,"March 01, 2022",3158.85,USD ,3.0326,100,10,652096040569
ACC6840005,CUST004395,BR019,Business,Suspended,"February 14, 2017",,3167.7,USD ,4.6675,250,15,701089284661
ACC1921999,CUST002008,BR007,CHK,N/A,2002-03-19,2019-10-23,219.26,$,3.2903,250,10,413190449749
ACC6708976,CUST001771,,Money Market,closed,04-01-27,,"$2,033.98",GBP,3.2901,100,15,976782065232
ACC1934382,CUST000844,BR048,Chequing,N/A,20/07/2023,,1262.87,GBP,0.9066,500,15,156901633548
ACC2361770,CUST003990,BR010,Savings,closed,2013-08-28,,29263.63,USD ,1.476,1000,5,055339251234
ACC6063330,CUST000149,BR025,BUSINESS,CLOSED,03/12/2014,,1474.73,,2.1578,0,15,818713185305
ACC7838083,CUST002220,BR003,Business,open,"September 07, 2021",,8633.82,EUR,2.5234,,15,694267262766
ACC8783615,CUST000816,BR017,money market,ACTIVE,"March 05, 2017",,4510.93,usd,0.107,250,25,289187571462
ACC4121859,CUST000746,BR033,Business,Suspended,20-03-14,,1667.62,$,3.0621,0,25,216098229799
ACC7444264,CUST003181,BR030,Saving,Suspended,05/29/2011,,"3136,97",EUR,2.196,250,10,498702743676
ACC5564076,CUST001527,BR050,Checking,CLOSED,23-05-30,,"$7,343.75",EUR,4.0285,100,0,895112725196
ACC4865003,CUST002636,BR001,Money Market,open,11/09/2009,,8594.94,$,3.7891,100,0,799685371951
ACC7991361,CUST003531,BR048,Biz,closed,2008-02-13,,699.29,GBP,0.8962,100,0,429391061398
ACC7388341,CUST004086,BR032,Checking,CLOSED,02/25/2012,,1659.48,USD ,,1000,15,034813760055
ACC2230248,CUST000790,BR036,Money Market,Closed,"October 16, 2012",,1633.22,USD,,500,5,871534122250
ACC7021889,CUST004257,BR012,Savings,closed,18-11-12,2023-05-29,171.82,,2.7535,USD 100.00,10,485581810254
ACC7572856,CUST003001,BR050,Checking,CLOSED,"February 05, 2005",,3647.58,EUR,4.6522,100,10,791510661158
ACC5034279,CUST000944,BR028,Money Market,Active,"March 21, 2009",,7719.13,$,0.221,500,25,490918008612
ACC6268679,CUST001988,BR016,Biz,Frozen,11-06-26,,1922.31,EUR,0.0173,0,10,846171306465
ACC8721607,CUST002382,BR013,svgs,Active,05/31/2007,,"-5388,85",,2.6884,0,12,011022455107
ACC5171972,CUST000414,BR018,Savings,open,11-11-2021,,3952.23,,0.4754,0,0,355409413508
ACC7154482,CUST000018,BR049,Money Mkt,open,"October 18, 2019",,"1884,17",EUR,3.5599,100,12,423436046247
ACC2001416,CUST003744,BR045,Business,Open,99/99/9999,,,USD ,2.1125,1000,25,250855454466
ACC2253798,CUST001037,BR004,money mkt,active,02/04/2000,,4942.18,USD,4.6391,,12,133510917649
ACC4766824,CUST001899,,Checking,active,11/22/2006,,7712.11,US Dollar,2.6164,500,15,128605540619
ACC9948264,CUST000504,BR034,Savings,Suspended,01/20/2014,,4631.6,$,0.7999,0,12,872066536161
ACC6843425,CUST002817,BR021,Checking,active,17-09-2022,,,US Dollar,1.6226,0,12,528482685153
ACC1270178,CUST001918,BR030,svgs,CLOSED,15/11/2020,,974.57,GBP,3.3527,500,0,527551481627
ACC5877687,CUST004431,BR003,savings,Frozen,05/30/2021,,$288.05,usd,5.2036,$0.00,12,757553867408
ACC7721930,,BR024,Money Market,active,07/03/2020,,,US Dollar,1.6619,1000,0,668947529432
ACC5200232,CUST001521,BR034,checking,N/A,"December 13, 2014",,5650.19,$,3.5217,250,0,398817280504
ACC1382132,CUST004701,BR002,CHECKING,Active,23-05-2001,,468.74,EUR,3.5939,250,15,122776477077
ACC9138851,CUST003621,BR045,MONEY MARKET,ACTIVE,"June 20, 2017",,7288.99,EUR,5.242,1000,15,156702856171
ACC2245365,CUST003562,BR016,Chequing,Frozen,99/99/9999,,3243.3,USD,0.445,100,0,412550780134
ACC2310100,CUST001413,BR010,Savings,Open,12-03-15,07/27/2023,4684.33,EUR,3.4188,250,12,024536235716
ACC1133132,CUST004954,BR024,Checking,Frozen,2000-02-27,,14217.65,USD,,1000,12,189195136442
ACC3181053,CUST000870,BR014,CHECKING,N/A,17/01/2004,23-12-2020,349.56,USD ,3.8998,,5,088715948535
ACC6610325,CUST004494,BR019,Checkng,closed,2020-05-09,,9259.6,$,0.9153,500,5,310703569034
ACC4779438,CUST001031,BR007,Money Market,CLOSED,"December 06, 2007",,539.17,usd,2.8088,1000,0,444128647375
ACC1466205,CUST000501,BR019,Business,N/A,99/99/9999,,,usd,4.4693,1000,25,990751205175
ACC3149990,CUST001468,BR048,Business,closed,20/09/2009,,7627.03,USD,0.2609,,12,766666371830
ACC9114965,CUST003829,BR007,money mkt,Open,08-08-15,,9468.68,EUR,4.2925,100,25,615722404396
ACC9117488,CUST001600,BR022,Checking,active,26/08/2021,,2823.89,USD ,0.1669,100,0,047249598606
ACC9685865,CUST001444,BR040,Money Market,open,"April 12, 2001",,3606.64,US Dollar,0.7376,250,5,692860411291
ACC6469099,CUST003747,BR043,Saving,Active,2008-07-05,,,$,3.1495,,15,035024100840
ACC8629032,CUST001648,BR024,Checking,active,01-12-2020,,7153.27,$,2.5221,500,12,970310363479
ACC2384750,CUST003713,BR008,Money Market,Closed,06-07-24,2019-03-02,518.21,,4.0896,USD 250.00,15,360927352149
ACC7204867,CUST002727,BR049,Checking,ACTIVE,07-02-2009,,6644.38,USD ,2.1841,500,12,383739843818
ACC5203568,CUST002772,BR044,Business,Suspended,"February 17, 2002",,,$,4.0446,100,12,422772869695
ACC1707539,CUST004786,BR050,Money Market,Active,24/02/2019,,2395.88,USD ,1.7056,1000,12,224833589747
ACC6585314,CUST004926,BR003,business acct,Active,01-12-2012,,2205.89,US Dollar,1.4303,250,5,514080818806
ACC1472262,CUST001845,BR042,Buisness,closed,04/23/2011,,2846.97,EUR,1.7291,100,25,533423769256
ACC4423941,CUST000828,BR046,Savings,open,02/27/2007,,11605.37,USD ,2.2196,100,5,199282004547
ACC9351447,CUST002560,BR038,business acct,Closed,03/15/2004,,3178.1,,1.8236,,5,092216525767
ACC5608892,CUST002912,BR035,Savings,Suspended,09/04/2000,,12245.57,USD ,4.3207,500,5,738070008149
ACC7711201,CUST004524,BR029,Chequing,closed,NULL,,795.22,,0.4328,0,0,166091885424
ACC7585505,CUST004247,BR003,money mkt,Inactive,99/99/9999,,5151.39,USD ,5.2084,500,25,240251034389
ACC6622986,CUST004421,BR021,CHK,Inactive,09/27/2019,,6690.35,$,1.6519,100,25,726767913190
ACC7099230,CUST004643,BR008,Chequing,open,2012-11-25,,4546.86,GBP,1.4853,1000,10,654765501682
ACC8981757,CUST003566,BR038,Savings,Open,29/07/2021,,"$3,734.99",USD,2.6416,250,0,072617541154
ACC4313879,CUST002915,BR024,Business,Suspended,13/02/2022,10/18/2022,3327.92,USD,0.8368,100,15,812011504320
ACC4541298,CUST001447,BR046,Checking,Active,14-07-23,,7891.13,USD ,0.1934,0,15,550602266304
ACC7311455,CUST001456,BR019,Checking,Active,04/07/2012,,6895.95,usd,1.1231,,12,855721886990
ACC8711506,CUST000831,,SAV,Frozen,"May 24, 2002",,521.75,,1.2308,1000,12,957399286418
ACC4987972,CUST001485,BR042,Savings,active,01-08-18,,7550.99,GBP,2.7001,0,10,199944150337
ACC8352786,CUST003205,BR049,Checking,Open,15-06-2003,,2138.21,USD ,4.6799,250,5,352962788014
ACC5469789,CUST004219,BR035,MONEY MARKET,Open,"June 18, 2002",,,GBP,5.1606,0,0,798272482645
ACC9967006,CUST004345,BR038,Current Acct,Active,2005-01-14,,8153.77,US Dollar,1.8899,500,0,848339790655
ACC1665358,CUST002185,BR022,Money Market,CLOSED,09/30/2013,13-03-2021,"2262,71",EUR,5.4444,100,12,737522999826
ACC6953152,CUST001148,BR021,BUS,closed,2018-08-17,,6608.64,USD ,2.6694,100,5,232931746418
ACC4237364,CUST000346,BR009,MONEY MARKET,CLOSED,09/04/2019,,"$1,222.86",,,0,5,840209213467
ACC9313557,CUST001910,BR009,money mkt,closed,10/09/2002,,,USD ,0.4846,,12,209014327688
ACC2277032,CUST004928,BR033,Savings,ACTIVE,11-07-2020,,2736.43,,3.8225,100,0,451005209161
ACC9216238,,BR010,Money Mkt,active,06-08-10,,422.46,GBP,3.2874,100,0,827196277871
ACC7556994,CUST001906,BR034,Money Market,closed,"December 26, 2006",2022-01-09,5615.81,EUR,0.6681,0,12,162496054850
ACC6403701,CUST004966,BR015,Money Market,CLOSED,19-06-2009,,"$1,292.27",EUR,0.8216,,25,247796062771
ACC9376310,CUST004345,BR004,Money Market,CLOSED,16-06-06,,2345.4,USD ,3.4217,0,15,422185121216
ACC4932039,CUST002086,BR033,business acct,Frozen,30/04/2019,,"364,22",US Dollar,2.9151,,25,805705202908
ACC6150710,CUST001213,BR031,Business,Frozen,99/99/9999,06/25/2001,1351.18,usd,3.4073,1000,12,637416593586
ACC4878175,CUST003967,BR019,Business,Closed,13-09-2016,,6083.7,USD ,3.3751,0,12,950969460885
ACC9543801,CUST002237,BR017,SAV,active,2003-04-16,,65756.0,usd,3.2874,100,10,905781176250
ACC9672844,CUST001952,BR015,Checking,Closed,,,4166.96,usd,3.276,1000,15,004609406894
ACC5130156,CUST001647,BR008,Savings,active,2016-08-17,,9976.23,,,250,25,480770068436
ACC2078047,CUST002133,BR018,Money Market,CLOSED,2023-08-17,,4555.7,usd,0.9075,1000,12,780043777721
ACC3744152,CUST003515,BR006,Business,N/A,NULL,,6664.49,$,3.3271,500,12,913636777514
ACC4077874,CUST002492,BR049,sav,CLOSED,12-08-2017,99/99/9999,-461.52,GBP,1.1984,500,25,945250839626
ACC6692500,CUST001122,BR017,Chequing,closed,99/99/9999,,1154.63,,3.4737,100,25,670372456194
ACC4324650,CUST001539,BR004,Biz,Inactive,05-11-2016,29/05/2018,8997.65,US Dollar,4.2757,250,5,734260969964
ACC2372676,CUST001033,BR050,Business,N/A,27-10-2019,,5022.55,GBP,4.6488,250,10,683481690993
ACC2223663,CUST001962,BR017,checking,N/A,05/26/2017,,4081.65,usd,0.7184,250,12,665182114165
ACC1358552,CUST003785,BR022,Saving,Closed,2022-01-15,,-4359.8,EUR,1.072,1000,12,684095640185
ACC3369980,CUST004010,BR031,Money Market,CLOSED,"August 23, 2012",,2139.11,EUR,1.037,0,12,066775016649
ACC2370518,CUST002257,BR014,Savings,Closed,07/12/2016,06/07/2020,182.32,USD,0.6972,250,12,617693424455
ACC7251848,CUST004969,BR020,MONEY MARKET,CLOSED,2004-11-25,,6138.09,usd,4.7994,500,5,090452028682
ACC2049810,CUST001658,BR020,Buisness,Closed,21-10-21,,4541.68,,5.1646,1000,12,278668863334
ACC4140576,CUST004362,BR012,Checking,Closed,05/06/2022,,2560.74,GBP,3.2283,500,10,472129363801
ACC4123369,CUST000129,BR011,Money Market,Suspended,2022-07-11,,9200.74,US Dollar,0.9233,0,15,229999329910
ACC7673957,CUST002938,BR001,SAVINGS,Open,2009-05-27,,1638.85,GBP,3.058,0,0,491188671826
ACC1739903,CUST002490,BR049,Savings,Inactive,18/02/2014,,"$1,394.38",GBP,5.4794,250,0,373275999652
ACC9894530,CUST004730,BR020,Savings,N/A,11-04-2001,,,EUR,4.0849,,0,309242109791
ACC6996013,CUST000723,BR049,Savings,Inactive,21/12/2011,,-6377.95,EUR,4.894,,5,924747598580
ACC4030882,CUST000186,BR029,Money Market,Closed,"February 11, 2020",,2894.26,USD ,3.4669,1000,0,459035785585
ACC5595070,CUST001617,BR033,BUSINESS,active,2020-06-20,,560.43,GBP,0.8722,500,10,795406414733
ACC5365625,CUST003632,,Money Market,Active,11/23/2013,,968.65,USD,4.9696,0,10,991517159946
ACC5586586,CUST003935,BR002,sav,N/A,10-08-19,,4271.11,USD ,0.4826,,5,757128077927
ACC3827370,CUST000470,BR037,CHECKING,active,2004-10-01,,1944.8,,2.0083,100,12,358917967621
ACC7427928,CUST002260,BR011,CHECKING,closed,07/06/2008,,7243.11,USD ,1.2536,100,25,070713581659
ACC1967515,CUST004103,BR030,Money Market,active,"April 11, 2021",,"$11,979.33",usd,0.3521,,10,667915956430
ACC4433645,CUST001746,BR029,Chequing,Inactive,2018-07-14,,"$6,552.11",$,3.9227,"$1,000.00",5,356636534856
ACC4474027,CUST004180,BR033,savings,open,25-11-2021,,1896.34,$,4.0974,500,15,413325743022
ACC1072250,,BR050,Money Mkt,active,12/23/2022,,6217.65,usd,0.7475,0,10,459789289339
ACC1279437,CUST003419,BR009,Savings,Open,12/22/2022,,1732.01,US Dollar,0.604,1000,15,262889833430
ACC7951963,CUST003007,BR026,SAVINGS,closed,30/10/2005,,-731.37,USD ,5.2535,1000,0,500354511223
ACC9157203,CUST001107,BR002,Business,Suspended,06-05-2016,,135.85,usd,4.7462,100,5,003703662621
ACC7734211,CUST002616,BR004,money market,closed,04/28/2007,,"$1,949.20",$,2.0638,100,0,623319475954
ACC6178255,CUST004398,BR007,business,open,01/28/2021,,9355.31,US Dollar,3.682,,5,964953005168
ACC5164756,CUST004531,BR037,business acct,closed,2020-10-10,06/15/2022,1092.42,,1.2978,1000,0,194880425185
ACC8298572,CUST000475,BR019,Biz,active,13-01-2004,18-10-2021,92527.0,usd,1.3857,1000,5,726478029542
ACC9374519,CUST002910,BR043,Money Market,closed,22-11-09,,14002.41,,2.0303,1000,15,999329297620
ACC9179234,CUST002489,BR030,Savings,Active,"April 20, 2005",,101.29,usd,1.8978,,0,985406466397
ACC2520463,CUST003814,BR043,money mkt,active,09/23/2018,,6163.05,US Dollar,4.4523,,10,009887515107
ACC6413685,CUST001178,BR032,Checkng,Suspended,05/29/2020,"September 04, 2021",1550.72,usd,2.2863,100,15,270311568258
ACC5513403,CUST004342,BR010,Chequing,Inactive,"October 21, 2016",,152.83,USD,3.0175,1000,10,414553258150
ACC2668623,,BR013,Money Market,Inactive,02-12-17,,9994.52,usd,3.5157,100,5,095328595004
ACC6282525,CUST002474,BR022,Money Market,Closed,2002-04-04,,601.63,usd,1.0576,$250.00,5,019679908712
ACC2960022,CUST000834,BR017,Business,ACTIVE,02/17/2010,,3209.88,$,1.3067,250,5,567842484917
ACC4334113,CUST003400,BR047,business,Inactive,99/99/9999,,"1281,12",,1.9702,,15,488578878184
ACC2256345,CUST002326,BR006,Money Market,Suspended,03/09/2007,,26966.000000000004,USD,3.8336,250,25,391735119862
ACC7398504,CUST003184,BR018,Money Mkt,Inactive,04/01/2004,,204.85,USD ,,500,15,249471029368
ACC1515815,CUST004389,BR019,Checking,Suspended,2001-06-01,,491.19,EUR,3.5119,500,5,744063593626
ACC6433141,CUST000154,BR030,Business,Suspended,2016-03-27,,296.17,GBP,1.8132,$500.00,0,382467807396
ACC2986661,CUST002052,BR043,Money Market,Suspended,,,5717.78,US Dollar,0.7325,0,15,516574724460
ACC1047284,CUST000244,BR033,Checking,CLOSED,06/19/2008,,2658.75,USD ,3.305,250,15,899258095582
ACC1920553,CUST003954,BR024,chk,open,12-05-10,,1679.63,GBP,4.1888,500,25,158789828942
ACC3794384,CUST001917,BR029,Money Market,CLOSED,,,"$2,167.68",,4.5645,250,15,037478475374
ACC6265447,CUST003265,BR022,Checking,Closed,99/99/9999,,10577.3,USD,4.0964,500,5,403266807966
ACC3293877,,BR048,money mkt,N/A,"June 27, 2009",,9665.34,USD,1.0581,,15,243223237811
ACC1161694,CUST000976,BR019,Current Acct,Active,23-10-05,,5030.57,$,4.9882,250,5,093591878903
ACC5295407,CUST000763,,Checking,open,99/99/9999,,8640.26,usd,,250,12,110905014214
ACC4104630,CUST004139,BR014,Business,closed,10/01/2011,26/12/2022,1540.58,GBP,1.767,250,0,613422904195
ACC4000404,CUST000251,BR025,CHECKING,Open,17-11-08,,1919.31,,3.0661,100,25,408019031241
ACC1160945,CUST001864,BR015,Money Market,Closed,28-08-2005,06/06/2014,3804.69,US Dollar,5.3954,,12,367111420789
ACC6987912,CUST004059,,Saving Acct,Frozen,2018-02-05,,3908.69,US Dollar,1.7297,250,0,738855788508
ACC5162858,CUST004799,BR040,Savings,Inactive,03-07-22,,"$2,628.80",usd,3.7781,1000,5,158258257355
ACC7933537,CUST001815,BR033,Checkng,N/A,09/29/2007,,"$2,047.69",US Dollar,,,25,117183580224
ACC2554490,CUST002006,BR020,BUSINESS,CLOSED,00-12-14,,17126.64,GBP,0.1346,500,0,659030758101
ACC5880536,CUST004625,,Money Mkt,Suspended,31/07/2001,,6884.24,usd,4.3137,100,0,377104784745
ACC7751802,CUST004222,BR027,Chequing,Suspended,10/05/2004,,2283.58,usd,5.272,$500.00,12,220289072468
ACC8259412,CUST002789,BR042,CHK,Frozen,2019-04-18,,5197.42,,3.0299,250,12,129566439066
ACC6118561,CUST003532,BR029,Saving,Closed,18/08/2018,,1256.44,USD,4.3855,0,25,415750890171
ACC9267320,,BR021,MM,Inactive,NULL,,422.19,US Dollar,0.4917,,10,628245064873
ACC9695906,CUST000286,BR037,svgs,Frozen,"October 16, 2016",,1738.12,GBP,4.3042,100,15,872181499957
ACC2835413,CUST000066,BR006,chk,ACTIVE,2020-05-05,,2063.17,USD ,0.9094,250,10,920368955791
ACC4478049,CUST004647,BR044,Savings,Active,19-03-21,,66.7,usd,2.6016,250,10,479693402259
ACC8781480,CUST003908,BR028,Savings,Inactive,2000-02-08,,6745.1,usd,4.7622,500,12,983508435860
ACC8141518,CUST004969,BR030,CHK,Open,25-12-2000,,1780.11,USD ,1.8535,,25,303708101534
ACC1736301,CUST001458,BR040,Business,Closed,99/99/9999,,"3473,99",$,1.1116,0,0,825260337085
ACC4724745,,,Saving,closed,"January 19, 2020",,307.37,USD ,1.8374,250,10,900739843999
ACC5624571,CUST003129,BR022,Business,active,,,769.47,,1.841,,10,284363484084
ACC5769457,CUST004354,BR040,Savings,Open,08-11-14,,,GBP,2.9541,250,0,774458450703
ACC7982011,CUST003451,BR023,Money Market,active,23-12-12,,3753.0,$,3.7707,100,10,450463379796
ACC7804020,CUST002942,BR024,Savings,open,12-05-2023,,12005.72,,4.39,100,12,400056996048
ACC9367857,CUST003311,BR035,Savings,N/A,13-10-2023,,26738.56,US Dollar,1.1543,0,0,695627241329
ACC5496424,CUST001286,BR035,money market,Suspended,"August 10, 2020",22-11-13,1859.97,USD,3.3075,,5,715626791372
ACC1155660,CUST004166,BR026,money mkt,N/A,10/28/2017,04-11-2019,1419.87,$,3.0638,100,5,590228920308
ACC9871604,CUST003391,BR045,Checking,ACTIVE,99/99/9999,,7817.76,USD ,1.6781,500,0,634845804386
ACC3865029,CUST004971,BR047,Business,closed,12-11-30,,26317.91,GBP,0.1799,,5,447060716720
ACC9063089,CUST000511,BR016,Checking,ACTIVE,10-04-22,19-09-25,USD 3973.13,EUR,4.3293,250,15,346461562623
ACC7350296,CUST001424,BR005,Savings,Suspended,"July 07, 2020",,6341.73,,4.0836,100,5,673580538748
ACC7588819,CUST000816,BR028,MM,Active,30/09/2018,,6088.38,US Dollar,4.5684,,25,068382685442
ACC2756911,CUST004287,BR048,Savings,Suspended,"August 05, 2017",,1756.13,GBP,4.4987,250,15,600869267893
ACC7251125,CUST002885,BR034,BUSINESS,ACTIVE,12-06-25,,,,5.0394,500,5,311889598089
ACC6314978,CUST004113,BR016,CHK,Open,"May 30, 2008",,716041.0,US Dollar,2.3751,0,25,963769612325
ACC1505294,CUST004689,BR019,sav,Inactive,04/30/2005,,4660.47,usd,0.2627,250,10,178520802801
ACC3052190,CUST003185,BR012,Business,Open,2023-05-04,,85.56,usd,3.4796,100,15,327769222387
ACC2048411,CUST004990,BR017,Money Market,Active,2017-03-25,,,$,4.3822,100,10,214719250426
ACC2095971,CUST002299,BR021,Savngs,Open,"February 05, 2012",,$624.16,usd,1.046,250,12,600170826653
ACC2882266,CUST004466,BR016,Savings,Suspended,"July 22, 2010",,1060.93,usd,0.2123,250,15,633638679674
ACC6990512,CUST001838,BR009,Savings,Frozen,"May 24, 2004",,9436.18,USD,5.1495,,10,022538925848
ACC5665665,CUST001899,BR049,savings,open,2004-03-08,,-150.36,GBP,4.4347,,10,817017835968
ACC9352325,CUST003947,BR015,Savings,Suspended,19-02-11,,992.82,$,1.1956,250,5,911010621643
ACC9459621,CUST004171,BR017,money market,Suspended,05/08/2001,,"$1,481.76",GBP,3.313,1000,0,075538010862
ACC6496833,CUST004890,,Checking,CLOSED,02-03-30,,3837.67,US Dollar,0.0667,500,25,282164576820
ACC1653426,CUST004107,BR021,Checking,Active,2003-09-24,,3055.15,GBP,3.8936,100,12,399020665618
ACC1670035,CUST003789,BR026,Money Market,ACTIVE,10/09/2020,,984.98,$,1.6443,0,25,350820737322
ACC4439165,CUST003016,BR012,SAVINGS,active,24-10-2012,,717.66,usd,2.6334,500,5,350496781892
ACC4748695,CUST003329,BR016,Checkng,Frozen,99/99/9999,,1080.93,,4.3342,USD 1000.00,12,958537212181
ACC4387331,CUST003378,BR023,Business,Open,06/07/2019,,2792.88,GBP,3.0309,100,25,910232914765
ACC6316531,CUST001427,BR003,money mkt,closed,"November 15, 2019",,1265.3,US Dollar,3.1504,100,0,904416969341
ACC7746862,CUST000469,BR038,Business,ACTIVE,06/15/2001,,11795.59,USD ,3.3364,0,12,545207419314
ACC2312823,CUST003221,BR027,Saving Acct,Active,03/10/2013,,2493.48,USD ,1.2422,,25,146122465935
ACC2933840,CUST001556,BR045,Checking,Open,23-05-2001,08-01-2011,242.38,GBP,3.6002,100,25,479632419423
ACC7853220,CUST003922,BR014,Savings,active,23-05-2019,,5226.48,usd,2.5369,500,5,884898288294
ACC1755601,CUST000755,BR030,Checking,Open,06-02-05,02/27/2017,1595.02,$,4.8308,500,25,942212305451
ACC1353550,CUST000618,BR027,CHECKING,closed,2023-03-19,,423935.99999999994,EUR,5.3357,250,10,110519858261
ACC8236417,CUST002835,BR026,svgs,Frozen,"December 31, 2007",,,USD,5.1493,0,0,082511481771
ACC2362467,,BR037,savings,closed,22-04-14,,3382.8,EUR,2.0634,,10,463400225843
ACC5043054,CUST000302,BR022,Checking,closed,14-05-2006,,"$5,916.32",usd,3.0909,250,25,771408372024
ACC2392672,CUST000288,BR048,Business,Open,16-09-2008,,10524.84,EUR,0.6138,USD 100.00,5,665784653460
ACC5830693,CUST004046,BR050,Money Market,Suspended,01/09/2003,,1210.52,usd,2.3242,,10,974451897095
ACC2700617,CUST001620,BR006,Money Market,Inactive,16-01-2004,,1631.01,EUR,4.8383,1000,0,231129974573
ACC4062398,CUST000693,BR048,BUSINESS,active,2008-01-20,,2496.47,usd,4.7382,500,15,703722450161
ACC2250844,CUST000644,BR001,MM,CLOSED,04-06-2005,,,USD ,0.7814,25000,5,372912352053
ACC5410539,CUST000020,BR048,Money Market,Open,06/18/2017,,9266.2,$,1.3182,500,15,003004672333
ACC2292807,CUST004901,BR040,Savings,Closed,02/19/2010,,376.71,USD,5.0805,0,0,817237547294
ACC8164781,CUST000172,BR029,Business,Closed,22/11/2015,,565.93,usd,2.579,0,5,969391670701
ACC6633030,CUST004659,BR031,MoneyMarket,Open,"July 03, 2000",,2736.82,$,2.4582,0,5,912740269097
ACC5599083,,BR026,Checking,active,"November 10, 2015",,450.97,usd,5.2945,250,25,428230855429
ACC3484902,CUST000555,BR004,Checking,open,2017-08-23,19-08-26,"$1,696.03",,1.0098,0,0,282141228256
ACC6587155,CUST000159,BR003,Checking,ACTIVE,21-12-09,,642.48,EUR,1.2915,0,12,411141970076
ACC8402311,CUST003509,BR020,SAVINGS,CLOSED,13-01-18,,4042.85,$,0.6905,500,5,495323186016
ACC6787226,,BR002,Money Market,active,2017-11-27,,11942.77,USD ,3.8685,,5,373739553628
ACC9751054,CUST000214,BR044,MM,Active,08-08-2021,,22896.48,,4.8784,500,10,407445403276
ACC5584517,,BR002,Business,CLOSED,2017-03-05,,1881.56,,0.4807,USD 100.00,12,398795891415
ACC7864267,CUST000405,BR044,business,Inactive,NULL,,3655.3,USD ,,500,10,219216241716
ACC9801361,CUST004150,BR045,Business,Frozen,21/03/2002,09-05-06,7759.21,$,4.1648,,0,927335929940
ACC9125255,CUST003106,BR030,Checking,Open,11-03-03,,499.81,usd,0.8295,0,5,241068221074
ACC9688201,CUST002759,BR045,Savings,CLOSED,14-05-01,,4679.12,usd,0.34,,0,418946251861
ACC8492174,CUST001025,BR017,Money Market,CLOSED,,,2102.7,US Dollar,0.4465,,10,708061323469
ACC4755873,CUST002136,BR046,money mkt,Active,06-03-2000,,923.42,,3.8887,,0,538310245612
ACC6726884,CUST002249,BR036,Business,Suspended,04/01/2010,,2061.7,EUR,0.4099,500,10,593563764334
ACC7602829,CUST002802,BR035,Money Market,Active,03-01-06,,316.0,USD,0.6314,1000,0,106975938368
ACC9610236,CUST003764,BR030,Money Market,ACTIVE,"January 08, 2007",,4755.12,,1.5771,250,25,149874147312
ACC8165112,CUST004157,BR032,Chequing,closed,07-01-27,"August 31, 2011",1165.38,US Dollar,1.0674,$500.00,0,901836622288
ACC4357602,CUST002884,BR049,Savings,Closed,20-02-14,17/03/2022,1492.41,USD ,4.626,500,10,741383580814
ACC8956168,CUST001335,BR032,chk,N/A,2005-01-10,2013-11-19,516.25,US Dollar,2.5511,1000,25,076410255794
ACC1645618,CUST004629,,sav,Closed,08/31/2010,,7999.83,GBP,1.5834,,15,097787879836
ACC6022592,CUST001951,BR043,Chequing,Open,07-01-16,,2720.48,,2.4171,0,0,050243185793
ACC5345937,CUST001234,BR002,Checking,closed,10-11-2016,,3395.9,usd,4.6443,0,15,950036509118
ACC8632580,CUST002729,BR050,Savings,Frozen,"October 11, 2013",,,US Dollar,5.177,500,25,402966685993
ACC9397362,CUST000499,BR045,CHECKING,open,11-12-2013,,,USD,0.2165,100,5,000730647881
ACC8592925,CUST000683,BR034,Saving,N/A,16-05-23,,855.4,$,2.1375,,5,048479716676
ACC4303312,CUST004109,BR024,Savings,Suspended,"May 15, 2020",,5468.05,GBP,3.4926,,15,274103232871
ACC1787828,CUST001313,BR026,Buisness,ACTIVE,05/10/2016,,543.54,GBP,3.5046,,15,410451705650
ACC4269457,CUST004868,BR004,CHECKING,Inactive,20-12-2019,,438.7,$,0.8404,0,12,011623315330
ACC2988577,CUST000084,BR050,Money Market,open,07/17/2013,,4953.5,usd,3.854,100,15,049440115502
ACC4389070,,BR019,Checking,open,"December 22, 2014",,USD 937.01,US Dollar,,,5,537137764818
ACC9318577,CUST003077,BR002,Checking,ACTIVE,01/09/2012,,,,1.5072,250,5,734612030865
ACC7965115,CUST003674,BR029,Savings,CLOSED,02-10-15,,2579.16,USD ,0.5029,1000,15,928675887008
ACC8854434,CUST000722,BR010,Savings,Open,2017-06-16,,,EUR,3.4742,500,10,998549072039
ACC3923258,CUST004910,BR037,SAVINGS,Active,23/07/2007,,4931.95,,4.8187,100,0,083698855255
ACC9542181,CUST004331,BR039,Checking,Closed,08/14/2020,,3906.62,,5.379,100,10,630449405389
ACC8837480,CUST000358,,MoneyMarket,Inactive,06/17/2000,,4135.75,$,1.4437,100,5,671543689175
ACC1927529,CUST004352,BR009,Money Market,Inactive,10/14/2014,,5007.81,EUR,2.6628,250,10,746174987691
ACC1271407,CUST004119,BR026,Money Market,Open,09/04/2013,,1384.71,USD ,0.607,1000,12,889214506864
ACC4142195,CUST002071,BR004,Money Market,Active,03-01-27,,1556.4,EUR,4.4315,0,0,280097637090
ACC2117441,CUST001942,BR025,Business,ACTIVE,02-09-2009,,2305.0,$,2.4091,500,0,032832737877
ACC5911816,CUST002645,BR026,Checking,Inactive,"July 11, 2015",10-08-2022,1469.57,GBP,3.4183,250,12,184118259137
ACC9685055,CUST003504,BR044,money market,ACTIVE,11-08-17,,"$16,782.29",EUR,4.6344,0,12,407660128446
ACC7152575,CUST000040,BR043,Savings,active,"July 26, 2008",,6729.15,,4.6728,100,10,007086696152
ACC8124509,CUST000382,BR043,Savings,N/A,08/08/2013,,719.64,GBP,,500,0,176308728008
ACC4384015,CUST000920,BR005,BUS,Open,20-06-2002,,,USD,,$100.00,12,388548690203
ACC9525561,,BR014,check,Suspended,10-05-19,,"174,9",GBP,0.1209,,5,527275525366
ACC4072661,CUST004555,BR040,Saving,Open,12-08-05,2021-09-16,1119.19,,3.7023,0,5,810238302476
ACC9820706,CUST004351,BR026,Savings,Closed,05/10/2014,,485.47,US Dollar,2.4672,$0.00,25,423951675390
ACC6250279,CUST000461,BR036,svgs,active,02/03/2023,,3048.6,,0.4831,500,0,431257370102
ACC2702527,,BR041,Business,Active,04/30/2022,,780758.0,US Dollar,5.3244,250,5,061851915604
ACC4473480,CUST000141,BR047,Saving,Closed,10/12/2022,,5338.61,GBP,3.2535,1000,12,537882061568
ACC1980843,CUST002057,BR048,Money Market,Inactive,2011-12-05,,971.39,USD ,,,12,751035374379
ACC5258148,CUST004242,,Current Acct,Suspended,01-01-2017,,2038.63,GBP,0.6536,250,15,288254636138
ACC7391098,CUST003650,BR020,Savings,ACTIVE,05-08-2009,,2836.25,EUR,3.1447,250,10,581023051007
ACC4032085,CUST000832,BR002,Business,Frozen,26/08/2007,,6647.26,USD ,2.7383,100,25,752825966749
ACC1928422,CUST003916,BR002,Buisness,Closed,02-02-2006,,7308.43,GBP,0.3586,250,10,198225885410
ACC5403465,CUST004211,BR033,Money Market,Frozen,17-05-2023,,9619.28,GBP,2.3153,1000,5,330862760016
ACC2070276,CUST004187,BR007,svgs,N/A,08-06-2021,,2847.24,GBP,2.043,1000,25,303544581309
ACC3995751,CUST000645,BR032,Business,Active,NULL,,4740.27,USD ,1.8966,0,25,824916105280
ACC2221421,CUST000592,BR004,Checking,CLOSED,04/26/2015,2015-11-05,474.24,,1.5591,1000,10,948077884356
ACC5385576,CUST003593,BR025,Buisness,open,17-01-2019,,3332.29,US Dollar,4.1585,1000,15,318233510313
ACC5244451,CUST000052,BR008,Savings,active,2017-12-13,,1143.76,US Dollar,0.6715,500,15,304223135132
ACC5336008,CUST001100,BR049,CHECKING,Active,"July 03, 2020",,2260.54,USD ,5.1605,1000,0,669478105043
ACC6925265,CUST001778,BR008,Checking,Closed,"May 06, 2022",,4021.04,GBP,2.3686,500,10,670630225870
ACC8079344,CUST000914,BR033,Money Market,active,2007-09-10,,1188.16,USD ,0.1843,0,15,143092945450
ACC3213475,CUST000659,BR016,Savings,N/A,"October 13, 2013",,214.38,usd,4.3653,,10,043537971852
ACC2038572,CUST003560,BR048,Money Mkt,closed,2001-11-21,,$41.15,USD,5.0431,0,15,637543860937
ACC3537419,CUST000373,BR034,BUSINESS,Suspended,99/99/9999,,89.63,USD ,2.9969,,25,550540724809
ACC9475930,CUST000203,BR032,Money Market,open,16-05-30,,33.54,US Dollar,1.5197,,10,574034184456
ACC6662969,CUST004847,BR012,Savings,CLOSED,12/28/2013,,,USD,1.6188,500,25,610526781514
ACC2620431,CUST001559,BR016,Money Mkt,active,2019-11-28,,1095.06,,3.191,250,0,902767395718
ACC6015153,CUST002725,BR004,Business,ACTIVE,20/01/2022,,1000.11,$,1.7096,0,0,522254245856
ACC9426541,CUST002151,BR038,money market,active,"December 04, 2016",,17309.12,EUR,2.498,,5,354911495628
ACC4199163,CUST003130,BR029,Savings,active,25-02-2007,,1461.17,,,250,5,450157476021
ACC9361732,CUST001792,BR004,Checking,Active,99/99/9999,,545.21,usd,2.3382,1000,12,927159033055
ACC5864086,CUST003576,BR030,Saving,active,17/10/2000,,3154.78,,2.2041,1000,0,221399666237
ACC8734339,CUST002902,BR040,Checking,closed,07/17/2000,,7806.51,USD,2.4629,$500.00,25,164898550439
ACC6910900,CUST002979,BR002,business,Active,15-08-2022,,4533.57,GBP,4.7903,,0,499784518762
ACC5569822,CUST001896,,Money Market,Frozen,"October 30, 2011",,1404.37,$,2.6428,500,0,000512181587
ACC2904405,CUST002716,BR032,Savings,Open,09/06/2007,,USD 3298.64,GBP,2.5403,1000,0,004292080272
ACC7985925,CUST002354,BR011,Checking,Inactive,"July 23, 2020",,5019.04,US Dollar,1.3801,1000,15,038986030849
ACC2818795,CUST002066,BR026,Business,Frozen,19-09-22,,5209.35,USD,4.258,,15,023314452881
ACC6225319,CUST002644,BR047,Savings,Frozen,"June 27, 2016",16/03/2022,4392.91,GBP,,$0.00,12,417502206517
ACC4830641,CUST003708,BR033,Biz,active,2001-10-24,,8185.9,USD,0.7413,1000,10,737557040191
ACC1365139,CUST000476,,Savings,CLOSED,13-06-18,,816413.0,USD,2.2614,1000,0,817884095483
ACC5126683,CUST002506,BR003,MONEY MARKET,CLOSED,22-10-12,,3459.89,GBP,,250,25,789960303085
ACC6047253,CUST001943,BR033,Biz,Active,01-06-04,,USD 2247.47,US Dollar,3.1872,100,0,073273044474
ACC1208610,CUST003505,BR023,Money Market,active,99/99/9999,,4104.09,EUR,4.6327,500,5,662354125655
ACC3771913,CUST003066,BR001,Buisness,Closed,12-03-15,,6819.66,GBP,4.9655,500,12,542825224300
ACC1667811,CUST002388,BR038,Business,Inactive,20/01/2001,,22.67,USD ,1.7865,1000,5,079273085373
ACC9657045,CUST004162,BR006,SAV,ACTIVE,08/07/2000,,19311.76,usd,0.4675,500,15,498126608454
ACC2126696,CUST002460,BR022,Buisness,CLOSED,"November 04, 2017",,807.94,USD ,0.9336,1000,12,837747606532
ACC6711756,CUST000884,,BUSINESS,Closed,03/05/2013,,2541.39,USD,3.6694,100,0,861866248922
ACC7749175,CUST002587,BR028,Buisness,active,27-09-2021,,8223.83,$,5.3864,0,25,135392697063
ACC3683615,CUST003099,BR025,MONEY MARKET,ACTIVE,05-06-04,,1019.78,$,1.3577,500,0,595809033328
ACC2335602,CUST002283,BR012,Business,open,22-01-31,,2591.13,USD ,1.9818,100,15,295910710826
ACC2876199,CUST000049,BR015,SAV,closed,2020-08-05,,568.94,$,3.6138,250,10,200307289891
ACC7016820,CUST000049,BR027,Business,closed,01/05/2008,,201061.0,US Dollar,0.4065,0,10,041495247035
ACC6192578,CUST000434,BR002,SAVINGS,Closed,08/03/2022,,779.85,EUR,4.0793,500,25,393064428939
ACC8273265,CUST000758,BR028,Money Market,Frozen,"July 24, 2009",,,EUR,5.2906,100,12,654586121382
ACC4598038,CUST001980,BR045,Savings,N/A,07/27/2005,2011-04-21,1870.2,$,1.128,250,15,958744415816
ACC5034916,CUST003002,BR019,Savngs,Open,14/12/2000,99/99/9999,19946.18,usd,5.3757,1000,15,076065083114
ACC5491858,CUST004019,BR020,Money Market,Suspended,03/26/2008,99/99/9999,21046.42,$,2.1309,500,5,309918803284
ACC9690504,CUST003769,BR022,Chequing,Frozen,"February 11, 2003",,48770.0,GBP,3.4065,100,12,395887618925
ACC1229053,CUST002722,BR003,Money Market,Frozen,11/12/2011,,5178.05,US Dollar,0.7508,100,0,498111405884
ACC2474316,CUST003859,BR028,Checking,Inactive,00-03-24,,212.53,$,3.6337,USD 250.00,0,140115255825
ACC9641524,CUST002492,BR023,Savings,N/A,22-03-28,,122.63,USD,4.9124,100,25,255149198218
ACC4989927,CUST002527,BR047,Savings,Closed,09-09-04,,445.22,usd,2.8749,500,10,869029660826
ACC4402706,CUST003081,BR024,Business,CLOSED,31/07/2006,,13465.52,US Dollar,0.9426,,25,634316336576
ACC1544763,CUST003776,BR007,Business,Suspended,13-10-2005,,11311.63,usd,0.4252,250,15,715430278969
ACC1772702,CUST000035,BR025,Biz,active,30/03/2001,,862.33,GBP,3.2285,500,12,369312506437
ACC1374824,CUST004527,BR031,Business,Inactive,23-12-26,,705.38,US Dollar,1.2897,,25,989013697702
ACC1456475,CUST002677,BR008,BUS,closed,08/14/2003,,110056.0,USD ,3.8734,0,10,580006009322
ACC3338208,CUST003395,BR039,Business,open,99/99/9999,,2898.94,USD,4.9949,0,5,609556864579
ACC9215329,CUST002864,BR033,BUSINESS,Frozen,2019-10-06,,3373.13,EUR,0.6876,250,12,715531230878
ACC9424742,CUST003841,BR006,Money Mkt,open,21-11-10,,1002.03,USD,2.322,500,15,415888204503
ACC3815432,CUST002481,,money market,Active,22/12/2004,,"$5,652.57",USD ,4.2855,,25,206605877282
ACC7711106,CUST001999,BR013,check,Inactive,26-04-2014,,1481.67,$,5.3364,,12,112324178827
ACC7186426,CUST000480,BR011,Savings,Inactive,"July 07, 2013",,10210.93,GBP,0.6019,1000,25,168862490692
ACC2407845,CUST004115,BR032,Checking,open,05/15/2003,,4276.87,USD,4.0504,USD 0.00,15,046993330880
ACC8431371,CUST001871,BR006,MoneyMarket,N/A,2004-12-26,,2293.3,$,5.235,0,0,285648209410
ACC4039361,CUST003450,BR026,Buisness,closed,03/21/2014,,6240.92,USD,1.1744,500,12,863557038144
ACC2163429,CUST004525,BR036,BUS,active,2011-04-19,"January 10, 2016",6813.12,USD ,3.0688,250,12,163181406261
ACC6366580,CUST001046,BR025,Savings,Open,27/04/2003,,1372.68,$,1.3281,1000,5,731097827594
ACC1134048,CUST001493,,Checkng,Suspended,06-08-14,,1660.33,US Dollar,4.8009,100,25,684570394602
ACC8054261,CUST004989,,Business,Active,06/06/2013,,,USD,0.1487,1000,25,470334092702
ACC4902094,CUST001411,BR035,Savings,closed,26/07/2016,2023-10-11,720.05,USD,4.9593,0,5,304457010910
ACC4218567,CUST002036,BR036,Money Market,Closed,2010-11-08,,$172.26,EUR,2.9181,100,12,099989499023
ACC9155674,CUST002336,BR034,Savings,Suspended,2014-03-11,,2420.95,USD ,4.4023,0,15,474368385696
ACC3741170,CUST004644,BR005,Checking,Frozen,06-02-2016,20-05-01,6462.02,EUR,2.6719,250,0,381456675820
ACC9763144,CUST004126,BR014,Checking,open,07-01-17,,5907.82,US Dollar,4.281,500,15,882956369567
ACC8026245,CUST002107,BR041,Money Market,open,99/99/9999,,10079.51,USD,3.2102,250,10,531473514837
ACC5291808,CUST001736,BR040,Business,Suspended,11-10-19,,,EUR,1.4745,250,12,597702889309
ACC9768378,CUST002168,BR036,Biz,Inactive,99/99/9999,,421.73,,3.7001,0,10,127565561655
ACC3423262,CUST001960,,Checking,ACTIVE,14/12/2001,,3553.62,USD ,4.6564,,0,907597382862
ACC2250444,CUST000656,BR025,Checkng,Frozen,27-08-2015,,6027.45,GBP,2.7635,500,12,971524736364
ACC5105667,CUST003235,BR044,check,ACTIVE,01/27/2019,,391.9,GBP,1.5972,,5,065239553666
ACC4577074,CUST004197,BR002,Checking,CLOSED,"September 19, 2021",,758.15,USD,,USD 100.00,10,533974649330
ACC3374011,CUST002569,BR022,check,Suspended,06/24/2018,,49.47,,4.5508,500,10,505010276019
ACC2693719,CUST003293,BR034,Business,active,11/10/2020,,3602.19,usd,3.9931,0,0,256272896656
ACC8950688,CUST002718,BR028,Money Market,active,10/12/2022,,8712.08,USD ,2.5667,250,25,712637366433
ACC2925800,CUST003379,BR020,Money Market,Inactive,25-07-2003,,"4442,7",$,5.4646,1000,12,864305003454
ACC6613455,CUST001736,BR030,Checking,Frozen,15-06-07,,"$16,078.45",US Dollar,4.4087,0,25,132198383145
ACC5600714,CUST001475,BR046,Business,CLOSED,,,260.43,$,0.8392,,0,818580219239
ACC8323750,CUST004082,BR032,Saving,open,20-07-03,28-08-2021,9332.22,,3.4525,,10,648577783460
ACC7781954,CUST001881,BR021,business,Closed,27/06/2010,,6729.5,,4.0676,100,15,188929290591
ACC1760384,CUST000485,BR012,Checking,Open,99/99/9999,,1508.92,$,1.7022,100,5,962127959724
ACC4949036,CUST002464,BR004,Business,Frozen,05-08-2006,,14526.45,EUR,5.3086,250,10,267580190063
ACC1642974,CUST002803,BR017,money mkt,ACTIVE,04/22/2000,,1358.36,EUR,3.3467,0,12,889971074922
ACC8884427,CUST002746,BR026,svgs,CLOSED,05/07/2015,,8803.9,GBP,2.1851,500,10,190401053786
ACC7341565,CUST000559,BR042,Savings,ACTIVE,24-03-2011,2021-05-28,8506.08,US Dollar,2.9227,0,5,699310989990
ACC2884783,CUST004947,BR024,Money Market,Open,"September 16, 2001",,5669.61,$,1.2382,1000,0,470302887807
ACC4051436,CUST003092,BR022,Saving Acct,Active,2014-06-18,,3315.6,GBP,0.1349,100,0,123515026241
ACC1493909,CUST002617,,Money Market,CLOSED,NULL,,511.35,USD,4.1333,250,10,709695100259
ACC6941412,,BR027,MONEY MARKET,Active,22-01-08,,3036.91,usd,3.6087,100,10,616970914636
ACC2375219,CUST002239,BR042,Savings,active,12-08-2007,"August 25, 2010",1765.17,USD ,0.0355,,0,625650512708
ACC5717859,CUST002991,BR015,CHK,CLOSED,"December 04, 2002",,6285.04,usd,5.0418,100,5,757012682200
ACC9168619,CUST002747,BR015,MONEY MARKET,Frozen,25-10-2018,,"5677,41",US Dollar,1.1667,250,5,769817748020
ACC6137929,CUST004150,BR023,Checking,Active,06/04/2003,,"$9,659.10",USD ,0.657,250,25,995764241517
ACC5733891,CUST002839,BR005,business acct,N/A,12-04-2003,,59.76,US Dollar,3.8493,1000,25,920530958147
ACC4433763,CUST004719,BR050,Savings,N/A,15-12-08,,USD 6624.09,EUR,4.7565,500,12,960192183623
ACC3127431,CUST002733,BR021,Money Market,closed,"October 11, 2010",05-03-2015,11152.41,,3.7924,,12,760176207086
ACC9441883,CUST000968,BR006,money mkt,CLOSED,2011-05-16,,,USD ,4.8516,,10,871170019445
ACC4831665,CUST003241,BR015,Business,ACTIVE,"June 30, 2009",,557.94,GBP,,100,15,072115682467
ACC7927022,CUST001017,BR015,Money Market,open,2018-06-29,,339.09,USD ,3.8279,,15,947207724009
ACC8194283,CUST004630,BR035,Biz,closed,"October 07, 2004",,,US Dollar,0.7458,1000,0,725487485862
ACC8155778,CUST003462,BR050,MM,Closed,26/05/2016,20-10-29,3963.47,USD,0.3143,1000,5,843531963483
ACC3661486,CUST001262,BR026,Money Market,open,05/27/2021,,3973.47,usd,4.0356,,5,121713795384
ACC4705187,CUST001206,BR022,CHK,Frozen,11-09-2005,,17344.76,GBP,1.0802,0,15,079208128678
ACC1976835,CUST002629,BR040,sav,ACTIVE,09/11/2014,,2030.28,USD,0.3926,0,10,822878943208
ACC2511924,CUST003839,BR005,Business,CLOSED,12/07/2023,,"$1,613.31",,3.0375,500,15,942102596147
ACC4969893,CUST001203,BR044,Business,Open,14-04-2020,,3917.19,USD,3.8304,500,12,598311395884
ACC3865886,CUST000464,BR034,Business,closed,12-10-18,,6985.81,US Dollar,0.0632,,25,195839044386
ACC7100996,CUST001584,BR004,Money Market,Inactive,30/10/2023,,11044.16,US Dollar,2.4567,0,0,236132939713
ACC8377263,CUST000477,BR036,Money Market,Closed,,,6500.73,EUR,3.9743,1000,10,426345233757
ACC6427702,CUST003423,BR042,Checking,Open,09-08-19,,2225.2,$,1.8886,500,5,128049289676
ACC3363600,CUST004768,BR015,Business,Suspended,08-09-2000,,4030.49,$,2.096,250,10,615954195886
ACC3353346,CUST004350,BR050,sav,closed,04/15/2007,2019-07-16,7760.09,US Dollar,5.1132,1000,10,913461115199
ACC2786983,CUST000012,,Savings,Inactive,04/05/2005,2020-07-17,2698.16,EUR,3.6552,250,12,294535174379
ACC3342312,CUST004563,BR018,Checking,Frozen,09-05-23,,976.89,,1.7365,250,0,634510763364
ACC7503547,CUST004342,BR022,Buisness,closed,2003-06-29,,743.99,$,5.0148,1000,0,853531082349
ACC7395859,CUST002638,BR039,Checking,closed,15-03-12,,0.63,$,2.6137,0,0,325679870963
ACC5585415,CUST004420,BR011,Savings,Inactive,"September 27, 2007",,5066.77,USD ,,0,5,286092071683
ACC2435864,CUST000291,BR002,Checkng,Inactive,2008-04-21,,471.07,EUR,5.1759,250,15,905408109045
ACC7765719,CUST002479,BR010,Checking,closed,19/06/2014,,1118.0,USD ,1.5582,,25,678338054359
ACC8478807,CUST002683,BR034,BUSINESS,Frozen,17/08/2021,08/22/2023,1414.58,US Dollar,0.5214,250,25,803333413769
ACC2834387,CUST002946,BR037,business acct,Open,12-05-2019,,3287.38,$,2.6944,500,15,249177535193
ACC9639530,CUST001102,BR031,Checking,CLOSED,10-09-28,,2029.71,USD ,2.0388,100,25,071365853742
ACC4680146,CUST001557,BR018,Savings,Open,05-02-2015,23-02-14,4491.71,GBP,2.596,,5,200279089049
ACC9748411,CUST003731,BR014,Money Market,Inactive,08-01-21,,228.99,USD,3.3157,,10,020741123698
ACC2385044,CUST001727,,Savings,closed,10/15/2003,,529.28,,4.6767,,25,339927837877
ACC9945561,CUST004155,BR048,Business,Suspended,11/29/2006,,2766.29,EUR,2.5707,1000,0,561308530748
ACC6142721,CUST003707,BR034,sav,N/A,00-04-25,,1643.71,,1.8296,100,5,019409863727
ACC4805666,CUST004177,BR001,Checking,active,99/99/9999,,1402.85,USD,4.502,500,10,682059341232
ACC9384684,CUST003673,BR005,Checking,Suspended,2003-12-16,,277.52,US Dollar,3.8171,1000,15,652089622629
ACC2866240,CUST002829,BR008,Savings,Suspended,,,9042.67,US Dollar,5.0131,500,0,294669665028
ACC7453507,CUST001766,BR040,Savings,closed,2022-08-01,,4708.27,US Dollar,2.1083,0,5,718946842949
ACC1053180,CUST000948,BR004,Checking,Open,NULL,,518.7,USD ,4.1409,250,15,874284609173
ACC8869748,CUST003335,BR023,Savings,Inactive,"September 04, 2023",,269.03,EUR,1.4973,250,10,770160546141
ACC5651905,CUST002479,BR026,Money Market,Closed,2014-03-12,,14735.17,GBP,2.5112,0,0,032873469821
ACC1283073,CUST000784,BR037,BUS,Open,12/12/2004,,4572.42,EUR,4.7221,250,0,513832822435
ACC7161120,CUST001731,BR044,Checking,ACTIVE,04-06-04,,2161.4,EUR,1.4199,500,5,235561002882
ACC3798105,CUST000577,BR017,Savings,Closed,04-01-30,,4839.04,GBP,2.9215,,15,179096958492
ACC4749350,CUST002659,,Money Market,N/A,09/04/2017,,"$5,647.79",GBP,1.2875,1000,25,979098718656
ACC4542989,CUST001715,,Money Market,ACTIVE,11-07-2011,,6055.82,USD,5.4233,500,25,089650235708
ACC9360002,CUST001507,BR024,Money Market,closed,16-11-2009,,2599.41,GBP,2.3384,100,15,591288308145
ACC2307422,CUST003877,BR037,Money Market,active,02-11-08,,2247.65,US Dollar,4.1588,1000,15,265873645818
ACC4935646,CUST003809,BR050,Money Market,Inactive,08/06/2007,,44.36,usd,2.1624,1000,0,950672974078
ACC2430336,CUST004189,,Business,closed,26/07/2010,,"$10,444.99",EUR,1.2872,100,10,996176833395
ACC5955787,CUST000366,,Business,Open,30-09-2022,,3698.38,$,4.7862,250,0,815990425704
ACC7211670,CUST000687,BR003,Savings,closed,10-10-02,,908.38,,,500,12,514363653778
ACC8797378,CUST003807,BR037,savings,ACTIVE,03/30/2020,,10083.13,USD ,1.6168,100,0,674100551465
ACC3339975,CUST001087,BR046,Savngs,Open,2023-06-24,,9857.21,USD ,1.9032,1000,12,099253815902
ACC1164856,CUST002473,BR037,Checking,Frozen,02-01-08,,18106.98,EUR,4.0475,1000,25,577537286893
ACC9784340,CUST003021,BR005,Savings,Suspended,15-09-2019,,8287.69,,4.4556,1000,25,984840701805
ACC5814801,CUST004098,BR028,BUSINESS,Closed,01/11/2000,,24448.91,USD ,,250,0,123650535463
ACC3298570,CUST004869,BR027,Savings,Suspended,13-03-07,,"$1,122.49",US Dollar,5.1518,,15,641497211917
ACC7032836,CUST000519,BR044,Business,closed,23-11-2013,,7386.96,,1.3459,500,0,876480795457
ACC8396978,CUST002327,BR050,Money Market,Suspended,99/99/9999,,6927.06,$,,0,10,780125169138
ACC1934727,CUST002104,BR033,Money Market,Frozen,"December 07, 2003",,1050.35,USD,4.8257,250,0,626327903304
ACC2738482,CUST002478,BR008,Checking,Inactive,21-12-07,,414.5,GBP,4.8557,100,0,904000726729
ACC6395278,CUST002529,BR040,money mkt,CLOSED,"July 20, 2002",,15533.84,USD,0.7652,0,5,230738226770
ACC5232707,CUST003121,BR036,Current Acct,active,01-12-2015,11/30/2021,1404.05,USD ,1.7925,250,25,858791585614
ACC8062157,CUST002108,BR027,Business,open,09/26/2016,,,usd,,500,10,763032804561
ACC6629498,CUST000010,,Money Market,N/A,21/05/2004,,16.54,usd,0.686,"$1,000.00",12,900385479499
ACC6920787,CUST004466,BR017,Money Market,closed,"October 11, 2008",,85.0,,0.7263,1000,0,837525084121
ACC9173536,CUST004951,BR042,savings,Active,"August 06, 2001",,"2508,47",USD ,2.1632,250,12,127345909557
ACC7121599,CUST003273,BR028,Biz,Frozen,"September 20, 2012",,1090.99,USD ,5.0614,0,5,212943895580
ACC9423997,CUST001153,BR028,Savings,Open,16-12-05,,4682.68,USD,1.9369,250,5,567427043798
ACC9732740,CUST000658,BR024,Savngs,open,19-04-2011,19-07-14,,GBP,,250,12,073946480724
ACC3160694,CUST000384,BR015,Business,Closed,04-10-2023,,322.61,GBP,4.5082,"$1,000.00",0,296499679416
ACC1765413,CUST002856,BR002,Saving,Closed,12/04/2020,,709.95,,,1000,0,312360669417
ACC2623815,CUST002695,BR022,Money Market,Frozen,2012-01-26,,1964.41,USD ,5.0353,1000,15,259838124777
ACC9944613,CUST004089,BR027,Money Market,N/A,31/08/2022,,821.23,,0.9888,,25,813266676925
ACC3945769,CUST001083,,Savings,Open,06-06-2021,,6285.15,USD ,3.3923,250,5,890233592724
ACC1825185,CUST004103,BR004,business,Closed,"March 31, 2020",,2151.9,usd,3.1905,0,10,113385684706
ACC2673044,CUST004913,BR002,Savings,Inactive,"January 19, 2010",,USD 392.36,USD ,2.5369,500,0,740416888729
ACC4504771,CUST004249,,Savings,open,14-09-2018,,2649.25,US Dollar,2.3226,"$1,000.00",5,083429412903
ACC7547343,CUST000759,BR014,Buisness,Open,"October 27, 2001",,USD 380.93,GBP,3.7739,1000,0,945434222179
ACC9944246,CUST001753,BR033,MONEY MARKET,open,13-03-2008,,552.17,EUR,3.497,500,25,415826617119
ACC5971656,CUST003818,BR036,CHECKING,Closed,05/27/2011,,1095.69,EUR,2.114,100,10,806451982483
ACC4393262,CUST003673,BR027,sav,Closed,07/07/2008,,7850.98,GBP,3.8418,500,25,540898711554
ACC8671039,CUST003985,,SAV,Active,"January 18, 2020",,10340.46,usd,3.7137,250,5,281185250277
ACC2125925,CUST002997,BR018,Money Market,Inactive,"February 17, 2018",,7000.73,US Dollar,4.6215,1000,15,867455221336
ACC4952512,CUST003335,BR003,Money Mkt,open,07-10-07,,1626.33,$,0.1678,0,12,992366277657
ACC7658601,CUST000165,BR049,Business,Active,99/99/9999,,"$1,272.27",USD ,2.5853,0,25,461931046149
ACC6034930,CUST002822,BR030,Savings,Frozen,,,"$3,186.53",USD ,3.7134,100,12,648556114530
ACC6614303,CUST002337,BR050,Checking,active,NULL,,5118.42,US Dollar,4.9908,250,5,708604934223
ACC1063849,CUST004730,BR031,Checkng,active,20/08/2012,,20066.28,$,4.6757,500,12,299765736703
ACC1802399,CUST000004,BR040,Money Market,Frozen,06/19/2021,,564.28,EUR,3.9277,500,5,778769800899
ACC9533266,CUST002726,BR019,Checking,Closed,2021-01-24,,202.19,USD ,0.6836,500,12,376245755978
ACC6838451,CUST003039,BR050,MM,closed,2001-06-18,,USD 4741.34,GBP,0.2459,100,15,998200458392
ACC2204634,CUST004932,BR024,MoneyMarket,Open,12/18/2014,17-10-10,7140.54,USD ,2.6902,1000,15,236097373671
ACC1989975,CUST000768,,business acct,closed,05/05/2019,,7492.28,$,3.9746,$500.00,5,552522944210
ACC2592071,CUST001881,BR002,chk,Closed,2000-03-01,,4538.58,USD,4.1659,0,15,572156284433
ACC8661432,CUST004515,BR005,Checkng,Inactive,22-11-19,,12317.83,USD ,4.7432,500,15,191998711005
ACC7865335,CUST003333,BR021,Savings,CLOSED,19-01-22,,2861.61,,3.333,100,15,659733969261
ACC9538719,CUST003149,BR013,Savings,ACTIVE,09-08-20,,9805.03,GBP,4.2878,,0,905114037366
ACC5887665,CUST001468,BR026,money mkt,closed,19-09-24,,13744.66,$,2.4877,100,5,796599597150
ACC4791240,CUST000608,BR025,Biz,closed,,,"$7,513.39",USD,4.2683,,0,493780935562
ACC4585699,CUST002876,BR042,Savings,active,99/99/9999,"February 14, 2010",1482.86,USD ,1.4464,1000,25,661917160116
ACC8451737,CUST003177,BR030,checking,Closed,2005-11-04,,,USD,1.5697,1000,5,969466680147
ACC6159128,CUST002548,BR041,Savings,Suspended,"July 10, 2022",,3177.36,USD,1.7796,USD 0.00,15,898973430340
ACC8722140,CUST000646,BR034,Checking,Suspended,20-05-28,,2413.33,,1.3877,500,12,470910341676
ACC3559334,CUST002655,BR050,BUSINESS,Closed,19/04/2021,,8407.02,EUR,1.3147,500,0,926384609504
ACC2081289,CUST001546,BR046,Savngs,Inactive,NULL,,421.58,$,5.1103,250,12,143752622265
ACC4502997,CUST002419,BR022,Checking,Open,"July 03, 2011",,1192.22,USD,,$0.00,0,168605303997
ACC9902338,CUST004289,BR035,Checking,Open,04-08-2007,,5574.06,GBP,4.5821,,12,355580180318
ACC9533359,CUST000329,BR049,Savngs,closed,2011-05-18,,399.22,US Dollar,0.6256,0,25,598625607237
ACC2983771,CUST004771,BR017,Checking,Inactive,10/06/2012,,"$1,547.15",usd,2.2395,250,10,873941467695
ACC6032986,CUST004174,BR022,Checking,closed,25-06-2008,,1958.58,usd,2.7068,USD 0.00,5,599459552148
ACC8284790,CUST002813,BR030,sav,N/A,03-03-07,,3897.73,USD ,3.935,0,12,538658920585
ACC9888981,CUST004065,BR045,business,active,99/99/9999,,688.53,$,3.8183,500,12,307068560671
ACC4046339,CUST001537,BR002,Checking,active,09/14/2017,21-04-27,7881.76,US Dollar,1.3951,25000,0,952201122841
ACC3256053,CUST002433,BR050,Business,N/A,08/17/2017,,2373.51,$,2.6185,USD 250.00,15,182656388155
ACC4576193,CUST002082,BR036,check,Inactive,01/29/2011,,9956.71,,,$0.00,25,334468504356
ACC6190813,CUST003831,BR042,Saving Acct,N/A,"November 18, 2006",,2523.47,USD ,5.3493,100,0,172749731236
ACC5327140,CUST001523,BR006,Money Market,open,00-09-10,,USD 1286.56,USD ,5.282,500,5,707146152446
ACC8164857,CUST003877,BR028,money mkt,ACTIVE,04/07/2002,,611.81,usd,3.0476,,25,980873147059
ACC1723767,CUST000789,BR047,Checking,Active,21-05-26,,15.01,usd,0.2876,USD 100.00,12,841459163531
ACC4169669,,,Business,Frozen,2023-02-24,23-05-25,3038.49,US Dollar,1.8226,500,12,878697602663
ACC7250945,CUST004721,BR016,Savings,ACTIVE,2022-09-27,,453.38,,2.1916,100,15,767194397734
ACC1845396,CUST003082,BR013,Savings,Suspended,"December 10, 2001",,1988.53,,2.5858,,10,323069486479
ACC8916496,CUST003206,,Savings,N/A,05-03-2010,,3559.29,$,5.1073,,12,070282054126
ACC8053962,CUST000478,BR047,business acct,Open,"October 09, 2021",05-08-2023,1290.12,$,1.9144,100,0,478555046704
ACC9525246,CUST003330,BR005,Checking,closed,2000-07-26,,770.58,US Dollar,5.3608,,10,351972992799
ACC6104866,CUST000343,BR031,Business,closed,04/13/2000,,5961.67,US Dollar,2.3739,1000,0,766605126423
ACC9385481,CUST002152,BR031,money market,active,07-08-29,,11734.12,$,1.4424,1000,5,654176698773
ACC4589678,CUST002228,BR043,Business,ACTIVE,20-07-21,,423.4,US Dollar,4.22,0,5,314070982350
ACC8995846,CUST001662,BR007,MONEY MARKET,Active,18-12-2003,,,EUR,5.1697,250,25,479685581895
ACC3586850,CUST000570,BR008,Saving Acct,Open,"March 29, 2005",,12876.77,USD ,4.3705,0,5,357106987493
ACC8814268,CUST004755,BR034,Biz,Open,09-01-27,,154.07,USD,3.9449,USD 250.00,0,055861166714
ACC1164198,CUST001397,,MONEY MARKET,ACTIVE,29/08/2020,,15200.56,$,0.5736,250,0,634960172231
ACC4100581,CUST002939,BR013,checking,Suspended,06/24/2011,,18.62,US Dollar,1.2339,1000,10,266913917096
ACC7094950,CUST004517,BR003,Checking,Frozen,2018-12-29,,8275.39,EUR,5.2571,250,15,476428972601
ACC9140127,CUST000191,BR005,CHECKING,Open,"July 18, 2008",,1468.78,USD,4.0662,100,25,410022129940
ACC8290358,CUST003809,BR007,Money Mkt,active,04/12/2016,06/01/2020,11160.66,EUR,4.7084,500,15,823758911907
ACC3602895,CUST004125,,Checking,Frozen,05/10/2000,,1524.72,EUR,2.8598,0,25,768368451206
ACC9011200,CUST003024,BR049,Checking,Inactive,2016-03-27,,4248.81,USD,0.9442,500,10,423755842999
ACC7836382,CUST002023,BR009,Buisness,Inactive,13-12-2023,,333.67,$,1.3954,,12,066024209202
ACC9686763,CUST002936,BR029,Savings,Suspended,99/99/9999,,1110.03,EUR,1.7281,"$1,000.00",0,885497486631
ACC8124334,CUST001729,BR006,CHK,ACTIVE,28/02/2008,,5943.21,EUR,3.7384,100,12,442861861253
ACC9597456,CUST000753,BR037,Chequing,open,2010-10-18,30-07-2021,3008.92,$,1.8858,0,15,097890708284
ACC4004114,CUST000347,BR033,MoneyMarket,closed,03/07/2003,,"$10,522.64",USD,3.0579,1000,15,134286612856
ACC6655431,CUST004868,BR011,Biz,Suspended,04/28/2018,,2239.72,usd,5.2499,0,0,564908181572
ACC9737944,CUST004620,BR005,money mkt,active,06-08-10,,815511.0,,5.0746,100,12,746815274806
ACC9807151,,BR040,Savings,Inactive,"April 20, 2008",,2383.76,,2.8283,100,15,663815976099
ACC2102195,CUST000756,BR029,Business,ACTIVE,11-10-22,,15500.5,GBP,2.1022,,10,252917359596
ACC3609719,CUST001142,BR028,MONEY MARKET,Frozen,07-10-2022,,"$12,858.98",USD ,3.2051,0,12,794451468970
ACC3855253,CUST000343,BR044,Savings,Inactive,30-04-2022,,1596.76,US Dollar,3.3672,0,12,201311912123
ACC1665098,CUST004510,BR023,Money Market,Inactive,13-12-19,,8683.55,US Dollar,1.6365,500,12,491904285462
ACC8558987,CUST002773,BR003,MM,closed,30-12-2011,,7525.29,USD,0.4208,1000,0,264884750478
ACC7861925,CUST000995,BR047,sav,Inactive,08/10/2008,,946.34,EUR,2.9844,1000,0,160753547866
ACC1359673,CUST000462,BR038,MM,Inactive,NULL,,3915.76,EUR,3.5241,250,25,037354092918
ACC5957424,CUST002560,BR027,Savings,closed,2008-04-17,,301.84,EUR,5.4918,1000,5,910633727397
ACC7368909,CUST004566,BR008,Money Market,open,,,7248.93,EUR,2.1688,0,5,496023744818
ACC1722228,CUST004678,BR011,Business,CLOSED,11/13/2016,04/20/2018,767.29,,2.5176,100,15,561678394282
ACC4107235,CUST004978,BR040,Saving Acct,CLOSED,"April 13, 2014",,29379.000000000004,EUR,2.1845,250,25,649877109897
ACC6290478,CUST003692,BR021,CHECKING,Suspended,"December 06, 2017",,2044.76,,4.8781,0,10,265835846123
ACC5140049,CUST002800,BR046,Business,N/A,12/04/2009,13-12-2011,3440.8,US Dollar,0.3117,500,10,357115857488
ACC2848968,CUST004871,BR036,BUS,Inactive,13/05/2021,,7721.8,GBP,3.8851,500,25,334406983870
ACC6534402,CUST002972,BR045,Savings,Inactive,15-03-18,,14636.12,US Dollar,2.0431,1000,25,071828352535
ACC5271630,CUST003522,BR032,Savings,ACTIVE,2021-01-22,,2315.65,US Dollar,4.7758,500,10,925825882792
ACC3570746,CUST004142,BR044,Money Market,open,12-01-05,,USD 249.40,GBP,2.7582,1000,25,004802538305
ACC4878755,CUST002743,BR019,Savings,Suspended,21-10-2022,,5531.05,USD,2.5577,,25,101069706284
ACC1604909,CUST004999,BR036,Business,ACTIVE,23-04-27,,3331.23,EUR,2.7349,100,15,107289278185
ACC3955616,CUST002366,BR025,Saving,open,,,2376.04,usd,2.9506,500,25,462587227256
ACC8968409,CUST002752,BR007,Money Market,Inactive,29/03/2014,,1480.02,USD,2.2789,500,0,928220768744
ACC5227092,CUST000996,BR043,Savings,Closed,11/11/2016,,"$2,791.82",EUR,2.0168,0,0,548047916906
ACC5454749,CUST002078,BR024,Checkng,active,25-03-2003,,1654.07,$,5.1362,USD 250.00,15,190982631927
ACC7692859,CUST000314,BR025,savings,Open,21/12/2018,,5658.97,USD ,5.4217,1000,0,230743822556
ACC6131130,CUST003536,BR027,Money Mkt,Closed,"September 22, 2010",14-12-19,3140.12,USD ,5.1873,1000,15,238281419198
ACC4582559,CUST003882,BR045,business,ACTIVE,03/10/2013,,8377.34,usd,0.5805,250,25,806520490161
ACC7930739,CUST000606,BR043,Chequing,Active,07/23/2001,11-10-06,3137.05,USD,0.954,100,0,175115184492
ACC5778374,CUST000451,BR039,CHECKING,Inactive,10/17/2013,"July 29, 2023",1088.61,USD ,1.4001,250,12,605822060039
ACC7453140,CUST001160,BR033,MONEY MARKET,CLOSED,"June 20, 2013",,,EUR,5.371,,12,831200301215
ACC2177101,CUST000412,BR003,sav,Active,03-01-03,,3258.72,US Dollar,3.5074,100,5,921639618327
ACC8891619,CUST001441,BR023,Business,active,05-04-24,,926.93,$,2.0224,,5,703694057299
ACC6959618,CUST000591,BR035,BUSINESS,open,2004-01-21,,3907.43,US Dollar,5.2469,100,15,576668832236
ACC2825195,CUST000934,BR028,Checking,open,20-02-10,,"1770,9",EUR,0.708,500,25,512976093166
ACC2286092,CUST000680,BR003,Business,Open,05/06/2017,,USD 7442.01,USD ,0.2411,250,12,604675685420
ACC7710531,CUST001706,BR012,Savings,Open,99/99/9999,,2415.42,usd,1.388,500,10,222122269024
ACC9347362,CUST001904,BR013,MONEY MARKET,Closed,06-11-2021,,5184.96,US Dollar,5.3318,100,10,337324358317
ACC2422107,CUST004495,BR042,Money Market,Open,99/99/9999,,,USD ,2.6018,250,0,040553720450
ACC6794959,CUST001502,BR022,money market,closed,01/06/2004,,2016.89,US Dollar,1.2504,0,12,396534613321
ACC1292712,CUST000373,BR043,CHK,Open,13-10-13,,16355.38,,4.3825,250,12,002711612257
ACC2775019,CUST002827,BR019,business,Inactive,15-09-2009,,6610.64,$,2.3158,100,10,263638439675
ACC9921110,CUST001434,BR034,MoneyMarket,Closed,09/07/2005,,697.13,$,4.766,250,5,056918843166
ACC2385691,CUST004203,BR010,SAV,Suspended,05/03/2003,,1301.61,EUR,1.5924,,25,385400994359
ACC1237408,CUST004109,BR026,Checking,Open,2008-11-03,,1600.81,USD ,4.2311,0,12,914450808685
ACC6738662,CUST003673,BR016,Business,Open,"August 23, 2017",,4203.47,GBP,2.6505,250,25,448649049293
ACC5989812,CUST001083,BR023,Checking,Active,01/31/2013,,5658.69,USD ,1.0262,,25,743924361764
ACC6292132,CUST004244,BR007,Saving,Active,05-02-2019,,5537.61,,4.4121,100,25,280700628248
ACC7528883,CUST002725,BR009,business acct,CLOSED,02-06-2007,,2852.37,GBP,4.9615,,0,791565591994
ACC5175853,CUST003020,BR009,MONEY MARKET,open,2021-12-05,04/28/2023,6660.24,USD,,100,15,543462860802
ACC6988100,CUST002789,BR050,check,active,"June 29, 2022",,2298.46,USD ,,,10,926408659779
ACC1099860,,BR024,BUSINESS,open,06/09/2002,,529.01,EUR,1.1099,500,12,997895754104
ACC4793191,CUST001281,BR009,business,active,29-10-2003,,3324.51,US Dollar,2.3266,250,0,544361120460
ACC8736043,CUST004005,BR009,Money Market,Inactive,29/05/2021,,12171.41,GBP,0.4626,1000,0,015631361277
ACC5103436,CUST003163,BR011,MoneyMarket,Open,99/99/9999,,6300.02,US Dollar,3.3302,250,0,339453125776
ACC9091762,CUST003936,BR018,Checking,Open,24/12/2005,,3457.65,,1.497,500,0,665753718939
ACC1494585,CUST001517,BR049,Savings,open,07-12-18,,4162.95,USD ,4.4777,250,25,232927014419
ACC2755771,CUST000565,BR032,BUS,Suspended,13-05-2020,,10669.29,usd,2.6663,,0,456501577034
ACC2500721,CUST002615,BR044,Business,closed,04/03/2003,,2236.86,GBP,1.9594,250,10,477029401228
ACC4267148,CUST003536,BR008,Business,Active,00-01-05,,"$1,610.24",GBP,5.0501,0,5,731390121548
ACC2586638,CUST004475,BR020,Savings,open,"August 30, 2019",,15131.28,USD ,1.258,500,12,157611388224
ACC8206879,CUST000603,BR004,MoneyMarket,open,08-02-23,10/12/2018,7964.06,EUR,4.6219,USD 500.00,5,030885123000
ACC6908754,CUST000794,BR050,Buisness,closed,14/02/2002,11-01-11,1560.59,USD ,4.8863,250,15,610103803268
ACC8953978,CUST003477,BR049,Business,Frozen,26/06/2013,,2492.85,USD,1.6187,$500.00,15,187872198405
ACC8460335,CUST004453,BR015,Buisness,N/A,07-01-31,,2145.11,USD,4.9746,1000,25,698577151541
ACC2628900,CUST001090,BR020,SAVINGS,Closed,07/04/2002,,645.82,USD ,4.893,,0,821738895855
ACC9092145,CUST000894,BR044,Money Market,Suspended,31/10/2009,,12663.17,USD,5.2601,0,12,851369284374
ACC1612707,CUST000201,BR006,money market,Inactive,"September 24, 2000",,2072.16,usd,1.5164,0,0,379009455636
ACC5080308,CUST004555,BR016,Savings,Active,15-10-2007,,,EUR,0.6673,500,25,524437239350
ACC1718282,CUST004464,BR047,Checking,active,2021-09-28,,839.71,usd,0.3988,,10,496769760752
ACC5146733,CUST002662,BR048,Business,ACTIVE,"February 17, 2016",,3175.15,usd,1.464,500,25,795049238621
ACC7406966,,BR018,money market,active,"December 30, 2017",,97.01,EUR,0.4443,,25,764334803294
ACC1871849,CUST004958,BR008,business acct,Suspended,10/02/2002,,,EUR,5.4008,250,25,215365771888
ACC3051069,CUST004871,BR031,Buisness,Active,27-04-2014,,3478.72,US Dollar,4.9641,250,5,742519785000
ACC1912446,CUST001965,BR008,Current Acct,ACTIVE,2002-11-27,09/15/2022,3929.61,US Dollar,0.1974,1000,25,554481567641
ACC9956060,CUST002830,BR018,Checking,Active,"February 16, 2021",,212.43,US Dollar,3.0456,,15,595172578668
ACC7152530,CUST002548,BR008,sav,Open,14/08/2000,,USD 948.15,US Dollar,1.2078,500,12,721747177167
ACC4970655,CUST002135,BR045,Savings,Closed,02/12/2004,,308.95,,0.6894,100,0,667453121221
ACC8958210,CUST003899,BR003,Checking,closed,13-08-05,,1363.85,$,0.3624,500,5,485309863094
ACC4921392,CUST001035,BR025,Current Acct,Closed,19-05-05,,3949.42,GBP,0.3532,100,12,697434315020
ACC9164965,CUST001831,BR033,Savings,Inactive,NULL,,3340.56,usd,,0,0,258539049338
ACC3687384,CUST000885,BR027,MONEY MARKET,Active,12/02/2015,,3788.54,US Dollar,0.4372,1000,15,594971158254
ACC9874463,CUST000716,BR043,Checking,Closed,99/99/9999,,3187.38,USD,0.861,0,25,597245410566
ACC6911357,CUST001549,BR025,Checking,CLOSED,99/99/9999,,1275.47,,3.7667,500,5,244545245204
ACC4847997,CUST001099,BR028,Money Market,CLOSED,"April 06, 2022",13-05-2022,,$,2.6118,250,15,052480758359
ACC9921752,CUST002025,BR029,Business,Suspended,2000-03-27,,589.64,$,1.3911,500,25,095717100330
ACC4416851,CUST000595,BR004,Money Market,active,,,7563.78,GBP,2.5416,500,5,494308229059
ACC7067470,CUST003357,BR044,chk,Open,17/12/2000,,3833.45,usd,,500,0,043033002639
ACC7781294,CUST000324,BR050,Current Acct,Suspended,23-02-2004,,825.69,usd,2.9437,,5,978725112374
ACC6950037,CUST004461,,Money Market,CLOSED,02/18/2017,,780.21,GBP,4.3002,250,15,076357315509
ACC1119499,CUST003641,BR036,Business,closed,,,8255.39,US Dollar,1.3149,0,0,765578597782
ACC3651386,CUST004747,BR034,Business,open,99/99/9999,12/24/2019,5430.53,USD,4.1711,250,12,750162988909
ACC6350096,CUST003577,BR048,Checking,open,2022-11-27,,4308.18,,3.3245,100,25,569586048668
ACC3205390,CUST003933,BR031,chk,N/A,25/04/2011,,2089.33,GBP,5.475,1000,10,326549540492
ACC7166525,CUST002003,BR050,Checking,Suspended,28-01-2011,,USD 1215.11,USD ,,,0,892386190627
ACC1127450,CUST002814,BR018,Savings,Suspended,"March 15, 2002",,15539.73,GBP,4.8391,0,15,827335057894
ACC5535526,,BR046,Savings,Open,2008-05-27,,6382.92,USD ,0.6106,USD 250.00,10,163967546706
ACC7347450,CUST003729,BR044,Money Market,Frozen,2021-10-29,,1436.88,USD,5.4093,,0,371054622201
ACC4459465,CUST003565,BR047,Savings,closed,99/99/9999,,7524.06,USD ,0.9216,0,25,710648737036
ACC1972927,CUST001311,BR015,business,Frozen,2022-12-11,,5690.7,EUR,0.9596,100,0,732427246176
ACC8092992,CUST004070,BR036,money mkt,Active,02-07-12,,1410.05,,2.8857,100,10,262376597470
ACC7192030,CUST000628,BR033,BUSINESS,Inactive,05/04/2019,,2224.36,,1.8732,100,25,858832768090
ACC6699796,CUST003957,BR041,CHECKING,Open,22-04-2008,,822.95,$,5.1232,500,0,587948567428
ACC9820197,CUST004277,BR010,Checking,Frozen,19-06-09,,470.87,$,3.7574,100,15,796892855646
ACC4469125,CUST000548,BR048,Business,closed,05/10/2022,27-03-2023,5131.52,$,1.6526,250,12,875441215228
ACC1937079,CUST002450,BR028,Business,Inactive,"May 12, 2014",,1245.23,GBP,2.9026,,25,846847459637
ACC6821149,CUST003841,BR034,Checking,CLOSED,04/11/2013,,6860.51,usd,5.4032,,12,257057013965
ACC4705627,CUST003855,BR012,SAV,Closed,09/04/2023,,-21712.53,USD ,0.8368,0,5,196943099052
ACC2446091,CUST002140,BR040,Business,Active,11/08/2016,,318.86,,2.6017,100,10,509946234379
ACC9140468,CUST000011,BR031,Money Market,ACTIVE,26/08/2010,,2562.49,$,1.0417,250,12,889987573628
ACC2795079,CUST003770,BR026,Savings,Closed,16-11-28,,6479.22,USD,4.9038,$250.00,10,398042680261
ACC3569086,CUST001055,BR046,Savings,Frozen,2006-10-03,,6222.66,US Dollar,1.9492,250,12,042741705738
ACC2370617,CUST004280,BR043,Money Market,N/A,20-11-2019,,5708.42,GBP,0.3289,250,12,391833788954
ACC7456887,CUST003567,BR035,Money Market,Inactive,12/08/2009,99/99/9999,1716.95,EUR,0.4259,1000,0,114250316446
ACC7403600,CUST000257,BR005,business,Frozen,17-10-25,,"$2,419.47",USD ,4.1425,250,15,731494076547
ACC8593715,CUST002606,BR046,Checking,N/A,12-06-25,,"$3,615.16",USD,0.7966,,10,342183337189
ACC5268670,CUST002635,BR020,Savings,Frozen,2000-07-12,,14589.5,USD,5.4847,250,15,375996105112
ACC6649098,CUST001106,BR031,Savings,N/A,23-03-08,2023-09-23,1587.29,USD ,3.9404,500,15,041463222546
ACC8027903,CUST002925,BR050,Checking,active,2003-10-11,,10263.28,US Dollar,1.2239,,12,854857905877
ACC9115553,CUST002844,BR046,Business,open,,,1255.32,$,1.7835,,15,643034403512
ACC4726938,CUST003415,BR011,Checkng,N/A,"March 28, 2007",,,US Dollar,2.8022,250,25,197047722176
ACC6420700,CUST000423,BR030,Money Market,Open,11-12-2007,,4437.85,USD ,0.0308,250,12,761531395693
ACC8676638,CUST002339,BR029,Savings,closed,2015-08-18,22-12-2016,"$2,490.84",$,5.3653,250,12,756649279890
ACC5135227,CUST000877,BR017,Money Market,Suspended,11-09-2008,,"$3,801.36",,4.7915,0,15,222840925135
ACC8677232,CUST003671,BR011,checking,Inactive,99/99/9999,"August 19, 2023",1272.74,,0.7689,,25,926163968472
ACC1319699,CUST000329,BR025,Business,Frozen,"March 18, 2006",,1281.78,,4.5307,250,0,457643382543
ACC3452970,CUST003250,BR050,Money Mkt,N/A,06/11/2000,,482.14,usd,1.8652,,12,278702854630
ACC2200446,CUST004819,,money mkt,Open,2002-01-26,,484.38,usd,1.6956,1000,10,179856847858
ACC1100544,CUST000777,BR007,Money Market,open,12/20/2006,,1708.83,usd,1.2198,1000,5,781718954886
ACC6322156,CUST001790,BR049,Savings,Suspended,"July 28, 2010",,5756.34,usd,1.5467,1000,10,778419887097
ACC5485599,CUST002889,BR005,check,N/A,"April 14, 2011",,3745.68,US Dollar,2.5469,USD 0.00,10,294951084927
ACC3633961,CUST003118,BR004,Business,open,11/10/2016,"April 09, 2019",432.95,$,2.0137,,10,615230720190
ACC8634988,CUST002218,BR025,Money Market,Open,09/19/2016,,"7648,57",GBP,0.2665,250,12,294561070478
ACC7636321,CUST003028,BR013,Saving Acct,CLOSED,"April 19, 2015",,3678.86,USD ,1.2134,100,12,985146217264
ACC6589811,CUST001016,BR048,business,active,02-10-17,,12961.99,,0.6303,250,0,255476955646
ACC9792259,CUST002589,BR043,Savings,Open,04/07/2010,"September 06, 2010",4436.9,,1.883,100,25,787873225538
ACC3144555,CUST004969,,BUSINESS,closed,17-11-2007,,770.34,USD ,0.808,250,25,019177002806
ACC1214562,CUST003861,BR007,Saving,Frozen,25/08/2023,,"$2,568.17",USD ,1.9616,,25,879550133721
ACC8549225,CUST003147,,chk,CLOSED,"December 09, 2019",,4182.15,US Dollar,3.9461,0,0,813346618439
ACC7215677,CUST003564,BR045,Buisness,active,13-11-2011,,114.69,USD,1.3854,1000,10,337302922319
ACC8026520,CUST000955,BR033,CHECKING,open,2006-04-09,,60.09,$,5.145,500,15,408323899421
ACC6344290,CUST004090,BR015,BUS,Active,02/04/2022,02/02/2023,554.3,USD,0.1052,0,10,028815150499
ACC8835218,CUST001627,BR044,Money Market,ACTIVE,2020-01-10,,,EUR,0.2479,0,0,894043103355
ACC3089303,CUST002975,BR019,CHECKING,Frozen,19/07/2019,,2245.31,USD,4.1728,1000,10,924448591346
ACC4133696,CUST000251,BR030,CHK,closed,"May 19, 2022",,2673.35,,2.4597,100,25,751658053405
ACC2442821,CUST004206,BR031,MONEY MARKET,open,"April 26, 2007",,594.13,US Dollar,1.9188,USD 500.00,12,048872816781
ACC4105208,,BR007,Checking,Frozen,NULL,,4475.97,GBP,2.3486,,25,538035803653
ACC1335382,CUST004879,BR029,Checking,Frozen,2019-06-10,,3626.73,USD ,3.9365,,25,478796140212
ACC2505734,CUST004933,BR032,Saving,Suspended,22-07-2006,,1395.19,US Dollar,3.7202,0,15,447106716354
ACC8180670,CUST002306,BR035,SAVINGS,Active,11/01/2001,,55.02,,2.5044,1000,5,056377804437
ACC8575131,CUST002996,BR043,Checking,Inactive,16-07-07,,323.31,$,0.6451,,12,369506589210
ACC4564608,CUST002477,BR049,Chequing,N/A,"February 09, 2002",,1988.31,USD ,1.8048,,10,855857597104
ACC1606220,CUST000240,BR034,Savings,CLOSED,22-04-03,,668.82,USD,5.2661,1000,12,656037811925
ACC8223460,CUST004442,BR026,Savings,Active,"May 19, 2014",,1891.68,USD ,0.1034,500,15,602011374335
ACC7247459,CUST000848,BR006,Savings,Frozen,24/01/2022,,3957.41,usd,5.262,,0,645399604994
ACC2008660,CUST003450,BR048,Money Market,Active,NULL,,316955.0,$,0.764,1000,10,671783735746
ACC9006271,CUST000540,BR007,Money Market,Closed,02-12-08,08/11/2003,1051.57,USD,4.3962,250,10,459503499492
ACC8920094,CUST003077,BR044,Checking,active,,,1685.3,,0.1941,0,25,401999944344
ACC3385511,CUST000161,BR009,MONEY MARKET,Inactive,16/11/2022,,3807.99,EUR,1.187,,15,174356690990
ACC3458642,CUST004376,BR007,Money Market,Suspended,"May 12, 2015",,7888.96,USD ,3.2508,0,5,913497087826
ACC5955494,CUST001386,BR036,BUSINESS,Frozen,05-01-16,,5596.93,USD ,4.308,500,5,807356738623
ACC4374109,CUST004419,,Business,CLOSED,07-11-16,,3224.37,$,4.1698,0,0,144631035491
ACC5898802,CUST000665,BR024,BUS,ACTIVE,13-03-01,,1799.51,US Dollar,5.2059,250,10,881033041352
ACC7965717,CUST004899,BR017,svgs,Inactive,"November 06, 2003",,1816.84,$,5.3444,1000,0,347941119025
ACC9858457,CUST004432,BR008,Money Market,ACTIVE,2011-10-31,,8461.68,US Dollar,2.9508,100,15,069954394775
ACC1079775,CUST002593,BR003,business,ACTIVE,2007-06-07,,160.14,,1.6122,500,0,087771969462
ACC9778701,CUST000393,BR033,BUS,Open,2010-09-02,,17685.61,$,0.3633,1000,0,102575414408
ACC2315926,CUST001915,BR019,Money Market,Closed,05/29/2007,,4367.05,US Dollar,5.4406,250,5,693124672870
ACC6264237,CUST001235,BR017,Checking,ACTIVE,2021-02-16,30/05/2021,4571.98,usd,3.0746,USD 0.00,12,222922023636
ACC3381320,CUST000031,BR049,Saving Acct,Frozen,,,154.95,usd,1.841,25000,0,343948252877
ACC1052567,CUST001728,BR024,MONEY MARKET,N/A,2003-02-25,,3720.84,EUR,2.2406,$250.00,0,994970201769
ACC4712718,CUST001613,BR037,BUS,active,2012-12-13,,2652.63,USD,,500,5,877497695163
ACC2225932,CUST004989,BR014,business,Suspended,"February 12, 2023",,447.21,USD,1.5878,0,0,114176782065
ACC8964401,CUST000916,BR045,SAV,Open,2021-04-03,,1302.49,USD,4.4049,500,10,622657591656
ACC7399691,CUST001065,BR040,Savings,Closed,"August 28, 2007",,USD 8840.55,USD,2.7906,100,0,403294774781
ACC3702763,CUST000417,BR012,Saving Acct,open,14/01/2018,,3193.93,EUR,0.8411,,12,116756786949
ACC9477074,CUST004999,BR033,SAV,ACTIVE,07/25/2009,,2133.76,US Dollar,2.8099,100,15,126369255028
ACC3844329,CUST000629,BR022,Biz,Closed,09/25/2003,06/14/2011,301.84,GBP,0.7769,,10,100222750915
ACC9309053,CUST000219,BR033,Checking,Frozen,11-01-29,,USD 5008.75,$,1.5628,500,0,131155372050
ACC8444083,CUST002335,BR018,Business,N/A,28/04/2000,,4854.08,US Dollar,2.5111,$250.00,25,458273622669
ACC5279166,CUST004768,BR042,CHK,Inactive,20-05-16,,3808.12,USD,,500,25,505868277499
ACC3166802,CUST003343,BR030,Savings,Active,2017-10-26,,"$2,855.54",$,3.0403,1000,12,911884882414
ACC7963244,CUST004424,BR026,MoneyMarket,open,03/27/2006,12/06/2011,2275.12,USD,,,12,173723211913
ACC4659568,CUST004173,BR036,Savings,Suspended,2021-07-09,,3598.43,EUR,0.3492,100,12,787182502825
ACC7447579,CUST000187,BR033,chk,Inactive,30-10-2018,,1063.14,US Dollar,4.7865,100,5,452130667300
ACC9983511,CUST003456,BR020,Checking,Open,"April 24, 2004",2013-11-09,11338.47,EUR,5.2438,0,12,943704809572
ACC4661679,CUST000212,BR008,BUS,open,23-12-19,,3554.65,,0.9937,250,0,302104263551
ACC1303594,CUST002948,BR012,sav,Open,07-02-23,19-03-2009,,EUR,3.6979,$500.00,0,019823212819
ACC3962661,CUST002514,BR034,Money Market,Active,24/06/2015,,2389.02,GBP,2.8828,100,10,387714717488
ACC2092986,CUST003492,BR045,business acct,Active,,,6553.09,GBP,4.6065,500,15,455241072406
ACC1988120,CUST001191,BR005,MM,Active,2004-03-09,,"705,12",USD ,0.6445,,0,862745226057
ACC1054218,CUST000163,BR032,Savngs,Open,99/99/9999,,1385.97,USD,3.0775,0,12,751857377549
ACC2300353,CUST002974,BR035,chk,Inactive,08-07-31,,4551.59,usd,0.4675,250,12,930418056575
ACC7625370,CUST004350,BR002,Saving Acct,closed,05/27/2005,,1516.2,USD,2.4306,250,0,231808541787
ACC2644775,,BR031,Chequing,Inactive,16-12-16,,6290.53,usd,0.3054,,15,758407028893
ACC1129102,CUST001369,BR049,Money Market,Inactive,NULL,,559.13,usd,2.1974,0,0,802797726638
ACC5459038,CUST000072,BR031,Checking,open,19-10-26,,575349.0,usd,2.6576,100,15,276777403639
ACC1773221,CUST000884,BR014,BUSINESS,Suspended,NULL,,283.2,$,1.5194,USD 250.00,10,538885346657
ACC9208766,CUST002031,BR020,Checking,Frozen,11/06/2020,,50.69,US Dollar,4.966,250,5,302674833682
ACC7318751,CUST001359,BR045,Chequing,open,21/02/2016,,9139.9,USD ,0.0963,500,5,582335732319
ACC7088300,CUST001398,BR036,Savngs,N/A,06/06/2003,,3482.78,EUR,2.7568,100,0,865963204238
ACC8675333,CUST003060,BR043,Checking,CLOSED,24/11/2014,,1734.39,usd,3.6509,"$1,000.00",25,728007587593
ACC6075512,CUST002104,BR004,Business,Inactive,19-12-07,21/06/2022,1058.96,,2.1218,,25,359826417241
ACC1996518,CUST003314,BR006,Buisness,Active,25/09/2022,2022-12-03,3837.69,usd,4.2179,,10,607387166454
ACC6189876,CUST003198,BR002,Business,Inactive,18-04-11,,2845.26,USD ,4.6468,500,25,820389167913
ACC8290592,CUST004879,BR041,Buisness,Inactive,2019-10-10,,19117.04,GBP,2.779,250,0,677639244974
ACC3223670,CUST004248,BR012,Saving Acct,Closed,2010-03-26,,16349.31,USD,0.3132,250,15,817907198888
ACC6235053,CUST003149,BR014,chk,Closed,16-03-2018,,4031.7,EUR,0.9316,0,5,740749200698
ACC8896234,,BR001,business,Inactive,99/99/9999,,2339.83,$,,0,15,244123158314
ACC6138526,CUST002878,BR033,BUS,N/A,04/19/2015,,2702.34,USD ,1.7355,0,5,514693807494
ACC3795023,CUST001522,BR020,Business,N/A,06/15/2020,,4588.85,,1.1127,,25,045737294271
ACC4660626,CUST003642,BR028,Business,CLOSED,2005-03-30,,428.45,USD ,0.6725,0,25,582655101213
ACC9405668,CUST000630,BR035,Checking,N/A,09-05-17,,1592.08,US Dollar,1.7268,500,5,710544111459
ACC2783930,CUST001562,BR042,Checking,CLOSED,02-12-2017,,313.02,USD,2.2971,250,0,221634099262
ACC8660114,CUST003212,BR048,Money Market,CLOSED,2023-07-02,,304.76,USD,1.8001,250,0,944012700612
ACC5877405,CUST000978,BR013,SAV,CLOSED,02-12-15,,871.82,GBP,0.7096,250,0,448161710403
ACC8965903,CUST001203,BR031,BUS,closed,05-08-28,,2656.32,,4.4674,0,25,711371420640
ACC8158960,CUST004310,BR004,svgs,N/A,06-11-26,,6144.27,EUR,0.5393,100,25,181208497297
ACC9684420,CUST004284,BR030,Biz,Suspended,,,2658.21,GBP,4.1409,500,15,559466555850
ACC5308412,CUST001328,BR004,Business,ACTIVE,99/99/9999,"December 25, 2018",1634.74,EUR,4.0502,,10,014575059745
ACC6270980,CUST000350,BR029,Saving,Closed,10-10-09,,343.77,usd,0.4483,100,5,386723394843
ACC8339043,CUST001342,BR044,business,open,30-08-2017,,3196.66,EUR,0.5914,,12,374785048522
ACC6157813,CUST002985,BR030,Savings,Frozen,17-07-30,,1265.8,US Dollar,0.3927,250,15,381648956952
ACC9973767,CUST003866,BR030,Checking,open,16-11-2005,,3817.36,GBP,0.3784,250,5,011003134642
ACC5911316,CUST003897,BR042,Money Market,Inactive,17/05/2005,,15121.83,US Dollar,4.123,,25,600703836582
ACC4710987,CUST001734,BR034,Checking,CLOSED,99/99/9999,,472.05,US Dollar,4.8853,1000,0,939147297020
ACC9027987,CUST003426,BR045,Savings,N/A,22-11-25,,953.67,USD,0.1488,0,15,386948447772
ACC9992274,CUST001763,BR030,MONEY MARKET,closed,18-04-2005,,2562.94,EUR,0.1196,,15,817339183692
ACC4766161,CUST003335,BR038,Money Market,N/A,2019-06-08,,13845.55,USD ,0.7238,0,15,198760534657
ACC1051000,CUST004592,BR033,Checking,active,14-02-28,,5910.3,,1.1439,1000,5,175654702392
ACC4380769,CUST004756,BR021,Saving,Closed,17-05-2015,,9140.13,EUR,3.7153,100,15,353331237596
ACC2627026,CUST003300,BR034,Checking,ACTIVE,2002-10-01,,1624.15,usd,1.0257,USD 1000.00,5,333875879569
ACC9989161,CUST001340,BR048,Savings,active,15-02-25,,19332.54,$,4.0953,0,0,512451342711
ACC2364970,CUST001481,BR004,BUSINESS,Open,20/07/2012,,434.05,EUR,,0,10,844792112168
ACC3122133,CUST004672,BR028,Money Mkt,ACTIVE,11/07/2013,,217.71,USD ,2.994,250,15,937153899113
ACC5312485,CUST002493,BR020,Business,Suspended,02-02-2001,,7740.74,,2.224,1000,5,045506819967
ACC1792903,CUST002384,BR013,Checking,Inactive,2004-06-29,,,$,0.9869,500,10,223979564938
ACC5074630,CUST002578,BR048,Savings,CLOSED,13-08-16,,379.82,,1.0692,100,0,200449695379
ACC8665053,CUST000619,,Checking,closed,03-05-2000,,481.57,US Dollar,1.116,,0,402027198526
ACC5915064,CUST001720,BR006,business acct,Frozen,08/06/2020,,USD 134.95,USD ,4.2596,"$1,000.00",5,341088732697
ACC8994001,CUST001376,BR031,Savings,CLOSED,12-03-05,21-06-27,441.53,,,0,10,145471909280
ACC2964321,CUST002688,BR017,Savings,Inactive,99/99/9999,,939.95,EUR,0.6061,250,25,715019737373
ACC5473008,CUST000014,BR028,Money Market,Inactive,27/10/2013,,14036.46,$,4.7338,100,5,652248239849
ACC8106887,CUST004738,BR030,MONEY MARKET,N/A,2022-03-31,,4408.8,USD ,4.2365,0,5,669880261317
ACC4236802,CUST004031,BR048,Savings,CLOSED,16-07-25,,6030.29,US Dollar,1.9978,0,12,350525561999
ACC8788292,CUST000545,BR017,Checking,active,06/28/2011,,5986.93,USD,5.3486,250,0,121797151787
ACC4519749,CUST001480,BR035,Saving Acct,CLOSED,11-07-09,,3063.51,,4.8355,100,12,838624598262
ACC4987512,CUST001683,BR031,Savings,closed,04/20/2009,,6387.84,US Dollar,2.5467,1000,10,864547108841
ACC7916959,CUST001525,BR021,Money Market,Suspended,2020-05-30,,3623.46,EUR,4.2227,1000,10,783777904864
ACC3097854,CUST003523,BR039,Checking,closed,12-08-11,,1510.7,US Dollar,1.2717,500,5,278322283665
ACC3684571,CUST002894,BR004,money market,ACTIVE,"August 31, 2018",,3294.03,GBP,5.3915,250,12,623114648521
ACC8102337,CUST002018,BR026,SAV,CLOSED,2008-05-25,,3050.06,$,2.2447,0,5,854845752934
ACC4132305,CUST001138,BR029,Money Market,open,"September 28, 2008",,6936.67,USD ,0.8171,250,12,762071035323
ACC4668985,CUST004745,BR048,Savings,Closed,09/04/2011,,16009.37,$,3.9648,250,0,364414037847
ACC9866809,CUST004995,BR014,Money Market,Frozen,12-02-04,,2117.61,GBP,2.5762,,0,810202701233
ACC3370650,CUST001050,BR044,Money Market,CLOSED,"August 14, 2004",,5765.38,EUR,3.5247,500,5,928998201771
ACC4971185,CUST002048,BR038,check,Frozen,"December 17, 2006",,420.39,,2.7907,500,12,450786392942
ACC8209484,CUST000978,BR006,MoneyMarket,Suspended,12-12-30,,5999.31,$,1.1371,100,5,396855695424
ACC4691308,CUST001427,BR037,money mkt,Inactive,2022-02-07,,1857.15,USD ,4.4881,0,10,364873670843
ACC3967007,CUST000561,BR038,BUSINESS,Open,06-10-02,,USD 160.75,usd,0.4094,1000,12,429889080839
ACC9393837,CUST000283,BR035,Saving Acct,open,99/99/9999,,1805.49,US Dollar,2.8903,250,0,745896060140
ACC7319144,CUST000988,BR025,Money Market,active,2009-07-26,,3773.03,US Dollar,4.6458,0,12,208977195118
ACC9926833,CUST001865,BR048,Business,Suspended,"April 07, 2003",,507.93,usd,3.8197,500,25,647145058882
ACC8101165,CUST003009,BR026,checking,closed,03/18/2008,20-10-17,10309.9,USD,0.6636,500,25,212549252969
ACC4929741,CUST002319,BR014,Business,Inactive,2022-05-30,NULL,323.42,USD ,2.1054,250,10,440908287878
ACC9821409,CUST001719,BR020,Business,Suspended,2017-06-06,,10637.42,EUR,3.2812,250,5,510535650998
ACC2572927,CUST004183,BR003,Business,closed,17-01-2020,,4912.21,GBP,3.3859,,12,911547533756
ACC7131708,CUST001503,BR007,money mkt,Suspended,12/08/2016,,1600.19,$,2.0361,250,0,450363725261
ACC2368663,CUST001796,BR037,Money Market,CLOSED,18/12/2007,,,usd,3.5422,,15,476048306847
ACC6738338,CUST002930,BR037,Money Market,N/A,17-11-21,,5400.77,GBP,2.7656,0,0,593110438106
ACC2032248,CUST002063,BR021,Business,Frozen,29/03/2019,,3679.9,USD ,3.5267,100,15,002832867139
ACC6110010,CUST004947,BR023,chk,open,26/01/2017,05/07/2023,"$4,454.61",usd,4.5775,500,5,089772075404
ACC6293411,CUST002022,BR013,Business,Active,18-07-2020,,1971.71,,2.2322,100,15,516161697652
ACC4619176,CUST000326,BR042,Checking,Suspended,09/24/2023,,2676.27,USD,4.5308,100,15,179698598384
ACC5849806,CUST003235,BR014,Savings,closed,01-01-21,,18368.02,USD ,2.3338,250,25,328623886731
ACC6287185,CUST003741,BR022,Checking,Active,"May 31, 2005",,962.8,US Dollar,2.0922,,12,975911880351
ACC5503097,CUST000808,BR014,Business,Closed,21-05-31,,2164.15,USD,0.2079,1000,10,842811223563
ACC2125814,CUST003452,BR046,Business,active,12/05/2023,,1380.25,GBP,4.0168,500,10,634988082251
ACC6054095,CUST001664,BR029,Money Market,closed,19-11-2007,,5794.58,$,5.4957,0,25,964281676943
ACC9343316,CUST002446,BR038,Savings,Open,03/21/2003,,5775.91,EUR,5.0352,0,10,474414375325
ACC2623464,CUST001637,BR021,sav,Active,,2010-04-16,1383.76,US Dollar,3.3311,1000,15,302601484945
ACC2871287,CUST000877,BR049,business acct,Active,23/07/2002,,339.58,USD ,3.3358,500,25,295923223115
ACC4785779,CUST001912,BR040,Money Market,open,15/09/2022,,45.99,EUR,2.2113,500,15,382324366462
ACC9406258,,BR025,MONEY MARKET,Closed,2011-09-10,,2230.62,USD ,2.9663,0,0,381811812393
ACC3881534,CUST004257,BR010,checking,ACTIVE,NULL,,2112.82,,,500,15,650941348286
ACC4985308,CUST000169,BR039,Chequing,closed,"April 05, 2015",,17823.51,US Dollar,3.8095,500,0,664076908283
ACC7191383,CUST004786,BR017,Money Market,Inactive,12/09/2004,27-04-2017,253802.0,GBP,0.7335,500,0,743890958509
ACC2036113,CUST003191,BR025,Checking,Active,2015-02-01,,1185.11,$,,0,10,105148662619
ACC3763059,CUST002096,BR018,Saving,Frozen,10-11-05,,8874.06,GBP,4.5337,0,5,404180883522
ACC5653201,CUST002001,BR030,BUS,CLOSED,03/07/2021,,2701.76,US Dollar,5.4091,0,5,368963037396
ACC2003095,CUST001636,BR028,Checking,CLOSED,2013-06-20,,3656.93,,1.8572,1000,15,977870336959
ACC7670602,CUST000527,BR001,Checking,N/A,15-05-13,"June 17, 2015",402.24,US Dollar,,250,25,346082520897
ACC6361348,CUST004809,BR004,Savings,Active,"April 24, 2001",,1931.0,usd,3.5371,USD 100.00,12,059038313435
ACC5427576,CUST003821,BR039,Current Acct,ACTIVE,04-06-2004,,11545.62,$,,"$1,000.00",10,953283117010
ACC5439614,CUST002834,BR025,chk,Suspended,02/05/2023,,3561.57,usd,4.9782,1000,15,055877977649
ACC5467325,CUST002238,BR049,Money Market,Suspended,07-11-11,,,usd,3.1439,0,25,102500091238
ACC6884203,CUST003805,BR024,Chequing,CLOSED,08/03/2022,,3930.44,,,250,12,401832565179
ACC1759996,CUST003254,BR035,MONEY MARKET,Open,99/99/9999,,9650.09,USD,3.7368,500,0,973801787976
ACC5036880,CUST001773,BR019,money market,open,09/03/2016,03/02/2017,1280.77,usd,0.8147,250,0,708799343517
ACC9065212,CUST000675,BR019,business acct,closed,09/28/2015,"March 21, 2023",2813.73,US Dollar,5.4133,0,10,316061011062
ACC9456239,CUST002144,BR024,BUS,ACTIVE,2013-09-18,,12746.67,$,2.6117,100,5,521574944592
ACC2614847,,BR047,Money Market,Closed,2022-03-08,,75688.0,,3.6454,1000,5,583740843372
ACC4324351,CUST003837,BR046,Savings,N/A,2000-12-19,,5087.06,US Dollar,1.3413,0,10,007524271479
ACC8402586,CUST002884,BR034,Savings,ACTIVE,03-04-2015,,3812.66,USD,2.3945,500,12,116156885322
ACC9511035,CUST004303,BR028,check,Inactive,01/29/2010,,4553.68,GBP,3.9038,1000,15,775329860298
ACC6242776,CUST001293,BR030,Business,CLOSED,"October 29, 2011",,,GBP,2.1746,500,12,050787884120
ACC3737109,CUST000077,BR049,Business,open,12-02-2010,,1506.81,US Dollar,4.6294,100,25,575706426785
ACC9850488,CUST003916,BR045,Savings,Suspended,"September 14, 2016",,4610.71,usd,2.4899,500,15,927104658750
ACC3624405,CUST002465,BR023,Money Market,Frozen,08/18/2013,,971.06,EUR,,250,0,761328645579
ACC5403124,CUST001547,BR010,Buisness,Inactive,23/08/2017,,2176.53,GBP,2.0672,500,0,291550718433
ACC4437962,CUST000833,BR046,Money Market,Active,07/27/2018,,833.88,US Dollar,,1000,25,392319091232
ACC6607829,CUST003714,BR037,Saving,Frozen,2006-05-28,,USD 33.36,,3.3546,500,12,188133062557
ACC7475544,CUST002743,BR040,Checking,Frozen,15/09/2005,,14033.89,usd,3.2414,,5,383814082908
ACC8700753,CUST004695,BR026,Savings,Closed,02-10-16,,2260.44,USD ,0.1283,0,12,367248097543
ACC9834178,CUST002800,BR009,Money Market,Closed,01/24/2020,,13940.44,$,4.2045,250,15,068906404029
ACC2780595,CUST002278,BR004,MONEY MARKET,Closed,10/08/2012,,604.8,GBP,5.1635,,0,579652382373
ACC5968463,CUST004715,BR043,SAVINGS,Closed,02/28/2006,,"$3,540.78",USD ,4.1914,0,12,919429837416
ACC6112627,CUST003401,BR032,Checking,open,99/99/9999,27-09-2023,897.45,EUR,4.9661,$100.00,5,133284036004
ACC1420203,CUST002316,BR043,Money Market,Inactive,21-02-2014,,6244.0,usd,4.721,100,25,262991429084
ACC7785570,CUST002897,BR015,Checkng,Frozen,"February 17, 2003",,6124.41,EUR,2.1355,500,10,951249183422
ACC5421581,CUST002590,BR009,checking,CLOSED,"May 09, 2005",03-06-2009,477.87,USD ,2.9071,250,0,923841232853
ACC3418268,CUST003005,BR038,CHK,open,16-01-31,,9724.6,usd,3.9896,0,12,635325028136
ACC8087989,CUST000756,BR007,Checking,Closed,01/19/2019,,865.81,USD,1.9841,,0,943232190574
ACC5594101,CUST001001,BR045,Business,Suspended,15-08-2022,,3797.09,USD ,1.364,0,0,530950342804
ACC5042544,CUST000875,BR004,MONEY MARKET,CLOSED,"June 10, 2002",,16971.46,USD ,1.4172,,12,234664417679
ACC1604470,CUST001712,BR038,CHK,closed,23-01-19,,8561.75,USD,3.2889,0,0,666025932007
ACC8632520,CUST001323,BR043,CHK,Inactive,06/05/2005,,"$12,545.86",USD,1.2121,500,5,693198374937
ACC2488289,CUST002530,BR015,CHECKING,closed,2014-09-03,,1677.84,US Dollar,3.6237,250,10,511917918148
ACC2334949,CUST004008,BR044,Savings,active,19/08/2015,,$446.30,US Dollar,4.1807,100,15,693552934274
ACC1582217,CUST000060,BR025,chk,Open,26-09-2011,,834.73,GBP,1.4254,USD 500.00,12,621905828128
ACC7827375,CUST000936,BR012,Chequing,Open,18/05/2000,,2776.55,usd,4.5313,500,10,064453396376
ACC3214197,CUST003969,BR028,Checking,active,06/23/2002,,6304.59,USD,3.4098,1000,10,672432829373
ACC2598921,CUST000429,BR015,svgs,Closed,08-12-2017,,650.8,$,,0,15,172701485018
ACC9236257,CUST000754,BR046,Money Market,Suspended,2021-08-21,,4312.08,USD,1.8704,,15,932750989092
ACC6169599,CUST002294,BR028,Saving Acct,Frozen,04/02/2021,,1563.75,US Dollar,3.0866,100,0,359958070928
ACC8041010,,BR047,Money Mkt,CLOSED,20-04-24,23-10-09,1669.35,usd,0.8639,500,15,380903564832
ACC9456887,CUST000754,BR011,Checking,open,2004-10-06,,4337.86,USD ,3.1379,$0.00,0,645746475324
ACC7980812,CUST004866,BR010,Biz,CLOSED,09/14/2013,,2516.93,GBP,0.5247,0,25,856282915750
ACC7682967,CUST001387,BR047,Money Mkt,N/A,05/02/2002,,,,3.4873,100,0,732337279502
ACC9192609,CUST004113,BR045,Money Market,ACTIVE,03-05-23,,678.02,USD,0.1026,,25,250533759903
ACC6937234,CUST002541,BR025,Business,Closed,"January 12, 2019",,6241.61,usd,5.1709,500,25,766157956676
ACC4811810,CUST003424,BR001,money market,Inactive,NULL,,265.56,USD,,1000,12,759638167374
ACC2200515,CUST004214,BR023,Business,ACTIVE,"June 22, 2022",,862.95,usd,3.0301,250,0,050764130781
ACC1009189,CUST000369,BR045,Savings,N/A,14/10/2020,,-4270.2,USD ,4.5775,250,25,499963291746
ACC1771910,CUST002161,BR043,Business,Inactive,02-11-09,,USD 7722.04,GBP,1.7382,250,15,984397273690
ACC6043887,CUST003606,BR017,Money Market,ACTIVE,05/03/2012,,1165.05,USD,4.3898,0,12,479609977737
ACC4777104,CUST002068,BR034,Checkng,open,"November 17, 2020",,1585.18,USD,1.0539,100,5,943816215017
ACC7950217,CUST002151,BR022,svgs,Closed,99/99/9999,,3081.16,US Dollar,2.7468,,12,439471441319
ACC2997369,,BR017,money market,Suspended,10/22/2009,,"950,86",US Dollar,5.0675,100,15,432143472205
ACC3843607,CUST000383,BR022,Checking,Active,20-07-05,,6667.34,EUR,3.7582,0,5,033191482748
ACC1549757,CUST004870,BR017,Business,Inactive,02/11/2021,,5942.46,EUR,,1000,10,280497859139
ACC6811973,CUST004237,BR043,Money Market,Closed,18/12/2009,,627.98,usd,0.8846,250,25,607671625681
ACC9616537,CUST004312,BR045,Savings,Suspended,00-08-03,,2493.21,,0.5981,250,12,563376910197
ACC9386125,CUST002250,BR045,chk,Suspended,09-08-2014,2017-09-09,5963.56,USD,3.518,,15,494949792076
ACC9994716,CUST004361,BR044,CHECKING,CLOSED,01/09/2019,20-02-18,1645.91,EUR,2.225,"$1,000.00",12,879964243088
ACC1700043,CUST002516,BR031,Savings,N/A,13-02-2004,,4010.74,usd,3.4359,100,10,676488613845
ACC5441533,CUST003028,BR034,Savings,ACTIVE,2018-01-14,,"-206,07",USD,4.9583,1000,12,321851387468
ACC2596921,,BR043,savings,Closed,NULL,,3753.01,GBP,0.4507,,15,926431463963
ACC9368155,CUST000444,BR016,Business,Suspended,03-08-14,,662.58,US Dollar,2.6384,1000,10,505296514056
ACC6995707,CUST002673,BR011,savings,Open,04-01-09,2019-12-25,7101.58,,3.0739,0,25,170644919079
ACC2980950,CUST000347,BR020,MONEY MARKET,Closed,2022-05-22,,1756.81,GBP,1.3061,250,0,851615094754
ACC9923689,CUST002496,BR046,Business,ACTIVE,99/99/9999,,1322.66,US Dollar,3.1928,1000,10,650742235886
ACC4962868,,BR026,SAVINGS,CLOSED,"August 09, 2018",,USD 7352.61,GBP,0.863,1000,15,283052149946
ACC4349412,CUST002653,BR035,MoneyMarket,Closed,26/02/2015,,205.78,US Dollar,4.8654,1000,10,779807417329
ACC4842762,CUST000438,BR047,Business,Frozen,00-05-26,,"2020,76",US Dollar,0.759,100,12,862193258031
ACC4694656,CUST001554,BR030,business acct,CLOSED,06-01-24,,1848.16,US Dollar,1.3422,1000,5,624380690155
ACC2923029,CUST002425,BR004,Checking,active,07/26/2017,,1340.77,GBP,2.6268,USD 100.00,0,780438490828
ACC6410149,CUST004520,BR025,Savings,closed,18-09-2004,,9710.52,$,3.0944,USD 1000.00,0,194968208636
ACC6689220,CUST000891,BR004,MoneyMarket,ACTIVE,"November 13, 2002",,,$,0.3554,100,12,002106458712
ACC7417843,CUST001430,BR013,Business,Closed,"January 13, 2001",15-12-31,264.23,GBP,2.4908,100,0,813673322919
ACC4035181,CUST002973,BR048,sav,Inactive,03/01/2014,99/99/9999,5016.68,US Dollar,2.7869,250,15,546358045094
ACC6550118,CUST004852,BR021,MM,open,2018-06-05,,2997.17,US Dollar,4.362,0,5,497834556945
ACC7657554,CUST000380,BR010,Savings,CLOSED,2016-05-27,,9245.21,GBP,0.0116,0,0,658093145192
ACC8133615,CUST002320,BR024,Money Market,open,11/16/2001,,1501.37,GBP,5.3578,0,5,764484925244
ACC8578336,CUST001583,BR040,SAV,ACTIVE,19/01/2012,,3414.79,US Dollar,1.853,0,10,058540383006
ACC5107301,CUST002604,BR032,Savings,Frozen,11/03/2003,,2778.64,$,0.2627,500,10,684259746873
ACC7908748,CUST003197,BR040,money market,Inactive,03/18/2016,,2689.94,$,4.6763,100,5,072281708544
ACC1351789,CUST002165,BR050,Checking,N/A,11/10/2016,21-02-27,2436.0,US Dollar,5.1879,25000,12,602907971206
ACC7429983,CUST003206,BR037,Money Market,open,99/99/9999,2014-05-28,920.82,GBP,2.076,1000,25,983688914813
ACC6326435,CUST003776,BR044,Current Acct,CLOSED,04/16/2010,,5637.6,EUR,2.1466,500,10,516095695018
ACC3410745,CUST001150,BR037,checking,Closed,"October 02, 2015",,2401.08,USD,5.3221,1000,25,036599169497
ACC1288812,CUST004772,BR014,Checking,closed,"July 08, 2023",2023-11-18,12729.82,USD,4.2402,500,5,418106939520
ACC5608851,CUST002104,BR014,Business,open,99/99/9999,,1208.79,EUR,4.2369,100,0,228432132732
ACC8366337,CUST002861,BR014,savings,ACTIVE,2008-04-22,,4592.18,USD,2.1171,100,12,005564516524
ACC8892833,CUST003009,BR040,Money Market,Frozen,09/12/2006,,11301.74,,4.9428,100,12,800007459880
ACC9937688,CUST000739,BR011,Money Market,Suspended,06/09/2022,,4356.13,USD ,1.7482,,12,774655175050
ACC2933950,CUST004768,BR028,BUSINESS,Suspended,"April 04, 2021",,"8200,24",$,5.3176,250,12,794087087643
ACC3783745,CUST001511,BR029,MM,Inactive,07/20/2016,,702899.0,USD,2.7471,1000,15,129848944672
ACC1780507,CUST001710,BR028,check,open,"July 06, 2006",18/05/2007,1785.88,,0.7051,500,0,947604585752
ACC2838620,CUST001837,BR010,Checking,Inactive,07/05/2000,,3666.4,GBP,0.5569,500,0,951379437532
ACC9402863,CUST001330,BR022,Money Market,Active,01/07/2017,,679.65,usd,1.5054,500,5,733056886395
ACC8279959,CUST002220,BR046,Checking,open,11/19/2015,18-07-22,3067.4,USD ,2.2528,100,5,994104954158
ACC2102059,CUST001045,BR022,Business,Closed,2018-06-28,,1047.65,USD,0.3048,250,5,856233018599
ACC4178515,CUST004049,BR012,Savings,Suspended,00-09-02,,5446.2,EUR,5.2435,250,5,188827580956
ACC6953556,CUST003614,BR021,Money Market,CLOSED,00-04-23,,3003.6,usd,3.9904,,10,075763008184
ACC9887029,CUST004358,,business,open,2006-09-03,02/08/2014,2118.86,,5.2168,250,5,029596500397
ACC6891408,CUST003631,BR021,Business,active,11/19/2010,,1252.26,USD,0.4819,250,12,784718437008
ACC5638380,CUST000622,BR027,Checking,Open,"August 30, 2011",,26576.9,,4.4952,$0.00,10,949459033300
ACC6912830,CUST001424,BR023,Savings,Inactive,27/02/2009,,297.65,USD,1.2621,0,5,327080661565
ACC9670736,CUST003261,BR029,MM,Active,NULL,,178.15,usd,4.2599,,10,352213176629
ACC1625253,CUST002071,BR047,MONEY MARKET,Active,"April 21, 2014",18-07-2019,979.81,,0.5321,100,25,702895009469
ACC2402975,CUST000016,BR023,Savings,Open,08/19/2014,,14171.84,,1.109,500,5,066005897718
ACC9663671,CUST001938,BR007,BUSINESS,ACTIVE,12/04/2009,,15498.56,USD,4.2075,250,25,013886468163
ACC5261671,CUST001956,,Savings,CLOSED,20-05-02,,4256.01,$,5.4894,100,25,891014663874
ACC1005589,CUST004828,BR027,sav,Frozen,24/09/2009,,8484.61,usd,1.1313,100,15,511357942323
ACC8849899,CUST003966,BR024,Savings,open,06/10/2013,,963.0,$,4.9804,0,25,369616473660
ACC9579387,CUST000282,BR018,Checking,Frozen,04/19/2001,17-06-2014,USD 14308.22,usd,2.3679,1000,10,393404922453
ACC7149568,CUST004677,BR020,Savings,open,13-07-2008,,616.27,US Dollar,0.9965,,15,061826671437
ACC2981644,CUST004999,BR030,Savings,closed,"January 06, 2005",30-09-2012,426.45,GBP,2.7976,500,5,209959123446
ACC9904074,CUST004554,BR043,Money Market,ACTIVE,"March 26, 2022",,476.09,US Dollar,3.0126,0,0,125109653480
ACC3205760,CUST001092,BR001,MM,closed,06/09/2008,,3405.08,GBP,0.5315,$500.00,25,438750147306
ACC4769607,CUST004601,BR003,Money Market,open,16/11/2011,,6074.27,USD,2.3297,100,10,452858502871
ACC4069729,CUST003563,BR026,Money Market,ACTIVE,16/08/2020,,1827.04,USD,0.2384,,12,833650500548
ACC4909766,,BR046,sav,closed,07/20/2020,,15247.98,US Dollar,1.468,100,15,669708216016
ACC5463507,CUST000242,,Business,Suspended,27-04-2019,,"$2,279.62",EUR,4.6076,250,0,992398417077
ACC3030667,,BR021,SAVINGS,Frozen,20-07-2012,,652.19,USD,3.622,,15,565940855263
ACC1328950,CUST000134,BR049,Checking,Inactive,2003-06-25,,2509.19,GBP,2.1069,100,10,620033668952
ACC4117154,CUST001763,BR017,Money Market,Open,17-02-2002,,4545.72,US Dollar,4.8531,"$1,000.00",0,905595978261
ACC5592100,CUST001076,,Money Market,active,22-01-13,,7140.54,EUR,4.5767,,15,466028339922
ACC4658370,CUST004004,BR003,sav,open,"December 16, 2023",,,,2.1571,100,0,612424070499
ACC8151219,CUST004673,BR038,Business,closed,04/29/2020,,3601.74,US Dollar,2.9171,0,15,702890922305
ACC4190653,CUST002452,,Checking,Frozen,,,,usd,4.268,500,0,232861994700
ACC3731863,CUST000026,BR031,Business,Open,26-06-2018,99/99/9999,4152.89,usd,2.4223,100,12,215759683218
ACC1831100,CUST001478,BR038,Business,ACTIVE,"February 24, 2022",,USD 17066.78,USD,2.4905,500,0,976928976020
ACC3930506,CUST000116,BR007,Checking,Closed,13-07-2000,,201.19,USD ,3.7738,250,5,665030355596
ACC1554887,CUST004173,BR018,Savngs,CLOSED,31-12-2000,,8704.89,$,1.7102,1000,10,740694001561
ACC5535424,CUST001041,BR027,Money Market,Inactive,"April 21, 2016",,3304.73,usd,0.0688,100,5,147191543918
ACC2869062,CUST001489,BR007,Money Market,Inactive,03/18/2011,99/99/9999,1161.94,USD,2.3474,250,25,210133014056
ACC4870130,CUST004479,BR026,Checking,Closed,08/17/2013,,12394.58,GBP,4.1629,25000,5,669958205618
ACC2040924,CUST003166,BR037,Savings,Suspended,2008-05-19,,2641.59,USD ,0.5824,1000,15,627376533535
ACC4041101,CUST004810,BR035,Savings,Suspended,"November 03, 2019","August 10, 2020",1612.01,GBP,5.4232,250,5,242705334118
ACC6037504,CUST004759,BR006,savings,Suspended,20-10-08,21-06-03,801.12,EUR,0.9903,1000,15,236130939635
ACC2342839,CUST004050,BR011,business acct,ACTIVE,2017-03-23,30/01/2021,1121.25,USD,2.9243,100,12,771251945754
ACC7051428,CUST003348,BR042,MONEY MARKET,Open,2007-07-07,,7155.43,$,3.5154,500,5,872202261999
ACC2796682,CUST003204,BR021,Savings,Closed,"March 11, 2019",,3811.92,usd,0.5658,1000,0,779253380564
ACC1342435,CUST004370,BR038,Business,Open,,,USD 9778.70,,4.0227,,5,077826418352
ACC6325249,CUST002274,BR011,Money Market,Suspended,2005-12-11,,1055.7,USD ,3.4931,100,10,480412925152
ACC6718394,CUST004897,BR016,Business,Active,29/04/2003,,516.51,,4.9296,100,25,833986151871
ACC4638743,CUST000209,BR027,Savings,Open,"August 29, 2018",,,US Dollar,3.1267,100,0,538055481435
ACC8719397,CUST004030,BR037,BUS,ACTIVE,"December 26, 2017",,2835.98,$,,1000,0,562800904619
ACC1935511,CUST002003,BR039,Money Market,Suspended,2021-02-08,,25524.85,USD ,2.6173,100,12,622868770734
ACC4606096,CUST003126,BR012,Business,Inactive,09/03/2011,,USD 4749.32,,4.363,100,0,721601033140
ACC1291003,CUST001804,,BUS,Inactive,17-03-20,,1474.96,USD ,5.4654,0,5,366081344659
ACC9813910,CUST000232,BR010,Savings,open,16-01-2013,,8377.69,,4.8432,250,12,429790328444
ACC6568203,CUST000211,BR020,Saving Acct,closed,10-10-19,,6087.95,,4.005,500,15,601919947421
ACC4492049,CUST004844,BR033,Chequing,Open,24/03/2009,,62.14,USD ,1.5436,500,25,087390763480
ACC6546095,CUST003726,BR013,Checking,closed,NULL,,6790.03,EUR,4.2349,0,0,599137891856
ACC5425260,CUST004523,BR004,MoneyMarket,Active,10/05/2019,,1429.71,GBP,4.7097,,15,265601857508
ACC1785545,CUST003548,BR008,Checking,Suspended,"June 07, 2002",01-01-2016,648.54,EUR,1.0999,1000,5,729941581654
ACC4555799,CUST000468,BR033,check,Suspended,99/99/9999,,1026.44,USD,0.1732,100,10,098724352201
ACC2549704,CUST002730,BR011,Checking,CLOSED,"October 07, 2014",,2528.81,US Dollar,5.113,500,10,736253706642
ACC1840526,CUST004173,BR050,Buisness,Inactive,14-07-2010,08-12-2010,2212.62,USD ,,1000,25,916434131703
ACC5504647,CUST002484,BR013,Savings,ACTIVE,09-02-2010,,1363.7,$,2.905,500,5,991802292300
ACC5408429,CUST000296,BR019,Business,open,03/09/2005,,756.02,USD ,1.3772,250,25,781213538531
ACC2683166,CUST004949,BR025,money market,open,09/07/2023,,5745.82,,5.1942,0,0,859493971531
ACC2169359,CUST004267,BR006,money mkt,Closed,27-08-2010,,18464.84,US Dollar,,0,5,657092808456
ACC7696468,CUST000179,BR033,Savings,Closed,10/06/2021,,6016.56,US Dollar,2.524,10000,25,073881311959
ACC2729648,CUST001303,BR031,Savings,Closed,11/15/2020,,1403.55,EUR,4.4831,,5,329743058665
ACC9360696,CUST003843,BR022,Savings,closed,09-05-02,,1123.14,USD,4.4988,,12,278635690364
ACC7912827,CUST002488,BR028,Checking,open,2017-07-18,,981.89,usd,4.6009,250,0,261889149422
ACC9514474,CUST002778,BR023,Money Market,ACTIVE,2013-01-02,05-03-2016,USD 587.95,US Dollar,5.4311,500,0,833265048487
ACC4661659,CUST000484,BR022,Money Market,active,"January 10, 2007",,3205.88,USD ,1.3852,,0,921380971830
ACC2292844,CUST001945,BR048,Savings,Closed,2016-02-24,,3719.53,$,5.4831,10000,12,643227039409
ACC7706912,CUST004903,BR033,Checking,open,17/07/2011,,4889.94,GBP,0.4842,0,12,407192738434
ACC9748371,CUST003737,BR004,Buisness,N/A,,03/10/2019,4560.41,usd,0.2455,,0,145771759235
ACC2689484,CUST001146,BR023,money mkt,ACTIVE,18-08-2015,,,usd,2.3207,0,10,198749326809
ACC3823209,,BR047,Checking,Suspended,07-12-24,"February 14, 2021",,EUR,1.6676,,5,326177208300
ACC1367213,CUST001833,BR036,BUS,Inactive,99/99/9999,,4576.71,$,4.3638,100,5,023905485468
ACC5624288,CUST000799,BR031,Money Market,Inactive,2012-09-12,,1719.73,USD,3.4279,500,15,850818865994
ACC5869232,CUST003739,BR023,Chequing,Inactive,08/01/2000,,956.19,US Dollar,4.9597,500,5,899984484970
ACC6424890,CUST001203,BR021,Savings,ACTIVE,2011-07-29,,1875.77,USD ,4.9278,0,5,708514611944
ACC9179052,CUST001153,BR007,Savings,N/A,10-12-2010,,1270.28,US Dollar,4.4127,0,0,448408516531
ACC8802252,CUST003266,BR029,Checking,Frozen,"February 28, 2019",,,US Dollar,3.2978,100,5,280731234422
ACC1355467,CUST002578,BR026,BUSINESS,open,22-01-2011,,"$7,091.10",EUR,5.3363,$250.00,12,172576008367
ACC1621368,CUST000266,BR040,Business,CLOSED,11-12-13,,7672.32,usd,0.9522,,10,957264824118
ACC8618431,CUST000762,BR023,sav,Active,07/03/2004,,$-992.57,EUR,3.6496,,15,484642678538
ACC8235432,CUST004537,BR032,Money Market,active,"December 22, 2021",,267.86,$,3.3406,1000,0,543539006267
ACC8816142,CUST001251,BR019,sav,N/A,30-01-2003,,5370.3,$,1.2859,500,25,926512363955
ACC6333481,CUST004965,,sav,active,"February 26, 2009",,950.64,$,3.0058,1000,10,532081647008
ACC1993943,CUST004010,BR017,Money Market,Frozen,08-11-19,,1999.78,,0.0735,0,15,234354887868
ACC2611947,CUST003957,,Money Market,open,99/99/9999,2020-10-23,265.14,$,0.6891,,5,274900055693
ACC9504166,CUST001637,BR011,SAVINGS,active,"April 12, 2021",,,USD,3.712,100,5,023852027064
ACC3032184,CUST002686,BR014,Savings,ACTIVE,13-06-2022,,6298.26,GBP,5.0125,500,25,059600912954
ACC6976062,CUST003845,BR032,sav,N/A,14-03-02,,6526.66,GBP,3.7936,100000,12,682483591886
ACC6206577,CUST003519,BR030,Money Market,Closed,"November 03, 2007",,928.16,$,0.7804,1000,25,997462516831
ACC3564898,CUST002559,BR006,Checking,Active,"March 19, 2000",,1637.37,usd,3.8654,250,12,023660915548
ACC1741185,CUST003304,BR041,Money Market,Open,NULL,,57658.00000000001,usd,3.6024,,5,748174583092
ACC8266980,CUST000805,BR019,money market,open,2002-08-14,,USD 308.27,,2.398,100,25,874913917963
ACC5856516,CUST002215,BR008,Money Market,Frozen,2006-06-06,,19400.05,,1.3357,0,25,381719712547
ACC3941107,CUST004099,BR025,Saving,Active,"July 01, 2021",04-08-2022,4263.74,GBP,3.2064,100,15,455518425795
ACC2714523,CUST003593,BR017,Business,N/A,17-03-2018,,,US Dollar,1.3057,500,25,058295128536
ACC4051497,CUST000806,BR016,Current Acct,CLOSED,10-08-2023,,"5801,17",US Dollar,3.5046,100,0,414934531934
ACC6734263,CUST000376,BR038,MM,closed,10/19/2020,,7332.26,US Dollar,0.7945,$100.00,0,997584944044
ACC3796814,CUST001633,BR006,Money Market,N/A,10-02-2000,,6574.35,EUR,0.7887,0,15,452925315069
ACC3574313,CUST000451,BR027,business,Open,14-09-30,,,,4.2178,,5,144723600134
ACC1009412,CUST004149,,Checking,Inactive,2010-04-18,,$827.15,usd,2.1213,250,15,169185698305
ACC3372826,CUST003901,BR035,Savngs,Inactive,04-04-27,,4255.75,USD ,1.3873,250,15,981527019278
ACC5430443,CUST000752,BR009,Money Market,active,04-07-2001,06/20/2011,1884.88,USD,,100,12,743986107030
ACC4808683,CUST000934,BR009,MM,open,02-06-2021,,16178.25,USD,0.7388,250,12,073946199110
ACC6630198,CUST002348,BR002,Savings,Suspended,06-04-2009,"June 28, 2009",4379.34,$,4.7805,100,15,895221436680
ACC1413049,CUST002612,BR001,Checking,Closed,2019-07-02,,12544.48,,3.4656,100,0,881279894304
ACC1391128,CUST001100,BR024,Savings,Closed,04-01-03,,899.81,US Dollar,0.1853,100,12,695353107954
ACC8095060,CUST004600,BR025,Savings,N/A,2004-05-25,,7979.14,usd,2.1872,0,12,393848983037
ACC8709434,CUST003890,BR043,Money Market,open,"April 02, 2000","October 29, 2003",1550.61,,0.6895,1000,10,004281579916
ACC2717821,CUST002178,BR017,SAVINGS,Frozen,"August 06, 2018",,18250.29,usd,5.4511,100,5,759679937522
ACC7356730,CUST001959,BR024,Business,open,"December 22, 2022",,"686,42",,2.8581,,10,492748084777
ACC5109773,CUST003779,BR017,Checking,ACTIVE,24-07-2020,,2905.49,$,,1000,12,016239437439
ACC3542411,CUST001540,BR032,MoneyMarket,CLOSED,2015-09-30,,,,0.4051,1000,5,529746974834
ACC5234351,CUST001944,BR038,Savings,N/A,14-11-13,,,GBP,1.6282,100,5,570958547943
ACC1781639,CUST001398,BR030,money market,closed,06-07-15,,2525.08,EUR,0.3815,250,25,353012755816
ACC3609988,CUST004352,BR034,Business,CLOSED,26/07/2015,,17177.76,$,0.0556,USD 1000.00,10,634531111209
ACC7682638,CUST001859,BR025,Business,Open,15-03-18,,2215.69,,4.0746,USD 250.00,25,525502864466
ACC3105093,CUST004116,BR021,chk,ACTIVE,99/99/9999,,3706.09,,,,10,505632081403
ACC5517695,CUST002339,BR016,CHECKING,Inactive,22-04-2017,,224.33,usd,0.9561,100,10,377837713145
ACC3277819,CUST003214,BR050,Checking,open,23-06-2004,,7385.96,EUR,4.721,500,10,717522644855
ACC9842688,CUST000733,BR004,Checking,ACTIVE,2006-02-01,,4178.41,usd,2.8201,250,15,061834077520
ACC7013617,CUST004466,BR010,Savings,ACTIVE,2006-03-10,,2070.19,USD ,5.1809,500,25,641297269763
ACC9410496,CUST000119,BR006,Business,closed,2023-08-31,,65.21,,2.9263,0,25,808149814155
ACC3201906,CUST001864,BR005,money mkt,Suspended,14-09-29,,"$3,582.71",GBP,0.455,0,10,889423160327
ACC2498062,CUST001710,BR037,sav,Active,99/99/9999,,50.95,EUR,3.2685,,15,896520072660
ACC8904363,CUST002489,BR042,Checking,N/A,2007-11-26,,4.82,$,,250,15,904499965711
ACC8707402,CUST000048,BR016,Business,Active,"August 31, 2023",,3829.48,EUR,4.5708,0,15,179006241748
ACC9589825,CUST002934,BR039,Savings,N/A,2010-08-26,,838.03,usd,0.8447,500,25,285989455725
ACC5453250,CUST004304,BR023,Checking,Open,29/08/2023,,852.22,USD ,1.8238,100,5,008250722433
ACC1033662,CUST001288,BR025,Money Market,CLOSED,27-02-2020,23-08-05,4236.85,US Dollar,1.274,1000,0,945603537741
ACC5766800,CUST003951,BR037,Checking,Frozen,05/15/2022,,220.77,$,1.4331,100000,12,912513880510
ACC9649482,CUST004343,BR034,Saving Acct,Suspended,29-10-2005,NULL,1504.05,$,0.232,250,15,396568775500
ACC9609359,CUST001020,BR008,savings,open,01/15/2002,,647.4,,4.3974,100,12,315049223474
ACC5214871,CUST002718,BR033,Business,ACTIVE,03-01-2020,,3471.68,US Dollar,0.0667,1000,10,413873207529
ACC3980129,CUST000286,BR042,MM,Frozen,2020-01-16,20-04-09,4336.06,GBP,2.9117,,25,851904740512
ACC7175611,CUST001792,BR020,Money Market,ACTIVE,17-10-06,,5108.12,USD ,1.521,USD 1000.00,15,632525532322
ACC1873699,CUST000422,BR029,Savings,Suspended,09/29/2007,,,GBP,5.4296,250,5,665350075688
ACC7384284,CUST000286,,Business,Frozen,01-08-05,,373.95,USD,4.8784,1000,12,509117543508
ACC6269955,CUST002058,BR016,Money Market,Frozen,21-06-2008,,327.81,USD ,2.5251,1000,10,346678272628
ACC9380902,CUST000214,BR043,Money Market,Closed,"February 21, 2017",,2221.56,USD,4.1007,250,12,782747140913
ACC8995826,CUST004033,BR022,Buisness,Closed,14/08/2021,,11663.58,US Dollar,2.5466,100,0,352241625652
ACC3711810,CUST000026,BR009,Savings,closed,NULL,,982.22,USD ,5.4718,250,12,161707488035
ACC5829750,CUST003516,BR012,Chequing,Inactive,00-09-10,,1186.85,,2.4012,250,0,564578259659
ACC5363069,CUST002461,BR049,Business,active,16-11-19,,425.39,US Dollar,1.092,$500.00,12,927151509438
ACC9574623,CUST004137,BR046,business acct,active,14-02-13,,3721.26,US Dollar,4.0614,100,25,867866734147
ACC3058361,CUST000244,,Savings,N/A,17-03-2002,"October 30, 2006",4556.15,usd,0.6644,0,25,630727694403
ACC9037416,CUST002960,BR045,chk,N/A,06-05-13,,4119.31,$,0.3885,,25,198173544219
ACC9868682,CUST002998,BR037,Business,closed,"November 05, 2006",,7896.88,usd,1.451,500,25,296028251790
ACC2097214,CUST000519,BR011,Checking,closed,99/99/9999,99/99/9999,2665.44,US Dollar,4.1142,500,15,290868340243
ACC3033095,CUST002773,BR048,chk,Suspended,"September 09, 2006",,,GBP,1.5269,500,15,036394674423
ACC6390244,CUST003258,BR029,Business,Active,10-06-07,,1366.61,,3.5309,500,10,814553747245
ACC5740386,CUST000137,BR014,Checking,N/A,2009-02-26,,4343.93,usd,,,0,041186332483
ACC8829219,CUST001188,BR050,Business,Closed,29-06-2003,,3798.58,USD ,3.9675,1000,5,352009931140
ACC2613037,CUST002352,BR038,MoneyMarket,N/A,"February 11, 2000",,3028.64,GBP,1.935,,10,213416539520
ACC5499778,CUST000031,BR015,Business,CLOSED,20-12-31,,4594.97,GBP,0.529,,10,488140191846
ACC5987715,CUST003143,BR045,BUSINESS,closed,11/02/2023,,4057.72,GBP,0.8094,250,5,920130275033
ACC3682700,CUST002430,,business acct,ACTIVE,"January 14, 2003",,8525.46,usd,3.0509,0,10,349142320415
ACC6711266,CUST000549,,Checking,ACTIVE,11/25/2014,,3527.72,$,5.4936,,10,102688911958
ACC7317072,CUST000801,,Checking,Frozen,,,6031.16,$,2.1764,0,12,530320736511
ACC6685265,CUST002091,BR038,Money Market,Inactive,06/08/2003,99/99/9999,1143.84,USD ,3.5365,500,10,396338206535
ACC8206663,,BR024,Checking,Inactive,2014-12-17,15-09-10,4535.08,USD,3.9801,250,12,758441024708
ACC4283423,CUST003365,BR016,Saving Acct,CLOSED,NULL,15/04/2023,9299.08,usd,3.6682,1000,5,097535340014
ACC6157873,CUST002031,BR050,Savings,CLOSED,2023-05-14,,1949.3,USD ,1.1002,100,12,621423118104
ACC9014248,CUST001815,BR024,Savings,closed,08/13/2004,,6040.26,US Dollar,4.8762,1000,12,712616647427
ACC9340184,CUST004653,BR020,Money Market,CLOSED,03/14/2005,,5160.87,$,1.2157,0,25,577870981097
ACC5084944,CUST003426,BR019,Checking,Frozen,10-01-02,,245.49,EUR,,500,5,882403485452
ACC5150244,CUST003412,BR049,money mkt,CLOSED,12/03/2006,19-05-24,,usd,0.838,100,10,966016201879
ACC7548969,CUST001504,,Saving Acct,ACTIVE,04/02/2003,,557.92,$,1.3544,1000,0,306070978090
ACC3499231,CUST000705,BR003,BUSINESS,CLOSED,2020-06-12,,13683.87,US Dollar,4.8985,0,25,929865168750
ACC3096196,CUST004236,BR011,Buisness,Suspended,19-06-2002,,USD 6672.67,,0.334,100,0,687559742989
ACC8976391,CUST003679,,check,active,"August 19, 2020",,464.89,USD ,1.47,,5,644676111465
ACC8795187,CUST003476,BR034,Business,Inactive,04-10-2023,,519.31,usd,2.9847,1000,5,785997854690
ACC4698937,CUST001671,BR031,Checking,active,99/99/9999,,3610.28,EUR,5.1915,$100.00,0,740847841846
ACC9986052,CUST000916,BR030,Savngs,open,19/12/2020,,1691.8,,2.7181,1000,0,687687556367
ACC3877424,CUST001698,BR037,Savings,closed,2018-10-09,,142.12,USD ,2.4118,0,0,952134501805
ACC6475487,CUST000431,BR025,Checking,Frozen,18-04-2004,20/08/2012,3120.41,USD ,3.0298,250,15,003000898726
ACC2279161,CUST002099,BR024,Business,N/A,10-05-07,,1963.08,USD,4.6289,,0,564926978110
ACC1561179,CUST004937,BR036,MONEY MARKET,Inactive,"March 16, 2001",01-11-2010,426.23,usd,0.2112,500,10,282674402102
ACC6627449,CUST002154,BR012,Money Market,CLOSED,00-03-05,,6476.35,usd,,0,25,914976062046
ACC6326382,CUST001228,BR050,checking,Suspended,07/03/2021,,"$9,864.03",usd,1.7449,100,15,512181792865
ACC5365960,CUST001232,BR048,Money Market,N/A,10-05-31,,"$5,652.10",$,5.0785,,5,019378637533
ACC9994760,CUST000168,BR046,Checking,ACTIVE,"January 14, 2003",,6913.39,usd,0.2052,,0,218222458312
ACC7953666,CUST004098,BR016,Money Market,CLOSED,10-11-12,,975.89,,4.8581,$250.00,25,952212676109
ACC9195559,CUST000874,BR029,Money Market,ACTIVE,2015-08-28,,1223.78,usd,3.5202,0,25,724681519689
ACC7610784,CUST002233,,Checkng,ACTIVE,06-05-2019,,935.44,$,0.0624,0,10,001449704696
ACC2952428,CUST004145,BR028,Money Market,Suspended,08/05/2022,,"5793,76",USD,,250,15,525075362307
ACC1599230,CUST001655,BR005,Checkng,closed,06-06-28,,11819.67,US Dollar,3.9148,100,12,619228642439
ACC1388617,,BR002,svgs,ACTIVE,19-03-27,,5046.93,USD,1.1242,,5,956174245901
ACC6478270,CUST004762,BR002,Checkng,Suspended,2019-03-22,,8530.25,GBP,0.4881,0,12,607940883669
ACC9615346,CUST001895,BR008,chk,Suspended,19-11-2002,09-11-07,USD 4072.18,EUR,2.1914,0,0,707075792259
ACC6553716,,BR026,Money Market,N/A,18-11-13,,1961.87,$,1.5947,0,25,237453674061
ACC6133107,CUST004152,BR006,Money Market,Inactive,2019-09-01,,2218.84,USD,4.3428,0,15,977863199083
ACC9142323,CUST001658,,CHK,CLOSED,2021-06-01,,313.24,$,2.7553,100,5,658019592029
ACC3310998,CUST003793,,SAV,Open,2005-09-27,,127.85,,3.3971,0,5,554686405577
ACC3389999,,BR025,Money Market,Active,21-11-16,,4756.02,USD ,0.6249,500,12,579061529017
ACC3376284,CUST002466,BR030,Checking,closed,"October 27, 2000",,,US Dollar,4.2498,500,15,695486508660
ACC5374302,CUST003363,BR041,Checkng,Closed,31-12-2016,,USD 3213.77,usd,5.1492,,12,784059419751
ACC8446457,CUST000961,BR018,Business,Closed,,,3262.72,GBP,5.4955,,25,640563308141
ACC9585176,CUST001311,BR004,Business,N/A,16-03-27,,1299.46,USD,0.3056,100,0,097006646328
ACC6917205,CUST002542,BR018,Business,Inactive,28/01/2002,,2584.23,USD,5.1058,,15,117520925102
ACC2906127,CUST001098,BR026,Checking,Frozen,27-02-2008,,2545.25,USD ,2.3088,250,15,600329924034
ACC2985221,CUST004278,BR025,Business,N/A,"January 21, 2007",,1966.89,usd,5.1147,250,5,185838587126
ACC5207851,,BR018,Savings,ACTIVE,2008-03-10,08-12-14,6874.23,$,,USD 0.00,25,960615137320
ACC6102903,CUST000850,BR004,Chequing,Active,"January 15, 2007",,2399.82,USD,3.9182,500,5,361729295361
ACC4183103,CUST004770,BR048,Checking,CLOSED,20-05-31,,3701.78,GBP,0.2024,250,10,201961565851
ACC3652527,CUST000977,BR014,MoneyMarket,Inactive,12/27/2012,,9035.04,usd,5.0284,500,10,577610512315
ACC1489776,CUST000139,BR018,Checking,open,16/02/2016,,8046.64,$,,1000,5,922231743657
ACC3385358,CUST004499,BR020,Checking,active,20/10/2016,,8844.48,GBP,1.562,1000,10,492141213619
ACC6286720,CUST004323,BR032,Money Market,Active,"October 06, 2011","December 30, 2020",1258.87,GBP,4.4397,0,12,470113125209
ACC8290489,CUST000425,BR027,Savings,open,"January 28, 2007",,142.44,EUR,4.294,0,0,640520846102
ACC6810415,CUST003248,BR017,Business,Inactive,22-05-29,,1210.19,USD ,3.1062,0,15,676374315037
ACC6673714,CUST003683,BR041,Money Market,open,2008-02-21,,1306.84,,1.1699,1000,12,674199104050
ACC4291167,,BR009,Saving Acct,Frozen,10/08/2017,,9603.45,GBP,4.6589,0,0,598039684859
ACC9632104,CUST000969,BR041,Biz,active,15-01-2013,,,USD,,100,25,725982652143
ACC6063685,,BR020,Business,open,"July 23, 2021",,340.94,,4.2833,0,25,342180170628
ACC7063998,CUST003396,BR045,Biz,CLOSED,22/11/2011,,USD 581.85,US Dollar,0.8532,250,15,007680062251
ACC9321483,CUST000542,BR049,Savings,Closed,"August 17, 2014",,676.88,EUR,2.1475,100,12,591140140765
ACC3192144,CUST001328,BR024,money market,Active,2008-12-13,,3981.57,US Dollar,3.474,500,15,101181222597
ACC1771993,CUST004148,BR021,Money Market,Inactive,01/03/2006,,USD 5318.36,$,3.4291,0,5,019387954394
ACC7975039,CUST004315,BR014,Savings,CLOSED,03/02/2020,,7854.29,USD ,0.7027,,0,797856260953
ACC2108893,CUST003741,BR021,Money Market,Active,27-01-2017,20-06-17,11296.31,GBP,0.3476,100,25,248983635798
ACC5071248,CUST002805,BR014,Checking,N/A,08-09-01,,901.11,usd,2.0295,250,15,789302213643
ACC7547857,CUST001001,BR024,Checkng,Frozen,2016-06-08,,1482.94,$,3.1177,500,12,292055799234
ACC5608298,CUST003850,BR020,svgs,open,06-03-31,,1099.45,US Dollar,1.4231,1000,15,948854970789
ACC9961238,CUST003366,BR036,Savings,Inactive,23-05-2019,,1777.42,EUR,4.5028,1000,15,992278862170
ACC9588814,CUST003334,BR028,Checking,active,11/12/2022,,9844.69,,4.1434,1000,15,796721696793
ACC2944421,CUST000492,BR026,Savngs,open,"May 13, 2005",,-3423.72,usd,4.0815,,12,087349658975
ACC6134467,CUST001724,BR023,Checking,Frozen,"May 10, 2015",,5360.57,$,3.0591,0,15,800901984550
ACC8434499,CUST000357,BR003,BUS,closed,"March 16, 2013",,,USD ,2.8769,100,5,959282714600
ACC1186979,CUST004645,BR050,checking,N/A,10-05-29,,,USD ,3.7538,,0,735585062746
ACC5195403,CUST000093,BR030,MM,Suspended,2011-06-15,,265.39,EUR,,250,25,302975539946
ACC6102125,CUST001523,BR029,business,Frozen,2016-05-19,,3088.1,$,2.9843,100,10,165973576274
ACC5350953,CUST004724,BR014,business acct,ACTIVE,2013-05-13,19-06-11,5074.6,EUR,3.5439,500,0,251446270158
ACC8847645,CUST001048,BR019,Savings,active,21/03/2018,,,$,2.2483,0,15,940893349156
ACC7842120,CUST002149,BR036,Money Market,Active,2006-06-03,,5119.24,$,2.2518,500,5,387901943124
ACC9787565,CUST002462,BR032,Savings,active,22/03/2005,,6656.97,USD ,0.0316,0,25,675177768329
ACC3603887,CUST001632,BR008,Money Market,Suspended,"March 27, 2009",,2123.42,usd,2.1865,1000,0,297216141732
ACC4243673,CUST000624,BR038,Money Market,Open,31-10-2004,99/99/9999,5488.29,GBP,,,15,763956748181
ACC6180329,CUST003379,BR011,Business,open,,,2070.26,$,0.1263,,0,410902830304
ACC1345184,CUST000731,BR009,Business,open,,2009-06-13,4537.17,$,3.2007,250,5,193048239507
ACC8272420,CUST002764,BR031,Checking,Open,2012-07-23,,5775.64,$,5.2428,250,10,666191398146
ACC9388377,CUST000245,BR020,Checking,Inactive,02-11-30,,19276.73,USD ,1.4813,250,15,411229660174
ACC4081130,CUST003265,,Savings,Open,10/02/2001,,1694.9,,1.2278,250,25,180790243378
ACC8584050,CUST002203,BR028,MoneyMarket,open,"October 10, 2012",,2117.59,EUR,1.2895,1000,10,201840034800
ACC5176735,CUST002431,BR020,MM,CLOSED,07-12-12,,724.27,EUR,5.4464,250,5,823473265982
ACC5166010,CUST001950,BR040,Money Market,ACTIVE,2020-09-17,,912.99,$,0.6594,500,0,419832313394
ACC8139250,CUST000657,BR009,svgs,Closed,2022-09-03,,,$,1.9013,,5,547641070355
ACC7378535,CUST003023,BR019,Checking,N/A,"June 16, 2013",,9957.86,usd,1.5974,100,15,390949594192
ACC1925492,CUST000272,BR036,business,open,28-11-2021,,2007.5,US Dollar,4.3287,100,12,594225567355
ACC6527870,CUST002540,BR019,Buisness,closed,06-02-2004,,$793.05,US Dollar,4.4818,250,0,759744025305
ACC4154734,CUST001896,BR033,Business,CLOSED,02-02-2003,,1342.45,USD ,2.6552,0,12,142728677334
ACC3058923,CUST003773,BR035,Money Market,Active,30/07/2011,,2428.26,USD ,3.9169,0,0,134651172358
ACC3245292,CUST004615,BR035,Business,Active,11-11-21,,1373.63,USD ,5.167,0,0,105361030471
ACC8198042,CUST003810,BR041,Money Market,N/A,"March 13, 2006",,"$1,064.10",US Dollar,5.1914,0,12,029649023514
ACC4253213,CUST000630,BR036,Business,Inactive,"January 19, 2016",,5326.99,EUR,0.7201,100,10,699915207286
ACC1284554,CUST000104,BR034,Money Market,Inactive,"May 27, 2016",,31.5,,4.2761,250,12,004876165853
ACC6931934,CUST000785,BR020,MoneyMarket,open,23/01/2008,,3099.43,USD ,3.9593,500,0,583015593070
ACC9154235,CUST001827,,Savings,Active,25-12-2015,,6314.99,US Dollar,5.0103,25000,0,061626755386
ACC6943628,CUST004073,BR017,Checkng,Open,"June 29, 2019",,1238.23,USD,3.3314,0,15,717475540233
ACC3070898,CUST004769,BR017,Savings,ACTIVE,,,3698.21,US Dollar,2.2134,500,12,260434985619
ACC7859563,CUST003808,BR022,Chequing,open,2018-09-12,,4421.34,USD ,0.6347,0,15,309011196797
ACC5949795,CUST004273,BR034,Saving Acct,ACTIVE,04/18/2005,99/99/9999,4257.13,$,0.9769,100,10,847422902616
ACC3148634,CUST002644,BR042,CHECKING,Frozen,99/99/9999,,236128.00000000003,US Dollar,4.9279,100,12,800262912565
ACC7938603,CUST000197,BR004,SAV,open,"December 19, 2019",,1702.13,USD,4.6103,250,25,148714810823
ACC4279676,CUST001894,BR045,Checking,active,"August 27, 2000",,7229.7,$,1.6035,100,5,883163925148
ACC8270932,CUST004153,BR022,check,Closed,"May 10, 2010",,5682.65,,4.9306,,5,209162039959
ACC9917678,CUST000601,BR024,Checking,Open,01/22/2022,,1550.04,GBP,1.1918,250,15,596832605415
ACC6158613,CUST001853,BR010,Checking,closed,15-03-2010,,"434,88",usd,3.1926,,10,593049717307
ACC8007074,CUST001986,BR004,CHECKING,active,31/08/2022,,298.06,GBP,5.4339,1000,5,677849044843
ACC5807192,CUST004577,BR024,Checking,N/A,"April 17, 2008",,,EUR,4.7018,500,15,558470046395
ACC6270570,CUST000070,,Business,active,07/17/2000,,3497.42,$,5.0896,,0,268709900736
ACC6136163,CUST001663,BR049,business acct,CLOSED,27-03-2017,,212.18,$,1.7187,USD 100.00,0,711786480062
ACC3323849,CUST002504,BR026,MoneyMarket,open,05/07/2002,,1643.48,USD ,2.8891,0,25,582518663940
ACC3041558,CUST001887,BR043,BUS,N/A,NULL,,5596.7,EUR,0.7062,100,0,375964459027
ACC2642883,CUST002140,BR043,business acct,CLOSED,2005-04-26,,1394.53,US Dollar,5.3361,500,0,936787029499
ACC8775310,CUST002517,BR002,money market,Closed,14-12-13,,5763.98,$,0.705,500,10,702020864903
ACC7617602,CUST000841,BR040,Money Market,Frozen,21-10-25,27/10/2022,5473.3,,0.751,,10,322875884686
ACC1874032,CUST002694,BR040,Business,Suspended,02/09/2018,"October 05, 2020",1128.53,,2.981,100000,5,103328078341
ACC3355825,CUST002054,BR033,Saving,CLOSED,2017-06-02,,5219.92,USD ,0.3719,250,0,533889224103
ACC7189629,CUST004757,BR003,Checking,ACTIVE,14-01-2022,,5509.76,USD,5.3134,500,5,476605179750
ACC4042554,CUST001731,BR037,Checking,Frozen,03/23/2000,,2026.36,,,500,5,536072760579
ACC4349042,CUST003931,BR039,Money Market,Suspended,25-05-2005,,945.02,GBP,0.1091,0,15,995979247057
ACC7436273,CUST003060,BR034,Savings,Active,"March 02, 2006",,2946.48,usd,2.6719,$500.00,0,544471221076
ACC9203246,CUST004589,BR013,Savings,Frozen,02/20/2008,15-06-2022,10173.41,USD,1.9031,250,12,869609123210
ACC1694263,CUST003187,BR037,CHECKING,Active,11-03-2005,,4082.35,USD,,,10,483649095782
ACC9850814,CUST001417,BR019,MM,Active,99/99/9999,,759.43,US Dollar,0.5748,250,5,146239116093
ACC8477361,CUST001898,BR025,svgs,Suspended,01/31/2019,,4592.35,,1.2253,250,10,255202722019
ACC2346602,CUST003325,BR023,Money Market,Closed,03-09-26,,2228.9,US Dollar,5.2242,250,10,293392688891
ACC3865081,CUST004275,BR038,Checking,ACTIVE,2018-10-04,"February 28, 2023",3581.34,USD,0.7869,,10,353277373927
ACC8955918,CUST001630,BR004,svgs,closed,09/08/2015,,529800.0,,,0,15,588533028071
ACC1003383,CUST000001,BR001,Savngs,Active,NULL,06/29/2021,2893.99,US Dollar,1.4013,,0,807312370025
ACC8954564,CUST000124,BR016,Money Market,Frozen,04/03/2018,,6727.69,USD,0.7698,0,0,731011649921
ACC3796119,CUST003272,BR033,Saving,N/A,2021-10-14,17/08/2022,5122.78,US Dollar,5.4072,500,5,116302967319
ACC8012995,CUST003668,BR002,SAVINGS,Inactive,NULL,,3818.81,usd,0.3403,,25,288664490728
ACC3172567,CUST001715,BR040,Savngs,Open,"February 22, 2008",2017-09-04,653.81,EUR,4.335,0,12,147088022828
ACC4394514,CUST000795,BR007,Saving Acct,Active,12/18/2008,,7230.31,US Dollar,2.8291,,25,441765509339
ACC3009968,CUST004541,BR017,money mkt,CLOSED,"November 14, 2008",,10989.59,GBP,,,12,814390363680
ACC8510045,,BR038,Money Market,ACTIVE,30-07-2007,,589.2,USD,1.9794,0,12,383587086364
ACC4111731,CUST003900,BR025,Money Market,CLOSED,26-01-2013,,2679.61,US Dollar,1.2033,0,25,467688459205
ACC6165408,CUST004896,BR044,Money Market,ACTIVE,"April 10, 2018",,1198.42,,3.3264,USD 100.00,12,994471405502
ACC4908587,CUST000796,BR010,Money Mkt,Open,2002-10-16,,5618.21,US Dollar,4.6946,0,10,327283221368
ACC2433118,CUST000917,BR039,Savings,N/A,24/10/2000,,5115.21,usd,2.7004,0,12,699553314877
ACC9361226,CUST001122,BR028,MM,open,"November 24, 2015",,607.41,$,4.5581,,12,443583430340
ACC6337458,CUST004661,BR044,Buisness,Suspended,13-05-2023,,8383.17,GBP,0.5706,1000,25,484021366693
ACC9233365,CUST000115,BR041,Money Market,CLOSED,14-10-2007,,798.55,GBP,2.6235,1000,5,120946300991
ACC6071446,CUST003238,BR046,Money Market,active,23-11-18,,6383.3,GBP,,,10,844613953556
ACC7701103,CUST004524,BR043,Savings,Open,12-07-22,,2442.44,USD,4.8392,0,0,932673526599
ACC2047980,CUST002773,BR010,Business,open,99/99/9999,,1591.61,,4.0067,,25,016180105681
ACC5855125,CUST004694,BR022,Checking,Frozen,"March 04, 2012",,689.04,US Dollar,5.3609,1000,0,450443113947
ACC4012327,CUST004075,BR002,money mkt,ACTIVE,23-08-2008,,733.84,USD ,5.2021,500,25,686332651842
ACC8664567,CUST001204,BR005,Money Mkt,Frozen,16/07/2011,,4337.54,US Dollar,4.8771,0,0,112771692398
ACC8851311,CUST003063,BR021,Savings,Active,17-12-05,,3197.86,GBP,1.5169,,10,564083837830
ACC2882565,,BR026,SAVINGS,N/A,15-09-2017,,520.82,,1.0503,250,5,498192639356
ACC3647375,CUST002307,BR008,business,active,01/11/2000,,478.28,GBP,2.9027,0,10,887395941942
ACC6003230,CUST004483,BR016,BUS,open,04/17/2009,,300.23,USD ,4.7239,100,15,791485345818
ACC3691453,CUST004574,,Checking,Active,NULL,,5446.68,usd,4.2715,500,5,360947385576
ACC4957520,CUST004365,BR035,business,open,"March 08, 2020",,4977.54,USD ,0.1555,0,25,159603827146
ACC3115837,CUST000808,BR013,BUS,CLOSED,04/29/2017,,240.83,USD,0.4063,100,5,426807835321
ACC7204344,CUST000925,BR014,Money Market,ACTIVE,04/12/2021,,3286.38,EUR,5.1397,500,15,878996794292
ACC7883195,CUST004204,BR010,Business,Inactive,"May 06, 2000",,353.91,GBP,3.2905,0,10,600664999943
ACC5592663,CUST004519,BR010,Checking,N/A,2008-10-04,,9363.05,GBP,3.8751,1000,25,329660711508
ACC7847438,CUST001518,BR012,Savings,closed,11/07/2022,NULL,9505.68,USD,3.4288,1000,0,617214955413
ACC9586681,CUST003549,BR012,Savings,Open,2004-08-03,,4792.4,$,0.9316,250,12,314536512969
ACC8025958,CUST001565,BR003,Money Market,CLOSED,01-01-2002,,1042499.0,USD ,3.4944,100,10,010922897516
ACC2816356,CUST002566,BR022,Checking,ACTIVE,26/06/2003,,6673.63,US Dollar,0.0813,250,5,009747611176
ACC3053234,CUST000870,BR017,business acct,Inactive,30-12-2002,10/08/2009,7053.59,GBP,5.4102,250,10,534690483629
ACC7479795,CUST004821,BR037,CHECKING,Suspended,10-03-2018,,3373.16,USD,1.2613,,0,841663517012
ACC9758437,CUST001252,BR004,CHK,Active,"January 09, 2015",,1461.47,US Dollar,1.0558,100,5,838534089535
ACC3077155,CUST002950,BR033,Checking,Active,11/11/2000,01/13/2002,982.57,GBP,0.8477,0,0,946269808181
ACC6479667,CUST001834,BR046,Savings,N/A,01/12/2014,,1585.23,,3.6108,100,12,809953312389
ACC3395988,CUST000542,BR039,Savings,open,18/03/2006,,3960.78,$,3.75,100,25,361152352922
ACC9689728,CUST001277,BR031,Business,N/A,27/05/2004,05-10-20,758.14,USD,4.9251,"$1,000.00",5,180907869145
ACC4099901,,BR008,Money Market,ACTIVE,06/06/2015,,1197.08,USD,2.4448,1000,0,840814265571
ACC1985498,CUST000121,,Biz,open,06/10/2014,,2524.9,usd,4.9005,250,10,659015934298
ACC4387490,CUST003530,BR050,Savings,Closed,2001-12-26,,1061.34,USD,1.5415,100,10,215782258560
ACC3398733,CUST004046,BR029,Checking,open,16-03-2013,,3553.18,USD,4.0102,500,25,914307137076
ACC1918419,CUST004199,BR029,sav,Active,12/08/2012,,10264.95,GBP,1.4013,250,5,964565665166
ACC9696465,CUST004989,BR002,Checking,active,21-07-01,,5514.72,EUR,4.6368,500,12,886822523494
ACC6587075,CUST002291,BR024,Biz,Frozen,17-06-02,,4391.57,US Dollar,1.9252,0,12,027393575227
ACC5481634,CUST001773,BR016,Chequing,Active,2004-12-25,,"$3,496.01",GBP,2.7125,1000,0,564767068215
ACC3566945,CUST001578,BR018,Checking,Suspended,05/14/2004,,2677.32,$,4.6885,,25,755160200089
ACC8200441,CUST003386,,SAV,CLOSED,2010-03-06,,825.95,usd,3.0709,100,10,767558341814
ACC7427834,CUST001277,BR019,CHECKING,open,"December 09, 2013",,,US Dollar,3.4689,,5,044929275173
ACC5134928,CUST000669,BR050,money market,closed,"December 24, 2021",,1142.93,$,4.6231,1000,0,079759634567
ACC2028665,CUST003134,BR039,Money Market,ACTIVE,2001-02-01,,383.0,,0.1279,0,5,567945646927
ACC8037102,CUST002548,BR020,Checking,open,19-03-27,,5545.42,USD ,2.0177,100,5,074444463710
ACC2713074,CUST000487,BR014,Savings,Active,2008-08-18,,772.47,USD ,5.3428,,5,052441547574
ACC3640022,CUST001617,BR038,Business,Active,"April 02, 2001",,1860.2,GBP,2.4773,500,15,552119348106
ACC9230113,CUST000814,BR031,Money Market,closed,24/10/2009,,USD 114.77,usd,1.7083,$250.00,15,810603313340
ACC3712390,CUST003168,BR017,Business,Frozen,26-11-2008,,589.68,EUR,4.1109,,10,004005129526
ACC2344402,CUST002908,BR030,Checking,Closed,16-06-07,,760.79,usd,2.932,100,25,492494712682
ACC6565836,CUST000345,BR047,Business,Closed,99/99/9999,,223.79,USD,3.4295,0,0,725967745308
ACC9059140,CUST000111,BR007,BUSINESS,Frozen,"June 21, 2011",31/08/2016,4276.1,$,2.9939,1000,12,775356334137
ACC9951390,CUST002545,BR043,Chequing,closed,"July 29, 2022",,"7256,21",US Dollar,4.2907,100,15,746602599386
ACC7689937,CUST004929,BR030,Checking,N/A,22-08-2013,,1869.25,USD ,0.6532,$250.00,25,184050367184
ACC9649033,CUST000046,BR015,Savings,N/A,03/09/2003,,,GBP,4.595,,10,355019054941
ACC6322318,CUST002083,BR038,Checking,N/A,12/05/2007,,959.87,GBP,,250,25,792416466324
ACC8714404,CUST003538,BR032,Current Acct,ACTIVE,2001-08-15,,"1574,48",USD ,2.3687,,5,002130532857
ACC1823384,CUST001259,BR004,Current Acct,open,12-07-2020,04/18/2021,653.55,USD,0.6914,250,5,999601398703
ACC5544726,,BR009,Business,Inactive,2000-01-02,08/07/2023,3876.23,GBP,1.0076,250,0,433744983962
ACC8335913,CUST003005,BR017,Savings,CLOSED,28/12/2013,,2178.01,$,3.6974,,25,881750252161
ACC9278307,CUST002230,BR048,Biz,active,30-11-2019,19/04/2022,USD 3800.25,,0.3465,0,10,576429351111
ACC8641889,CUST004082,BR019,money market,Open,"December 19, 2007",,5736.48,,1.5397,100,15,955779588706
ACC1773003,CUST002010,BR033,BUSINESS,Active,09/21/2000,,3156.02,GBP,2.5285,50000,12,122472178015
ACC8879326,CUST000892,BR006,Money Market,N/A,04/29/2020,,3951.47,USD,2.2311,250,10,698786678605
ACC4917248,CUST003559,BR011,MM,Active,2011-03-14,,10948.91,USD ,3.5981,,25,761902013723
ACC4236613,CUST002221,BR005,Business,Closed,2000-06-19,,1421.36,USD,3.4017,1000,0,681091913462
ACC7543360,CUST002760,BR046,Checking,N/A,22-02-21,,1779.93,$,4.7994,50000,0,793833427285
ACC2552418,CUST002289,BR008,Business,Inactive,"June 29, 2018",,5059.19,$,3.2982,500,12,957964914192
ACC5505888,CUST003862,BR007,Savings,Closed,"November 19, 2004",,3779.85,USD,3.6215,$0.00,15,631789148829
ACC5024195,CUST003433,BR037,Money Market,Frozen,12-12-03,,786.65,USD ,0.0908,100,25,563288953226
ACC9661099,CUST004268,BR035,MoneyMarket,ACTIVE,NULL,,1887.36,usd,4.6979,0,12,065357783737
ACC2342981,CUST000255,BR035,business,N/A,30/08/2007,,2523.23,USD,0.5094,250,5,247737418420
ACC4496294,CUST004179,BR040,BUS,closed,12/08/2001,,2174.7,USD ,1.6439,1000,25,596129815445
ACC7274961,CUST004044,BR023,Business,N/A,19-05-2014,"September 01, 2014",785.4,US Dollar,2.1677,100,25,257884427072
ACC9835051,CUST002494,BR016,Biz,N/A,20-07-2021,,10330.79,USD ,,500,5,161555272074
ACC4079596,CUST001986,BR046,Business,Inactive,2000-08-05,,5747.3,usd,2.9665,1000,15,162741788706
ACC7431772,CUST003228,BR032,Current Acct,closed,2007-09-03,,2626.15,EUR,4.7912,100000,25,927525290493
ACC9512538,CUST002984,BR038,business,N/A,23-11-2001,23-03-26,4558.5,usd,0.7322,1000,15,643308774723
ACC5960166,CUST004755,BR015,BUSINESS,Open,09/18/2008,,9103.1,USD,,500,25,736542510248
ACC1270710,CUST004999,BR040,Business,closed,13-03-2017,,585.54,$,4.3503,0,15,963122990542
ACC4755064,CUST000811,BR028,Savngs,open,"August 25, 2022",,1152.72,$,2.1464,,25,487977206402
ACC3348312,CUST001917,BR021,Savings,Inactive,12-06-12,,3129.67,USD,4.6564,1000,15,610992987258
ACC1822787,CUST002833,BR019,Biz,Suspended,04/06/2008,19-09-06,6418.01,US Dollar,2.1999,100,15,456357476298
ACC1637309,CUST002492,BR025,Money Market,Open,,,147.71,$,1.9424,250,5,416851928143
ACC8758614,CUST004072,BR021,svgs,CLOSED,05/08/2019,,16545.21,,2.8148,0,0,481744504293
ACC4820656,CUST002055,BR039,CHECKING,Suspended,08-02-19,,2427.19,GBP,1.6389,100,10,518017100567
ACC8858804,CUST004578,BR016,checking,Frozen,09/10/2011,,1780.35,$,5.299,1000,25,185546604990
ACC1495922,CUST003102,BR033,MM,Inactive,,,1385.34,,2.7818,500,5,124888134798
ACC2437873,CUST003797,BR026,Money Market,ACTIVE,22-05-2017,,766.37,usd,0.5589,100,12,537422811119
ACC2527466,CUST004167,BR012,Savings,Active,NULL,,6272.68,usd,2.1973,1000,0,964968099189
ACC5356609,CUST003227,BR027,Savings,Frozen,99/99/9999,,12441.36,EUR,,100,12,356621971221
ACC2319988,CUST004367,BR017,Savngs,Suspended,08/17/2020,,2135.32,GBP,,,5,957583747260
ACC6906098,CUST004167,BR004,Checking,Inactive,23-01-2013,25/10/2022,12181.43,US Dollar,,250,12,203699247799
ACC7644663,CUST001444,BR032,CHECKING,Open,2002-02-25,,6944.49,$,1.1506,250,25,989864832433
ACC2151045,CUST004623,BR046,Checking,ACTIVE,07/31/2019,08/03/2023,2623.8,EUR,4.185,0,15,083051207454
ACC4266504,CUST002916,BR039,Savngs,N/A,21-12-13,2023-06-13,4483.75,USD ,3.4634,,12,552764257599
ACC6654799,CUST000704,BR010,Savings,CLOSED,"February 11, 2007",,2283.61,US Dollar,5.3632,$250.00,10,053243239769
ACC6966424,,BR047,Checking,ACTIVE,11-12-31,,,usd,4.7497,0,15,682766620288
ACC9327674,CUST000358,BR022,sav,open,"December 13, 2003",,239.2,USD ,2.9259,500,5,411147467803
ACC6016040,CUST004480,BR045,Savings,closed,"April 12, 2010",20-07-2010,4766.38,$,1.884,500,15,381575981108
ACC4128203,CUST003208,BR010,Money Market,Frozen,13-07-04,,"217,08",$,2.4776,,25,282209401485
ACC5642808,CUST002110,BR048,money market,Open,05/05/2020,,6794.93,EUR,5.2621,1000,0,735594874712
ACC6027018,CUST000237,BR028,Checking,Closed,03/22/2000,,6970.66,EUR,5.1864,500,25,215202919422
ACC9869453,CUST001272,BR027,Buisness,CLOSED,"January 24, 2006",,1082.39,usd,5.139,100,25,805191948301
ACC1989088,CUST002139,,Checking,Closed,08-10-09,,1564.25,EUR,0.9997,1000,10,399593698441
ACC8232242,CUST001583,BR037,Savings,Active,06/22/2006,,2625.8,,1.9928,100,5,604021355210
ACC2408488,CUST003569,BR031,Business,Closed,27-05-2003,,3631.93,GBP,5.0909,250,15,821197767432
ACC9687888,CUST004582,BR037,Business,ACTIVE,08-08-18,,1355.08,usd,1.6316,,15,356933074614
ACC7121725,CUST003253,BR022,Savings,N/A,05-07-19,,3590.72,,3.9892,0,10,682837090350
ACC8913960,CUST003998,BR009,MM,CLOSED,2005-04-23,2017-10-14,USD 1414.07,$,4.4125,0,12,121465939877
ACC1145444,CUST000251,BR038,savings,Inactive,27-05-2023,,228.36,EUR,4.7572,,12,812269871491
ACC7755255,CUST001355,BR045,money market,active,29/05/2021,29-05-2022,10.12,USD,0.5673,250,25,768438030730
ACC4921499,CUST000109,BR017,SAV,Closed,"May 20, 2014",,426.56,US Dollar,0.3079,250,5,330794722051
ACC4449495,CUST004666,BR008,check,Suspended,04-07-2005,,6285.69,US Dollar,1.6783,500,12,679667844035
ACC4117988,CUST000858,BR018,BUSINESS,CLOSED,31-07-2010,31/10/2011,13021.26,EUR,2.0757,100,0,043966812042
ACC3066318,CUST000933,BR004,Savngs,ACTIVE,2017-06-21,,2227.24,US Dollar,0.1149,,12,406837346705
ACC8168334,CUST004200,BR039,Checking,Frozen,25/01/2001,,2875.37,EUR,3.7878,0,5,080564990818
ACC5588693,CUST004300,BR043,CHK,closed,15/08/2001,,63527.0,EUR,5.2019,500,0,939032310009
ACC4225539,CUST002347,BR047,MoneyMarket,Inactive,05/10/2008,,3203.21,USD ,3.4,500,12,007503372265
ACC6716889,CUST004637,BR033,Checking,Open,10-10-25,"October 02, 2013",USD 625.00,,4.0357,500,0,679643644653
ACC3542285,CUST001076,BR035,CHECKING,Inactive,"December 14, 2002",,,USD,,100,0,192222417159
ACC2759692,CUST002579,BR048,Money Market,Frozen,07/17/2020,,10827.72,US Dollar,3.0415,,10,093400975383
ACC5862290,CUST002752,BR023,BUS,Inactive,08-08-2022,,871.12,USD ,2.5086,0,25,976845266097
ACC4649610,CUST000098,BR013,SAV,Closed,NULL,,5785.26,,3.9404,0,12,248331902117
ACC1424615,,BR044,money market,closed,"December 11, 2018",,95.13,US Dollar,0.7934,100,12,400794486115
ACC6948153,CUST002547,BR033,Biz,closed,2017-01-25,,,USD ,5.4697,500,12,128032324079
ACC7867786,CUST000688,BR002,MM,Frozen,04-11-30,99/99/9999,469.5,US Dollar,1.3577,1000,0,880904948994
ACC2783497,CUST001687,BR002,SAV,Inactive,19/08/2018,,1738.39,US Dollar,1.6853,500,12,999534420766
ACC9370421,CUST004093,BR018,Money Market,Active,05-01-09,,762.4,$,2.4785,1000,12,418819846713
ACC9779785,CUST002739,,Current Acct,Suspended,"February 23, 2010",,1869.18,USD,1.6134,,15,251570111463
ACC6384253,CUST002130,BR015,Business,Active,03/20/2021,,2161.86,USD ,,0,12,137337248839
ACC6079208,CUST001010,BR008,Business,Inactive,23-08-01,,,USD,5.1003,0,0,118122980127
ACC6006719,CUST000695,BR018,Business,ACTIVE,30/07/2011,,4275.69,EUR,2.2737,0,25,207582966778
ACC9238020,CUST002371,BR041,MM,CLOSED,17/07/2006,,,,4.264,250,12,016162112134
ACC1674225,CUST001963,BR001,savings,Active,2021-06-18,,2047.27,GBP,0.8305,1000,12,618210265965
ACC8234950,CUST001434,BR015,Savings,Active,"October 21, 2017",,854.47,GBP,2.9275,100,15,098742713800
ACC7684719,CUST002870,BR032,Savings,Active,03/08/2012,,1262.81,US Dollar,3.0452,,5,041414502474
ACC1040286,CUST004007,BR033,BUSINESS,N/A,11/14/2017,,7696.62,$,2.0061,250,0,184074926499
ACC2467373,CUST004000,BR012,Business,Open,05/20/2008,,3391.16,$,3.2385,100,25,321879501337
ACC4343482,CUST000417,BR014,sav,closed,26-02-2020,,2427.96,$,1.3663,"$1,000.00",5,360192438692
ACC2264593,CUST001683,BR040,check,ACTIVE,99/99/9999,,648.37,EUR,3.1696,250,0,313014709303
ACC9517038,CUST002702,BR027,Savings,active,18/06/2010,,2389.37,,1.6818,500,0,554172777133
ACC8277149,CUST004869,BR039,Checking,Active,21-10-11,,"$1,305.65",EUR,2.6092,100,15,263751057752
ACC9665720,CUST003788,BR048,money market,Closed,19-08-2006,,11470.28,$,2.8303,250,0,433571620658
ACC4178313,CUST003544,BR020,Money Market,Suspended,30/06/2007,,8619.08,usd,0.8607,100,15,289226599499
ACC8273360,CUST003356,BR046,Money Market,Active,04-05-2010,,350.53,USD,1.3123,0,12,259913100864
ACC3608457,CUST001461,BR004,SAVINGS,ACTIVE,01/05/2014,,2908.09,GBP,1.6906,500,10,195788145675
ACC4327921,CUST004921,BR027,Money Market,closed,23/07/2017,2018-10-27,1019.87,usd,4.1783,100,15,154216930526
ACC5278853,CUST000264,BR010,Business,Closed,25/05/2023,,2115.8,USD,3.4029,1000,25,083247422330
ACC1739423,CUST001967,BR012,SAV,active,07/12/2003,,8377.34,usd,4.4076,0,0,334935094548
ACC5314901,CUST001730,BR033,Savings,open,25-01-2002,,2998.99,,3.4647,250,12,058530157964
ACC8831973,CUST002978,,Money Market,Open,20-08-04,,,USD,4.1596,100,0,078876025823
ACC9048782,CUST000392,BR039,MM,CLOSED,11-09-2019,,932.21,,5.3425,,10,082174687930
ACC4129487,CUST002098,BR033,Money Market,ACTIVE,09-06-30,,6444.25,GBP,1.6126,1000,5,536993945316
ACC2605673,CUST000551,BR007,savings,Suspended,"March 21, 2014",,3918.18,,0.1435,1000,25,612180624611
ACC6352470,CUST004428,BR033,Money Market,open,,,2524.94,USD ,5.0168,,12,506323097128
ACC8436958,CUST000056,BR014,Checking,Suspended,25-03-2008,,980.97,,,100,12,866852428576
ACC8751415,CUST004272,BR043,Checking,Active,10-10-2001,,1627.34,GBP,,,0,683259661264
ACC1492830,CUST001574,BR036,Checking,CLOSED,12-10-2000,,12859.88,EUR,0.4239,,5,291560779417
ACC7272977,CUST004109,BR024,Savings,Closed,30-07-2006,09/11/2010,2936.63,usd,1.9846,100,15,413353778392
ACC8891709,CUST004387,BR017,Business,Open,29/03/2017,,2047.97,US Dollar,1.958,1000,12,751642520817
ACC6404289,CUST004988,BR001,Savings,Active,"December 12, 2015",,2947.74,EUR,2.3764,0,25,394766519389
ACC4262555,CUST003548,BR019,Buisness,Active,"June 21, 2023",,6038.16,usd,,50000,10,464005869921
ACC8376154,CUST004308,BR022,Savings,closed,09/04/2004,,1662.72,usd,3.1527,500,12,138907799712
ACC1539515,CUST000863,BR045,Checking,CLOSED,22-08-09,,787.5,,0.1985,0,0,211461949131
ACC1962569,CUST003845,BR038,check,CLOSED,04/04/2021,,3517.29,,5.0925,,12,408549067716
ACC4955007,CUST003853,,Savings,ACTIVE,24/07/2001,2004-02-19,4376.94,USD,3.7083,100,25,690805676169
ACC1843983,CUST002687,BR044,svgs,Frozen,29/08/2014,,4989.16,usd,4.9786,1000,10,151985880834
ACC2844170,CUST002094,BR039,Savings,Open,14-02-24,,8547.86,GBP,2.251,,5,840766457615
ACC8082817,,BR040,Checking,Open,03/20/2022,,1855.6,usd,2.5398,$250.00,15,035267675615
ACC8766258,CUST002160,BR044,Current Acct,closed,16/04/2020,,313.38,,4.5699,250,25,127456096016
ACC3987254,CUST002452,BR049,Business,Open,04-07-31,,"$12,713.68",EUR,,250,10,147121394645
ACC2106157,CUST003886,BR005,Money Market,Frozen,02/09/2011,,2283.8,usd,3.5444,1000,15,603900678136
ACC5743940,CUST001450,,Savings,Closed,24-09-2019,12/08/2023,USD 3904.77,US Dollar,3.5062,100,25,569390378034
ACC6288121,CUST003146,BR013,Checking,Frozen,08/30/2017,,4390.12,US Dollar,4.4756,0,10,257519144282
ACC1111317,CUST002814,BR037,Savings,Active,10/25/2011,,3163.16,usd,4.387,1000,15,899235828671
ACC1575834,CUST002723,BR023,Business,open,12-09-11,12-10-25,$918.95,USD,0.9723,500,0,414934257137
ACC3072396,CUST003561,BR001,Business,Closed,2002-05-11,,5628.32,EUR,,0,5,832278667607
ACC4966227,CUST004556,BR011,Checking,Active,"February 24, 2001",,6513.5,EUR,3.4323,100,0,499503653019
ACC6691212,CUST004116,BR008,sav,Suspended,05/14/2005,NULL,,US Dollar,2.4252,1000,12,062068993080
ACC3012429,CUST004572,BR039,Business,N/A,13/09/2014,,"$2,682.11",GBP,3.1423,500,25,042502380869
ACC7027630,CUST002506,BR028,Checkng,N/A,,,483.87,usd,0.9435,500,5,836831305019
ACC2319218,CUST003463,BR013,Money Market,closed,10/09/2017,,,US Dollar,3.6945,0,15,782578709598
ACC1472575,CUST002825,BR049,Money Market,N/A,"April 05, 2022","September 05, 2022",1659.43,USD,3.7829,,0,568426800878
ACC3771381,CUST004215,BR025,Business,Suspended,04/11/2023,"December 15, 2023",,USD,0.4824,1000,10,748179361162
ACC5120938,CUST000419,BR033,Money Market,closed,22-12-01,,12286.69,usd,5.3779,100,10,290687538057
ACC1904965,CUST001895,BR003,Checking,Inactive,"February 04, 2010",,,usd,1.3166,1000,5,987979501492
ACC2318065,CUST001781,BR031,Business,Open,NULL,,4314.35,EUR,0.4612,100,0,410317247558
ACC5600778,CUST001921,BR007,Money Market,Frozen,20-09-2006,23-07-28,2916.33,usd,5.1816,0,15,229457894577
ACC9542961,CUST000319,BR016,Business,active,"December 09, 2009",,73265.0,USD,5.1387,250,15,387093111024
ACC8257859,CUST000842,BR038,Savngs,CLOSED,2011-06-29,,15350.76,USD ,3.4926,250,12,046836695613
ACC5438909,CUST002318,BR007,money mkt,Active,21-05-08,,1880.27,EUR,1.7744,1000,12,550616690168
ACC1367598,CUST003591,BR049,Business,N/A,"November 23, 2021",,452.34,usd,0.1065,,10,894533924932
ACC3269798,CUST003962,BR031,business,Inactive,"February 02, 2004",,2723.28,usd,1.2551,250,15,286302020107
ACC9283716,CUST001479,BR012,sav,Inactive,2015-01-29,20-04-13,8285.83,GBP,1.1841,0,0,088100294402
ACC5894660,CUST004830,BR039,Business,Open,2007-04-08,,,EUR,3.0656,USD 0.00,25,201128270232
ACC3113118,CUST002144,BR012,Money Market,open,NULL,27/03/2021,44.11,GBP,1.5362,250,12,983217498810
ACC5850411,CUST002148,BR028,Checking,Suspended,99/99/9999,,,usd,3.2319,,12,887731504316
ACC3336420,CUST004154,BR008,CHECKING,Frozen,2008-11-02,99/99/9999,1266.98,USD ,3.2977,1000,0,326107807135
ACC4083286,CUST004588,BR008,Savings,Suspended,18-07-15,,USD 159.01,$,1.0375,0,15,540115923351
ACC9997961,CUST000038,BR021,Business,ACTIVE,20/09/2007,,7529.98,usd,2.572,,5,582273331976
ACC6778782,CUST002906,BR024,Money Market,open,08-07-2004,,7976.48,usd,0.2823,250,5,272444147315
ACC1803748,CUST003685,BR006,Checking,Closed,05/24/2000,,3627.65,usd,4.7759,1000,15,049699174052
ACC7838541,CUST000142,BR029,SAVINGS,CLOSED,07-06-14,2015-01-23,3417.34,US Dollar,1.2358,100,0,235116293098
ACC4871424,CUST000284,BR050,Business,open,,,"$6,709.16",GBP,0.8127,100,5,062196750584
ACC6926138,CUST001518,BR013,Checking,Closed,10/21/2023,,6172.91,,4.8462,0,25,008003976831
ACC1247774,CUST004149,BR036,Savings,open,"December 12, 2017",,8832.94,US Dollar,3.4551,1000,0,881263817948
ACC9086222,CUST004309,BR011,Business,Suspended,02-06-17,,3218.53,$,4.6171,500,12,111427118276
ACC2358901,CUST003474,BR001,BUSINESS,Suspended,14/08/2004,05/04/2012,13724.21,EUR,0.2863,,15,673401493525
ACC5480583,CUST003587,BR049,MM,Active,"June 06, 2004",,22235.44,USD ,4.2988,1000,25,050586790418
ACC5859192,CUST003389,BR045,Business,CLOSED,2009-04-17,,495.66,,1.8662,100,5,485690732818
ACC4157841,CUST002746,BR030,Checking,Suspended,"February 21, 2022",,7576.33,,1.6565,0,0,300571258781
ACC2216098,CUST003405,BR033,money market,ACTIVE,29/04/2005,,,GBP,3.7126,250,25,770606546869
ACC5053355,CUST004080,BR035,Checking,active,08/07/2009,,1961.26,,0.6373,1000,25,587899590915
ACC1624772,CUST002890,BR038,Money Market,open,19/04/2023,,3798.07,GBP,2.6249,$100.00,0,043412237110
ACC3063648,CUST004644,BR018,MONEY MARKET,Frozen,25-03-2020,,USD 230.37,USD,,100,15,404515548674
ACC5479081,CUST004946,BR024,Money Market,Inactive,12-09-2011,,2824.61,GBP,1.0024,500,12,286143394428
ACC1563827,CUST002185,BR040,money market,open,"February 14, 2022",,8188.38,EUR,1.548,250,0,675737140400
ACC9109271,CUST001375,BR024,Buisness,ACTIVE,"June 22, 2023",,USD 960.45,USD ,2.6362,100,10,551875710050
ACC7119862,CUST004837,BR049,SAV,Frozen,NULL,,2223.22,USD,3.1258,,0,229161810136
ACC2350892,CUST002113,BR037,Chequing,Inactive,11/03/2009,,11219.18,usd,4.5021,100,5,727720053996
ACC4779576,CUST002130,BR029,Money Market,ACTIVE,02/05/2001,,2238.41,usd,,500,0,299684532595
ACC3852746,CUST001689,BR033,Checking,CLOSED,2002-09-12,,"1774,96",USD ,2.5431,,5,980052813189
ACC3574603,CUST001132,BR023,Current Acct,active,29-08-2014,,2323.11,$,3.0853,100000,25,202670528002
ACC2614744,CUST001570,BR040,Business,active,21/02/2018,,2931.32,usd,4.5501,,15,884902818643
ACC8828581,CUST000847,BR028,Checking,active,10-04-2013,,3998.6,GBP,1.6411,250,0,320446347000
ACC2332048,CUST004212,BR048,Money Market,active,30-09-2001,,6451.63,USD ,1.3403,1000,25,538097846158
ACC9865632,CUST000025,BR045,Savings,Closed,,,2406.67,GBP,1.2948,250,12,017691230739
ACC2417262,CUST003661,BR044,chk,Frozen,04-12-2002,,USD 6803.60,$,0.2094,,25,161858143656
ACC6795942,CUST000661,BR013,business acct,Open,99/99/9999,,3051.88,usd,2.5054,0,10,652573483002
ACC3523592,CUST004841,BR028,MM,active,2008-02-08,,165286.0,$,3.1543,0,5,088771608273
ACC9110129,CUST002077,BR035,Checkng,ACTIVE,22/04/2022,,4291.2,USD,0.2898,0,12,419434211423
ACC1405611,CUST000834,BR046,Money Mkt,N/A,21-06-12,,5059.46,$,1.1207,100,10,714488784598
ACC2457184,CUST000171,BR040,Savings,Open,03/22/2007,,3266.22,EUR,2.0643,0,10,826528070881
ACC3191560,,BR010,Business,Frozen,09-08-2014,,233.12,GBP,0.2633,100,25,904433538174
ACC5854245,CUST003341,BR015,Checking,Active,07/10/2002,,744.75,usd,1.5743,250,0,390676613308
ACC1916917,CUST002132,BR048,Business,ACTIVE,04-09-26,,1343.56,$,4.858,500,5,928254624617
ACC9543617,CUST003092,BR018,BUS,open,04/20/2007,,1328.63,US Dollar,2.8814,0,10,904416894926
ACC5967439,CUST003328,BR045,Biz,open,NULL,,"$4,476.33",GBP,0.4665,0,5,778929226436
ACC3404245,CUST003229,BR023,Savings,Active,"September 11, 2015",,,,3.4112,,25,326122609694
ACC5887255,CUST002430,BR040,SAV,CLOSED,27/05/2000,,5637.13,USD,1.2816,100,5,896290749974
ACC1905616,CUST002791,BR032,SAVINGS,Suspended,15-01-19,,1233.4,EUR,0.4217,,15,563199035503
ACC8570131,CUST004320,BR042,Business,ACTIVE,12-11-18,,1484.38,US Dollar,0.8169,0,25,586748048946
ACC5112904,CUST004524,BR033,Business,Active,"July 17, 2005",,3002.34,GBP,4.5879,250,0,498553650862
ACC9514490,CUST002924,,Checking,Inactive,23-07-2011,,973.01,US Dollar,,250,12,420970966434
ACC3507554,CUST002945,BR015,Business,active,2010-10-26,,8632.95,US Dollar,3.0145,500,12,360290983063
ACC1213481,CUST000467,BR001,Business,Frozen,"December 06, 2017",,USD 356.94,$,2.8948,500,12,007664943378
ACC6328584,CUST004373,BR029,Money Market,Inactive,23-12-2015,,2350.7,,2.7431,100,15,492434191855
ACC6549548,CUST003804,BR008,Buisness,active,04-01-2000,,7573.1,$,3.9034,250,0,583927656859
ACC7320720,CUST003608,BR042,Business,ACTIVE,06/07/2011,,3826.83,,3.4628,0,12,486235709495
ACC3711667,CUST000506,BR036,Checking,ACTIVE,15/07/2017,,1383.11,US Dollar,1.0804,250,25,009961992199
ACC6113934,CUST004167,BR035,Checking,closed,12/06/2002,"May 01, 2004",2184.15,GBP,1.4141,100,5,816287333953
ACC9671972,CUST000829,BR044,Current Acct,Active,99/99/9999,,4906.16,GBP,1.8212,500,25,318983723396
ACC8597405,CUST002637,BR029,Savings,Closed,01/30/2007,,14486.49,GBP,4.1775,1000,5,045135716505
ACC9563477,CUST003342,BR043,BUS,Frozen,,,8944.89,US Dollar,1.4575,$250.00,5,785891064908
ACC3664088,CUST003707,BR049,Savings,Suspended,"February 05, 2011",,1676.83,USD,1.9251,0,10,622269288180
ACC7930327,CUST004304,BR021,Checking,open,"January 18, 2004",,,USD ,4.6785,$0.00,10,878167999283
ACC2521116,CUST000721,BR016,CHECKING,Closed,17-07-2006,,14.04,EUR,4.0197,25000,15,804574672651
ACC5224393,CUST004014,BR047,Savings,Closed,99/99/9999,,112.07,GBP,4.3826,,5,532135516883
ACC4641035,CUST003911,BR049,Savings,ACTIVE,"October 16, 2022",,6945.46,EUR,3.8831,"$1,000.00",0,962874404970
ACC5356341,CUST002973,BR010,Buisness,Inactive,25/04/2008,,889.89,usd,,,0,047223863399
ACC7069256,CUST000883,BR038,Current Acct,N/A,11/07/2001,,250.78,$,0.7503,500,10,501374140776
ACC7157538,CUST002334,BR048,Savings,CLOSED,06-12-18,23-07-08,1082.77,usd,4.417,100,0,189170737948
ACC8297045,CUST000659,BR040,Buisness,closed,28-12-2008,,,USD,3.7814,250,15,220390460833
ACC9868671,CUST003283,BR039,chk,Open,05-12-2019,,5245.73,,0.7749,,10,422597507851
ACC7762622,CUST003903,BR035,Checkng,Frozen,2012-07-13,,3916.24,GBP,2.3404,100,25,349707846723
ACC9332641,CUST001687,BR037,check,Suspended,"December 02, 2018",,1085.25,$,4.2507,500,12,324586332282
ACC2694650,CUST003707,BR001,check,N/A,03/29/2017,,USD 2798.84,usd,3.0331,500,15,449362625470
ACC1082995,CUST000849,BR004,check,Closed,10-04-2022,"June 29, 2022",10426.35,USD,2.6196,0,12,227404662824
ACC7901210,CUST001998,BR020,Savings,active,2017-10-19,19-03-19,6749.77,USD ,0.6505,0,25,709200771442
ACC2829126,CUST000156,BR016,Current Acct,active,16-07-2004,,1561.46,usd,0.1957,,0,147848149011
ACC9567406,CUST001428,BR016,Business,ACTIVE,2016-09-23,05/22/2022,16128.76,EUR,3.7408,500,5,665003803185
ACC6815228,CUST004611,BR003,Savings,N/A,2009-06-04,01/03/2011,4932.51,GBP,4.8876,1000,15,332556227346
ACC6747124,CUST001208,BR039,Business,closed,11/28/2021,,257.94,EUR,4.0242,500,12,984702974029
ACC2222983,CUST000040,BR016,Business,active,22-01-30,,143.17,EUR,4.4638,100,15,652374143613
ACC1025803,CUST002752,BR013,money mkt,Active,11-04-07,99/99/9999,USD 737.65,,4.9309,0,25,944368870364
ACC6074827,CUST002699,BR039,check,ACTIVE,18-09-29,,5205.69,GBP,0.4506,0,10,141763806964
ACC3084581,CUST003621,BR040,Savings,ACTIVE,"February 24, 2012",,812.08,USD ,0.517,0,5,069861335508
ACC9437513,CUST000887,BR048,Checking,CLOSED,10-09-02,,2865.55,USD ,,10000,15,723334010398
ACC3551491,CUST004221,BR040,Chequing,Suspended,"July 02, 2016",,391.6,USD,1.8142,$250.00,0,551674922430
ACC8787836,CUST000011,BR006,Business,Closed,14-05-01,,10147.47,,3.4386,100,5,789896133038
ACC9784052,CUST004463,BR041,CHK,open,2021-11-15,,1686.14,USD ,5.2113,250,15,571452109799
ACC9910516,CUST004857,BR050,Business,Open,09-09-01,,9549.61,usd,,0,5,523339598558
ACC6069689,CUST002004,BR012,checking,open,03-12-20,,11592.65,US Dollar,0.4991,250,25,686478494776
ACC2991380,CUST004762,BR018,Checking,closed,,,"24,59",$,4.2767,250,12,846276217846
ACC6765498,CUST003976,BR041,Business,ACTIVE,08/10/2013,,2495.49,US Dollar,1.6619,100,25,440264924389
ACC4359584,CUST001836,BR011,Business,CLOSED,"July 11, 2004",2007-05-25,99.86,USD ,4.2154,500,12,316017116900
ACC5190139,CUST004295,BR021,sav,CLOSED,09/12/2020,,9574.1,USD,,250,12,708280629449
ACC4029225,CUST000913,BR042,Savings,closed,2001-07-29,,2922.63,GBP,3.8068,500,15,896747542564
ACC3816817,CUST002205,BR043,Money Market,closed,06-11-2013,,311.6,$,3.8605,0,12,462326620316
ACC9124427,CUST002623,BR028,Checking,open,2017-12-12,,467.38,usd,3.8359,500,0,527093792504
ACC4983756,CUST002205,BR047,Checking,Inactive,19-12-2016,,1934.85,EUR,4.9999,0,25,145133732431
ACC9782623,CUST003873,BR045,money market,Open,11-01-2000,99/99/9999,11269.29,usd,0.8286,0,12,714031537234
ACC9230611,CUST002871,BR033,BUSINESS,Inactive,05/12/2019,,"$4,722.45",$,2.4984,250,5,630263493579
ACC3601628,CUST002143,BR048,Business,open,2020-06-03,,8088.28,GBP,4.6794,,5,912871021612
ACC6997578,CUST000064,BR018,CHECKING,CLOSED,18-03-05,,,US Dollar,5.2638,500,12,275845124555
ACC3120388,CUST002428,BR047,Savings,Frozen,"November 01, 2009",,176.7,GBP,3.2993,100,0,327825254793
ACC5052392,CUST000805,BR012,Business,CLOSED,06-01-2019,03/03/2020,14647.8,GBP,2.487,250,15,567685823986
ACC5666479,CUST004111,BR032,Biz,ACTIVE,13-05-01,"January 28, 2023",69.29,usd,5.425,250,10,451554176435
ACC1363173,CUST002612,BR001,Checking,Inactive,23-03-01,,11799.34,$,1.9145,,25,510549089131
ACC3316983,CUST004321,BR024,Business,open,21-03-21,,1839.75,GBP,1.0299,500,15,873801357081
ACC2763487,CUST001765,BR009,Business,active,16/06/2021,,40.57,EUR,2.4657,250,25,396767374369
ACC2100308,CUST001986,BR012,Business,active,09/01/2001,,4673.87,usd,4.35,250,15,755646271745
ACC8718715,CUST002606,BR016,MM,active,"December 24, 2011",,15757.64,$,2.3052,250,0,260845352460
ACC8762264,CUST003408,BR026,Savings,closed,2019-04-24,,"$13,481.79",US Dollar,5.488,,10,583856814052
ACC6087299,CUST003286,BR050,MoneyMarket,active,"November 23, 2017",,,,3.2366,500,10,693608478192
ACC5931818,CUST002397,BR013,Checking,Active,15-01-07,,799.9,GBP,0.4242,0,12,109891335619
ACC8505745,CUST000827,BR037,Money Market,Frozen,08/30/2015,2023-05-05,3334.6,US Dollar,1.2539,,0,722154806678
ACC8366409,CUST000033,BR036,Business,Open,08/04/2016,,4056.77,EUR,4.265,,12,567236048176
ACC6492106,CUST004478,BR038,Checking,Active,"April 06, 2014",,,USD ,3.7613,1000,0,042127095195
ACC5051307,CUST000770,BR026,Checking,Active,2009-09-17,,798.93,usd,0.4776,1000,10,054341893581
ACC5613722,CUST003626,BR007,Checking,Frozen,05/15/2016,,12777.42,US Dollar,4.478,,10,812457794903
ACC9281016,CUST002893,BR013,SAV,active,22-03-18,,4072.62,,2.93,,25,275317851945
ACC5289589,CUST000960,BR014,Checking,active,02/06/2014,,7510.5,$,1.8478,250,25,517321928117
ACC4863130,CUST000264,BR020,Money Market,Inactive,"March 01, 2022",,3106.69,USD ,4.6048,,12,386925103115
ACC4485175,CUST001811,BR021,Savings,Frozen,08-06-2005,,-2139.63,EUR,4.7961,1000,25,756895293775
ACC6021053,CUST001770,BR019,check,Inactive,21-08-05,,15120.98,,5.3472,250,5,577230316118
ACC6154127,CUST003651,BR002,sav,active,"October 15, 2009",,3490.26,EUR,2.6735,,25,826202428150
ACC5810177,CUST000034,BR048,Buisness,Active,18-10-2021,,8065.82,,2.5121,250,15,094118063538
ACC6738057,CUST001781,BR002,Savings,N/A,2020-06-24,,12255.39,US Dollar,5.3484,,15,469172817990
ACC6409758,CUST001877,BR033,Savings,ACTIVE,10-12-27,,4500.09,$,1.2714,100,15,952293958530
ACC1855430,CUST000969,BR038,Biz,Suspended,02/04/2016,,3184.61,USD ,4.3014,0,5,746261746406
ACC5894271,CUST002457,BR026,Savings,Closed,2021-09-16,28-03-2023,,usd,4.2814,100,5,508582160706
ACC8714711,CUST000615,BR035,Buisness,Frozen,24/12/2006,,163.37,$,5.383,,25,810986415529
ACC8926603,CUST001844,BR012,Savings,Active,23-02-2012,,896.83,$,0.6799,1000,12,354802368928
ACC4454016,CUST002394,BR029,Saving,CLOSED,21-04-2012,,823.22,$,4.6401,,0,549979529264
ACC8679351,CUST003274,BR046,Checking,Inactive,08/10/2008,04/16/2016,1176.19,$,4.4652,,12,281383026276
ACC3818676,CUST003580,BR013,Business,Inactive,02-02-2007,,1455.0,$,0.6323,250,12,254306602199
ACC8387130,CUST002945,BR017,Savings,Active,19/05/2009,2015-11-11,1785.56,,0.3838,0,15,633839302408
ACC5081190,CUST001127,BR007,money market,Closed,"April 28, 2016",,"2182,62",,3.8154,1000,0,583791213687
ACC4299964,CUST003835,BR029,Money Mkt,Open,05/22/2015,,416.41,US Dollar,1.5359,250,10,324029314411
ACC5545717,CUST003459,BR005,chk,closed,"November 27, 2003",,173.14,US Dollar,4.2676,250,12,354159290572
ACC7959459,CUST004764,BR035,Savings,ACTIVE,99/99/9999,,4482.75,GBP,1.2603,USD 0.00,0,713207426568
ACC5155212,CUST001947,BR027,Money Mkt,open,2020-08-17,,3083.01,EUR,1.4669,0,25,493197277532
ACC3849750,CUST001522,BR044,Checking,closed,26-10-2022,,2348.99,EUR,1.3738,250,10,637841211198
ACC8416995,CUST004093,BR004,Checkng,Inactive,2000-04-06,,4025.3,,1.0287,0,12,843443017296
ACC6188809,CUST004667,BR031,Savings,ACTIVE,01-01-2012,,7033.59,$,5.3908,100,25,917831373203
ACC6611355,CUST000433,BR011,Money Market,open,11/01/2023,99/99/9999,2232.32,US Dollar,,,5,270199568619
ACC6023468,CUST003854,BR013,money market,Closed,2020-11-20,2022-02-07,4099.06,$,1.3462,0,12,236025327344
ACC4275689,CUST004762,BR010,money mkt,Closed,03-07-03,,12279.43,USD,0.2527,0,10,070068334798
ACC7095893,CUST002812,BR012,SAVINGS,Open,31-07-2012,,7320.95,USD,1.9267,500,15,549352044916
ACC2580541,CUST001544,BR005,sav,Frozen,11/21/2017,,2220.51,US Dollar,5.1194,,10,730866609881
ACC4766926,CUST000582,BR013,Business,ACTIVE,2020-06-24,,4139.36,$,3.3559,250,15,648743514896
ACC5929167,CUST004386,BR031,sav,Inactive,2004-08-04,,779.54,USD ,,500,15,230324334380
ACC3585916,CUST002499,BR042,Savings,CLOSED,"December 07, 2008",16-11-2010,3288.67,USD ,1.0409,500,0,662356875797
ACC4376728,CUST000118,BR048,Checking,active,30/07/2019,,15922.98,usd,,250,10,872883978477
ACC2410769,CUST004067,BR038,sav,Frozen,31/12/2010,,2921.86,usd,1.9108,100,12,616211533754
ACC7254144,CUST000330,BR019,Checking,open,2004-12-05,,10504.31,USD ,0.9213,250,5,264090322682
ACC7246607,CUST000875,BR036,Business,Frozen,,,,GBP,2.2305,500,25,911002951653
ACC7711482,CUST003289,BR001,CHECKING,ACTIVE,2019-11-08,,27054.02,$,5.4176,100,5,149676841518
ACC1401608,CUST000939,BR035,Business,open,11/19/2018,,3462.58,usd,1.9637,500,12,282561311778
ACC8872872,CUST001636,BR035,BUSINESS,Open,03-02-01,,172.75,usd,1.4255,"$1,000.00",15,139325015097
ACC8135782,CUST002204,BR039,Money Market,Suspended,01/16/2007,,3534.86,usd,0.9512,0,15,435802582589
ACC1300813,CUST002180,BR041,BUSINESS,Open,19-12-2023,,1283.98,usd,5.4518,0,15,037948053055
ACC5526246,CUST001773,BR033,Current Acct,Closed,28-11-2003,,132.08,USD,1.4972,0,12,034177975904
ACC2051785,CUST002845,BR044,Savings,Active,22-08-16,,6878.2,EUR,5.2599,1000,0,558270160423
ACC2646093,CUST003436,BR049,check,Suspended,99/99/9999,,1290.36,USD,4.2394,500,12,962160764621
ACC3415577,CUST003043,,Checking,Open,19-04-08,,6369.31,US Dollar,2.592,,15,011538927895
ACC3944004,CUST002176,BR011,check,active,2007-11-08,,1359.93,,,0,10,802648123490
ACC5783321,CUST002926,BR043,Business,Inactive,20-01-07,,864.31,GBP,3.712,$0.00,5,305194765864
ACC5846532,CUST001086,BR036,check,active,12/28/2021,,14588.74,USD ,4.8406,100000,15,055542755320
ACC3895191,CUST003818,BR030,Money Market,N/A,"September 09, 2000",,1795.44,EUR,3.3825,0,15,232789331935
ACC4717053,CUST002039,BR016,Savings,active,,,3678.95,GBP,0.4498,500,15,758423253696
ACC3060776,CUST000227,BR024,Saving,Suspended,01/30/2020,,3766.24,USD,2.6151,250,0,649048600586
ACC1228575,CUST002168,BR039,Checking,Open,"May 31, 2019",,,usd,2.8613,100,5,219369097746
ACC9738945,CUST001594,BR005,Savings,Open,09/08/2008,,9846.12,USD,3.8,250,5,833581233123
ACC4121432,CUST000118,,Savings,Suspended,07-09-28,,4488.85,USD ,2.3479,100,5,116331292378
ACC9337938,,BR025,Checkng,ACTIVE,2018-10-25,,2068.27,US Dollar,4.9767,100,0,327996136172
ACC7898554,CUST003125,BR049,Business,Open,2003-08-18,,7933.05,USD ,5.464,100,10,414324942431
ACC3398437,CUST004260,BR022,money market,open,03-07-10,,USD 798.99,USD,3.1107,100,10,255334775753
ACC5587208,CUST004582,BR028,MONEY MARKET,Suspended,12/15/2019,,3143.13,EUR,2.4548,100,10,015498952206
ACC6500272,CUST003707,BR007,chk,Open,01/14/2007,,"$12,027.20",GBP,5.2383,500,15,138002253488
ACC5236151,CUST000858,BR042,Money Market,Open,16/02/2016,08/26/2021,3927.56,$,4.6,,15,959882229770
ACC2719162,CUST003927,BR018,Checking,closed,26-06-2004,,679239.0,EUR,1.7956,0,10,748967680741
ACC2248996,CUST000672,BR010,Savings,Open,07-02-15,,4240.19,EUR,4.8579,100,5,787081254894
ACC4035734,CUST004205,BR008,business acct,closed,12/03/2002,,"$7,314.63",US Dollar,2.6878,100,10,581455612068
ACC6975470,CUST003385,BR038,Checking,CLOSED,06/18/2016,,,USD,4.4562,,10,738259069210
ACC8504443,CUST004568,,Biz,open,08/03/2019,,1274.88,EUR,4.3364,250,0,262088593832
ACC7564978,CUST004183,BR048,Checking,Closed,01/05/2003,,743.69,USD ,5.4726,100,12,798915282066
ACC7835018,CUST004455,BR029,svgs,Suspended,06/26/2008,,2646.52,usd,0.7101,USD 250.00,15,131469847831
ACC2477827,CUST002800,BR038,Business,Frozen,01-05-2006,,4840.8,USD ,1.7365,250,12,468425533102
ACC8718169,CUST003286,BR035,Checking,open,03-01-16,,1030.89,,5.3184,,5,980292664812
ACC8162476,CUST001637,BR033,CHK,Inactive,"July 08, 2019",,16.44,EUR,,USD 500.00,5,015165359885
ACC7079844,CUST000258,BR031,Money Market,Closed,17-01-2022,,1679.89,GBP,0.2553,,5,845996077104
ACC2870575,CUST002487,BR009,Checking,closed,2012-02-02,,13876.96,EUR,3.8194,100,25,262690041992
ACC7193746,CUST003168,BR010,Business,Frozen,14-01-2001,,4749.35,USD ,3.7259,0,12,373649809362
ACC8410644,CUST000230,BR013,Savings,Open,05-03-22,,"$2,052.15",US Dollar,2.6366,0,12,814991603344
ACC7204232,,BR002,Money Market,Active,19-11-2018,,855.63,,0.9286,0,0,693742616509
ACC2984760,CUST000295,BR043,check,Open,06/18/2017,,1760.78,USD ,2.5217,$250.00,25,266364318189
ACC2054019,CUST001755,BR010,CHECKING,Suspended,"October 14, 2012",,744.54,USD ,4.3052,USD 100.00,0,340400496830
ACC5058887,CUST002742,BR004,Business,ACTIVE,03/31/2004,,44957.0,USD ,0.5408,0,5,140374572394
ACC3673060,CUST002605,BR033,Checking,ACTIVE,"August 19, 2012",,9489.56,,1.5292,1000,5,845257071288
ACC4382885,CUST004143,BR008,chk,Frozen,2023-09-21,,24213.94,usd,3.838,100,15,422167431956
ACC3163811,,BR035,Checking,Closed,2020-01-29,,717.05,US Dollar,2.5239,500,12,495729934595
ACC1713541,CUST002277,BR009,money mkt,closed,11-02-2007,,224.26,EUR,0.1135,100,10,277192799563
ACC4568852,CUST004880,BR013,Chequing,Frozen,09/09/2005,,1600.31,GBP,2.4046,100,12,507579819083
ACC2685946,CUST001618,BR033,Savings,CLOSED,21-05-07,"November 20, 2023",2477.05,EUR,2.0982,"$1,000.00",10,247579905943
ACC4492948,CUST004049,BR023,BUS,ACTIVE,28/05/2016,,916.75,US Dollar,1.6807,500,15,155263248789
ACC7692566,CUST000752,BR004,Business,open,06-09-09,,1434.85,GBP,0.9997,0,0,972100894079
ACC4492985,,BR019,Business,Active,2006-09-22,,896.93,EUR,1.3741,1000,12,331762335481
ACC3571706,CUST000628,BR007,Checking,Frozen,"June 12, 2001",,"5953,5",USD ,1.7443,USD 100.00,15,806408496130
ACC6307012,CUST001532,BR040,Money Market,closed,30/11/2007,,4987.21,,4.2591,500,5,825927347572
ACC9402018,CUST002245,BR042,Money Market,ACTIVE,22-02-2003,,,$,2.9249,100,15,890173811997
ACC7057610,CUST001332,BR011,Savings,Closed,24/06/2015,,1958.98,USD,4.5696,250,0,934125163899
ACC7674360,CUST002607,BR021,business,ACTIVE,99/99/9999,22/04/2017,9589.38,USD ,3.9955,250,10,784622787648
ACC6249077,CUST002602,BR026,Money Market,N/A,"March 31, 2011",,USD 13964.38,EUR,,250,5,475650960692
ACC8790166,CUST003783,BR020,svgs,N/A,2015-04-30,,762.9,$,2.8937,1000,0,127222927308
ACC7598169,CUST000372,BR008,BUS,Inactive,03-08-21,,1009.32,USD ,1.6094,0,15,366239734135
ACC6196898,CUST002495,BR014,Business,closed,02-01-2020,,2983.08,,3.3064,500,10,492838996743
ACC6584379,CUST002285,BR008,Money Market,Active,NULL,,382.74,USD ,3.116,1000,0,912440895921
ACC4618664,CUST001402,BR020,Money Market,Frozen,2012-09-17,,,USD ,3.8151,0,15,848889820057
ACC6647022,CUST000226,BR030,Money Market,active,2013-03-06,,"$3,487.10",,5.1155,100,0,528163298407
ACC2733115,CUST004826,BR028,Business,active,2009-08-06,,2953.19,USD,3.4517,250,5,351893791921
ACC6189095,CUST004865,BR004,Business,Open,07/09/2001,10/05/2004,1607.34,EUR,1.7469,100,15,612972511552
ACC5632264,CUST000040,BR036,Saving,Inactive,"October 31, 2018",,-3127.44,EUR,2.1848,,0,014605380663
ACC1139982,CUST003041,BR018,Money Mkt,ACTIVE,01/07/2008,,12757.36,USD,0.5758,250,15,344876644389
ACC6020974,CUST003887,BR036,chk,active,"September 26, 2010",,922.77,USD ,3.7994,250,5,375696892130
ACC2889848,CUST002321,BR011,Savings,Frozen,,,4254.89,,4.8472,250,12,036946423042
ACC5295540,CUST003989,BR044,Saving Acct,N/A,"June 27, 2017",,177.47,,2.0598,1000,0,045684919800
ACC9035472,CUST001889,BR009,Checking,CLOSED,30/06/2002,,274.9,EUR,0.7682,0,10,011568726378
ACC1208150,CUST002580,BR050,checking,N/A,2013-06-22,,USD 3210.31,GBP,1.5717,,25,879495422664
ACC8014164,CUST002904,BR009,Savings,Inactive,"April 25, 2007",,443.45,GBP,0.2668,100,0,090833462578
ACC5441887,CUST001903,BR027,Money Mkt,N/A,01/07/2007,,90.4,US Dollar,1.8426,500,0,772359834323
ACC9521290,CUST001418,BR035,MoneyMarket,active,10-01-2011,,,$,5.0734,,25,835110041097
ACC2837818,CUST000158,BR017,Business,open,26/01/2020,,,,,10000,15,028118141434
ACC1214384,CUST002515,BR008,money mkt,ACTIVE,10/12/2011,,4860.69,EUR,1.3438,100,12,210121816003
ACC3225619,CUST002565,BR030,Saving Acct,closed,07/07/2012,,$904.99,$,0.2082,500,5,394971985189
ACC7582395,CUST001276,BR032,Business,active,18-01-12,,441360.99999999994,EUR,0.3182,250,25,052805198880
ACC4047270,CUST002404,BR041,Savings,ACTIVE,"September 16, 2012",03/27/2018,805.9,USD,0.4852,250,12,938236497794
ACC4129246,CUST000625,BR042,money market,ACTIVE,16-07-2014,03/02/2017,3802.05,GBP,0.6495,500,5,948820181065
ACC3832694,CUST001236,BR038,Checking,open,NULL,,2123.84,EUR,0.9249,1000,15,198097157293
ACC8424111,CUST002400,BR033,Biz,CLOSED,02-08-2023,,"4242,95",USD ,1.4646,,25,325619814320
ACC9577020,CUST002915,BR019,MM,closed,2012-10-18,28-06-2017,21235.7,USD,3.0809,1000,12,020149311658
ACC3424712,CUST001954,BR050,Money Market,open,10-10-2013,,11110.69,US Dollar,5.1942,100,5,800560717698
ACC2983977,CUST000215,BR042,Business,Inactive,25/12/2004,22-06-2018,17.16,US Dollar,4.7427,250,5,621140135017
ACC1709030,CUST002100,BR043,MM,open,"June 14, 2014",2020-06-19,8666.58,GBP,1.6325,,10,344408544364
ACC4650121,CUST000276,BR003,Money Market,ACTIVE,11-06-19,,$275.22,USD ,3.4237,250,25,222500263849
ACC2928307,CUST002569,BR033,Checking,CLOSED,2006-07-19,,12234.4,USD ,2.6386,1000,0,995860876598
ACC4435885,CUST004571,BR021,Checking,closed,2018-01-16,,1324.17,US Dollar,1.8465,,25,142440270173
ACC6222665,CUST004624,BR038,Money Market,Suspended,08/17/2012,,1925.29,$,4.2267,,25,241203477652
ACC2428535,CUST000618,BR022,Checking,N/A,20-02-20,,384.45,US Dollar,0.2452,1000,5,173819666272
ACC4156783,CUST000365,BR028,MoneyMarket,Inactive,2001-11-11,,,,4.171,"$1,000.00",15,390337594562
ACC8092509,CUST000491,BR047,Money Market,N/A,,,5189.33,EUR,1.7266,0,15,609153435678
ACC1925743,CUST000069,BR008,Business,CLOSED,03-02-2003,12-11-2012,11553.42,GBP,0.9147,1000,15,531333636958
ACC2832768,CUST001860,BR016,Savings,CLOSED,05-07-2017,,3774.12,GBP,4.9368,100,12,314302719824
ACC8291160,CUST002458,BR022,Checkng,N/A,19-12-2016,,5033.01,$,0.5812,250,25,251523087182
ACC8913276,CUST004470,BR023,Saving,Closed,25/04/2023,,5741.43,USD ,0.6962,250,12,898874239928
ACC6378868,CUST004533,BR045,Savings,Open,2006-05-18,,1219.66,USD ,1.9126,100,10,764912814546
ACC7843523,CUST002346,BR030,Money Market,Inactive,2006-04-15,,185.14,USD ,2.5977,0,5,173074967147
ACC8673203,,BR044,Business,CLOSED,25-04-2015,,7.5,GBP,5.3155,1000,5,150424712495
ACC7386868,CUST002353,BR050,Checking,open,"August 15, 2013",,1727.13,usd,,0,25,476493768989
ACC4643119,CUST001408,BR049,Money Market,Open,"January 17, 2016",,1105.46,USD,3.0404,250,0,158536292581
ACC3329131,CUST004742,BR004,BUSINESS,Active,06/01/2015,,257.38,EUR,3.1749,1000,25,367340747852
ACC1988302,CUST000343,,Money Market,N/A,"December 06, 2019",,791.5,USD ,1.2513,1000,25,213763220760
ACC6345690,CUST001068,BR008,Savings,CLOSED,23/09/2018,,531.84,$,1.2801,,10,994723745941
ACC4969449,CUST001277,BR040,Money Market,Suspended,12/10/2010,,9854.7,GBP,5.335,100,5,782308806328
ACC5532659,CUST000429,BR008,Checking,Open,2013-09-19,,604.53,usd,3.0838,500,5,657183978881
ACC7301878,,BR009,Savings,Open,2005-08-10,,-3085.72,US Dollar,1.7767,1000,12,563838924054
ACC6506369,CUST000015,BR037,business,ACTIVE,18-01-14,,3596.81,GBP,3.6473,$100.00,15,018793404734
ACC7426250,CUST001599,BR026,Checking,CLOSED,99/99/9999,,3136.57,usd,0.3609,100,10,585223092693
ACC6288632,CUST003275,BR003,MM,Open,05/08/2018,2023-06-11,417.25,$,2.4997,500,25,767864453713
ACC5858378,CUST002740,BR024,sav,open,17-11-12,,1535.59,EUR,2.3672,,25,927859345739
ACC5532589,CUST001336,BR041,Savings,Suspended,22-12-02,,210.53,USD,1.0135,1000,0,910912548241
ACC6555729,CUST000563,BR028,Biz,open,"March 24, 2014",,2014.54,US Dollar,4.2217,0,0,211876405536
ACC2033414,CUST001003,BR015,Savings,Open,10/27/2017,,835.97,$,1.4312,500,15,301358916968
ACC2974472,CUST000659,BR025,Savings,open,"November 07, 2014",,-3298.79,EUR,1.7193,0,10,850068182388
ACC3480410,CUST004576,,Money Market,open,22-07-2023,,4721.13,$,5.2935,0,5,893731901405
ACC5236484,CUST003811,BR036,Chequing,ACTIVE,28-05-2020,,"3038,17",USD,2.2323,1000,10,586708281646
ACC8078982,CUST002418,BR042,Money Market,N/A,"January 06, 2016",2023-08-17,"$2,278.32",$,3.0401,$100.00,12,644030869118
ACC6725854,CUST001214,BR006,BUS,Frozen,21/10/2018,,1959.74,USD ,1.1347,,10,609716103121
ACC9940020,CUST002269,,Money Market,Open,2018-01-12,,7372.85,US Dollar,,1000,15,602825047513
ACC9554304,CUST004494,BR004,Business,active,15-06-2008,07/03/2017,990.61,EUR,4.2444,0,10,331544694225
ACC1274401,,BR021,Money Market,open,2011-12-14,,5300.32,US Dollar,0.0973,1000,10,653739241647
ACC4703973,CUST001872,BR023,MM,CLOSED,05-01-05,,5666.72,EUR,4.6809,,5,913611386957
ACC3500443,CUST002768,BR014,Savings,Inactive,31/07/2002,,2173.4,EUR,4.2772,500,15,099349160799
ACC9769657,CUST001083,BR007,Money Market,closed,"September 28, 2018",12/23/2023,"1411,3",USD ,,1000,5,408969368521
ACC6763461,CUST001722,BR043,Checking,closed,01/24/2000,12/11/2012,2543.6,USD ,4.0069,USD 250.00,15,587731505488
ACC6225062,CUST002592,BR026,Savings,Active,05/05/2019,"November 14, 2022",391.39,usd,0.771,100,0,947454153444
ACC5425766,CUST002490,BR029,Checking,Active,2022-07-12,,188.07,GBP,2.4354,500,15,848257860220
ACC5140361,CUST000173,BR008,Checking,active,10/21/2021,,473.35,$,2.8915,,25,270575850547
ACC3096335,CUST002370,BR040,Money Market,Inactive,"August 03, 2000",,828.81,GBP,3.7394,100,12,432133915783
ACC8464245,CUST003140,BR006,Business,active,10-05-05,19/12/2015,2806.14,USD,1.6676,1000,15,604895093438
ACC4834053,CUST000694,BR001,business acct,Frozen,16-07-31,,756552.0,usd,3.309,0,0,020250736464
ACC3757882,CUST004251,BR044,Current Acct,ACTIVE,2011-03-27,,1074.88,EUR,3.2806,250,0,011998115804
ACC6559441,CUST000503,BR009,Checking,N/A,11-08-02,,10943.45,USD,0.359,500,5,147754075295
ACC3917080,CUST004529,BR024,Money Market,ACTIVE,10-01-10,,12396.19,$,0.082,100,10,630304194705
ACC3945465,CUST000551,BR014,Business,open,25/11/2018,,12767.44,EUR,2.1535,100,15,841305343036
ACC6002851,CUST001721,BR031,business acct,active,2021-10-31,,7269.85,USD,3.8415,250,10,967366959723
ACC3606707,CUST000116,BR031,Business,Suspended,2007-11-04,99/99/9999,1809.13,$,,,5,680687969915
ACC2601514,CUST003035,BR037,Savings,Open,2013-04-13,,301.84,GBP,3.6463,1000,5,185047486924
ACC4558297,CUST003431,BR028,sav,Open,14-11-2021,,3364.91,EUR,3.0413,1000,0,084630585311
ACC7071118,CUST004688,BR041,Money Market,CLOSED,07/08/2008,,3271.95,EUR,0.3733,250,0,290025652004
ACC3808713,CUST001807,BR035,svgs,Frozen,"August 25, 2010",,7587.83,usd,1.9214,100,0,732124614986
ACC5331525,CUST000161,BR033,MoneyMarket,ACTIVE,30-08-2006,,22076.9,GBP,1.7258,1000,12,869721914997
ACC5427104,CUST000778,BR050,Chequing,active,"October 02, 2003",,2838.39,EUR,0.7946,100,25,829089194692
ACC8670824,CUST003735,BR012,checking,N/A,02/10/2020,,1693.73,US Dollar,1.7122,0,0,864383197422
ACC6440574,CUST003068,BR023,checking,active,11-08-2017,,822.7,EUR,3.8501,0,12,855832881982
ACC4348624,CUST002487,BR021,Savings,closed,,,19.25,USD,3.3516,1000,25,038314482696
ACC2010168,CUST002625,BR039,Savings,Open,29/01/2019,,2846.17,,0.5288,,0,290893151166
ACC6386947,CUST003398,BR010,Savings,Frozen,04/06/2015,,,US Dollar,0.2209,500,12,436147651430
ACC4362438,CUST000084,BR045,Buisness,closed,04/15/2012,,6970.47,,0.4902,,5,731674951886
ACC9913437,,BR027,Business,ACTIVE,05-08-2018,,2809.37,USD ,4.9457,100,5,282860341218
ACC8882910,CUST000684,,money mkt,open,13/10/2016,,9930.12,usd,4.0695,100,5,468144416984
ACC6919658,,,Checking,Open,"December 14, 2013",,3956.34,USD,3.419,500,5,378202203461
ACC6793712,CUST002951,BR009,BUSINESS,Closed,2010-06-04,,733874.0,$,2.4404,1000,10,265596391330
ACC8703985,CUST002081,BR004,business acct,Inactive,2018-08-26,,642.09,$,4.0976,500,10,540835391431
ACC7913148,CUST001032,BR025,Savngs,closed,01/01/2021,,7733.37,,,1000,15,441248671624
ACC4953617,CUST002886,BR043,MONEY MARKET,CLOSED,"August 21, 2001",,4497.49,USD ,5.3561,100,0,007413820524
ACC9827292,CUST004315,,BUSINESS,CLOSED,15-03-20,,$746.44,USD ,1.1276,500,10,511956366045
ACC1677630,CUST003149,BR016,money mkt,Frozen,28-02-2016,,841.72,USD ,3.7371,250,25,878494587887
ACC1458288,CUST003707,BR038,business acct,Suspended,21-04-29,,10441.91,USD ,3.6825,0,15,895463219566
ACC1404538,CUST001677,BR015,Money Mkt,Active,10/01/2011,99/99/9999,$130.98,USD,4.3231,$500.00,12,089725984866
ACC9839646,CUST001092,BR032,Savings,Closed,23/05/2015,,USD -2483.57,,0.5524,1000,25,371832605728
ACC9335165,CUST004876,BR011,Money Market,Frozen,21-06-2019,,1504.45,,4.2457,1000,12,421982840114
ACC6978445,CUST004791,BR028,Money Market,Open,13-01-15,,4375.42,USD,5.1957,,0,679619325623
ACC5688111,CUST004657,BR001,chk,N/A,99/99/9999,,7321.07,$,1.7348,1000,5,424066907410
ACC5672813,CUST000035,BR038,CHECKING,Active,19-07-20,,1787.51,USD,3.1864,500,25,123279551025
ACC4801465,CUST001320,BR006,Current Acct,Frozen,17/08/2013,,2226.79,EUR,5.2924,100,5,895125860478
ACC8864592,CUST003860,BR047,Savings,N/A,11/04/2023,,16051.31,$,1.8706,$250.00,0,433637429580
ACC1077047,CUST001461,BR013,Savings,Inactive,04-05-2006,,6128.36,usd,0.4168,500,0,134000419222
ACC9325238,CUST004088,BR049,Checking,Frozen,12/01/2011,,"$9,100.04",$,0.777,,12,970401298175
ACC5006308,CUST003595,BR044,Money Market,Active,06-01-04,,"$2,310.44",EUR,0.2961,500,10,013610846825
ACC4913952,CUST002663,BR019,Money Market,ACTIVE,19-06-2019,,106669.0,GBP,5.2726,1000,12,931722867200
ACC7735002,CUST001552,BR006,savings,Active,07/08/2014,,2123.18,usd,2.0074,250,12,859629646033
ACC1653587,CUST002936,,sav,Active,"September 02, 2008",,5036.42,EUR,2.8836,250,25,519133806615
ACC2372302,CUST000875,BR013,savings,Frozen,02/14/2022,,463.58,US Dollar,4.7805,USD 100.00,25,492545816255
ACC4329632,CUST001801,BR034,Business,Inactive,26-12-2008,05/02/2023,1261.41,usd,5.4187,,15,278946078475
ACC9227928,CUST002870,BR027,Current Acct,Frozen,25-03-2010,19-06-2012,191.03,GBP,4.6149,,15,331607838966
ACC5050259,CUST000135,BR003,Checking,N/A,2005-11-25,,2264.99,EUR,,500,15,514992130448
ACC5987929,CUST003357,BR028,Money Market,Closed,07/20/2016,,7028.17,GBP,4.5708,1000,25,548800988200
ACC7705554,CUST002642,BR032,Money Market,Suspended,06/18/2021,,99.89,USD,5.3597,1000,12,496730810150
ACC2414137,CUST004577,BR024,Money Market,closed,22-11-2010,29/06/2017,4499.7,USD,1.8408,,25,420983761361
ACC7529717,CUST002780,BR033,Checking,ACTIVE,"May 23, 2009",,10782.27,,3.1452,250,10,761320655868
ACC2554434,CUST003677,BR045,Checking,ACTIVE,02/03/2010,,1081.61,,4.6526,250,5,417546228013
ACC3400850,CUST002685,BR024,Checkng,Inactive,"May 23, 2010",,4731.91,USD ,4.5472,250,0,915164532040
ACC4847236,CUST003383,BR033,Savings,N/A,05/04/2013,,"$14,771.86",USD ,3.2731,1000,25,378776045433
ACC6681720,CUST004960,BR043,Current Acct,Suspended,06-06-2008,,13110.05,USD,2.5016,250,15,848277817793
ACC1411414,CUST000736,BR003,BUSINESS,Closed,2001-06-20,,1071.15,USD ,0.58,0,15,658966728163
ACC9898283,CUST002741,BR041,Savings,CLOSED,"September 19, 2017",01/12/2022,422.91,$,4.1321,500,10,227864480534
ACC2122647,CUST004713,BR017,Buisness,Open,15-06-2000,,642.0,$,4.0405,$500.00,0,534770388539
ACC8507846,CUST000931,BR016,Business,Suspended,25/03/2014,,4843.13,EUR,1.7061,500,10,492974393134
ACC7732305,CUST004417,BR034,business acct,Inactive,2010-06-06,,5174.99,US Dollar,4.6585,250,15,767104463609
ACC8304363,CUST001878,BR036,Biz,Inactive,27/08/2006,,4486.34,US Dollar,1.5792,25000,10,319508852435
ACC3930225,CUST000975,BR008,Business,ACTIVE,10/14/2000,,1638.36,USD,4.3753,,10,662834321413
ACC1306964,CUST001573,BR014,BUS,open,"December 12, 2014",,744.24,$,4.2146,100,15,818191229984
ACC8270949,CUST000679,,savings,open,"June 07, 2012",,3477.26,USD ,3.5519,250,10,183526695526
ACC1649564,CUST000864,BR024,money market,closed,04-12-05,,2644.12,GBP,5.0829,500,15,954039342442
ACC5436621,CUST003179,BR038,MoneyMarket,Suspended,2004-12-27,,5220.1,GBP,2.5046,$0.00,12,788210571786
ACC7951974,CUST000708,BR044,Money Mkt,Open,01/26/2004,,2329.0,,5.1066,250,12,038755561225
ACC4985456,CUST001219,BR014,Savings,Inactive,12-10-2009,,1653.83,GBP,1.6477,250,15,965147464885
ACC5518088,CUST000660,BR027,Checking,N/A,2011-07-17,,1389.61,EUR,4.5531,,5,758860871779
ACC6307582,CUST004036,BR043,Buisness,Inactive,2001-10-20,09-08-21,950.34,,2.4533,500,12,192204413257
ACC2322959,CUST001271,BR008,CHECKING,Open,29-03-2021,,1235.6,$,3.7231,,5,711225692873
ACC1040586,CUST000739,BR033,CHECKING,closed,2004-11-01,,398.53,USD ,2.501,100,25,854447499268
ACC2466569,CUST000419,BR025,BUS,Inactive,"April 23, 2020",,1703.84,,3.5948,250,10,660437207979
ACC6067919,CUST002263,BR004,business,Frozen,NULL,NULL,149.02,US Dollar,4.0323,,25,486958663265
ACC1654047,CUST003911,BR008,Money Market,active,99/99/9999,08/07/2018,USD 825.21,,3.4697,1000,12,311663313114
ACC9728947,CUST004188,BR045,SAV,ACTIVE,2003-01-08,21-10-17,5493.84,$,4.9788,,5,437244417833
ACC8835095,CUST004530,BR030,Money Market,Frozen,2008-10-11,,"1574,95",,1.1666,250,12,547569300222
ACC3688346,CUST002015,BR012,Savings,closed,03/05/2004,,4413.34,USD,1.7824,250,0,411100067716
ACC3760704,CUST004535,BR008,Checking,ACTIVE,14-07-2016,,5047.6,USD,1.8205,,5,897080751200
ACC9843343,CUST000986,BR004,check,closed,"March 07, 2018",,3481.31,US Dollar,5.3145,500,0,587197239056
ACC4925665,CUST002432,BR036,Checking,active,02-02-28,,"12747,35",usd,3.0966,1000,0,600984032774
ACC6697260,CUST002897,BR025,Savings,Suspended,13-10-17,,86.69,usd,1.5182,250,15,319345544128
ACC9995301,CUST003662,,Savings,Inactive,"February 27, 2008",2019-08-15,5367.62,usd,4.951,USD 500.00,25,585428852669
ACC4923665,CUST001137,BR048,business acct,CLOSED,06/01/2019,,,usd,5.3061,$0.00,5,826744557050
ACC6027791,CUST004849,BR005,Chequing,active,2011-10-03,,7929.89,,,250,15,584990527534
ACC1373687,CUST002596,BR018,Checkng,closed,"February 19, 2007",,735.18,US Dollar,0.0746,250,10,757422437462
ACC3394840,CUST003406,BR031,Saving Acct,Frozen,,,1582.97,USD ,1.3258,100,12,670436340796
ACC1404672,CUST002492,BR005,business,closed,2010-07-17,,757.15,USD ,2.3449,1000,0,005834681915
ACC7556619,CUST000927,BR033,Checking,closed,"March 06, 2005",,3678.27,usd,1.0248,,15,468762899992
ACC5573711,CUST004344,BR001,Savings,Open,"December 04, 2023",,4981.79,usd,1.2927,250,5,767520027353
ACC7709505,CUST002906,BR037,Checking,N/A,NULL,,1525.47,USD,0.0931,500,15,853317051775
ACC5703373,CUST001383,BR026,Savngs,Frozen,03/23/2018,,3101.83,usd,2.3142,USD 250.00,5,229929979738
ACC2881195,CUST004145,BR032,BUS,open,17-05-2017,,4696.63,,2.1332,0,15,617121188304
ACC6935167,CUST002714,BR045,Biz,active,2023-08-15,,2188.16,EUR,2.2952,250,12,109256530294
ACC9128640,CUST002091,BR024,business acct,Suspended,"October 27, 2004",,7697.02,usd,1.9175,0,0,900544743060
ACC4305050,CUST003096,BR030,Money Market,Frozen,12/20/2016,,5905.75,US Dollar,1.2939,,12,854552194064
ACC3531748,,BR020,Business,active,2003-02-13,,$267.40,usd,3.0217,$250.00,12,524177056187
ACC7163094,CUST004674,BR011,Checking,Active,07/22/2013,,3882.2,USD,,500,10,227803433348
ACC3455805,CUST003751,BR010,BUSINESS,Open,2002-10-28,,1073.22,GBP,3.7346,250,5,460503186809
ACC6425097,CUST001385,BR035,MoneyMarket,Closed,09-10-2010,"September 15, 2015",3261.42,,2.1097,,0,787257589774
ACC7014854,CUST001720,BR025,Business,ACTIVE,02-12-05,,12575.86,,3.7942,250,25,227906567093
ACC2039816,CUST002092,BR028,Money Market,open,09-12-2009,,USD 8449.91,EUR,0.3107,,12,741747316258
ACC5601710,CUST003164,BR021,svgs,ACTIVE,16-10-30,,2073.53,usd,2.5975,100,10,044389548121
ACC4867832,CUST002836,BR042,Current Acct,open,"January 28, 2007",,"$1,378.50",usd,2.3542,0,5,093242622282
ACC1968333,CUST002636,BR022,business,Suspended,10/25/2019,,USD 1068.41,usd,2.2029,250,5,955283562824
ACC8336703,CUST004921,BR026,Money Market,CLOSED,12/08/2012,2014-04-29,3041.55,GBP,0.8444,250,25,525126653328
ACC3574229,CUST004904,BR002,CHECKING,open,20-12-2021,,485.28,USD ,0.4057,250,10,774864295655
ACC2417294,CUST001489,BR002,Money Market,Inactive,09-06-08,,3187.59,$,3.2181,,12,406856387175
ACC3098811,CUST003165,BR010,Checking,Inactive,17-12-2006,,5.34,,4.4777,500,15,802602751521
ACC4589226,CUST002955,BR013,SAV,active,12-07-15,,-1565.36,$,4.1752,,12,453805117768
ACC6251086,CUST004515,BR023,Checking,closed,12-07-2008,,993.51,USD,3.409,,5,072024269140
ACC1428894,CUST001664,BR038,MM,Suspended,11/10/2004,29/10/2009,14192.13,GBP,2.6885,100,25,592068944776
ACC6983753,CUST004256,BR040,Chequing,Suspended,"May 24, 2019",,5196.69,USD ,4.8801,1000,0,957629101931
ACC2503364,CUST003330,BR041,Business,Frozen,2004-08-26,,1721.0,GBP,2.8172,500,12,496223502815
ACC1666812,CUST002883,BR009,Money Market,closed,08-02-11,,389.77,GBP,1.6584,"$1,000.00",5,823826426609
ACC2406147,CUST004980,BR050,Money Market,N/A,"November 04, 2008",,2909.3,EUR,3.8839,100,15,943210447285
ACC4873576,CUST002933,BR029,Savings,CLOSED,2023-11-10,,960.39,GBP,3.3082,1000,10,251901400094
ACC2241850,CUST000225,BR044,MONEY MARKET,Open,"May 11, 2008",,3075.19,US Dollar,0.3814,0,0,205569942899
ACC5278292,CUST004584,BR033,Business,closed,,,7216.03,GBP,5.4119,100,15,549297289277
ACC3207931,CUST001588,BR015,business acct,open,"January 22, 2001",,"$3,826.29",GBP,1.0549,250,0,427847269082
ACC8905676,CUST002201,BR025,BUS,N/A,02-10-2020,,4018.18,usd,4.3864,0,25,515636364206
ACC7909675,CUST004705,BR028,CHK,Active,28-03-2007,,,EUR,1.9813,100,0,300845301041
ACC3631425,CUST003385,BR041,Money Market,closed,"September 14, 2004",,10483.77,EUR,4.5392,,10,796426586567
ACC6648445,CUST004479,BR007,Checking,active,25/05/2012,14/11/2020,10747.27,EUR,5.1953,1000,12,149568683334
ACC2957040,CUST004971,BR022,SAVINGS,closed,07/06/2014,,2875.69,USD ,1.3362,0,10,255012974686
ACC1398878,CUST002137,BR016,Business,closed,04-01-2012,13/04/2014,1459.75,GBP,2.1848,250,15,571381442072
ACC2940762,CUST000043,BR038,Checking,active,14-08-2019,,2461.69,$,2.1397,USD 1000.00,12,759141959139
ACC9462062,CUST002417,BR034,Business,Inactive,01-09-2001,,825.92,GBP,0.5563,500,12,135792800821
ACC5261325,CUST003834,BR037,Biz,Suspended,11/15/2017,,4046.19,EUR,4.9908,1000,15,737777226088
ACC9064140,CUST002842,BR043,svgs,Suspended,12/05/2023,,2773.33,USD,2.2141,100,15,056448062897
ACC1759271,CUST000846,BR006,Business,N/A,2006-02-02,"March 08, 2009","436,14",USD,4.4164,100,15,190502320958
ACC1938074,CUST000521,BR046,Business,CLOSED,21/01/2017,,USD 880.83,USD,0.2708,250,12,930735856584
ACC9022879,CUST002091,BR034,SAVINGS,active,25-03-2016,,2612.88,USD,5.3004,1000,5,680481713371
ACC8856117,CUST001748,BR046,sav,Frozen,07/02/2004,,8742.37,USD,5.4244,USD 100.00,15,094103408264
ACC5956940,CUST002082,BR009,BUSINESS,Frozen,2017-08-13,,3342.45,usd,1.9844,0,0,946736693085
ACC1380795,CUST001832,BR050,Savings,Suspended,02-03-05,,4576.97,USD,3.3254,100,5,005398381277
ACC9430215,,BR006,Money Market,active,"October 30, 2003",,1656.18,USD,0.4265,1000,15,100460441971
ACC8909369,CUST001178,BR037,CHECKING,active,07/08/2004,,"$3,389.03",,2.8248,0,25,937193923650
ACC7994580,CUST004011,BR015,business acct,Suspended,22-12-2013,,2372.34,,1.0418,500,0,624901640004
ACC6722057,CUST002158,,Savings,open,14-06-03,,-4305.02,usd,2.31,500,0,230262510272
ACC2250028,CUST003382,BR028,MoneyMarket,Active,16-11-2022,,,EUR,4.033,100,10,256396054445
ACC9652416,CUST001987,BR015,Business,Open,14/02/2007,,2719.35,USD ,3.9039,100,10,559589009898
ACC7346223,CUST003968,,SAV,Frozen,"May 09, 2016",,1403.87,USD,3.4584,100,25,969006633091
ACC8629023,CUST000598,BR039,money market,Inactive,99/99/9999,,1579.2,USD ,5.3687,500,5,593804587079
ACC6519846,CUST004934,BR025,business,Frozen,2003-11-28,,12968.31,GBP,1.2589,,25,000437047850
ACC6085593,CUST001209,BR050,Money Market,CLOSED,2018-06-05,,806.97,US Dollar,1.4057,100,0,319557379047
ACC3294350,CUST001126,BR025,BUSINESS,N/A,04/12/2012,,1491.48,US Dollar,4.3327,,25,056609268040
ACC5404090,CUST002386,BR030,Savings,open,07-06-2022,23-01-08,2852.52,,1.7141,100,25,821206707516
ACC8724319,CUST000822,BR001,Checking,ACTIVE,07/08/2022,,7951.88,US Dollar,4.9379,,25,008735143930
ACC2502819,CUST003231,BR004,Checking,Suspended,09-08-16,,2156.01,$,1.1415,500,0,546052990259
ACC8491709,CUST004294,BR037,Money Market,open,2008-07-23,,5448.21,USD ,2.0968,500,12,548106278308
ACC6344129,CUST001956,BR010,checking,ACTIVE,06-09-22,,7762.17,USD,1.3911,1000,25,084629054438
ACC5271473,CUST001146,BR040,Business,Open,29-04-2018,,1484.35,$,2.4657,,5,593303324525
ACC6975020,CUST002459,BR027,Checkng,Frozen,10-02-08,"July 05, 2023",,USD ,0.2644,$250.00,25,985364685238
ACC3924808,CUST004062,BR011,BUS,active,01/21/2004,,1763.68,GBP,2.3304,1000,10,147877799570
ACC9593510,CUST001763,BR012,Business,Closed,09-11-06,,USD 7155.59,USD,3.5111,,10,307967385093
ACC9382429,CUST000304,BR040,Money Market,Active,20-04-2023,,181.44,US Dollar,0.7001,500,12,602123571139
ACC3785702,CUST002690,BR042,sav,active,19/01/2018,,1475.11,$,0.744,100,5,347111977056
ACC9032681,CUST002802,BR002,Checking,Open,29-08-2004,,4550.35,US Dollar,3.0988,USD 1000.00,0,264157670420
ACC6434424,CUST004585,BR050,CHECKING,Closed,04/20/2000,,"3333,72",US Dollar,3.7912,100,25,852967065264
ACC4361622,CUST000272,BR043,Chequing,Open,21/02/2013,,"$2,292.86",USD,1.131,500,12,150321349451
ACC9845869,CUST001973,BR021,Checking,CLOSED,20/10/2023,,3105.66,$,4.2803,1000,12,985184812843
ACC4327937,CUST000037,BR004,Money Market,ACTIVE,31/03/2020,,880.52,USD ,1.1904,1000,5,680051407703
ACC3867340,CUST002583,BR050,Checking,N/A,2022-01-19,,USD 2253.51,usd,2.8766,0,15,633912877496
ACC5759628,CUST003540,BR015,Checking,Closed,04/07/2004,"July 17, 2009",2786.24,EUR,1.1164,1000,12,081619028566
ACC8420576,CUST002470,BR049,Savings,Open,07/29/2000,,9258.19,USD ,1.717,1000,10,618443992169
ACC9595319,CUST001238,BR045,Checking,active,04/13/2003,,1208.94,,2.0221,0,0,316821205192
ACC5908893,CUST001095,BR032,business acct,Active,13-04-16,,,USD,1.1457,,10,837207676539
ACC4621647,CUST004246,BR047,Business,CLOSED,2009-10-09,,4134.01,GBP,5.3607,500,10,964035664183
ACC9040347,CUST004022,BR021,Money Mkt,Closed,07/12/2010,,82.2,US Dollar,,0,15,705138152226
ACC8235451,CUST001692,BR009,Checking,Open,16-01-06,,5158.58,US Dollar,2.461,USD 500.00,10,051931663192
ACC9475593,CUST002156,BR023,Business,active,"January 10, 2019",,144.8,,2.5887,0,0,762003274031
ACC9968947,CUST000859,BR011,Checking,ACTIVE,06/13/2011,,23780.04,,2.4853,,15,026951487269
ACC2402519,CUST004935,BR040,Biz,ACTIVE,08/23/2021,,8242.85,US Dollar,1.6649,500,12,741030989288
ACC4670391,CUST001615,BR032,Checkng,Active,"September 24, 2021",,1411.55,EUR,2.6427,0,12,736525066041
ACC3423491,CUST004218,BR015,Savings,Closed,NULL,,"$1,190.45",usd,4.4748,250,0,825434747844
ACC1767679,CUST001038,BR031,Savings,Closed,06/13/2008,2023-09-18,1921.45,,0.5894,100,10,479308719080
ACC5521214,CUST003638,BR045,Savings,N/A,26/04/2012,23-01-08,1761.26,usd,,1000,25,182675674759
ACC4486684,CUST000807,BR026,Checkng,Suspended,21-10-2009,NULL,1863.01,usd,3.6759,$0.00,10,803079297919
ACC7236959,CUST004484,BR045,check,Closed,11/16/2015,,1532.52,USD,2.8697,500,5,855290407405
ACC6744200,CUST004443,BR011,Money Market,CLOSED,09/08/2021,,,USD,4.6861,50000,10,581424137247
ACC1562253,CUST004484,BR021,Business,closed,"July 13, 2010",,717.77,$,3.3028,,0,278455588970
ACC2053039,CUST001639,BR033,Savings,N/A,99/99/9999,,7482.72,usd,2.5176,0,10,341513187366
ACC9480193,CUST003661,BR043,Business,ACTIVE,14/11/2021,,6693.83,USD,3.8309,1000,12,430084865966
ACC5220545,CUST001688,BR017,Money Market,closed,23/10/2001,,2588.74,USD,3.6957,,5,538243850480
ACC5427246,CUST000463,BR005,Business,N/A,05/14/2016,25/02/2018,7661.95,$,3.3209,500,5,182522168376
ACC3458918,CUST002607,BR042,check,Frozen,11-10-2013,18-08-07,1135.53,GBP,0.8623,500,15,046917782182
ACC8427974,CUST004557,BR048,Buisness,active,20-06-2002,,70.89,EUR,1.2869,500,5,732928924848
ACC4232998,CUST003472,BR006,CHK,Inactive,"September 10, 2009","September 24, 2015",3862.01,$,2.1617,250,12,455164950844
ACC3029979,CUST001287,BR006,Money Market,Closed,2023-11-16,,2449.29,EUR,4.5768,1000,5,950709099837
ACC5348247,CUST001888,BR003,Money Market,closed,NULL,10/09/2020,3349.59,,1.243,500,25,538879439588
ACC9234500,CUST001406,BR010,Checking,Open,06-04-2009,,9184.0,EUR,,0,15,608738327642
ACC7149513,CUST003355,BR036,Savings,Frozen,10/30/2011,,14016.32,US Dollar,2.869,250,12,912591958277
ACC2799765,CUST003267,BR047,Money Market,CLOSED,01/09/2020,,4025.44,USD ,2.1561,0,12,150329560373
ACC6087998,CUST002279,BR002,Money Market,Suspended,16-04-2015,,5776.64,,3.9553,250,0,220599257923
ACC5419403,CUST002041,BR038,Checking,open,09/09/2010,22-10-2015,350.12,US Dollar,5.2725,1000,0,558689514522
ACC2063080,CUST002606,BR022,Savings,CLOSED,12/29/2023,,700.82,,1.9358,100,0,782515499723
ACC6927555,CUST003866,BR037,Checking,Closed,"November 12, 2020",,5285.1,EUR,3.66,500,12,863582952143
ACC9231695,CUST004909,BR035,Business,closed,14/05/2017,,2258.07,GBP,3.9648,500,0,524084160466
ACC4265319,CUST000348,BR037,Money Mkt,Inactive,"September 02, 2021",,2362.11,,2.3848,1000,25,254787776377
ACC1536769,CUST003339,BR027,Money Mkt,ACTIVE,16-01-18,,1476.19,US Dollar,0.0101,500,5,642463036199
ACC6149210,CUST000204,BR044,Money Market,Frozen,2021-08-28,,3739.41,US Dollar,5.4971,$0.00,5,145254145937
ACC6147934,CUST001231,BR004,Business,closed,17-11-2012,,819.08,USD,3.2422,,15,299942255080
ACC4540237,CUST003290,BR033,Biz,Inactive,01-09-2005,,3943.81,GBP,5.162,1000,25,256079722268
ACC2987818,CUST003593,BR007,Saving,closed,"August 10, 2018",09/03/2021,763.67,usd,4.9127,0,10,953511301387
ACC9467924,CUST004589,BR010,Money Market,Active,13-12-2014,,263.82,GBP,2.6237,$0.00,0,683967131226
ACC6221319,CUST001345,,Money Market,Frozen,07/07/2009,,1604.05,$,3.7983,250,15,836615722834
ACC9175769,CUST003226,BR042,money market,Open,"November 22, 2000",,1051.39,usd,4.0556,100,15,029795872546
ACC9838633,CUST002601,BR037,Saving Acct,ACTIVE,2023-11-15,,"8792,6",GBP,1.3413,1000,0,135201337862
ACC7602809,CUST004532,BR034,Checking,Inactive,2012-02-24,,226.08,USD,0.4834,100,10,413709067123
ACC7812894,,BR048,business,open,19-02-08,,777.32,usd,5.3103,500,0,057845065298
ACC5052317,CUST000237,BR019,Biz,CLOSED,13-03-23,,3182.67,,,1000,12,606643024290
ACC3673963,CUST004756,BR043,Checkng,Frozen,07/19/2012,22-09-2019,,GBP,5.1063,$500.00,12,284163278569
ACC2289450,CUST004893,BR037,Buisness,active,15/05/2012,,187.75,USD ,0.5149,0,12,923026100041
ACC2884864,CUST003316,BR027,Checking,Open,12-06-02,11/16/2012,,usd,2.6194,500,12,432343084576
ACC3137475,CUST000002,BR039,Biz,N/A,"June 04, 2015",,17714.11,EUR,4.0826,100000,10,921946587113
ACC8547485,CUST004300,BR007,Business,Suspended,01-10-31,,4301.55,US Dollar,4.1841,250,0,031148500078
ACC3333382,CUST002339,BR002,Money Market,Inactive,"June 11, 2007",2016-08-25,1819.08,US Dollar,1.9902,100,0,603269041161
ACC8251585,CUST000738,BR048,business,Closed,07/11/2007,26-02-2023,2542.78,usd,2.4376,0,15,946124315893
ACC4677190,CUST000477,BR021,Money Market,N/A,17/09/2023,,1239.98,USD,2.7505,100,15,215639314528
ACC6981286,CUST000742,BR039,Business,open,09/01/2003,,1691.71,,0.891,USD 100.00,15,411658539973
ACC1864254,CUST000528,BR042,Money Mkt,Active,01/15/2008,,4188.38,usd,4.8567,,12,691931581491
ACC3502864,CUST003081,BR030,check,active,03-05-23,,8575.9,USD ,2.6996,100,10,390263837508
ACC5275402,CUST003487,BR011,BUSINESS,closed,23-11-04,,814.0,GBP,1.799,10000,25,512603829349
ACC1870189,CUST002383,BR013,Money Mkt,closed,NULL,,7339.37,EUR,4.0836,$100.00,10,618397802590
ACC4417505,CUST004140,BR045,SAVINGS,Frozen,2005-07-04,,,USD ,2.9837,1000,5,455354532440
ACC9521540,CUST000532,BR003,business,open,05-02-11,,"968,25",USD,4.9951,1000,15,094255813259
ACC5727754,CUST000872,BR026,Business,Closed,07/25/2014,,151.54,$,4.6601,500,15,982629052907
ACC6875171,CUST001567,BR043,Business,Open,11-03-08,,607.07,US Dollar,3.4047,100,15,541924530778
ACC1678860,CUST001161,BR030,MONEY MARKET,ACTIVE,05-09-19,,,USD,1.1266,0,12,120514237378
ACC2410238,CUST002561,BR043,Checking,N/A,"December 08, 2001",,,GBP,2.1598,250,0,130628561557
ACC8869990,CUST002367,BR030,Checking,Open,99/99/9999,,323.39,,0.615,250,5,825365454696
ACC8330394,CUST003485,BR004,CHECKING,CLOSED,,,12848.28,USD,1.5132,100,0,905199467426
ACC9253540,CUST001550,BR030,Savings,Active,03-07-2011,,8447.6,$,5.1264,250,5,355640094077
ACC9869657,CUST000342,BR032,Money Market,Inactive,10/29/2015,,5620.81,US Dollar,2.4406,0,0,499621470501
ACC3554336,CUST001874,BR006,Savings,Frozen,"November 19, 2004",,10840.58,GBP,4.2135,500,5,918852240445
ACC2465195,CUST004495,BR046,Business,Active,06-04-2016,,$994.51,GBP,1.1644,250,15,581202382177
ACC9585191,CUST000208,BR025,Money Market,Closed,05/26/2022,,7240.57,EUR,3.6879,250,25,048304749613
ACC9587551,CUST000959,BR039,Money Mkt,closed,28/08/2018,,4684.62,usd,4.3669,500,10,275590706653
ACC8845724,CUST002424,,money mkt,closed,18-01-16,,8153.48,USD,0.6048,0,0,140059032804
ACC2132413,CUST003595,BR020,savings,N/A,99/99/9999,,,USD ,3.693,250,0,355675234395
ACC4474202,CUST004332,BR024,Savings,N/A,09/21/2010,,"$1,701.62",usd,2.0139,500,15,756787957225
ACC5986114,CUST000569,BR032,Savings,active,05-06-02,,5955.94,,2.065,,5,197474539782
ACC6509757,CUST001628,BR006,Checking,Open,01/06/2016,,USD 1217.72,,0.1739,USD 1000.00,10,572326210665
ACC8842278,CUST002111,BR031,Savings,open,19/10/2022,,1593.51,US Dollar,1.591,0,0,763383222030
ACC9089573,CUST004514,BR012,check,CLOSED,2020-05-02,,$456.73,USD ,1.2108,250,25,062457801008
ACC6207483,CUST003948,BR015,Business,Frozen,"March 01, 2000",,10938.19,EUR,,,0,796038202234
ACC2437014,CUST000929,BR021,CHK,Active,"January 16, 2022",,1375.62,$,1.6802,100,5,594412766380
ACC2736205,CUST003645,BR003,Business,ACTIVE,11-03-2015,,2941.07,USD ,5.445,100,0,418224620932
ACC1625667,CUST000694,BR014,Savings,Frozen,12/26/2020,,1985.93,$,,250,15,085438928280
ACC6822453,CUST002027,BR010,Business,CLOSED,10-10-2001,,12868.32,EUR,3.387,1000,25,222353521850
ACC3226598,CUST004569,BR019,Checking,ACTIVE,99/99/9999,,1632.17,GBP,1.5708,1000,12,063942798325
ACC2400916,CUST004131,BR002,SAV,active,05/18/2022,,6030.16,,1.8517,250,5,210592764148
ACC9263531,CUST001811,BR008,money market,Frozen,2015-03-28,"January 29, 2021",7735.58,EUR,1.1697,500,25,916206565659
ACC2593948,CUST000766,BR008,Checking,CLOSED,03/03/2019,23-04-18,2288.01,EUR,4.876,100,25,605047296747
ACC8731396,CUST004875,BR023,Business,Open,"October 24, 2010",,1900.37,USD ,0.5767,1000,25,441359948729
ACC8853522,CUST004664,BR047,svgs,Frozen,99/99/9999,,5509.27,GBP,2.9961,1000,10,578675658361
ACC3746425,CUST003069,BR015,Biz,open,2016-01-15,,9762.61,USD ,0.6683,,0,889105474786
ACC2510220,CUST003055,BR040,MoneyMarket,active,,,5624.87,USD ,2.9432,0,0,477583628683
ACC9531530,CUST001540,BR012,Checking,closed,08-11-17,,1030.56,,0.2425,,12,478297655586
ACC3527695,CUST000283,BR019,MONEY MARKET,active,14-06-27,,8768.03,US Dollar,1.8494,0,12,118554642154
ACC8259991,CUST003248,,CHECKING,Inactive,04/10/2013,,1961.36,,3.9508,500,10,759221395732
ACC5522263,CUST002583,BR017,MONEY MARKET,ACTIVE,29-05-2015,,3434.25,USD ,,250,15,334611841322
ACC9622788,CUST003818,BR038,Business,Open,04/03/2014,,USD 7121.75,EUR,3.1562,500,10,805947045434
ACC5926666,,,Savings,Suspended,"May 15, 2008",,"834,96",,1.425,,12,605175526531
ACC4090039,CUST000155,BR050,Savings,Open,"August 09, 2003",,,US Dollar,4.3234,,15,343525346146
ACC6256216,CUST000712,BR007,SAV,Inactive,99/99/9999,,3626.97,USD,0.5492,0,10,479326825425
ACC7802117,CUST003769,BR030,Money Market,closed,,,8952.5,US Dollar,1.5588,100,15,680843495337
ACC9162725,CUST002610,BR010,Savings,Open,02/12/2003,,754.83,US Dollar,3.6901,,12,003988822321
ACC8740853,CUST000389,BR048,Chequing,Frozen,08/09/2012,,2183.62,EUR,3.2394,,0,855605912584
ACC8855969,CUST004555,BR045,Money Market,closed,15-04-2014,,7155.29,EUR,5.3316,1000,5,209413287587
ACC5167803,CUST000436,BR050,Savings,Active,2023-03-05,,77.68,GBP,0.4059,100,5,685137691395
ACC4689468,CUST002307,BR031,Savngs,Frozen,10-11-2014,,476.04,EUR,3.7137,100,0,416093164876
ACC4017643,CUST000934,BR008,money market,closed,2020-03-06,,18653.41,,1.2044,0,10,223798977359
ACC9550527,CUST000580,BR023,chk,CLOSED,19-11-2012,,1316.21,US Dollar,1.1881,250,12,830435583231
ACC3651241,CUST004243,BR041,Savings,Inactive,15-04-20,,14843.39,EUR,0.2036,100,10,661502259359
ACC5569568,CUST000414,BR033,Money Market,open,29/04/2018,,806.17,EUR,3.4309,250,0,251625638118
ACC1843456,CUST000410,BR023,Business,CLOSED,19-08-17,,1791.99,EUR,2.7015,100,12,237881439940
ACC1526743,CUST001712,BR044,business acct,Active,12/29/2019,,"$5,591.35",,3.4159,0,0,904169529361
ACC7892666,CUST002857,BR019,Business,Open,16/10/2006,,,$,2.5738,100,12,980536249672
ACC7596420,CUST004611,BR032,Business,N/A,2009-07-03,,3480.71,GBP,2.2291,100,12,130260345130
ACC9372432,CUST003469,BR022,Checking,Suspended,99/99/9999,,3019.23,usd,3.2177,1000,12,205518700473
ACC6728122,CUST004432,,Savings,CLOSED,10-12-2006,09/10/2008,7417.28,US Dollar,4.2912,100,5,413184488518
ACC5904654,CUST004451,BR046,Checking,Open,2008-03-05,,1071.25,EUR,0.9455,0,0,714577941042
ACC2738031,CUST004675,BR020,Money Mkt,Active,11/10/2022,23-10-29,2336.96,GBP,0.1839,500,12,600037055353
ACC8515230,CUST001707,BR008,Money Market,Frozen,08/07/2005,,,usd,4.9247,1000,15,205507138368
ACC7629587,CUST000074,BR049,Business,Suspended,09/06/2023,,3624.78,EUR,3.4196,500,12,119731349263
ACC9347247,CUST003988,BR001,Money Market,Open,99/99/9999,,1153.63,$,2.8166,500,15,651865043452
ACC5973704,CUST000021,BR013,Business,Frozen,31/10/2016,,1624.91,USD ,3.0434,250,0,066318208791
ACC7547221,CUST000959,BR001,Savngs,open,"November 12, 2004",,2548.96,GBP,2.1641,100,10,349681637661
ACC8916201,CUST001809,BR008,money market,Closed,"September 12, 2013",,108.54,GBP,2.0146,$100.00,15,390368179346
ACC7714003,CUST003117,BR048,Business,Open,"September 20, 2002",,385.77,EUR,3.3759,1000,15,535136107541
ACC4396457,CUST002569,BR012,Savings,active,2019-06-29,,4632.55,EUR,4.1463,0,0,476071865973
ACC4006811,CUST000592,BR023,Savings,Suspended,"April 11, 2004",,2241.25,usd,,100,0,206008743283
ACC3956937,CUST004507,BR036,money mkt,ACTIVE,,,"$8,003.71",$,2.1596,500,15,534702297352
ACC7925599,CUST002250,BR033,Checking,Active,12-05-2021,08/26/2021,USD 4745.47,usd,5.0317,0,12,116774729526
ACC8394811,CUST001621,BR017,Savings,open,2015-09-07,,32.54,USD ,0.8311,1000,5,130093348515
ACC3587716,CUST002196,BR038,Savings,ACTIVE,16-04-12,,3835.88,usd,1.3641,500,15,721801034755
ACC9300217,CUST000001,BR019,MONEY MARKET,Inactive,"May 10, 2023",12/01/2023,393.65,EUR,0.665,250,5,313061035502
ACC6488826,CUST002264,BR037,Money Market,Inactive,13-10-07,,6073.51,usd,2.4607,1000,12,130740790671
ACC1737443,CUST000513,BR019,Money Market,ACTIVE,10/12/2010,,19074.38,,3.0822,1000,12,791838360150
ACC1354287,CUST002307,BR026,Business,ACTIVE,12-04-20,,3030.31,$,2.0445,1000,5,989040901844
ACC1727949,CUST002523,BR034,Business,CLOSED,21-09-2016,,4592.63,usd,3.4058,,12,674871117569
ACC4645792,CUST003166,BR023,Money Market,N/A,"June 26, 2003",,1083.64,$,0.4433,250,25,361941250486
ACC9656632,CUST002672,BR001,Savings,Active,2000-12-27,"June 19, 2015",,usd,0.2503,USD 100.00,0,926918256452
ACC8275043,CUST000462,BR006,Money Market,N/A,"October 11, 2004",,"$7,754.42",usd,3.1958,1000,0,682117709663
ACC3619634,CUST004581,BR036,MM,closed,2019-05-05,,732.92,usd,2.7277,250,15,938710635524
ACC5840945,CUST000053,BR034,business,closed,03/20/2003,2018-07-14,1234.46,$,2.4498,500,25,480606024008
ACC5969559,CUST000343,BR025,Money Market,Frozen,"October 08, 2003",,2358.28,EUR,,1000,15,424749420842
ACC4465777,CUST001693,BR013,MoneyMarket,Closed,05-05-2023,"November 21, 2023",4982.64,USD ,1.8167,,15,366295436406
ACC3552452,CUST004909,BR019,Business,open,01/02/2014,,1885.68,USD ,0.3164,500,5,638432263743
ACC8306503,CUST000799,BR035,sav,Inactive,11/05/2009,,10509.51,$,4.555,1000,5,497000206422
ACC6050064,CUST004738,BR004,sav,open,"January 26, 2004",,396.88,$,1.1129,100,0,505554810759
ACC3378013,CUST001129,BR045,Savings,open,22-04-2015,,"1853,25",$,,25000,25,417213632540
ACC8431196,CUST004089,BR025,Checking,closed,13-07-2006,,"$4,937.10",GBP,3.2275,500,25,294575211936
ACC8971283,CUST003959,BR031,Current Acct,Open,18/05/2011,,,GBP,3.798,100,15,632492379475
ACC2831008,CUST000471,BR030,Savings,ACTIVE,01-09-24,18/10/2014,4273.26,USD ,2.2372,1000,12,960462715086
ACC7595502,CUST000650,BR004,Checking,closed,NULL,"March 03, 2021",717.54,GBP,5.4743,500,10,250436014161
ACC3955571,,BR019,Savings,closed,"February 10, 2018",,-230.43,usd,3.9491,,0,233031908044
ACC3810054,CUST003893,BR028,money market,ACTIVE,,,515.95,US Dollar,1.7935,250,10,116066139726
ACC4457360,CUST001178,BR002,Checking,Closed,,,10636.17,USD,2.4477,1000,15,886668954052
ACC7347346,CUST003311,BR015,Money Mkt,Suspended,03/09/2000,,"3209,62",,4.8653,100,5,096566792823
ACC8202788,CUST003395,BR023,Checking,Open,12-12-2020,,6365.33,,5.239,,10,690232367675
ACC5395573,CUST004847,BR028,Checking,closed,2022-08-18,,1617.79,USD,3.4643,500,0,478634023097
ACC2368659,CUST003713,BR036,Money Market,Active,99/99/9999,,3592.41,US Dollar,1.5055,100,15,681578898728
ACC5945361,CUST000835,BR045,Saving Acct,open,20/09/2017,,2732.41,GBP,4.013,250,15,654201909615
ACC5837088,CUST003949,BR033,Savings,Suspended,11/07/2008,22/03/2020,11655.72,GBP,4.0028,1000,0,767332657554
ACC9967661,CUST001493,BR031,Savngs,closed,10/30/2012,19-12-11,5506.56,EUR,2.7623,100,10,826204589814
ACC9826459,CUST000389,BR044,Business,Frozen,23-11-2012,,5245.38,GBP,1.0022,500,12,357687527864
ACC3936322,CUST004118,BR046,Savings,Inactive,06/01/2004,,189.85,GBP,4.2866,500,25,502992174624
ACC4434284,CUST002426,BR040,BUSINESS,Frozen,01/12/2008,,3191.1,,1.1495,,0,985226204534
ACC1590357,CUST003414,BR006,Business,Frozen,09/11/2004,,"$2,516.87",EUR,3.9317,100,10,160293237400
ACC6020919,CUST000636,BR009,Checking,Closed,04/23/2003,,10515.6,$,1.5948,,12,332009230482
ACC3816444,CUST004033,BR002,Business,Frozen,02-05-26,,1190.08,USD ,2.8774,250,25,200532900319
ACC7102336,CUST001013,BR005,money market,Inactive,09-07-10,,,$,0.6452,250,0,865241467735
ACC6759488,CUST001157,BR029,Money Market,N/A,"April 23, 2019",,2119.67,US Dollar,0.6767,,15,507100796209
ACC6376338,CUST000794,BR036,MoneyMarket,CLOSED,2021-02-15,,1115.52,$,2.5464,0,10,642683741354
ACC4500349,CUST001003,BR022,Business,Frozen,"February 04, 2002",,553.3,EUR,3.7316,$0.00,10,569079819531
ACC9172790,CUST000683,BR031,BUSINESS,CLOSED,09/04/2022,,7791.26,,5.2091,100,25,319445249860
ACC8012424,CUST004630,BR003,Money Market,Suspended,"August 08, 2012",,3268.28,USD ,2.4505,,5,262802334812
ACC9933884,CUST002726,BR032,Money Market,Closed,02/24/2021,,7903.58,USD ,3.5641,0,0,750779158687
ACC8739680,CUST003699,BR024,Chequing,CLOSED,"December 17, 2021",,7114.62,USD,1.8609,500,12,459113300186
ACC7140282,CUST003997,BR031,SAV,open,21-03-05,,1325.38,$,2.6059,100,5,895172403285
ACC9575614,CUST000835,BR044,Checking,CLOSED,2010-06-21,,3173.97,usd,3.5284,0,25,532451176497
ACC1736036,CUST000809,BR020,Savings,open,2015-09-04,,-347.54,USD,3.8953,100,12,693974236615
ACC3167519,CUST001925,BR015,CHK,Closed,NULL,,9872.29,GBP,2.8123,100,10,588693451990
ACC6490804,CUST004807,BR032,savings,closed,"May 30, 2003",,-2071.82,USD,0.5249,500,0,813627829363
ACC2797003,CUST000842,BR050,chk,Open,"September 13, 2022",,2001.36,$,3.3961,100,0,527809509801
ACC8673179,CUST001741,BR047,Saving Acct,active,"May 19, 2000",,1442.48,USD,4.5966,250,12,893953965301
ACC1367741,CUST004981,BR036,SAVINGS,Active,03/26/2018,29-03-2020,2469.66,EUR,2.0398,500,10,608615175964
ACC1982738,CUST001743,BR006,money mkt,N/A,05/03/2022,99/99/9999,1160.12,GBP,4.5918,100,15,984676962539
ACC6929287,CUST003022,BR044,Savngs,active,2016-10-09,,1879.07,US Dollar,2.5716,500,5,107145751908
ACC9143973,CUST002368,BR031,Business,Frozen,23-06-20,,"$6,436.69",,4.651,1000,0,131081750539
ACC4345029,CUST002536,BR049,Business,closed,"May 13, 2001",,7189.23,USD,,0,10,956445748867
ACC4943506,CUST000315,BR025,Checking,Closed,99/99/9999,,1450.67,USD ,1.6307,1000,10,568324411745
ACC2106225,CUST001101,BR047,Checking,Closed,,,2532.08,US Dollar,4.8466,0,5,458022844849
ACC9705345,CUST002585,BR002,Checkng,ACTIVE,01/21/2015,,8280.18,EUR,1.8417,100,5,181413077028
ACC9732381,CUST002584,BR023,Business,Closed,"January 01, 2023",,216.45,USD ,3.4627,250,5,762044460411
ACC7766978,CUST004545,BR031,Money Market,ACTIVE,15/08/2010,18-02-2016,8798.13,usd,0.9434,100,10,576795087989
ACC1547222,CUST001400,BR019,Money Market,ACTIVE,12-10-2016,,989.66,EUR,0.214,0,0,579714710002
ACC2802941,CUST000125,BR045,BUSINESS,Active,22/05/2010,"June 09, 2014","$4,539.52",US Dollar,3.6067,250,10,255558866093
ACC2133562,CUST000956,BR034,Money Market,Frozen,16-11-2005,,USD 3494.38,US Dollar,5.3878,500,25,912790304932
ACC8162853,CUST002495,BR029,BUSINESS,active,04/17/2008,,3220.26,,4.7083,100,15,723177406297
ACC3142882,CUST002133,BR005,SAVINGS,active,08/07/2023,,7846.21,$,4.3339,100,10,272436777253
ACC9309210,CUST001108,BR006,Checking,N/A,05/14/2016,,$428.44,,1.0912,0,0,041056515194
ACC6987700,CUST004125,BR028,SAVINGS,CLOSED,11/14/2009,,1704.88,$,1.3831,USD 100.00,25,943080921243
ACC9326356,CUST003748,,MONEY MARKET,Closed,2002-05-25,,3090.95,US Dollar,3.215,100,15,508907946486
ACC6464686,CUST003005,BR003,Checking,Suspended,"February 03, 2018",,"$6,670.15",US Dollar,5.1007,1000,0,550078528565
ACC5319709,CUST000971,BR021,Money Mkt,Frozen,"March 20, 2006",99/99/9999,975.65,usd,3.437,500,12,032206855247
ACC9924390,CUST004840,BR030,Saving,Active,99/99/9999,,6496.78,USD ,2.8737,250,15,974507003947
ACC2610071,CUST000628,BR049,Business,Open,07/31/2021,,2040.89,usd,1.0428,250,5,586708234853
ACC2660003,CUST001058,BR002,Biz,CLOSED,22/02/2004,,837.52,EUR,0.7696,0,15,594227361670
ACC3029658,CUST004784,BR006,Biz,ACTIVE,2012-09-13,,"$5,691.61",usd,1.6196,100,12,756550876784
ACC8287413,CUST004460,BR026,Biz,Frozen,01/22/2006,,381.2,EUR,3.3861,500,12,061931017282
ACC3998804,CUST000548,BR044,Savings,active,18/07/2021,,2892.51,USD,2.0056,0,12,080157415100
ACC4053970,CUST000602,BR015,Savings,Active,"March 12, 2014",,264.03,US Dollar,2.1438,100,15,442156276218
ACC4528881,CUST004118,BR003,check,ACTIVE,05-08-26,,,USD,,500,10,629005999348
ACC3910967,CUST002039,BR023,Buisness,active,2010-11-18,,3675.95,US Dollar,4.5807,0,25,586168892805
ACC2531059,CUST004376,BR005,Savings,Suspended,18/06/2001,01-03-2015,3248.76,usd,5.2807,500,15,751513510565
ACC4571188,CUST000704,BR033,BUS,Inactive,09-08-2019,,2074.46,GBP,1.9637,250,5,558922278507
ACC9123497,CUST000223,BR006,money mkt,Suspended,29/11/2007,"January 25, 2023",2241.8,GBP,3.8187,1000,0,111139783860
ACC6433267,CUST003020,BR015,svgs,Suspended,08/26/2011,,1028.71,US Dollar,5.3345,500,25,734703388412
ACC5225859,CUST000270,BR015,Business,open,12/09/2019,,USD 2434.36,US Dollar,3.9135,0,5,374289320424
ACC5673802,CUST004821,BR017,Business,Inactive,15-02-22,,,EUR,0.7454,0,12,582535616774
ACC3800914,CUST001480,BR009,Savngs,closed,12-05-2006,,7600.58,USD,2.854,0,5,064400013577
ACC7130477,CUST000093,BR020,Business,closed,11/08/2020,99/99/9999,627.7,EUR,2.7579,0,15,612914465015
ACC4314343,CUST004476,BR013,Checkng,open,20-05-2018,,120.93,GBP,0.3899,,12,540822018599
ACC6766528,CUST002285,BR040,BUS,Frozen,99/99/9999,,10843.68,usd,1.5348,250,5,350814045146
ACC1301719,CUST004878,BR050,Savings,ACTIVE,03-10-09,2005-09-18,USD 2992.52,USD,1.2264,,12,539551425728
ACC2930684,CUST001889,BR015,Saving Acct,CLOSED,NULL,,3087.36,EUR,0.0333,1000,5,081260130315
ACC5213543,CUST002652,BR005,Checkng,N/A,27/11/2015,,6069.59,US Dollar,4.749,100,15,054400487814
ACC5855382,CUST004166,BR003,Checking,Closed,08-09-06,,1511.53,EUR,1.9957,50000,12,255459517525
ACC8751695,,BR042,Business,CLOSED,12-09-2019,,,usd,2.4947,,12,011499755903
ACC6156075,CUST002412,BR019,Current Acct,closed,09/05/2013,17-06-28,13851.81,,3.7051,500,25,513652201896
ACC5643464,,BR016,Savings,N/A,15/06/2003,,4460.78,usd,3.2863,250,5,904700238167
ACC2653827,CUST001810,BR043,Money Market,Frozen,03/15/2021,,667.74,USD,1.6845,250,5,003625371549
ACC2393311,CUST003568,BR045,savings,CLOSED,2010-12-05,2019-03-16,571.91,USD,1.0176,0,0,691444504046
ACC7391906,CUST002380,BR027,Checking,ACTIVE,06-01-2017,"May 28, 2019",913.96,$,4.0103,0,25,119275780362
ACC8034658,CUST003863,BR010,CHK,CLOSED,08-08-14,,5821.92,GBP,3.0415,,12,279898292900
ACC6839237,CUST004089,BR021,Savngs,N/A,11/06/2021,,1400.37,US Dollar,4.0524,,25,318403003688
ACC8484652,CUST000449,BR005,Checking,Frozen,02/04/2002,,8648.0,usd,2.6727,,12,779033723923
ACC9799507,CUST001321,BR025,Money Market,open,2008-07-26,,11542.09,US Dollar,2.4879,0,10,854762146215
ACC5041114,,BR008,Saving,Active,"October 21, 2008",,743.94,$,0.2521,250,15,465804889176
ACC9574393,CUST003966,BR044,Money Market,Open,06/04/2023,,"38,42",,0.4985,1000,15,872428091693
ACC4737935,CUST004389,BR012,checking,CLOSED,12/12/2005,,1082.68,GBP,3.136,500,15,296989166793
ACC3608990,CUST000552,BR037,money mkt,CLOSED,"October 03, 2014",,1071.67,USD ,5.1686,$500.00,5,942484400373
ACC1069332,CUST003013,BR019,MONEY MARKET,Open,06/02/2006,12/05/2021,,,0.3869,,5,985215194109
ACC6165974,CUST001474,BR033,CHK,Open,02/04/2010,,10122.45,$,3.9746,1000,15,839198375331
ACC6958026,CUST003370,BR030,business,open,02-03-2004,,,,3.0484,0,12,060322404306
ACC2171307,CUST000405,BR036,Savings,Active,"May 13, 2019",,2441.81,USD ,0.5517,,12,063605786858
ACC7116091,CUST004343,BR024,Checking,Suspended,18-05-21,,2116.64,USD ,0.5787,,25,264116153843
ACC9691288,CUST003040,BR032,Savings,Inactive,02-05-09,,3238.81,EUR,1.0744,100,15,386612027474
ACC6976589,CUST004308,BR043,CHK,ACTIVE,23-03-2019,,1115.97,,4.4129,0,25,008227257336
ACC7087481,CUST002612,BR026,business acct,Active,"May 20, 2007",,214.38,EUR,5.311,0,25,384917617495
ACC5189019,CUST004597,,Money Mkt,Inactive,29/10/2000,,11202.25,GBP,1.5102,0,0,641902111789
ACC3654986,CUST002817,BR050,Money Market,Open,"July 21, 2021",,826.62,EUR,5.4851,250,25,564211905315
ACC4887487,CUST000489,BR038,Chequing,closed,2006-06-29,,884.59,US Dollar,2.0146,500,0,444712227954
ACC6391713,CUST001874,BR039,money mkt,ACTIVE,,,2558.12,GBP,,,25,586099618167
ACC1638053,,BR043,Checkng,ACTIVE,07/03/2009,,2706.05,usd,,500,10,531236055475
ACC1006267,,BR018,BUSINESS,N/A,17-02-2021,,74.42,USD,0.2925,,5,694684640344
ACC8677864,CUST000128,BR018,Savings,Open,"December 24, 2011",,,USD,0.221,250,10,434534181286
ACC7023467,CUST004609,BR003,Business,Open,31-05-2023,"October 25, 2023",1900.26,USD,4.557,0,10,685051579208
ACC3836509,CUST002540,BR040,svgs,N/A,12-12-2012,,,US Dollar,1.3685,100,15,063002237911
ACC2675352,CUST002317,BR048,Business,Suspended,21-03-2006,,1037.25,usd,0.0413,500,5,630981853734
ACC9818227,CUST003353,BR012,checking,Frozen,2004-12-10,,2199.75,EUR,,1000,5,831563544850
ACC5331942,CUST001558,BR036,Savings,Frozen,11/26/2018,"July 26, 2021",3259.86,US Dollar,2.9115,,12,744916832404
ACC4655130,CUST004416,BR050,Savngs,active,07/15/2005,,8778.24,GBP,0.2516,250,25,445079304386
ACC8727557,CUST000449,BR020,money mkt,active,09-01-19,,1578.52,USD ,0.4558,1000,25,773388176371
ACC5271706,,BR050,Savings,CLOSED,"January 28, 2009",,USD 573.44,USD ,4.216,0,15,443136486945
ACC9669338,CUST002587,BR034,Checking,Closed,25-06-2005,,2687.67,usd,3.5932,1000,12,956322374323
ACC3630575,CUST004943,BR042,Savings,Inactive,08-01-2013,,USD 5493.06,US Dollar,0.2569,500,25,332069809104
ACC7988507,CUST000964,BR006,MONEY MARKET,active,"July 10, 2018",,465.51,,2.5515,,25,406525335106
ACC1522491,CUST000812,BR042,checking,Open,2022-12-16,,2211.34,USD,4.5845,0,10,308439063407
ACC3723934,CUST003200,BR003,Checking,active,11-10-14,,71.78,EUR,2.1558,500,10,653496254089
ACC2874267,CUST001766,BR018,chk,closed,02-11-2003,,136.54,USD ,3.177,,5,138938481206
ACC8462546,CUST004928,BR021,chk,Suspended,99/99/9999,12/08/2016,2638.49,,,0,0,218314087293
ACC5962991,CUST001510,,MONEY MARKET,Open,23/02/2001,15/12/2001,1416.41,USD ,3.2945,0,15,151217144497
ACC2849072,CUST003668,BR006,svgs,active,"November 28, 2007",,7460.09,US Dollar,2.9423,1000,0,415398249913
ACC1691261,CUST003340,BR002,Business,Frozen,12-03-2001,,3686.76,,,USD 500.00,15,230426729483
ACC7268548,CUST002883,BR035,Checking,N/A,06-12-02,,2420.05,US Dollar,,,5,111384656623
ACC7778854,CUST003938,BR031,business acct,Active,20-12-09,,209656.0,usd,,0,15,919338360390
ACC7918422,CUST003387,BR020,Savings,open,2005-01-22,,2750.61,GBP,0.6608,500,0,114876302469
ACC3617210,CUST002634,BR003,Current Acct,N/A,"January 02, 2007",,165.12,US Dollar,0.4493,250,15,479396144815
ACC7885061,CUST000687,BR040,Buisness,open,17/02/2001,,8931.99,,1.9849,,15,482210889591
ACC7798891,CUST000630,BR049,Savings,Closed,17/02/2004,,25515.94,USD,1.9879,250,25,582008482136
ACC6645136,CUST003629,BR018,Checking,Inactive,99/99/9999,,801.06,USD ,0.8437,500,10,059265744539
ACC1968259,CUST000790,BR042,Business,N/A,99/99/9999,,513.07,,4.5901,100,15,991445890573
ACC7232855,CUST002572,BR004,Checking,Active,08/25/2022,,$619.97,GBP,2.7545,100,12,938815228132
ACC2166444,CUST003435,BR007,Business,CLOSED,,,4327.34,GBP,0.4021,1000,12,328521693856
ACC6367295,CUST002596,BR046,Checking,closed,2006-04-15,,4332.23,USD ,2.3077,0,10,635773654972
ACC7202323,CUST004274,BR017,Money Market,open,29-05-2010,,7533.5,GBP,1.5794,250,15,627713667300
ACC8577262,,BR041,Business,ACTIVE,"May 14, 2020",,5574.51,USD,4.7989,0,15,044158969300
ACC8521670,,BR022,CHECKING,ACTIVE,18-10-2010,,2389.09,EUR,1.5171,,12,783850713407
ACC5753330,CUST001522,BR018,Current Acct,closed,22/12/2023,,3795.83,GBP,0.8903,"$1,000.00",5,027162722390
ACC3538478,CUST002826,BR014,Business,closed,30/03/2008,,4662.66,USD ,0.2241,100,15,668537345122
ACC6232044,CUST004145,BR017,Savings,Suspended,2015-11-18,,2875.8,US Dollar,3.2551,500,12,430304058311
ACC1743134,CUST001863,BR001,CHECKING,active,04/28/2008,,2582.39,USD ,1.4354,1000,15,351910142726
ACC6490977,CUST002319,BR029,money market,Suspended,04-08-10,,4143.65,USD ,3.774,100,0,833897061732
ACC6186945,CUST001116,BR048,MoneyMarket,Suspended,04/24/2014,,3261.03,$,1.498,,0,332202494654
ACC1123527,CUST004556,BR008,BUS,Closed,07/08/2006,,4130.65,,1.1739,,15,803256432557
ACC3812153,CUST003799,BR024,Checking,N/A,02/22/2013,,3795.82,US Dollar,3.8984,500,10,503149281084
ACC3257601,CUST001707,BR003,Business,ACTIVE,03/25/2003,,5080.4,EUR,4.8986,250,0,598530328526
ACC6943416,CUST001411,BR040,Savings,closed,99/99/9999,07-10-02,4117.88,EUR,2.3975,1000,12,026616001699
ACC5817147,CUST000921,BR019,Checking,closed,2018-01-07,,2933.73,GBP,1.0759,1000,25,111584777335
ACC2070734,CUST001950,BR014,Savings,N/A,08/30/2000,,4580.26,USD,3.5468,0,25,078369329723
ACC4076011,CUST001298,,Business,Frozen,17-09-2007,,2387.58,,3.4679,500,15,879537487080
ACC5129647,CUST000196,BR041,Biz,open,24-04-2016,,1106.55,$,5.1241,1000,15,802127881575
ACC3559405,CUST003431,BR033,Business,CLOSED,10-08-01,,5.68,US Dollar,1.2111,,10,993213554577
ACC5156396,CUST001274,BR016,MM,Inactive,10-05-2013,,3283.6,$,2.355,0,25,368050452843
ACC2909957,CUST001497,BR041,Savings,Open,19-10-15,,3572.79,USD ,3.7271,,5,286778221207
ACC4014290,CUST001322,BR026,Money Mkt,closed,03-03-19,,14309.2,usd,1.7486,1000,25,651323788187
ACC6269237,CUST001689,BR011,sav,Closed,17/01/2015,,1794.4,usd,0.1677,1000,0,442691040337
ACC8047776,CUST003807,BR039,Business,Closed,01/09/2023,,2004.38,USD ,1.0871,1000,25,742697961616
ACC1450848,CUST004788,BR041,Business,active,09/02/2010,99/99/9999,90158.0,,1.7707,250,25,636019769730
ACC9967153,CUST004524,BR002,BUSINESS,open,"October 09, 2019",,292.58,US Dollar,5.289,,25,097690245821
ACC8266605,CUST001064,BR034,Business,Frozen,2023-05-23,,"$5,927.78",GBP,0.8716,100,5,141712014007
ACC5645022,CUST000183,BR047,Savings,open,,,1149.03,US Dollar,0.075,1000,0,213568250455
ACC1053450,CUST002787,BR004,Savings,closed,17-01-26,,3755.22,$,4.1614,0,12,364000834035
ACC9650944,CUST000826,BR043,Money Market,Active,05/14/2009,,,$,3.5838,$250.00,25,853083301138
ACC4926355,CUST004183,BR019,Savings,active,08-10-29,,2548.86,US Dollar,3.3711,500,10,743003649877
ACC3837239,CUST000447,BR013,Money Market,Closed,18-04-02,,8361.27,GBP,1.181,,0,811843808382
ACC2100817,CUST000533,BR029,Checking,Open,16-05-2017,,2346.47,USD,0.0651,1000,25,555906452487
ACC9256513,CUST000588,BR018,Savings,Frozen,"June 14, 2022",,1341.38,USD,1.1469,250,5,750217054884
ACC6578787,CUST001824,BR026,checking,Suspended,NULL,,9054.05,$,4.1314,250,10,765341603952
ACC2145110,CUST002689,BR034,Money Market,ACTIVE,16-11-23,,"$7,909.40",usd,,500,5,153342200574
ACC8398399,CUST003705,BR010,MM,Inactive,25-04-2000,,716.7,USD ,0.0865,100,15,592852286891
ACC6853044,CUST004011,BR050,Buisness,Inactive,"July 30, 2006",,105.22,EUR,2.1136,100,15,389218890334
ACC1225379,CUST000573,BR026,Money Market,Open,13-12-2023,,377.18,USD,0.8157,100,15,679014829906
ACC9129724,CUST003494,,Savings,CLOSED,2022-01-22,,1350.56,GBP,4.1506,,12,658282593500
ACC8745107,CUST001011,BR004,Business,Active,03/12/2005,13-07-28,,EUR,2.6099,,0,348543699754
ACC5004696,CUST000325,BR028,MONEY MARKET,closed,07/01/2023,,3270.46,EUR,0.0516,250,10,651744384436
ACC6837342,CUST002997,BR022,Checking,closed,18-10-28,,1868.91,USD ,1.9172,1000,25,097847415971
ACC1087452,CUST000979,BR045,svgs,Inactive,00-07-19,,8782.68,,4.8362,0,0,391157213203
ACC1084148,CUST000317,BR043,Business,closed,,,2414.22,$,1.4197,250,25,220951450075
ACC7402838,CUST003198,BR004,Checking,active,22/10/2012,,1514.74,EUR,2.5576,0,15,954557004214
ACC8987152,CUST000079,BR040,Chequing,active,05-02-2011,,11335.78,usd,,,15,088188754590
ACC1180884,CUST004547,BR033,Checking,ACTIVE,2013-10-31,,7575.64,USD,2.6523,500,10,240908087549
ACC9171915,CUST003883,BR021,Business,Active,22-08-2020,,7423.1,$,3.0958,100,12,557358035025
ACC7169737,CUST000994,BR037,Savings,Open,2018-07-17,,2872.09,EUR,1.923,100,5,619014123004
ACC2717180,CUST004330,BR035,Money Market,CLOSED,30/05/2010,,6231.91,$,3.8202,100,10,449725035617
ACC5050085,CUST004411,BR048,Business,N/A,08/20/2009,,790.65,$,5.2321,250,10,109555640051
ACC6744554,CUST004141,BR041,business,Closed,NULL,,3405.97,usd,4.5027,0,10,742763477224
ACC9334600,CUST001253,BR022,Current Acct,Frozen,10-12-29,,16502.33,US Dollar,2.223,0,5,759150425328
ACC6649566,CUST002357,BR040,MONEY MARKET,closed,26/10/2010,10/23/2011,137536.0,,3.7369,100,5,125716685908
ACC3021859,CUST004617,BR043,Money Market,Frozen,03-03-2016,,6326.36,USD,1.183,0,25,137932371078
ACC6413776,,BR038,Chequing,Suspended,10/24/2016,"May 22, 2023",2697.13,usd,5.4049,500,0,180425581052
ACC8952374,CUST002676,BR007,Money Market,Active,04/06/2009,,162.48,USD ,3.5375,100,25,533796723247
ACC4887746,CUST004381,BR033,Checking,Inactive,2005-08-09,,5759.11,,2.4756,1000,0,257320917239
ACC6244755,CUST004500,BR028,SAV,N/A,19/03/2018,,738.43,$,3.2805,250,10,918292534928
ACC6052422,CUST001718,BR005,Savings,Frozen,11-02-2012,02/06/2022,3992.97,US Dollar,3.9515,500,5,654884965816
ACC5155819,CUST003312,BR009,CHK,Closed,05/15/2019,,358.23,usd,4.1034,500,0,768408600920
ACC4531231,CUST003043,BR044,Money Market,Active,26-04-2002,,11739.86,usd,1.545,250,0,315804075135
ACC8448973,CUST001842,BR018,Checkng,open,,,1379.69,GBP,3.6856,,5,979432710912
ACC6239133,CUST000077,BR025,Business,ACTIVE,"October 19, 2015","January 06, 2021",1027.14,GBP,3.6936,1000,25,176100904937
ACC4447066,CUST003343,BR025,Savings,active,,,553.08,$,5.3268,500,5,685874687925
ACC8142969,CUST002067,BR024,Checking,Frozen,21-07-05,,11675.25,USD,1.4054,100,5,043795424854
ACC5736541,CUST003115,BR026,business,ACTIVE,,,4977.84,USD ,1.9604,USD 500.00,5,561262219305
ACC1042880,CUST000885,BR022,Business,N/A,24-01-2023,,5413.93,USD,5.4254,500,25,434496178435
ACC8347406,CUST001030,BR037,Money Market,Suspended,2017-10-15,,2767.83,GBP,4.3843,100,0,206668881505
ACC7170504,CUST004327,BR050,Savings,Closed,04-10-2012,,2575.35,GBP,5.3931,,0,475260110510
ACC2214878,CUST000159,BR021,Money Market,Suspended,2009-10-13,,466.23,USD ,1.8518,250,5,554469810546
ACC9451599,CUST003055,BR046,Savings,open,2022-04-20,,3282.48,USD ,0.0696,100,25,194339125212
ACC2923214,CUST002771,BR035,CHECKING,active,25/09/2016,,1134.32,GBP,1.7579,250,25,283776501204
ACC1573661,CUST002149,BR034,Saving,Suspended,NULL,,15114.4,USD,2.3403,,10,330523869801
ACC2724152,CUST004707,BR001,money market,CLOSED,09/04/2021,,6369.95,GBP,3.7447,1000,5,227472121965
ACC7325786,CUST002123,BR035,Savings,CLOSED,01/10/2018,,2130.87,usd,1.9049,100,5,284053021022
ACC8615823,CUST000428,BR043,Business,Suspended,"December 11, 2018",,656.39,,5.0145,,5,048782689204
ACC3633928,CUST000221,BR050,Checking,Inactive,31/12/2022,,6154.64,$,4.6115,0,5,729072460817
ACC2379583,CUST002641,BR004,Money Market,Suspended,11/04/2001,,520.68,,2.2761,,0,008999196880
ACC3749904,CUST004570,,BUS,N/A,02-09-19,,839.6,EUR,1.6936,100,25,570584448241
ACC4677768,CUST000689,BR017,Checking,Active,"May 23, 2005",,95060.0,US Dollar,2.2733,,12,759891006367
ACC3999716,CUST003753,BR033,Money Market,open,21-07-14,,3255.75,US Dollar,4.7137,100,12,822716132936
ACC3644145,CUST004425,BR048,Savings,N/A,29/04/2017,,6186.92,usd,4.2587,,10,642859185532
ACC9897949,CUST002379,BR039,money mkt,open,2020-10-09,,1509.35,US Dollar,0.0713,100000,10,072326641772
ACC8487075,CUST000990,BR009,Savings,Open,02/06/2003,18-01-19,353.88,$,4.6811,0,15,757944987657
ACC8507797,CUST004650,BR014,Checkng,CLOSED,20/08/2014,,2498.5,GBP,5.4505,0,15,276169938986
ACC3428569,CUST004178,BR002,money mkt,closed,"December 30, 2020",,,GBP,3.7484,25000,25,659427702662
ACC2318682,CUST002630,BR048,MONEY MARKET,Suspended,07/03/2008,,1002.39,GBP,4.0101,,12,154935781453
ACC9721453,CUST003247,BR018,money market,Inactive,07/14/2005,,993.46,usd,4.7598,USD 500.00,5,843853852903
ACC2322949,CUST000270,BR037,Checking,Inactive,20-07-2015,"May 07, 2020",11767.02,US Dollar,1.6513,USD 500.00,12,246031648473
ACC6292533,CUST004358,,Checking,ACTIVE,27/08/2007,,12329.85,usd,1.4957,100,12,894684019400
ACC5581903,CUST004913,BR046,Biz,closed,"November 24, 2010","October 19, 2023",1861145.0,,4.9654,1000,0,040015202055
ACC5407549,CUST001995,BR032,SAV,active,01-02-2007,,6593.95,USD,3.5005,500,10,812456257740
ACC1090767,CUST001904,BR008,Checkng,Frozen,31-08-2004,29/08/2012,833.93,US Dollar,2.6727,500,0,984602741626
ACC3732769,CUST001814,BR002,Savings,Closed,"January 15, 2014",,952.93,GBP,0.7459,100,0,847070535033
ACC2820637,CUST002501,BR021,Business,CLOSED,,,1663.43,,0.2943,1000,0,283637005370
ACC7063058,CUST002019,BR046,Checking,active,13-04-01,,1531.68,$,4.602,100,5,931022529091
ACC7018875,CUST001146,BR017,Money Market,closed,2008-11-28,2010-02-13,12542.53,USD ,5.0808,0,12,739871312607
ACC9207022,CUST001152,BR048,Business,active,28-04-2022,,6224.99,US Dollar,4.1577,,5,206975750933
ACC9738969,CUST002743,BR017,Buisness,closed,10/03/2018,,5149.55,US Dollar,5.0704,0,0,268581137029
ACC8483949,CUST003832,BR031,CHK,Closed,2000-07-16,,,US Dollar,0.6803,1000,12,354694933500
ACC6657872,CUST001146,BR019,Money Market,Suspended,08/09/2005,,9610.75,GBP,1.1759,,12,152033795869
ACC8338762,CUST002223,BR027,Checking,ACTIVE,"March 02, 2013",,7038.03,GBP,5.1793,1000,5,112937106558
ACC6825889,CUST002031,BR041,chk,N/A,07/07/2022,,714.79,USD ,4.579,100,25,678250843908
ACC3601455,CUST004396,BR002,Money Market,Inactive,05/12/2018,20-12-03,8197.06,usd,4.0128,500,5,264583653343
ACC7224890,CUST002846,BR020,Money Market,Inactive,20-03-21,"December 29, 2022",1271.18,USD,1.6014,0,10,561670199610
ACC1529601,CUST002789,BR004,money mkt,ACTIVE,03/21/2013,,337.31,$,,1000,0,210200646709
ACC6813612,CUST003533,BR026,Checking,Inactive,04/16/2019,,4278.03,USD,2.0357,250,0,870305438769
ACC4152136,CUST000695,BR026,Savings,Frozen,25-08-2014,,4243.01,,4.4158,1000,12,458287124291
ACC7803971,CUST004800,BR012,Money Market,CLOSED,21/10/2017,,398.98,US Dollar,0.9901,,10,041027018136
ACC3420615,CUST004250,BR003,Business,ACTIVE,09-03-2009,,1535.9,USD ,4.7331,,12,570894644061
ACC8207444,CUST002741,BR041,Money Market,open,08-04-14,,19742.74,USD,2.1579,250,15,913908970252
ACC5449701,CUST001139,BR027,Savings,Suspended,30-09-2004,,4538.12,$,,500,12,440249258472
ACC4027545,CUST003674,BR015,Business,CLOSED,23-05-29,,5238.45,US Dollar,,1000,5,229279766474
ACC7548148,CUST003911,BR019,checking,Closed,25/08/2003,,957.69,usd,5.3357,250,0,948940602016
ACC9266215,CUST000878,BR002,Business,open,03-08-2008,,328.23,,2.2211,500,12,009679246535
ACC1344937,CUST003763,BR032,Money Market,CLOSED,05/04/2013,,,USD ,4.626,100,25,969686597261
ACC7096314,CUST000706,BR046,Savings,active,06/13/2014,08/11/2016,1144.86,GBP,0.3833,250,5,323626969735
ACC2999605,CUST001344,BR018,Checking,Closed,18-01-2004,,1069.13,usd,2.9439,0,15,074252029961
ACC7534580,CUST003803,BR015,Savings,CLOSED,"December 09, 2015",16-07-24,856.51,,2.807,,12,645890174577
ACC1855518,CUST003013,BR006,Current Acct,open,"April 05, 2023",,3420.37,usd,1.0841,,10,395958184778
ACC8722757,CUST004405,BR042,Business,Open,2012-11-13,,1590.6,EUR,1.5134,1000,0,401983343237
ACC7090976,CUST000518,BR002,Checking,closed,11-07-2016,,6866.87,$,2.8833,0,5,722353778208
ACC6148932,CUST002600,BR009,svgs,Open,03/30/2021,,813.11,usd,1.7636,0,25,353239484928
ACC2386304,CUST003345,BR026,Checkng,ACTIVE,01-04-2016,,2499.17,usd,2.1207,0,10,295418382808
ACC5383737,CUST001710,,Checking,active,2020-09-13,,,US Dollar,2.3778,100,15,897494225033
ACC8528036,CUST000838,BR005,Biz,Inactive,14-02-21,,2628.67,$,3.7608,0,5,449949911969
ACC4764567,CUST002269,BR041,CHK,Open,00-03-16,,229.83,US Dollar,3.4384,1000,25,569489551179
ACC9423284,CUST001813,BR033,Checking,ACTIVE,2007-11-17,,15216.89,,1.7635,250,5,500829123093
ACC5188758,CUST002032,BR027,Saving Acct,open,2010-06-21,,6253.89,EUR,0.762,1000,15,894299116014
ACC5407077,CUST000243,BR010,MoneyMarket,N/A,05/16/2019,,2694.25,$,3.3085,100,25,227706621597
ACC4055143,CUST003243,BR018,SAV,closed,"September 28, 2001",17-10-2006,$-362.27,$,1.369,100,15,708817191598
ACC6316149,CUST004481,BR028,Savings,Active,11/07/2006,,3590.32,USD,0.4492,$100.00,0,551885818131
ACC9212970,CUST004250,BR012,Checking,Suspended,15-11-04,,5687.91,usd,2.0074,,10,042376655680
ACC9740160,CUST002762,BR048,SAVINGS,Suspended,13/04/2004,,846.43,USD,3.681,,15,900654801170
ACC9926370,CUST003240,BR030,SAVINGS,Frozen,23-03-2006,,3359.25,USD,2.7648,100,0,181290161134
ACC2426764,CUST000811,BR017,Business,Suspended,05/01/2016,08/08/2020,,usd,3.2742,100,25,366195052717
ACC9932274,CUST002384,BR049,SAV,ACTIVE,"July 26, 2003",,5848.35,EUR,2.8366,500,10,469591952217
ACC2199525,CUST003287,BR013,money mkt,active,"March 08, 2003",,6498.04,usd,0.8804,0,5,097382348322
ACC6743575,CUST002260,BR022,MoneyMarket,Suspended,99/99/9999,,8458.56,EUR,5.2973,0,5,815917175229
ACC6441507,CUST003782,BR001,Savings,Inactive,03/21/2018,2021-08-04,11102.03,,4.9567,500,10,489176966558
ACC9539369,CUST001321,BR030,MONEY MARKET,Suspended,"May 18, 2002",,2080.28,,1.5146,USD 0.00,15,164372379953
ACC6831676,CUST001757,BR037,Checking,active,09/01/2018,,3364.45,USD ,2.5924,,5,773334138157
ACC1707815,CUST002068,BR025,Biz,Suspended,15/02/2005,"March 05, 2006","$6,255.17",usd,3.1946,500,12,088623237367
ACC7946334,CUST001746,BR048,Money Market,CLOSED,2017-04-21,,4777.94,,4.1893,0,5,455596488190
ACC8194221,CUST004953,BR013,Business,CLOSED,22-07-2009,,21632.73,GBP,0.8024,1000,12,708780886034
ACC6865024,CUST003234,BR006,Biz,Suspended,2002-02-10,25-12-2022,55.09,US Dollar,2.9302,0,5,701162327185
ACC5042271,,BR030,SAV,active,04-04-02,,1754.85,USD ,2.9536,,15,153606634779
ACC4720054,,BR026,Checking,N/A,00-11-03,,1319.73,USD ,0.4098,500,0,882321418487
ACC5818196,,BR044,money mkt,Active,2008-08-13,,1216.96,US Dollar,1.3749,500,25,371665492500
ACC9026668,CUST002895,BR032,Money Market,N/A,NULL,,1006.84,,0.8191,500,5,796093369315
ACC5063702,CUST003681,BR019,Savings,ACTIVE,25-01-2023,,-4939.43,USD,5.403,500,12,501258547226
ACC6610445,CUST003006,BR033,Business,Closed,15/01/2019,,354.27,usd,1.7584,1000,12,730453254763
ACC9579638,CUST000440,BR042,BUS,N/A,03/15/2022,,5413.12,EUR,1.6429,500,5,575161782207
ACC1593518,CUST001224,BR015,business acct,active,"August 01, 2003",,4729.18,EUR,1.7619,500,15,751815541605
ACC4983653,CUST002230,BR031,BUS,Frozen,"May 31, 2006",,1155.02,US Dollar,,100,25,307204662775
ACC3750527,CUST004774,BR036,savings,CLOSED,"August 11, 2010",,1165.87,USD,2.3879,0,5,896750864963
ACC2202293,CUST003263,BR010,Business,Closed,04-04-2016,,3964.71,EUR,2.386,0,10,738813914197
ACC8159395,CUST003807,BR025,Checking,CLOSED,06-08-01,,5744.82,usd,5.2195,,25,693011780963
ACC5339778,,BR003,Savings,Frozen,04/07/2017,,8365.59,USD,0.8777,250,15,504582217762
ACC4333288,CUST004720,BR035,money market,Open,05/16/2018,,7645.95,,0.4695,250,15,504674525368
ACC8470098,CUST001576,BR041,Checkng,ACTIVE,06-03-07,,13396.28,usd,4.9302,,12,155806462939
ACC4357222,CUST000656,BR015,SAV,open,10-09-2003,,3483.21,EUR,3.4987,500,25,080575419877
ACC7536282,CUST000059,BR014,Money Market,Inactive,22/10/2015,,9572.47,USD ,3.0438,,12,691854501289
ACC9520127,CUST003742,BR018,SAVINGS,active,"June 10, 2016",10-04-2022,USD 6611.75,USD ,1.4045,$0.00,5,498128706985
ACC9181048,CUST000409,BR039,Money Market,Active,01/26/2020,,9002.54,US Dollar,4.3478,1000,15,791328208624
ACC2012092,CUST003994,BR004,Savings,Active,16-08-2020,,46.78,$,1.5979,250,5,996896695307
ACC2362923,CUST001832,BR040,Savings,open,06/02/2015,NULL,,GBP,0.5963,250,15,877067523401
ACC1001444,,BR017,Savings,Open,"July 05, 2018",,2566.24,,4.099,"$1,000.00",5,545686517669
ACC6254051,CUST002458,BR010,Business,ACTIVE,"September 04, 2021",01/29/2022,6401.58,usd,3.3217,1000,15,779699198098
ACC9317738,CUST003485,BR016,Chequing,closed,08/14/2005,,544.21,USD ,2.7007,250,15,526629578593
ACC5551109,CUST002436,BR033,SAVINGS,Suspended,01/24/2017,,2016.33,usd,3.5431,1000,12,404221694343
ACC2268656,CUST001457,BR040,savings,Closed,"November 25, 2016",,1266.85,USD ,1.6118,,25,644702711863
ACC6163371,CUST001830,BR040,Checking,Frozen,02-09-2000,,1379.32,USD,3.6464,250,15,131391723918
ACC9785964,CUST001833,,Buisness,Inactive,03/08/2011,,526.16,$,1.4838,,12,807261831101
ACC8235920,CUST001608,BR014,MoneyMarket,Inactive,"May 30, 2012",,6554.72,USD ,0.0957,0,12,658868512947
ACC9950723,CUST003216,BR033,Saving Acct,closed,06-12-2016,,37.14,USD,2.9644,USD 100.00,12,628524448264
ACC2864112,CUST000066,BR019,svgs,Suspended,"February 16, 2009",,-1498.81,USD ,3.7501,0,10,017978348601
ACC9437314,CUST001228,BR004,business acct,closed,2003-10-01,,766.63,US Dollar,1.948,,10,488373203196
ACC8067344,CUST001433,BR043,Checking,Suspended,08/02/2003,,3557.03,GBP,5.4469,250,10,413540595815
ACC3639670,CUST003429,BR020,CHK,Active,2008-04-03,,1173.47,US Dollar,3.1886,500,15,662267594874
ACC1575288,CUST003671,BR035,business acct,Active,22-12-2003,,1199.01,$,3.048,"$1,000.00",25,639928164295
ACC1988400,CUST004079,BR029,MoneyMarket,ACTIVE,11/03/2013,,,EUR,1.3435,250,0,580531055405
ACC1630560,CUST004801,BR039,CHK,ACTIVE,22/11/2009,,4230.14,usd,2.145,250,5,456243188342
ACC2138514,CUST000632,BR017,BUSINESS,Open,"April 21, 2000",,517.27,EUR,2.2434,250,5,159362498035
ACC2238676,CUST000309,BR010,Business,Active,"June 26, 2008",,,GBP,1.279,100,0,308285928945
ACC2018125,CUST000785,BR006,Biz,N/A,"April 06, 2010",,1135.69,$,2.1073,,25,747124481490
ACC2205714,CUST004720,BR007,CHK,N/A,07/01/2016,,14560.09,usd,5.0509,500,25,563679446068
ACC6778585,CUST003184,BR011,chk,N/A,11-08-26,,"$2,024.36",USD ,4.4839,1000,0,697567726447
ACC3702769,CUST004928,BR035,MONEY MARKET,open,03-11-2000,,"$3,655.08",US Dollar,2.411,0,25,159363807639
ACC6486519,CUST002705,BR049,Buisness,ACTIVE,07-06-2003,,1105.88,US Dollar,4.571,,15,944265192454
ACC3903131,CUST000197,BR045,savings,active,,,"$2,696.98",USD,0.6406,250,5,442580617209
ACC5303447,CUST004988,BR040,Business,CLOSED,00-11-19,,308.04,,4.8958,250,0,205714130980
ACC5440127,CUST000991,BR046,Money Mkt,CLOSED,99/99/9999,,141.44,USD ,1.4069,,0,516289242673
ACC3042356,CUST000355,BR006,Money Market,Frozen,04-12-21,,2529.97,EUR,4.8587,1000,0,954433114785
ACC1350547,CUST003136,BR007,Saving,Closed,NULL,,2034.37,usd,0.7442,,0,056758807759
ACC8125266,CUST002919,BR007,CHECKING,Suspended,13/06/2021,,USD 588.81,GBP,2.2383,100,0,246390420374
ACC1342102,CUST002995,BR030,MoneyMarket,CLOSED,22/08/2013,,4653.9,USD,3.9479,0,0,521026380988
ACC8662220,CUST000244,BR001,business acct,Open,99/99/9999,,19792.61,EUR,,500,12,135859616940
ACC2365622,CUST004908,BR044,CHK,active,"September 05, 2023",23-11-05,2014.39,USD,2.0206,250,25,019443105000
ACC7279805,CUST000211,BR014,Business,ACTIVE,14/07/2019,,"3918,61",$,0.4794,100000,12,381227331590
ACC5535435,CUST003027,BR027,svgs,CLOSED,06/15/2020,03-01-2022,"13184,75",$,0.0224,500,25,850955137996
ACC7627972,CUST004578,BR007,Checking,Inactive,04-05-2009,,7124.11,USD ,3.9709,100,25,949068050838
ACC9483819,CUST002829,BR027,chk,closed,2018-02-28,,2491.14,$,3.2547,,10,422428705136
ACC2262037,CUST000755,BR027,money market,ACTIVE,06/09/2007,,5349.86,USD ,5.47,100,25,052103662077
ACC4261623,CUST004535,BR032,Business,ACTIVE,2004-03-14,,548.48,EUR,1.7309,1000,5,105273956822
ACC6741624,CUST001859,BR022,Business,Active,2001-07-11,,2870.61,usd,3.4385,250,15,309817881979
ACC2221796,CUST003947,BR006,Money Market,open,"October 14, 2008",,1308.8,USD ,4.1906,,5,160915521322
ACC6067149,CUST000466,BR031,check,Frozen,00-10-06,,702.96,,0.482,1000,5,038882971416
ACC7524412,CUST001360,BR007,Checking,Suspended,2014-09-26,,2222.46,EUR,5.4295,100,25,457858695989
ACC6029857,CUST000988,BR048,SAV,Inactive,12-05-2012,,,,,1000,10,273265933399
ACC7906317,CUST003983,BR008,business acct,CLOSED,22/03/2014,,,,3.7138,"$1,000.00",15,690938319240
ACC5917021,CUST001640,BR002,Saving Acct,Open,01-03-05,,2436.99,,5.3904,0,25,911082931208
ACC8604826,CUST001555,BR018,Savings,Open,2021-07-12,,3029.84,$,3.1019,0,10,724094801186
ACC5128611,CUST000080,BR004,Money Market,Suspended,10-11-2023,,633.06,EUR,4.4772,100,25,971020106162
ACC3169714,CUST001641,BR022,savings,active,07/13/2016,,602.23,GBP,5.4122,1000,0,056401540837
ACC1792299,CUST002443,BR045,Chequing,ACTIVE,10/10/2002,,3502.66,,3.6273,500,0,557118906492
ACC9421845,CUST000619,BR046,Savings,ACTIVE,2021-11-15,,16801.42,$,1.8243,500,25,625143106054
ACC5514215,CUST004437,BR041,MM,CLOSED,20-03-2013,,404.81,GBP,,250,0,549280129063
ACC2525635,CUST004761,BR018,Business,open,,,1345.98,GBP,1.8702,"$1,000.00",12,058449470413
ACC2922121,CUST003699,BR016,Money Market,N/A,10/25/2000,,8144.28,USD,2.6606,USD 250.00,10,076520186317
ACC9608169,CUST000234,BR049,Savings,N/A,99/99/9999,10/22/2016,300.07,,2.5687,500,25,469497860560
ACC9300890,CUST004006,BR045,Savngs,CLOSED,25/05/2020,,8346.21,EUR,1.7076,250,5,435143943356
ACC1734781,CUST003905,BR048,Money Market,active,2019-06-08,,2971.75,EUR,,500,5,714150317716
ACC8269216,CUST002036,BR042,Business,open,11/09/2011,,2098.8,EUR,2.0278,250,10,062070424786
ACC7949500,CUST001377,BR043,Business,Inactive,"March 02, 2010",,1482.4,EUR,0.8042,500,25,240910291168
ACC3404040,CUST004835,BR023,Savings,Closed,"January 16, 2011",03/01/2021,1410.26,usd,3.494,,15,042863918009
ACC9653513,CUST000129,BR037,Business,closed,"January 14, 2012",,1460.0,,0.6854,500,15,371923220233
ACC4939697,CUST003134,BR022,Business,active,05/12/2018,,"8644,45",EUR,0.4908,250,15,209934674919
ACC1436056,CUST002072,BR027,Checking,open,20-05-2014,,5146.45,$,2.2227,500,10,980408722573
ACC4586198,CUST004683,BR017,SAV,active,25-06-2002,,4431.29,,3.5788,500,12,127713552392
ACC7843611,CUST000185,BR034,sav,Open,00-01-03,,6412.81,GBP,2.5926,500,15,804389368358
ACC1386401,CUST004746,BR025,Checkng,Suspended,99/99/9999,,1188.85,USD ,2.6486,250,10,841748983797
ACC2911521,CUST002961,BR009,Money Market,open,20/02/2009,,3849.79,,4.4398,100,12,377380517941
ACC5705686,CUST002877,BR026,Business,N/A,"April 07, 2022",,2465.24,usd,4.9053,500,15,075401049645
ACC2795018,CUST002551,BR034,Savings,ACTIVE,28/11/2004,,6101.15,USD ,3.3924,250,12,501165060164
ACC8405449,CUST001645,BR024,Checking,Suspended,16-01-2015,08/19/2015,1479.94,EUR,1.4585,USD 0.00,10,816331267378
ACC1004848,CUST004362,BR041,Savngs,Suspended,"October 30, 2008",,4122.08,$,0.1536,$100.00,12,487716053063
ACC6214640,CUST004035,BR008,Money Market,Inactive,2000-06-06,,8555.49,usd,4.9101,,10,075715159592
ACC4130212,CUST003595,,BUSINESS,Inactive,01/07/2015,,,USD ,2.9144,0,15,024681973020
ACC7941185,CUST002319,BR045,Savings,active,03-09-2018,,275.78,$,5.0383,100,12,291805029265
ACC9329414,CUST004432,BR048,Money Market,active,,,2903.1,USD ,4.5137,100,12,844178265024
ACC6314673,CUST003367,BR043,Savings,active,NULL,,"$1,698.42",,2.5873,500,12,600503503560
ACC1704614,CUST002741,,money mkt,active,"January 18, 2005",2005-08-28,,US Dollar,5.3185,,10,437651703292
ACC1428501,CUST000644,BR027,Savings,active,2011-07-31,,12066.43,GBP,1.3682,100,12,898369788051
ACC2611955,CUST000493,BR030,Checking,Active,06/11/2005,,2659.08,GBP,4.1056,250,10,107998275113
ACC6237804,CUST004982,BR045,Money Market,open,09/14/2021,15/02/2023,2510.86,,3.7334,250,12,999753844849
ACC2787983,CUST002856,BR015,CHK,Inactive,04-01-20,,,USD ,2.2822,0,25,671376970730
ACC7355111,CUST001914,BR014,SAV,Suspended,01/31/2022,,437.02,$,0.3774,1000,0,583846980614
ACC3428125,CUST004933,BR041,Checking,Suspended,"September 29, 2014",,1169.47,,1.9019,500,10,362497796706
ACC1556693,CUST001070,BR003,Checking,Inactive,13-04-2021,,,usd,,0,10,303283391396
ACC3825784,CUST001377,BR049,BUS,ACTIVE,05-08-2010,,4433.95,usd,3.0233,1000,12,955744663449
ACC9821347,CUST003973,BR044,Savings,CLOSED,07-04-2020,"February 01, 2022",54.14,GBP,2.3311,0,10,887155239890
ACC4256612,CUST002133,BR005,Money Market,closed,"February 27, 2007",,915.77,usd,4.2035,0,25,169289104651
ACC6934120,CUST003570,BR033,Checking,ACTIVE,2022-07-20,,4593.36,EUR,5.4879,,25,652878138237
ACC9362733,CUST001319,,business,closed,18/06/2008,,5782.47,USD ,1.8633,1000,10,978222946143
ACC9029793,CUST001819,BR003,Checking,open,21/04/2004,,7326.82,USD,,1000,0,321279719816
ACC9547354,CUST001675,,CHECKING,Closed,28/09/2010,,1382.24,,0.1637,USD 500.00,25,743053665557
ACC6299327,CUST001428,BR024,SAV,Inactive,05/05/2001,,"$10,696.25",USD ,4.5393,100,0,807934514106
ACC3341126,CUST000719,BR034,money market,CLOSED,2017-07-20,,3220.31,$,2.3289,500,15,386936300858
ACC1919376,CUST004811,BR022,Checking,active,09/22/2000,2003-08-07,4770.01,USD,1.3406,,25,824150173902
ACC6906173,CUST003217,BR014,business acct,closed,"June 04, 2005",,,,1.9968,,10,708144437776
ACC8571233,CUST000904,BR005,Checking,N/A,99/99/9999,,523.81,,4.9054,250,10,283827971214
ACC5640549,CUST001400,BR036,SAVINGS,closed,22-11-30,,13199.76,,4.895,500,15,062097699399
ACC7435633,,BR025,Buisness,ACTIVE,99/99/9999,,524.43,USD ,1.4568,0,15,776263016652
ACC1596062,CUST004243,BR005,Biz,CLOSED,2010-10-03,,1176.85,$,2.7495,250,0,053666202940
ACC8577479,CUST004930,BR038,Money Market,ACTIVE,15/02/2021,,"$6,720.04",EUR,5.4112,250,10,903945533554
ACC7645702,CUST001617,BR031,Savings,Suspended,19-11-2014,,-3855.59,GBP,3.1425,1000,5,194100744040
ACC7080998,CUST000941,BR016,MoneyMarket,open,27/06/2007,,7284.32,USD,4.9363,$0.00,0,667487901501
ACC9958125,CUST002239,BR043,Business,Inactive,99/99/9999,,2900.5,EUR,0.6516,250,0,308820007057
ACC3904777,CUST000986,BR003,Money Market,active,02/15/2005,2010-12-01,1892.79,USD,1.9914,,5,648551430262
ACC8229819,CUST001112,BR038,money market,N/A,16-10-2015,,10196.27,usd,5.3695,250,25,421053719997
ACC3257112,CUST004321,BR006,money market,closed,17/01/2005,,147.7,$,0.7488,100,0,533217263284
ACC6281960,CUST002610,,Business,Inactive,03/04/2011,2018-11-11,7755.39,$,2.2802,1000,25,794323170451
ACC3828518,CUST001331,BR045,sav,closed,15-01-2015,,1049.71,,3.0866,100,0,968656088668
ACC5784193,CUST001940,BR042,Business,Suspended,2008-06-28,,7554.92,USD ,1.1488,250,5,054740707995
ACC9009704,CUST001758,BR050,Business,CLOSED,10/07/2015,,$599.56,USD,,,12,515132029477
ACC8563237,CUST003533,BR011,Business,Active,01/06/2015,,3472.09,USD,4.1619,USD 1000.00,5,058271367428
ACC7865921,CUST003824,BR014,check,Active,2007-04-21,"January 17, 2023",8760.88,US Dollar,,USD 500.00,0,872341746139
ACC8241551,CUST001455,BR033,Money Market,Inactive,2003-06-15,,2566.32,usd,2.6303,1000,0,221375906724
ACC6920475,CUST003928,BR017,MONEY MARKET,ACTIVE,04-12-01,,"5490,62",$,1.2548,0,25,504354852572
ACC9157485,CUST000902,BR032,check,Active,20-09-2007,,6532.29,US Dollar,,,12,244041668478
ACC3704495,CUST002739,BR033,Checking,N/A,NULL,12/19/2007,5334.72,US Dollar,5.3175,,10,355135915686
ACC2458234,CUST001994,BR047,Business,open,99/99/9999,,10378.69,EUR,1.8981,100,12,730710430996
ACC8105946,CUST001299,BR021,svgs,closed,09/08/2023,,2368.39,USD,1.6327,1000,15,943265623446
ACC5293273,CUST000804,BR021,Checking,N/A,01/19/2020,,760.41,USD ,3.7743,1000,5,374607242054
ACC4120836,CUST000291,BR044,Checking,open,12/17/2005,,195.97,USD,,500,5,900052017939
ACC4622088,CUST004722,BR038,Savings,closed,30-07-2014,,1131.89,USD ,1.5565,500,15,761749580659
ACC3109776,CUST002540,BR023,Checkng,Closed,16-02-2016,,"618,19",EUR,2.0538,0,15,415122887506
ACC8031218,CUST004143,BR023,money mkt,Frozen,"December 28, 2021",,3265.32,US Dollar,0.4042,,25,030130024144
ACC6984285,CUST002717,,Savings,closed,06/06/2016,,,$,0.496,250,10,275450419789
ACC9774312,CUST002145,BR004,Savings,active,07-01-24,,158.85,,2.4261,1000,25,876994008360
ACC2955109,CUST002421,BR027,Savings,Active,"September 16, 2011",08/05/2013,146.61,USD,5.2268,,25,339182394498
ACC1657708,CUST002531,BR025,Money Market,open,09-12-2014,,7124.93,,3.7403,1000,25,472912248673
ACC2965874,CUST000233,BR043,Checkng,Open,13-05-2021,2021-07-31,3580.56,USD ,3.5439,250,0,094527119311
ACC1370509,CUST004007,BR035,Money Market,N/A,2011-03-28,,1773.2,$,3.8415,0,0,424320819020
ACC8431602,CUST002394,BR024,Money Mkt,Closed,"February 27, 2011",,8985.88,$,0.751,1000,0,927995901656
ACC5708892,CUST003942,BR038,Savings,CLOSED,"December 22, 2011",,291.13,usd,4.3887,,10,549178639145
ACC2271027,CUST002278,BR016,Saving Acct,Frozen,27/09/2000,15-06-01,15713.03,,3.9151,100000,5,100018338149
ACC1982856,CUST000594,BR015,Money Market,open,30/09/2021,,3831.49,EUR,5.1736,500,10,539021205548
ACC1254444,CUST002598,BR026,Business,N/A,"November 21, 2007",,USD 810.74,USD,3.5412,500,10,475203468013
ACC7653588,CUST002445,BR007,Savngs,open,06-03-15,,4546.12,GBP,4.5255,USD 0.00,0,123874908257
ACC1353646,CUST004955,BR027,BUSINESS,CLOSED,2004-12-11,,5765.22,$,5.098,100,5,427144954159
ACC4197232,CUST000021,BR021,Checking,Frozen,"June 14, 2009",,2243.87,USD ,0.7319,0,5,864874865998
ACC5128460,CUST002038,BR007,check,Frozen,"September 27, 2001",,7911.37,usd,1.114,,25,979491327764
ACC7165061,CUST003731,BR003,Savings,Frozen,"December 13, 2013",,$653.52,usd,1.0619,100,0,518430282411
ACC9227883,CUST003828,BR009,Savings,Frozen,01/26/2000,,1307.56,,,,0,420691136554
ACC9962192,CUST002969,BR023,Money Market,active,06-03-10,,392.62,$,1.6215,1000,5,161608873399
ACC3134541,CUST002192,BR022,Business,N/A,NULL,,947.34,usd,1.2093,,15,080554408131
ACC7438230,CUST001412,BR038,Saving,Active,2020-05-22,,"$1,091.06",$,2.7483,0,0,264994942390
ACC9194518,CUST002173,,Chequing,Inactive,"October 22, 2022",,9986.29,,0.9586,0,5,259379614707
ACC9973397,CUST001098,BR048,business,closed,02/04/2003,,$325.32,usd,4.9116,1000,10,202790843931
ACC6641528,CUST004078,BR035,BUSINESS,Active,07/09/2011,,"2230,38",usd,4.8122,100,10,349479330973
ACC1248096,CUST002942,BR026,Money Market,Active,06-05-31,,3040.56,,4.6379,1000,10,016429972029
ACC8995970,CUST000475,BR002,Money Mkt,Suspended,2021-08-12,,9158.4,GBP,2.3106,500,10,580287084720
ACC3093228,CUST001562,,svgs,open,NULL,,24292.81,usd,,100,0,762626051118
ACC6774363,CUST004997,BR014,Saving,active,01-03-2014,,"5599,76",$,0.0177,0,12,445857477811
ACC4793212,CUST002340,BR022,Savings,Frozen,2018-09-11,,14133.11,GBP,3.8334,0,15,518399983457
ACC7355353,CUST003009,BR003,Savings,CLOSED,"March 14, 2012",,6187.75,GBP,4.4162,0,25,170717223303
ACC4790430,CUST004478,BR032,Checking,CLOSED,NULL,,13209.32,USD,2.2446,0,10,740043217176
ACC4516719,CUST004800,BR018,Current Acct,Closed,02-09-25,26-03-2014,4914.03,EUR,3.6686,,10,359318395909
ACC4289839,CUST003767,BR023,Money Market,CLOSED,2010-04-12,,332.5,usd,2.444,0,5,203839247568
ACC3071988,CUST003733,BR003,Savings,open,13/03/2023,,2056.12,GBP,4.31,500,12,193069773943
ACC3903004,CUST003677,BR016,MM,active,01-08-16,,4160.59,usd,1.8817,1000,15,573747098034
ACC4807557,CUST003589,BR038,MONEY MARKET,Frozen,"February 16, 2008",,1727.56,EUR,,0,0,666724530092
ACC2716838,CUST004948,BR027,Business,N/A,31-12-2023,,1277.43,$,4.6648,,10,239887450274
ACC8769557,CUST003942,BR043,Business,ACTIVE,2007-10-21,,3445.31,USD,0.1494,100,25,472728051786
ACC7934681,CUST002151,,MM,N/A,03/03/2001,,10842.33,usd,3.7842,500,5,767665409393
ACC9929282,CUST002311,BR036,money market,Closed,2014-06-26,,142.43,EUR,0.7961,0,25,396542992884
ACC1677844,CUST003394,BR020,Money Market,CLOSED,"May 22, 2000",,5865.36,$,1.3712,250,15,874557689118
ACC7643056,CUST000950,BR036,Checkng,Frozen,99/99/9999,,5131.01,USD,0.3923,1000,15,819355743878
ACC6208770,CUST003224,BR017,Money Mkt,active,06/23/2002,,13291.77,,1.7732,10000,15,211003265496
ACC8434913,CUST003139,BR037,MoneyMarket,closed,09/04/2010,,10677.89,GBP,1.5235,100,0,961585119325
ACC6225198,CUST000833,BR003,Checking,Closed,08/12/2002,,5745.85,,3.3841,$250.00,10,624225816218
ACC3487097,CUST000702,BR033,Savings,N/A,2007-03-26,,2939.28,US Dollar,1.3772,0,10,908279859290
ACC3782781,CUST001218,BR003,money mkt,closed,2023-04-23,,913.97,,1.4315,,25,392758300750
ACC7417046,CUST001964,,Savings,CLOSED,10/03/2001,,-3151.9,USD ,2.1878,1000,0,056701228296
ACC8592538,CUST004164,BR025,SAV,open,08/22/2002,,5798.67,GBP,,,0,114043151098
ACC1150798,CUST000304,BR001,MoneyMarket,Open,17-07-06,12/01/2023,,USD,4.8982,250,12,286306706494
ACC8583634,CUST003874,BR042,SAVINGS,Open,"July 05, 2020",,6237.11,GBP,3.5044,250,10,892817276276
ACC7820516,CUST003960,BR003,Business,ACTIVE,02/01/2020,,868.98,GBP,2.6403,0,0,726931796080
ACC7287726,CUST003031,BR044,Money Market,Suspended,06-06-2007,2008-03-31,3662.03,USD ,2.1662,,25,686691664615
ACC1330047,CUST002155,BR002,Money Market,N/A,17/01/2016,,1614.91,$,,,12,778941107653
ACC9996769,CUST001641,BR013,Savings,N/A,03/19/2020,,36.99,,3.5052,1000,15,045783486771
ACC1519489,CUST000848,BR008,Biz,open,10/02/2023,,893.68,,2.7924,100,25,330904388919
ACC5358605,CUST004595,BR017,Business,Frozen,2009-04-02,,480.64,USD ,,500,10,578644717736
ACC2605791,CUST001629,BR011,money mkt,closed,14/09/2014,,7398.89,GBP,0.4387,250,25,081842415506
ACC9334976,CUST001178,BR040,Money Market,Inactive,09/28/2001,,1196.35,GBP,3.7813,0,5,926335912400
ACC3355070,CUST004942,BR002,money mkt,CLOSED,,,1340.2,USD,2.6865,0,0,034458803218
ACC8762538,CUST000775,BR045,MM,active,2011-11-13,,12869.17,GBP,1.8326,250,12,702963020517
ACC7131713,CUST003575,BR031,Checking,Open,11/12/2022,,1906.26,US Dollar,,500,12,452670436685
ACC4574494,CUST003063,BR018,Business,Suspended,13-08-11,,38.53,,3.2712,,5,061277709274
ACC5037250,CUST000105,BR026,sav,open,03/24/2020,08/15/2023,,usd,0.6233,500,0,432648219299
ACC4381685,CUST000553,BR037,MONEY MARKET,Suspended,17-12-2004,2006-10-24,508.15,EUR,0.5135,,25,985089455817
ACC9319005,CUST000511,BR022,Business,N/A,06-03-16,,433.94,USD ,3.6024,$500.00,0,180286571174
ACC1011559,CUST002419,BR021,Checking,N/A,08-06-2003,,322.62,GBP,1.6443,,15,313554331686
ACC6246763,,BR038,Chequing,Suspended,21/01/2019,,3598.32,usd,1.6828,250,10,816843766351
ACC3046465,,BR025,Money Market,Open,"June 04, 2021",,"839,66",USD,1.8509,,12,530167247495
ACC3718750,CUST001153,BR008,Checking,Open,2001-07-09,,1792.92,,5.0555,,12,785798711155
ACC3364379,CUST002954,BR009,Money Market,Frozen,2012-05-13,,7922.52,$,1.2094,100,10,869319650331
ACC3774128,CUST001165,BR048,Savings,closed,18-06-2018,,2208.94,EUR,5.1261,1000,10,208855331039
ACC2032585,CUST004780,BR022,money market,CLOSED,06-11-2008,,9893.08,US Dollar,3.5924,"$1,000.00",5,841569945492
ACC4716974,CUST000927,BR030,MONEY MARKET,Inactive,99/99/9999,,2756.13,$,3.4264,250,0,012030341801
ACC9474474,CUST002773,BR045,Buisness,closed,"August 04, 2005",,,usd,3.0877,0,15,453578533383
ACC6870757,CUST000440,BR039,Business,Closed,07-06-04,,5551.41,USD ,3.9596,100,10,393027183346
ACC9826622,CUST002660,BR046,Business,Open,16/03/2002,,303.96,USD ,0.4439,,0,743400118792
ACC9670386,CUST004051,BR025,Business,Suspended,05-05-2005,,374.95,EUR,2.5487,250,25,792208754755
ACC2773662,CUST004048,BR037,Business,Frozen,26/10/2000,,4221.91,EUR,0.5294,250,12,155471352077
ACC4550157,CUST004950,BR042,CHK,open,08/05/2017,,2669.46,USD ,0.1317,500,15,004435386707
ACC6068722,CUST003886,BR031,Checking,open,10-01-2022,"November 27, 2023",6250.51,USD,2.7983,100,15,382044544189
ACC6430661,CUST003277,BR013,Checking,closed,"April 17, 2015","July 02, 2022",9920.67,$,2.2391,1000,10,248180282557
ACC6181630,CUST002251,BR001,chk,Inactive,21-04-13,,1966.49,$,4.1723,500,12,936587524875
ACC3776358,CUST000016,BR035,Savings,Closed,04/18/2003,,-3629.42,EUR,1.8357,,12,788712175901
ACC9855429,CUST001538,BR017,Biz,open,01/07/2014,,2778.17,US Dollar,0.6593,0,10,676546689673
ACC9086536,CUST003540,BR046,Checking,Suspended,20-04-2010,,15983.94,GBP,0.6698,250,10,562510088765
ACC6397716,CUST004747,BR024,Checking,active,2013-01-30,,7113.42,USD ,1.5893,100,25,928292834766
ACC7021890,CUST004523,BR048,Checking,Closed,08/10/2003,23-09-2009,9709.77,GBP,0.5948,250,5,255791856659
ACC5864417,CUST002395,BR050,Business,ACTIVE,08/28/2002,,1173.94,EUR,5.2537,250,12,338627835695
ACC7722093,CUST003635,BR036,MoneyMarket,Active,"September 01, 2007",,5922.88,,5.2357,250,5,795117749367
ACC3116201,CUST003624,BR047,Money Market,Active,00-06-25,2010-03-14,1234.12,USD,5.1452,100,10,026536648054
ACC4914728,CUST002310,BR026,CHK,Inactive,04-01-07,,936.53,$,0.9468,$0.00,25,579844258203
ACC3711603,CUST004208,BR017,SAVINGS,CLOSED,06-10-08,,-11548.67,$,0.2979,,10,275433985816
ACC8044546,CUST001268,BR031,Business,ACTIVE,26-04-2016,"December 01, 2017",77.97,usd,1.0604,0,0,550610137731
ACC9422213,CUST004955,BR034,Money Market,closed,2022-04-20,,"$13,454.30",USD ,2.506,0,0,205139239118
ACC3005989,CUST002796,BR022,Business,Frozen,2019-07-09,,646.6,usd,4.8129,0,15,649650941457
ACC3021971,CUST002964,BR013,money mkt,N/A,10-11-10,,6846.73,usd,3.1374,500,5,060072665314
ACC4872581,CUST004474,BR013,Business,active,01/18/2001,,1291.43,usd,2.7841,,5,790371998787
ACC6113891,CUST004448,BR030,Checking,Active,2002-12-16,,"$1,727.46",$,1.9739,500,10,979395648338
ACC3597563,CUST000789,BR048,Business,open,2017-02-15,,,USD ,3.84,0,25,145524806673
ACC7426053,CUST002265,BR006,Savings,Frozen,22/07/2006,,3522.86,USD,5.3175,0,5,659966345675
ACC2379773,CUST004255,BR049,svgs,Closed,01-02-2010,20-08-28,1711.43,EUR,1.6912,0,0,389397114651
ACC4599486,CUST003209,BR029,Money Market,N/A,"November 30, 2016",,,$,1.8086,100,10,191694727428
ACC1264418,CUST000286,BR010,Buisness,ACTIVE,01-09-2008,,63.08,$,,100,15,729011683959
ACC6126230,CUST000739,BR002,Money Market,Suspended,07-12-24,,266.16,USD,0.297,USD 1000.00,25,130015533066
ACC8993180,CUST004733,BR039,Biz,Active,"May 04, 2005",,419.94,GBP,4.8939,,12,078680372847
ACC3630938,CUST002624,BR038,BUS,closed,18-08-2021,,2171.97,,2.2051,1000,10,839485297141
ACC1753493,CUST001954,BR023,Business,Open,2006-12-11,,6745.19,US Dollar,2.4396,0,15,376681204341
ACC9061689,CUST000570,BR015,Checking,closed,17-09-2022,,8763.38,USD,4.5253,1000,10,819036340203
ACC7896378,CUST002159,BR026,savings,Active,05-09-2002,2014-03-19,"1123,15",US Dollar,5.2023,500,25,738847542229
ACC8167514,CUST004889,BR041,money mkt,closed,14-07-2020,,3416.74,EUR,4.4982,500,10,241981823228
ACC2029557,CUST003534,BR041,MoneyMarket,Open,11/03/2013,,5850.37,,4.6395,,10,003866715153
ACC9611323,CUST003339,BR001,check,closed,21-01-2007,,,GBP,2.7622,,10,755485276249
ACC4126211,CUST003560,BR029,Savings,Closed,03/29/2010,,2103.81,EUR,3.5977,500,12,355476883770
ACC7256593,CUST003234,BR022,Money Market,Frozen,18-02-2022,19-09-2023,2969.13,usd,3.3131,100,5,310927949126
ACC2843218,CUST002340,BR001,BUSINESS,Frozen,11/19/2020,,,GBP,2.9136,1000,5,692229776540
ACC7563242,CUST002208,BR011,Money Mkt,Open,07-09-07,,105.3,$,4.9717,1000,5,846792495917
ACC7773377,CUST000502,BR043,Checking,Open,08/29/2005,,663.3,$,4.0495,$0.00,5,840945075525
ACC3684533,CUST002634,BR027,Savings,closed,14-01-29,,-3943.14,usd,0.377,500,0,830487045661
ACC1236885,CUST004737,BR043,check,Frozen,2000-11-04,,305.88,$,,250,0,339363477238
ACC9114756,CUST002845,BR011,Savings,CLOSED,20-05-25,18-02-2021,841.38,GBP,4.4229,500,5,641369973462
ACC5983849,CUST004223,BR037,Business,N/A,NULL,,1649.08,EUR,2.4004,1000,25,744830988195
ACC3486168,CUST001154,BR050,MM,Closed,"September 08, 2014",,324.28,USD,3.0711,,15,745677396067
ACC8887576,CUST003117,BR048,Savngs,Suspended,2001-09-30,,851.28,EUR,4.2184,1000,12,793446656536
ACC6366992,CUST000064,BR017,money market,Active,99/99/9999,,9688.62,US Dollar,0.2994,0,10,977462298397
ACC8921341,CUST002811,BR047,Money Market,Active,"March 03, 2012",,77.95,US Dollar,3.9598,250,10,175983494159
ACC4613528,CUST001057,BR015,svgs,closed,2017-07-13,,4238.7,GBP,5.3415,500,5,593742010098
ACC6628475,CUST001190,BR014,MoneyMarket,Active,16-07-19,,1940.69,,4.3142,250,5,283886366607
ACC6332822,CUST003372,BR009,BUSINESS,Active,99/99/9999,,4466.89,USD,4.8669,100,25,523576662130
ACC4092160,CUST003474,BR034,Business,Suspended,2017-09-08,,3553.65,$,3.8733,500,25,419423841503
ACC7311417,CUST000736,BR018,BUS,CLOSED,04/09/2010,,1011.83,usd,5.0997,0,10,985478401650
ACC5158757,CUST003616,BR004,Savings,closed,22/06/2013,2014-10-18,7514.75,GBP,0.0573,1000,10,609004077844
ACC7833586,CUST001162,BR011,BUS,open,"January 15, 2022",,USD 2708.63,EUR,2.1422,,10,246276746235
ACC4722079,CUST004602,BR043,Money Market,active,2004-12-21,,6915.95,GBP,2.8156,100,15,087057225386
ACC3405305,CUST001616,BR002,money mkt,closed,"June 16, 2002",,USD 2083.59,USD,3.9831,250,15,641378575309
ACC8335271,CUST000454,,sav,open,2001-07-31,,16715.83,USD ,4.6501,USD 500.00,5,907706246822
ACC3815045,CUST001104,BR032,checking,ACTIVE,27-12-2003,,5887.22,,4.4829,500,10,891729247155
ACC5300950,CUST003486,BR047,MoneyMarket,Suspended,01/02/2001,,13519.73,$,2.1183,10000,10,894549545993
ACC2140788,CUST001820,BR036,business acct,Inactive,16-07-2015,,2888.87,USD ,3.4876,0,5,326500471812
ACC1172242,CUST001281,BR022,Checking,Open,NULL,,2567.47,usd,3.1366,100,12,034433421980
ACC1427758,CUST000890,BR009,Checking,active,19-11-2021,,5633.4,USD ,3.1285,250,5,109089474929
ACC9467367,,BR035,MONEY MARKET,Closed,17/07/2008,,"$8,490.77",$,0.3364,500,12,485808294135
ACC7797226,CUST003886,BR007,business,closed,2018-11-03,,"13313,18",$,,,5,085230148760
ACC8715053,CUST002442,BR006,CHECKING,Suspended,04/10/2020,,1569.52,USD ,4.9881,250,10,386954803804
ACC1271022,CUST001465,BR005,Saving,active,06/07/2017,,6411.93,$,1.7842,,0,311589907630
ACC7751600,CUST002580,BR050,Savings,CLOSED,99/99/9999,,946.16,US Dollar,5.2032,0,12,137549918002
ACC9656715,CUST002422,BR031,Checking,Frozen,"January 03, 2002",,3154.88,USD,0.0336,100,15,159525336011
ACC9421990,CUST001351,BR026,svgs,open,2007-12-27,,,$,3.2506,,5,780617410306
ACC7811794,CUST003438,BR043,BUSINESS,open,02/20/2008,,,USD ,1.2016,100,25,551680922574
ACC7417559,CUST000020,BR036,Checking,open,"April 21, 2010",13/04/2023,10715.42,$,3.5542,500,10,786913219322
ACC5573010,CUST004084,BR020,Current Acct,N/A,,,631.72,GBP,2.252,100,10,742783164603
ACC2485323,CUST001609,,SAVINGS,Suspended,08-01-04,,4003.05,USD,0.4465,,12,056299644903
ACC6366233,CUST001226,BR032,Buisness,Suspended,20-06-2012,,3595.32,GBP,1.9665,0,12,729151276107
ACC5619413,CUST001903,BR001,Saving,Suspended,05/13/2009,,514.69,EUR,3.2841,250,5,490974311830
ACC7639839,CUST000529,BR048,Money Market,Frozen,26-03-2010,,1577.98,,1.5785,,5,993792186369
ACC5282772,CUST001214,BR010,Savngs,active,17-05-14,,,$,2.2918,1000,10,606407920632
ACC3425586,CUST002002,BR003,Savings,N/A,19-03-22,,USD 828.98,usd,0.0461,500,12,395931559992
ACC6477730,CUST003019,BR005,BUSINESS,N/A,20-03-2002,,6450.24,GBP,2.2963,1000,10,407495691193
ACC8012061,CUST002355,BR043,checking,Active,NULL,,14324.62,US Dollar,1.6903,1000,10,465012813929
ACC6509063,CUST002704,BR040,Business,Inactive,17/06/2021,,967.06,$,1.3513,100,5,824086583907
ACC7821413,CUST002836,BR050,BUSINESS,Frozen,20-04-15,,827.66,USD ,1.5456,1000,5,721699058595
ACC5942289,CUST004200,BR045,MM,Active,99/99/9999,,2427.4,USD,0.6737,,5,148474029402
ACC2714668,CUST000669,BR050,Checking,closed,19/03/2007,,5509.58,,2.2872,,5,423628422013
ACC2639026,CUST004991,BR012,Savings,Inactive,07/07/2016,,1322.92,usd,2.521,0,5,467285711008
ACC5552418,CUST000163,BR028,BUSINESS,closed,29/11/2003,,80.32,US Dollar,3.7971,0,0,489969511566
ACC2758728,CUST001431,BR017,Checking,open,06/05/2017,,3116.74,GBP,0.887,100,5,399124825382
ACC2328126,CUST001572,BR044,Business,Frozen,2007-06-27,,12549.24,USD ,1.8467,250,25,120715025600
ACC4194553,CUST001209,BR002,Money Market,closed,23-07-2017,,USD 1985.57,USD,0.983,1000,5,884622295703
ACC3094240,CUST000858,BR017,Savings,Closed,03-12-2002,"September 07, 2014",2179.84,USD ,0.6207,,25,120663727461
ACC5109621,,BR011,check,Closed,16/11/2007,,13882.41,,2.1391,0,0,822185461554
ACC4029235,CUST004569,BR025,Checking,active,08/01/2018,,4744.63,USD,0.4393,100,15,839757235740
ACC5385382,CUST004163,BR039,Money Market,Frozen,99/99/9999,,5080.05,GBP,3.8302,250,10,196068475946
ACC4462258,CUST001062,BR049,check,ACTIVE,09/25/2021,04/05/2023,3308.56,usd,2.1554,100,25,179494933810
ACC3616627,CUST003042,BR029,savings,closed,99/99/9999,,14693.48,USD,2.0535,250,12,474105917935
ACC2190141,CUST004167,BR001,CHK,closed,04/10/2010,24/09/2021,4670.13,USD,1.6163,500,5,751123155972
ACC4135564,CUST003100,BR004,Money Market,Suspended,11/12/2007,,9016.43,USD ,1.5629,10000,0,779714636029
ACC7306002,CUST004690,BR033,Checking,Closed,,,,GBP,4.4653,500,25,813068959499
ACC4866929,CUST000183,BR030,money market,N/A,"November 01, 2002",2022-12-19,5313.85,GBP,2.6162,0,0,014955893138
ACC4355853,CUST000733,BR038,Money Market,Suspended,06-11-2012,,1372.28,usd,1.2707,100,5,121620890565
ACC4682172,CUST002032,BR015,check,Inactive,12/08/2013,,1446.63,usd,4.9607,100,10,059517419407
ACC1893288,CUST002071,BR021,sav,ACTIVE,12-09-22,,6111.15,GBP,2.8476,0,12,799411880205
ACC6146314,CUST002496,BR049,Business,closed,2012-02-21,,1407.92,,3.1861,500,25,278954326882
ACC3646312,CUST000518,BR033,Checking,Open,23/12/2020,,3309.18,$,2.959,0,25,662357017736
ACC1176288,CUST001420,,Money Market,Frozen,2022-12-09,,1147.28,US Dollar,4.3021,,12,567544061439
ACC2860044,CUST003107,BR025,Business,closed,09-11-2003,,6792.71,$,5.0705,500,25,271330301464
ACC7405803,CUST001230,BR034,Savings,Active,99/99/9999,"June 27, 2023",468.39,$,1.9467,100000,5,565543161264
ACC1245041,CUST000361,BR003,Savings,Frozen,"March 11, 2007",,7074.83,usd,0.9715,,15,487756585628
ACC9998720,CUST004503,BR042,Checkng,active,"August 29, 2014",,3692.55,$,3.3914,100,12,718996250366
ACC4206359,CUST003703,BR040,Business,Open,2010-02-05,,827.65,$,2.802,1000,0,801863127648
ACC9417834,CUST001210,BR029,Business,closed,"September 22, 2022",,312385.0,GBP,0.5696,0,0,493694596926
ACC8513425,CUST004455,BR015,Money Market,Inactive,07-05-04,,1327.92,,2.4541,$100.00,0,677597618924
ACC6583767,CUST001265,BR015,sav,Frozen,"July 25, 2022",,1563.1,GBP,2.3164,0,25,543582324634
ACC6922167,CUST002496,BR013,Savings,Frozen,13/09/2015,,1732.55,GBP,1.342,$500.00,0,662328650801
ACC8272716,CUST002697,BR033,business,Active,26/02/2000,,261.65,usd,3.0658,100,15,201540954071
ACC8105750,CUST004914,BR009,Money Market,open,07/02/2014,"November 22, 2015",17063.86,,3.8246,1000,15,745442946844
ACC3729372,CUST000504,BR027,Savings,Closed,10/02/2023,,128.17,GBP,4.1055,250,12,316468678376
ACC7305633,CUST004107,BR018,Business,Active,06/02/2017,,4344.72,GBP,3.995,0,12,396160860969
ACC7876780,CUST000012,BR010,Current Acct,Suspended,"September 14, 2004",,1855.94,$,4.8969,100000,0,964714040525
ACC3225846,CUST002722,BR012,money market,Frozen,2018-04-25,,4153.95,USD ,0.6835,500,0,643707667161
ACC1087708,CUST004956,BR006,Money Market,active,27-07-2019,,1761.77,usd,1.9227,1000,10,843762431667
ACC6921713,CUST001694,BR017,Savings,Inactive,05/30/2014,,"4480,37",USD,4.0017,100,12,978412940923
ACC6341485,,BR040,Money Market,Active,,,5226.02,,4.6664,100,25,381385715822
ACC3413085,CUST004024,BR036,Business,N/A,"November 20, 2022",,4691.87,,5.2559,500,0,232790947726
ACC4585866,CUST003940,BR045,Business,Open,2020-03-03,,483.98,$,0.6376,250,10,879472653811
ACC7078772,CUST001743,BR023,business acct,ACTIVE,15/09/2017,22-07-20,4278.85,usd,4.2069,500,15,271608246515
ACC8265004,CUST004740,BR013,Current Acct,Suspended,15-01-18,,1313.95,USD ,3.215,500,15,127732001311
ACC6348770,CUST000323,BR010,Checking,active,25/02/2012,,116.9,USD,0.0712,0,5,595645802974
ACC4027284,CUST002510,BR023,Savngs,Active,11/17/2011,,2143.42,usd,4.8951,500,15,025832084429
ACC4149321,CUST000232,BR018,BUSINESS,active,99/99/9999,,2273.42,USD ,1.1767,500,25,079370582125
ACC6372923,CUST003873,BR045,CHK,Open,"April 27, 2009",04-02-2022,,$,2.4747,250,10,051630523349
ACC6236417,CUST000287,,chk,N/A,"November 26, 2015",,4880.74,,1.7056,100,25,077782416331
ACC6362406,CUST003110,BR003,Business,ACTIVE,30/08/2007,,"1477,56",,1.3904,1000,10,358846618663
ACC9791755,CUST000433,BR011,Business,Suspended,,,1514.98,,3.684,100,25,923555067578
ACC5543590,CUST001806,BR014,BUSINESS,open,18-05-31,,249.85,usd,1.5658,250,0,400982917718
ACC4612479,CUST004627,BR038,Business,closed,07/27/2008,11/11/2009,4643.92,USD ,5.0944,1000,0,395509332493
ACC8914171,CUST000624,BR021,MONEY MARKET,Closed,2011-09-25,,3355.71,usd,3.4364,1000,0,650058846854
ACC1906591,CUST003609,BR019,sav,active,09/28/2003,,1719.6,$,3.512,0,25,074411862340
ACC3923469,CUST002741,,money mkt,CLOSED,"May 06, 2012",13-02-13,4885.68,US Dollar,2.8524,,0,367065441906
ACC5444048,CUST000529,BR039,Money Market,Active,19-07-18,,3083.2,US Dollar,2.3343,500,5,122700141956
ACC2500694,CUST000897,BR006,svgs,N/A,04-05-24,14-02-23,"$2,533.82",USD ,2.6391,0,10,656795024324
ACC7420464,CUST000400,BR027,Savings,Open,2015-05-14,,,US Dollar,2.9526,0,10,483278046881
ACC9512676,CUST000750,BR003,MM,Closed,06-07-2016,,4046.23,,,100,25,805758247490
ACC6363298,CUST004033,BR008,Savngs,closed,2016-05-21,,"$-4,315.27",USD ,2.0917,250,12,188203915773
ACC9151099,CUST003840,BR013,Money Market,active,11-05-2013,,1364.09,usd,5.422,0,0,124706249805
ACC7141930,CUST002211,BR014,SAVINGS,active,12/04/2020,,606.75,,1.0237,1000,5,567011885236
ACC1707968,CUST000516,BR026,Money Market,CLOSED,"May 31, 2009",18-08-19,681.42,USD ,,,15,693315913565
ACC3372648,CUST002535,,Savings,ACTIVE,09-01-2007,,4079.84,EUR,0.6641,1000,25,894933342363
ACC9964562,CUST000118,BR041,Business,active,"August 28, 2019",2023-09-03,825028.0000000001,,0.6418,1000,12,224661023598
ACC3749308,CUST002303,BR045,svgs,CLOSED,08-12-05,,2107.12,usd,0.692,,0,753748935794
ACC2754051,CUST004764,,CHK,Open,21-08-2018,2021-10-13,743.01,$,1.8449,100,10,114737228793
ACC7075494,CUST001618,BR043,Money Market,Frozen,99/99/9999,,5652.24,USD ,2.0202,1000,12,305643972195
ACC2383638,CUST003299,BR028,MoneyMarket,Open,"June 04, 2021",,7146.84,USD,1.7958,1000,15,277992347367
ACC7384847,CUST001135,BR048,Savngs,Inactive,,,8500.52,$,3.2669,0,10,099928775428
ACC1207856,,BR040,business,Closed,"June 05, 2013",,3734.07,usd,0.2208,,12,438970065401
ACC3148799,CUST000084,BR024,Current Acct,Closed,99/99/9999,,7885.32,US Dollar,4.0772,100,12,108410369761
ACC8034953,CUST002639,BR035,Savings,N/A,09/23/2004,,62.14,USD ,2.3742,100,0,733019611787
ACC9992037,CUST001291,BR050,Savings,N/A,10-10-2023,,453.73,USD ,4.2042,0,12,201334041933
ACC5529889,CUST001982,BR048,money mkt,Suspended,,21-01-2017,388.58,$,3.6663,1000,15,625488217110
ACC1659165,CUST000715,BR044,SAVINGS,Active,10/20/2001,,4987.59,US Dollar,2.0726,500,0,154381892657
ACC5243194,CUST003729,BR005,business,N/A,10/06/2011,,,US Dollar,3.1434,1000,0,562076862450
ACC1965546,CUST001631,BR037,BUSINESS,Active,2008-11-23,NULL,2743.61,,4.5423,,15,475304348192
ACC2524214,CUST003375,BR001,Checkng,Suspended,"September 30, 2009",,2559.99,$,3.9301,0,25,702494169230
ACC5592812,CUST002071,BR033,Checking,Closed,2018-04-16,,1488.34,GBP,2.7324,,25,698598344982
ACC4746742,CUST000155,BR026,Business,CLOSED,"December 29, 2015",16-08-04,8173.37,usd,4.7289,250,25,282847833496
ACC1016975,CUST001974,BR019,chk,Suspended,2011-10-26,,747.41,usd,4.6519,250,5,153507431725
ACC2502718,CUST002529,BR017,Business,Frozen,99/99/9999,,1738.32,usd,3.53,1000,12,447420595512
ACC7387104,CUST003346,BR018,sav,ACTIVE,19-07-11,,"$5,951.92",EUR,5.357,,5,408575509676
ACC6525755,CUST004952,BR006,Business,active,2017-05-17,,123.58,GBP,1.6369,250,5,047782736308
ACC5088588,CUST000801,BR027,Money Market,Suspended,01-03-19,,4470.57,usd,3.4345,,10,119056669383
ACC1244653,CUST003145,BR025,Chequing,Inactive,99/99/9999,,6779.93,,2.5298,1000,12,360298035782
ACC8551453,CUST000993,BR005,Money Market,open,12/12/2003,,,EUR,1.9737,100,25,291822630078
ACC4545122,CUST000978,BR028,Current Acct,Inactive,12-04-2019,,8359.48,$,2.2702,,15,012669173776
ACC7091943,CUST000808,BR021,Biz,Open,NULL,,1539.03,$,3.362,100,10,135956609447
ACC9998717,CUST002630,BR003,Money Market,active,10/08/2023,2023-11-29,3531.08,GBP,0.5005,250,15,737824553952
ACC5764247,CUST004595,BR024,Business,Frozen,08/07/2005,,321.78,$,0.7343,100,25,545608931893
ACC7680727,CUST001937,BR028,Buisness,Frozen,01/10/2008,,119292.0,usd,2.0351,500,12,504746128027
ACC9677055,CUST003572,BR026,Money Market,active,18-09-2002,,395.85,,1.3402,1000,0,695094590804
ACC7971319,CUST000136,BR002,SAV,Inactive,03/06/2016,,1514.44,EUR,2.2311,0,15,441168399485
ACC1180109,CUST004691,BR029,Savings,ACTIVE,13-04-2003,2015-07-02,8323.76,USD ,3.4242,0,12,235026873191
ACC4586150,CUST001147,BR031,Checking,CLOSED,09/12/2021,22-02-24,1705.73,$,1.4899,0,15,620312912358
ACC6519477,CUST000270,BR042,Checking,Active,"November 12, 2006",,3301.22,usd,1.377,250,0,951550015575
ACC5836305,CUST000789,BR037,Money Market,Inactive,13-04-12,,2272.27,$,3.2803,"$1,000.00",12,753416452359
ACC5925640,CUST004706,BR050,Business,open,25/06/2012,,2456.73,EUR,3.248,100,10,015358326269
ACC9481797,CUST004017,BR012,Saving Acct,CLOSED,99/99/9999,17-03-2021,13969.57,USD,2.905,,5,069851644394
ACC4366534,CUST001634,BR014,Savings,Open,02-10-10,,1404.79,USD,0.4306,250,12,647423110732
ACC8400470,CUST001143,BR005,Checkng,Closed,07/29/2004,,3948.19,,2.7657,250,15,500130616769
ACC4866820,CUST004523,BR033,Checking,ACTIVE,2002-04-09,,2179.34,usd,1.1697,1000,10,955590010829
ACC4369855,CUST000594,BR049,Money Market,Active,04/24/2001,,252.38,EUR,1.8386,1000,12,139490671975
ACC1890775,CUST003274,BR039,Checking,Open,15-09-2013,,"$2,688.13",EUR,4.536,0,0,754659918706
ACC6154505,CUST000922,BR023,Business,Active,99/99/9999,,6713.94,,4.2826,,0,110359120115
ACC3142678,CUST004528,BR039,business,Inactive,11-11-06,,415.9,$,2.4805,1000,10,326890322828
ACC9789880,CUST002198,BR050,Biz,ACTIVE,05/01/2011,13-04-06,288.53,,2.9024,100,10,177654771527
ACC9952555,CUST003859,BR006,Money Market,Frozen,11/03/2000,,667.2,,1.1648,0,12,891304326550
ACC1728235,CUST000049,BR037,BUSINESS,ACTIVE,"June 18, 2013",,5782.48,$,2.4243,500,0,268777168935
ACC8882369,CUST002283,BR023,Business,ACTIVE,00-11-22,"November 22, 2005",5149.35,USD ,2.0592,500,25,879180195608
ACC6731255,CUST002698,BR011,Money Market,Active,10/04/2013,,3329.8,,4.074,100,5,764586555703
ACC5922343,CUST002767,BR013,Savings,Active,13/09/2020,,2526.15,usd,4.9642,250,15,965337696381
ACC9198475,CUST004467,BR013,money mkt,Active,"December 28, 2015",04/27/2020,8768.68,GBP,,250,15,711848440262
ACC4249998,CUST002601,BR013,Business,Active,07/14/2021,,5821.68,USD,2.0165,250,0,229665562265
ACC8708586,CUST004100,BR020,CHECKING,open,2003-12-09,,6684.02,usd,0.8404,0,15,258749605748
ACC9795348,CUST000323,BR015,BUS,Open,08/04/2000,,6712.2,USD ,2.9883,,10,739268497378
ACC8171979,CUST001851,BR028,check,Open,"November 03, 2010",,4116.91,USD ,,250,5,313245652871
ACC9376566,CUST004945,BR010,savings,ACTIVE,07/26/2011,,2450.07,USD ,2.6307,1000,5,495575392392
ACC2228909,CUST004202,BR041,Money Market,Active,08-12-28,,8000.39,US Dollar,4.3014,,0,225692151879
ACC2626830,CUST003950,BR046,Business,open,2023-02-20,,10415.16,GBP,4.6872,1000,5,120497659767
ACC2858893,CUST001496,BR038,Savings,open,04/06/2013,"August 24, 2016",96.38,USD ,3.902,100,5,892439058498
ACC5935172,CUST003413,BR005,Money Market,Active,07/10/2003,24/08/2017,211.73,USD,0.2672,100,5,266616738744
ACC5642608,CUST004192,BR041,Business,Active,99/99/9999,,12751.77,,4.8951,500,5,324261930326
ACC4137655,CUST003718,BR011,Business,closed,"April 03, 2021",02/19/2022,1298.27,usd,3.6002,100,10,432877640491
ACC7283687,CUST002599,BR025,money mkt,Open,08-10-31,,8265.93,EUR,4.6662,250,25,773752191055
ACC9238753,,,Savings,closed,26/02/2020,,1969.29,$,4.0117,250,5,387975370641
ACC9263124,CUST000685,BR011,Current Acct,ACTIVE,99/99/9999,,507.24,EUR,1.6522,100,0,397902353870
ACC2692388,CUST002262,BR011,Biz,CLOSED,"July 18, 2014",17-05-18,335.45,$,3.1074,0,0,785207024836
ACC2568418,CUST001049,BR046,BUSINESS,CLOSED,99/99/9999,,680.82,GBP,3.2866,1000,12,336650585859
ACC6915920,CUST002402,BR011,business,CLOSED,27-12-2007,,1150.16,EUR,4.6251,1000,5,930696987686
ACC3736004,CUST003726,,Checking,ACTIVE,04/03/2003,,2681.77,GBP,2.925,1000,10,538448008552
ACC6312003,CUST002452,BR041,Checking,open,99/99/9999,,4835.91,,0.5416,0,12,488342968458
ACC2093163,CUST000299,BR017,money mkt,Open,04/08/2008,,"$17,190.32",usd,4.2768,USD 500.00,0,641685013996
ACC9529387,CUST003972,BR006,Business,Active,NULL,,"$2,330.05",EUR,4.5627,500,25,007986976518
ACC9769295,CUST000480,BR009,Business,active,11-03-12,,2920.78,usd,1.842,0,15,603786115910
ACC6649322,CUST003766,BR036,Money Market,Frozen,06/27/2007,,295104.0,$,3.3911,0,5,790214632138
ACC7704708,CUST004090,BR043,Savings,Inactive,16-03-11,,3101.2,$,4.4793,0,15,289163519559
ACC8901294,,BR040,Checking,open,"June 16, 2023",,2917.09,US Dollar,3.1411,"$1,000.00",10,385790098989
ACC8429610,CUST003784,BR021,Savings,N/A,"August 19, 2012",,35.25,$,3.9425,0,15,134772112830
ACC6159913,CUST001628,BR050,MONEY MARKET,open,13-12-25,,6.91,US Dollar,0.7703,100,25,789079082581
ACC4903738,CUST004620,BR014,Business,N/A,2017-05-04,,411.08,$,1.7666,0,5,380685240133
ACC1523708,CUST001479,BR042,savings,Open,"September 15, 2004",,428.37,usd,0.0403,,25,032815799448
ACC4076633,CUST002921,BR004,Money Market,CLOSED,2014-09-29,,4881.72,EUR,2.1476,500,25,027906294232
ACC8304591,CUST002027,BR028,Savings,Suspended,10-04-27,,-917.23,GBP,5.3367,500,25,046988686150
ACC3645336,CUST001309,BR005,svgs,Closed,2019-06-30,,-9004.3,EUR,1.6513,,0,281929800492
ACC7340530,CUST003071,BR048,Biz,closed,31/05/2021,,10558.18,USD,,0,12,709481224521
ACC4628860,CUST000133,BR036,Money Market,Suspended,10/13/2002,,14901.07,usd,1.4836,100,0,120546275751
ACC5540132,CUST001354,BR042,Savings,open,99/99/9999,,11192.86,usd,4.6722,,0,307514085560
ACC4260372,CUST003640,BR006,Biz,closed,08/13/2020,,1269.2,GBP,3.8405,250,25,105519818256
ACC4206830,CUST001493,BR008,Business,active,"January 18, 2005",,2851.58,EUR,0.2698,0,12,570321874555
ACC5547227,CUST002000,BR044,CHECKING,Inactive,18/03/2004,,771.69,$,3.7743,,25,540106954373
ACC6497150,CUST003915,BR041,Business,closed,06/29/2023,09/16/2023,6563.91,$,1.3852,1000,12,891217724057
ACC4692242,CUST000552,BR002,sav,ACTIVE,16-03-30,,8772.47,USD ,3.2665,500,12,411485202772
ACC2773502,,BR035,Money Mkt,open,19-06-2009,,7623.0,GBP,0.1828,1000,5,209943026771
ACC8572248,CUST004607,BR019,Checkng,CLOSED,17/10/2017,,2272.17,USD ,1.3914,1000,10,261738043696
ACC9903370,CUST003463,BR049,Business,Closed,23/08/2008,,5686.42,EUR,4.4264,1000,15,513777528985
ACC7861708,CUST003459,BR003,Checking,Frozen,25-04-2016,,410.7,US Dollar,3.0163,0,10,193690144802
ACC7523251,CUST003193,BR036,Checking,Open,2019-06-22,,164.31,USD,0.0304,500,25,369185406209
ACC5955016,CUST002649,BR043,Checking,closed,"October 03, 2001",,5597.3,US Dollar,3.8592,100,25,021783045219
ACC1595859,CUST004548,BR023,check,closed,07/07/2012,,2216.01,USD,4.1334,1000,10,478751000135
ACC4986076,CUST003860,BR027,Current Acct,active,11/02/2013,,21658.74,USD,2.5117,1000,0,538215358156
ACC5836164,CUST004704,BR001,Business,open,"May 25, 2000",,409.26,$,4.6159,,12,402381920041
ACC5740845,CUST001238,BR046,BUSINESS,Open,,,7741.44,EUR,2.315,500,12,959481116100
ACC5100969,CUST001265,BR030,Business,Open,07-12-2005,,2615.58,USD,0.636,1000,25,201939290723
ACC8115113,CUST000135,BR033,MONEY MARKET,Suspended,18/03/2010,,702133.0,USD ,3.3275,1000,5,100249394947
ACC2101045,CUST003579,BR020,Savings,Inactive,22-06-05,,6795.86,$,3.9368,0,25,861225951820
ACC1247155,CUST001699,BR007,Checkng,Inactive,05/08/2017,31/10/2017,9907.37,GBP,0.2199,1000,12,792282523391
ACC1698855,CUST003304,BR011,Savngs,Frozen,"June 11, 2022",,1414.43,USD ,2.8754,,0,606477411034
ACC8106727,CUST000150,BR012,svgs,Closed,"August 11, 2008",,11966.91,$,0.1108,,25,553585648990
ACC3928521,CUST004241,BR050,Checking,Frozen,23/11/2016,,657.93,USD ,1.6353,,12,871645590487
ACC6072992,CUST001854,BR043,Checking,Suspended,30/01/2008,,$342.10,,2.4771,250,10,253409902695
ACC2496839,CUST002490,,Business,Closed,2009-09-03,,2259.83,$,2.4539,500,25,664793761465
ACC3032066,CUST001244,BR015,Savings,closed,06-01-02,,7048.56,US Dollar,4.7344,USD 0.00,15,977809832560
ACC9187884,CUST003384,BR037,Business,closed,"January 09, 2021",,2565.42,$,4.8199,100,10,112718471529
ACC7883959,CUST002384,BR015,Checking,Inactive,16-05-2019,,7071.08,usd,3.3365,,15,586189752112
ACC8235787,CUST004020,BR035,Checking,Suspended,2014-03-31,,USD 5232.70,,2.2029,100,15,831732550055
ACC4116821,CUST004259,BR002,Money Mkt,open,NULL,,940.0,$,4.3075,500,10,106410087814
ACC3303969,CUST002297,BR036,checking,Open,01/27/2012,13-10-20,11894.45,USD,2.1461,0,10,799848884827
ACC8353335,CUST003521,BR018,sav,Inactive,2005-11-07,,250.83,US Dollar,0.388,250,12,787604634681
ACC3115271,CUST004888,BR040,Checking,active,2020-01-19,,9142.11,$,3.0237,1000,10,850093396226
ACC8249600,CUST003575,BR013,money mkt,Closed,2018-11-13,,1452.17,USD,,USD 500.00,12,494362965845
ACC1998014,CUST002244,BR036,Money Market,open,08-07-2001,,2773.77,US Dollar,5.1664,0,25,713587092826
ACC5528864,CUST001085,BR006,Checking,active,11/27/2002,,2195.16,USD,5.135,100000,5,970957703036
ACC8040797,CUST001412,BR019,Biz,Open,10/21/2022,,USD 754.17,,2.4178,100,12,552825120000
ACC1008004,,BR018,Savngs,ACTIVE,10-06-2018,"May 19, 2020",1773.58,usd,2.5582,1000,25,485631750148
ACC5171253,CUST002127,BR025,chk,Open,99/99/9999,,857.4,US Dollar,3.9317,0,12,872608518501
ACC4494243,CUST003908,BR004,Business,Suspended,2006-01-26,,912.05,usd,4.7446,1000,12,141527219114
ACC7532307,CUST003065,BR024,money market,Frozen,20-05-29,,,USD ,3.5595,0,15,515974916957
ACC7402487,CUST004060,BR038,Money Market,Frozen,04-07-2014,,2685.68,usd,1.8621,$100.00,25,025361323548
ACC7304261,CUST000145,BR004,Savings,CLOSED,99/99/9999,,6396.59,GBP,2.4168,500,10,204088380935
ACC7151801,CUST001223,BR036,check,closed,30-12-2006,,3366.31,US Dollar,2.209,1000,0,626196239849
ACC5974681,CUST002354,BR025,Biz,closed,08/02/2003,05-03-22,8947.44,USD,0.7829,100,12,386284663922
ACC6132880,CUST004029,BR001,BUS,Frozen,2022-05-23,,4048.39,GBP,0.6941,100,0,968310077040
ACC8222895,CUST002955,BR027,Buisness,closed,11/16/2022,23-02-10,4676.23,US Dollar,2.1714,100,0,246510978128
ACC7601779,CUST001950,BR013,Checking,ACTIVE,11-10-14,,4405.75,EUR,2.1356,1000,15,779670144071
ACC4777884,CUST000858,BR026,money market,active,,,2387.42,US Dollar,1.2954,1000,10,017307056927
ACC3859731,CUST003593,BR037,Business,Frozen,01/10/2010,,4676.21,$,2.2805,"$1,000.00",5,175236697986
ACC1803366,CUST001921,BR002,Checking,Active,09/15/2020,,$289.03,USD,1.8887,500,25,747245638932
ACC8081069,CUST001898,BR040,Money Market,CLOSED,11-12-13,,7860.21,,3.2879,1000,25,268927007856
ACC4472721,CUST003426,BR039,MONEY MARKET,open,06/28/2001,,6016.93,GBP,0.1375,0,12,190691826754
ACC9727289,,BR043,Savings,Open,18/07/2022,,1125.37,USD,,100,0,780775042638
ACC9386744,CUST002592,,Checking,Closed,2007-07-26,,5844.63,GBP,5.2759,,12,105417620244
ACC5686698,CUST003951,BR030,Money Market,Active,22-02-2010,99/99/9999,USD 50.89,GBP,4.8453,0,25,450486796625
ACC8097051,CUST001626,BR014,BUS,N/A,14-09-2008,,979.75,USD ,2.36,0,25,189929068439
ACC4730095,CUST002168,BR040,Money Market,Open,04-09-08,23-06-08,269.42,GBP,4.2808,1000,25,530996298630
ACC7926194,CUST001127,BR048,Checking,open,07-07-2001,,6060.64,USD ,2.4724,1000,10,463904943139
ACC8234396,CUST002043,BR004,Savings,Open,30/10/2021,,5640.29,US Dollar,1.4079,0,12,036331499391
ACC8277831,CUST003041,BR028,Money Mkt,Suspended,16-11-2007,,,USD ,4.6658,,25,403620359103
ACC5795938,CUST004620,BR004,Money Market,Closed,12-06-09,,17.97,US Dollar,5.364,500,5,404146465780
ACC4726111,CUST000954,BR006,Money Market,Frozen,11/12/2021,,,usd,1.9336,500,15,024071644029
ACC9715262,CUST003724,BR049,CHECKING,Inactive,02-03-22,"July 23, 2004",4880.9,usd,2.8319,500,0,726621434030
ACC1102339,CUST003030,BR009,Savings,active,"February 21, 2020","October 10, 2020",,,1.1613,100,0,811807021265
ACC9044866,CUST001921,BR017,MONEY MARKET,open,2017-08-21,,4196.9,GBP,0.6362,500,0,284740542250
ACC7590086,CUST003100,,Savings,Open,"August 17, 2010",,$351.44,,3.5258,500,25,155051843381
ACC2247595,CUST000759,BR043,CHECKING,N/A,01-04-2000,,$800.28,EUR,0.8922,100,15,719107607573
ACC5121911,CUST001079,BR008,Checking,closed,"May 02, 2008",03/25/2017,2583.5,$,,0,10,349642908710
ACC2383848,CUST001193,BR030,money market,Closed,"August 31, 2021",,4240.24,usd,2.4471,250,0,614674839015
ACC3946158,,,Checking,closed,99/99/9999,,630.68,EUR,,USD 1000.00,10,824273315318
ACC6549527,CUST004245,BR034,Business,active,03-06-11,,819.36,,0.998,1000,5,842613006574
ACC4428953,CUST001441,BR026,SAV,Closed,03-07-07,,-914.87,usd,0.6955,500,10,205812200707
ACC9205418,CUST001033,BR030,savings,N/A,28-07-2006,,"$1,090.92",US Dollar,3.2213,100,25,569292598145
ACC3955451,CUST002899,BR017,Checking,Suspended,09-07-2023,,1027.6,USD,2.0175,1000,10,368192053214
ACC2271399,CUST003556,,savings,open,06/22/2005,,2011.09,GBP,3.1484,500,15,367973487290
ACC2360425,CUST000418,BR001,Business,Closed,08-03-2011,,USD 4242.83,usd,2.3782,100000,15,522957362176
ACC4525288,CUST003336,BR032,Savings,open,"March 03, 2019",,2305.24,USD,0.3659,250,12,352590289167
ACC9809150,CUST002616,BR035,Business,CLOSED,2014-08-11,,5983.97,US Dollar,4.8345,100,10,917789315553
ACC6882660,CUST000575,BR040,Money Market,Open,2021-02-27,,5081.43,USD,,100,5,464647140019
ACC7418284,CUST000576,BR024,money market,closed,30-12-2023,,541.11,$,2.3897,0,12,064912951547
ACC3659593,CUST001184,BR047,Checking,active,08/04/2018,,200.3,,4.0297,250,10,812827926876
ACC4678315,CUST001021,BR023,Savings,open,11-01-12,21/07/2013,841302.0,$,3.5266,0,15,161907293496
ACC2150729,CUST001700,BR010,Savings,CLOSED,22-05-2022,,$332.79,USD ,5.2369,,10,019047832214
ACC6181413,CUST002596,BR009,Savngs,Inactive,2015-01-31,,642.27,usd,2.3197,250,15,396251674634
ACC9683091,CUST000784,BR011,business,Active,"December 24, 2019",,89.53,EUR,0.2881,250,25,624175744127
ACC8934524,CUST001478,BR049,Savings,Inactive,"January 09, 2007",,3959.06,,3.2149,500,12,487680992438
ACC2179554,,BR013,BUS,N/A,03-03-2001,,3492.64,,0.378,,12,862947292561
ACC7041884,CUST000136,BR038,Checking,Closed,22-09-07,2022-12-08,"$17,341.69",USD ,1.4591,100,15,571613375942
ACC2482703,CUST003848,BR038,CHK,active,11-01-31,,USD 8719.08,USD,,,5,457857331552
ACC5785903,CUST000528,BR006,Money Market,Suspended,24/04/2000,19-05-2020,2116.25,,3.3277,USD 250.00,5,845659435229
ACC3283837,CUST000335,,SAVINGS,open,06/24/2009,,1858.22,,4.905,100,10,994113363542
ACC3555619,,BR050,sav,Active,20-09-2014,09-09-2022,1408.75,USD,1.2103,100,15,744741169812
ACC9232638,CUST002275,BR019,money mkt,Inactive,09-05-10,,661.42,usd,4.7183,500,0,700458639543
ACC2199200,CUST004741,BR050,Savings,active,08/09/2014,NULL,594.39,EUR,3.9092,,12,470106016181
ACC8322006,CUST001906,BR035,Savings,open,2016-02-14,,567.56,usd,2.0934,250,5,629220432376
ACC5093311,CUST004443,BR013,business acct,N/A,"May 15, 2003",,484.67,EUR,1.2046,1000,10,793506890810
ACC2254348,CUST003739,BR015,Current Acct,Open,16-02-2020,,1100.44,USD ,,0,10,597876899118
ACC5573846,CUST003470,BR045,Savings,Inactive,2001-09-02,,1464.99,US Dollar,2.5114,250,25,450138163016
ACC3884997,CUST003678,BR045,Checking,Inactive,"January 16, 2011",,13036.6,$,5.0676,,15,948321235485
ACC6090679,CUST002770,BR013,Business,active,09/06/2019,12-09-2021,3455.49,,2.6591,1000,10,400232099140
ACC3283074,CUST004499,BR026,Money Market,Closed,12/05/2005,,"17558,87",GBP,0.7,0,25,856459119492
ACC7816405,CUST002007,BR041,Checking,closed,07-12-25,,1863.84,US Dollar,3.5907,,15,720390807000
ACC2089949,CUST004584,BR030,Business,active,17-11-10,,2447.2,USD ,1.3262,,0,642742990259
ACC2541715,CUST004586,BR002,Biz,closed,06/22/2017,2017-11-27,1569.67,US Dollar,3.8672,USD 500.00,15,167516509067
ACC9335507,CUST003750,BR034,Money Mkt,Closed,2020-03-03,,$807.91,GBP,4.1461,1000,5,179832437909
ACC2320536,CUST001688,BR004,Checking,active,12/16/2022,24/12/2022,618.04,USD ,1.6069,250,10,266022258802
ACC1583858,CUST003253,BR005,Savings,Inactive,09-09-2013,,11607.45,US Dollar,5.4651,100,10,056814128039
ACC8492043,CUST002846,BR048,Current Acct,ACTIVE,09/11/2012,,17313.39,,2.5758,100,5,537416319316
ACC6254947,CUST003431,BR028,MM,Open,20-08-21,,183.8,$,1.7107,1000,10,793855422749
ACC9303207,CUST000485,BR034,Biz,N/A,12/16/2000,,651.7,,4.0278,250,25,169553298627
ACC5034391,CUST000266,BR008,check,Frozen,08/29/2020,,2203.29,usd,4.0642,1000,5,545937629560
ACC7504663,CUST001545,BR034,SAVINGS,Open,"February 06, 2019",,,USD ,3.8048,500,12,737911578396
ACC6514986,CUST003380,BR049,Savings,closed,27/03/2008,,1809.47,US Dollar,0.5178,250,10,033748161684
ACC3188200,CUST003192,BR003,savings,active,99/99/9999,,552.9,EUR,4.5221,,12,092819938358
ACC1456938,CUST003883,BR034,Business,active,,,2438.99,GBP,4.45,500,25,804302776613
ACC8116870,CUST000353,BR050,savings,Inactive,16/09/2008,,1268.14,US Dollar,1.9814,100,25,321698127476
ACC4157997,CUST001616,BR008,Savings,open,,,1734.87,GBP,2.7071,1000,0,211703697996
ACC9156337,CUST002000,BR004,Money Mkt,Closed,23/06/2020,,396.24,usd,2.5017,USD 500.00,0,648418491847
ACC6779643,CUST001039,BR016,Checking,Suspended,16-03-05,,"2235,36",usd,3.9677,0,0,130799549267
ACC5192649,CUST000706,BR039,Savings,Open,08-01-2001,,16359.25,$,0.1782,,25,726282071876
ACC2600586,CUST002348,BR020,BUSINESS,active,26/06/2013,,1594.95,USD ,3.8895,250,0,469919789976
ACC1046863,CUST002506,BR044,Savings,Active,09/01/2009,,836377.0,EUR,1.2863,,25,490223714709
ACC7223582,CUST000524,BR018,Business,Frozen,28-10-2020,05-08-2021,7411.11,$,5.2069,500,5,570648802783
ACC5179129,CUST000208,BR025,Money Market,open,26-02-2013,,12151.09,USD ,5.2093,1000,10,768615414289
ACC1956833,CUST003245,BR048,svgs,N/A,,,6244.68,USD,3.1294,,15,770621303065
ACC7806293,CUST003722,BR015,Business,N/A,15-08-26,2020-09-21,4310.5,USD ,0.6007,1000,10,646533583536
ACC5266780,CUST001494,BR002,Savngs,Inactive,2015-10-30,04/16/2016,7768.04,EUR,1.6555,500,5,010070441787
ACC8929849,CUST002723,BR017,Savings,Active,07/06/2008,,314.63,$,0.4079,100,10,498572073448
ACC4024055,CUST004415,BR015,Checking,active,04-12-2010,,2485.77,,1.6716,100,25,893012433852
ACC1302058,CUST000553,BR043,Savings,ACTIVE,29/10/2019,,-18133.72,US Dollar,4.2484,250,25,238296743225
ACC3947807,CUST002662,BR028,Money Market,ACTIVE,2004-03-22,,5871.76,US Dollar,0.2874,100,5,279300312420
ACC4978978,CUST004991,BR019,business acct,CLOSED,NULL,,13088.62,GBP,1.2829,$500.00,0,540734609701
ACC5253935,CUST003728,BR014,Business,Frozen,"July 01, 2013",NULL,6049.87,US Dollar,3.9532,1000,15,291770593934
ACC1437898,CUST000927,BR015,Chequing,ACTIVE,"June 07, 2009",,8313.99,US Dollar,5.4933,,15,513993913115
ACC9130138,CUST002453,BR029,money market,open,10/07/2021,,4903.91,EUR,1.9229,0,5,314233056070
ACC4312204,CUST000646,BR013,MONEY MARKET,closed,15-10-2016,,5716.84,,0.7939,1000,0,150008274220
ACC4941114,CUST001355,BR014,Business,active,23-11-02,,2962.45,EUR,3.2418,100,15,282217940714
ACC5426716,CUST000979,BR032,svgs,Suspended,"May 18, 2002",,10320.62,usd,2.0351,0,15,063804893240
ACC9414414,CUST004877,BR002,Biz,N/A,99/99/9999,,6972.77,,,100,5,299111362036
ACC5772372,CUST004004,BR048,Money Market,Suspended,01/11/2008,,"$7,428.65",USD ,1.9239,,5,497258436291
ACC9109876,CUST004697,,Business,Closed,25-05-2022,,4471.29,$,2.8997,0,15,867666071398
ACC7523792,CUST003922,BR020,CHK,Frozen,13-10-12,03/08/2021,,USD ,1.444,,5,822733931269
ACC3885963,CUST001977,BR008,Savings,ACTIVE,NULL,,145.12,,1.9457,500,10,981864208723
ACC4597842,CUST004994,BR033,BUSINESS,Suspended,2012-12-04,,10973.99,usd,0.9378,500,15,372549262587
ACC6140497,,BR042,BUS,Inactive,05-11-03,,3528.72,EUR,1.653,250,15,677154796664
ACC4478835,CUST004064,BR005,Checking,active,05/04/2001,21/06/2022,USD 1416.10,EUR,5.4602,100,5,304642587037
ACC7193968,CUST000205,BR032,Checking,Active,06/11/2003,,646.01,$,0.199,0,12,901299220903
ACC7002126,CUST000800,BR013,check,open,19/10/2000,,7076.62,,3.8809,100,25,025214867883
ACC9390500,CUST001257,BR042,Business,N/A,12/20/2002,,7244.26,usd,1.2546,,25,560568785286
ACC3309216,CUST004204,BR023,Saving Acct,CLOSED,19-12-23,,673897.0,GBP,0.6039,250,0,120630055016
ACC7380856,CUST001968,BR036,business,active,14-02-2015,,4143.48,,3.6724,,5,069615033501
ACC5696892,CUST002799,BR016,Checking,Frozen,30-12-2010,,"$1,822.92",,0.1163,500,5,385044514591
ACC6022069,CUST001248,BR039,Savings,Suspended,29-08-2023,,,$,5.2872,0,25,118442401525
ACC6626761,CUST001514,,Money Market,Open,18-10-23,,,US Dollar,4.3126,100,12,216613716591
ACC5575678,CUST001620,BR021,Savings,Open,09-09-03,,7173.62,US Dollar,2.6708,250,12,094860260838
ACC1973983,CUST002918,BR008,Checking,active,17-11-21,,365.97,EUR,3.0541,,15,374153953510
ACC2386105,CUST002782,BR025,svgs,Inactive,06/19/2012,03/17/2016,3985.18,GBP,1.7828,100,25,057170697353
ACC3976110,CUST000640,BR044,Biz,Inactive,05/05/2010,,2805.32,$,0.9476,100,5,072676625592
ACC8158970,CUST000299,BR008,Chequing,N/A,2020-07-22,,2992.01,EUR,2.1985,,25,822720306250
ACC9446741,CUST001589,BR014,MoneyMarket,closed,02/04/2002,,"10453,48",USD ,1.4498,0,15,652759655622
ACC4398158,CUST002832,,chk,N/A,13-03-2013,,USD 128.50,USD ,4.9097,1000,25,963665839642
ACC7094878,CUST002824,BR008,business,N/A,"July 14, 2000",,5938.14,GBP,3.3454,1000,10,927799727658
ACC7424566,CUST002725,BR027,Money Market,N/A,"December 08, 2004",,,US Dollar,1.2404,250,5,226125331241
ACC6964148,CUST003437,BR043,Money Market,Active,03/28/2009,,155.6,USD ,4.8259,1000,10,213214783781
ACC7210149,CUST000704,BR002,Money Market,ACTIVE,08/11/2016,,2247.2,USD,4.7617,500,0,352277890924
ACC5523929,CUST001261,BR022,Savings,Frozen,07/21/2022,,260.61,US Dollar,3.0854,,25,695707175914
ACC4190028,CUST002637,BR012,Savngs,Inactive,20/12/2017,,6226.32,usd,3.1633,0,5,377310717933
ACC1359586,CUST001086,BR035,Business,Frozen,,,3016.37,GBP,4.4451,,5,069714794543
ACC9045103,CUST000496,BR009,Savngs,ACTIVE,99/99/9999,,117.88,$,4.5827,100,25,428758031860
ACC7818584,CUST004915,BR031,Checking,CLOSED,08/08/2018,,165.37,GBP,1.106,500,12,286431666935
ACC4331683,CUST004355,BR022,Business,open,19-10-13,,3793.9,usd,3.395,100,5,150341844591
ACC9831193,CUST003082,BR039,business acct,Open,NULL,,"$6,561.89",USD,5.4723,500,10,114205859824
ACC9027846,CUST002646,BR006,Saving,closed,17-02-02,,2303.59,GBP,2.3583,500,15,364892524874
ACC9282752,CUST004212,BR024,Savings,Suspended,2011-05-23,,3234.96,usd,2.9343,100,25,449063710469
ACC6442142,CUST004981,,sav,Frozen,2018-11-10,,6434.34,USD,2.0788,,0,642230079064
ACC7629067,CUST003906,BR032,Current Acct,Closed,09/25/2004,,3771.63,USD,,500,10,851872259970
ACC9374908,CUST004532,BR041,Checking,N/A,"January 08, 2008",,1018.33,GBP,4.8091,500,0,311127479126
ACC3440033,CUST004320,,Savings,Frozen,99/99/9999,,3797.86,$,0.3613,,25,029398978573
ACC6689904,CUST001692,BR032,business acct,Closed,19-12-2023,,3958.45,EUR,2.9228,1000,0,701018491841
ACC8749070,CUST003763,BR025,Savings,Open,15-05-2021,,5298.64,GBP,3.6077,250,0,409764879861
ACC3422579,CUST003818,BR028,Money Market,Closed,19-12-30,,3879.55,US Dollar,2.6522,,12,770508360499
ACC1670226,CUST003503,BR036,SAV,Open,27-07-2003,,13926.44,USD ,0.5933,0,10,995621924194
ACC7309576,CUST000591,BR046,business acct,CLOSED,"October 05, 2012",08/04/2016,879.04,US Dollar,0.2943,0,12,210958561284
ACC4711439,CUST003904,BR036,Saving Acct,N/A,02/07/2007,,12071.15,usd,2.2531,0,10,920643688090
ACC1848083,CUST002656,BR008,Money Market,closed,"July 04, 2013",,,$,3.2868,250,10,748713538043
ACC6532060,CUST002336,BR002,Business,N/A,"March 30, 2011",,4458.43,US Dollar,0.7665,USD 100.00,10,934302349132
ACC6271250,CUST000059,BR039,Checking,Open,"November 30, 2016","August 26, 2018",$419.05,GBP,4.0625,500,15,635963038521
ACC9796434,CUST003222,BR041,Checking,ACTIVE,2007-05-24,,1915.86,$,1.1292,500,10,658805836926
ACC4503974,CUST004909,BR030,Business,Closed,2020-07-29,,"$5,867.92",USD,0.5477,,0,712823868242
ACC2243301,CUST003807,BR024,Checking,CLOSED,08-07-2023,,4909.12,US Dollar,3.9069,,25,729900084299
ACC4806167,CUST004258,BR002,Business,open,21-10-07,2022-12-04,163.87,EUR,3.9845,500,10,777392237927
ACC4918663,CUST004465,BR030,Buisness,Active,09-03-2022,,3163.87,US Dollar,1.9631,0,12,126358203371
ACC9129938,CUST001491,BR019,Checkng,N/A,01-07-2009,,369.68,USD ,4.3953,1000,15,301801053845
ACC4930247,CUST002156,BR043,Money Market,CLOSED,"May 16, 2022",,21944.79,US Dollar,3.5225,50000,5,232091216409
ACC4252130,CUST003485,BR025,Checking,open,2000-04-26,,9103.64,GBP,0.8299,250,5,836863476370
ACC8695517,CUST000436,BR036,Business,N/A,2009-05-13,,85.22,GBP,2.4869,0,10,151358124296
ACC6010276,CUST001195,BR006,MoneyMarket,N/A,99/99/9999,,7826.05,usd,1.3667,100,12,511227343398
ACC6656768,CUST002931,BR022,Money Market,Open,10-05-23,,10074.5,US Dollar,1.0221,100,0,794553448522
ACC9342906,CUST003097,BR024,Current Acct,Frozen,2021-09-24,,1745.03,US Dollar,0.1251,100,12,820548732196
ACC3406706,CUST002612,BR013,Savngs,N/A,2021-06-15,,5084.75,USD,,$250.00,25,175028071328
ACC8312717,CUST004145,BR016,Checkng,Suspended,2008-05-05,,2334.33,EUR,1.9592,500,12,117346746390
ACC7637236,CUST004349,BR033,svgs,open,2018-01-05,,4259.54,USD ,4.921,0,5,281618418421
ACC8487934,,BR006,Business,closed,NULL,,,US Dollar,,0,10,883830634980
ACC7823002,CUST001624,BR041,CHK,ACTIVE,10-04-2011,,1557.73,US Dollar,2.1094,,12,834889335750
ACC1339079,CUST003071,BR010,Business,N/A,2014-07-12,,2209.6,EUR,2.7704,100,5,474750728636
ACC8159485,CUST004379,BR033,Checking,Closed,22-10-2004,22-01-14,629.27,GBP,4.6352,0,0,626677682624
ACC2444283,CUST003366,,Business,Suspended,28-07-2018,,7114.72,EUR,2.0319,,0,421004953222
ACC4854850,CUST000466,BR003,Savings,closed,"February 25, 2022",,1715.13,USD,1.4059,,15,562957672519
ACC8303105,CUST004638,BR040,Money Market,Open,"August 26, 2005",10/20/2022,,USD,1.2788,500,0,706975861601
ACC6496778,CUST004576,BR009,Checkng,Frozen,07-03-25,22-12-2018,8979.33,US Dollar,1.7301,1000,15,545231214854
ACC4041876,CUST003502,BR024,CHK,Suspended,31/10/2022,23-01-04,2745.67,USD,4.8271,100,12,122029014692
ACC6717636,CUST000843,BR031,business,Active,05-02-10,,3143.28,$,0.1238,0,25,259617257329
ACC6960162,CUST004571,BR024,Money Market,Active,22-11-16,,12539.8,usd,2.9025,,5,460050822610
ACC8570178,CUST002553,BR017,Checking,active,2017-12-19,,8711.8,$,0.8057,1000,10,826684842525
ACC9294989,CUST003671,BR044,SAV,Closed,19/11/2006,,-742.75,GBP,1.2862,250,25,140460238478
ACC1938158,CUST003414,BR044,Money Market,ACTIVE,06/17/2007,,,USD ,4.9535,100,25,424791443461
ACC5228409,CUST001292,BR021,Business,ACTIVE,2022-07-03,,14202.91,USD,3.5606,,25,879472447862
ACC9250065,CUST002239,BR043,Savings,Closed,2021-01-23,,1863.19,,,500,25,683246131161
ACC8432007,CUST001435,BR048,BUS,Open,27/07/2015,,1858.14,GBP,0.0382,250,0,817689741770
ACC9415561,CUST003924,BR005,business acct,Inactive,12/16/2019,,867.8,EUR,3.443,1000,5,735060185742
ACC4985956,CUST004047,BR004,sav,closed,"October 05, 2004",,485.61,GBP,0.4137,1000,15,615474541522
ACC6525355,CUST003732,BR008,Business,Inactive,20-09-09,,5392.99,,3.2159,,5,074005725078
ACC7348836,CUST000843,BR007,Money Market,ACTIVE,21-06-2013,,5879.23,USD ,0.2834,500,5,718056947726
ACC3780331,CUST001903,BR015,Business,ACTIVE,"November 07, 2008",29-06-2020,13896.75,$,2.0167,1000,0,800475656966
ACC2442284,CUST001843,BR015,Savings,active,06/07/2020,,5938.6,USD,,100,12,404485980184
ACC2681348,CUST004698,BR024,Biz,open,21-11-2017,,1115.43,USD ,1.9646,250,10,633153079542
ACC7442805,CUST001932,BR001,Checking,closed,08/09/2002,,163.77,US Dollar,2.5732,100,10,451368561603
ACC8384971,CUST001326,BR032,Checking,Closed,26-08-2004,,16917.19,usd,2.7851,,10,992086541636
ACC5034269,CUST001969,BR049,Chequing,active,09-10-2010,,1664.79,,3.4853,250,12,326457850039
ACC6123944,CUST000894,BR009,Business,Active,31/08/2005,,"$1,495.70",US Dollar,4.0104,500,25,858077313435
ACC2866791,CUST002395,BR024,Money Market,open,09/08/2010,,"$9,455.94",EUR,0.327,0,15,380087908464
ACC4325517,CUST000182,BR007,money market,Inactive,"May 17, 2020",,3518.87,USD,4.1871,0,12,289947410548
ACC9806614,CUST001514,BR044,Buisness,Suspended,,,967.63,,,,5,660390997805
ACC3095898,CUST001726,BR046,Money Market,Inactive,2000-08-14,23/12/2014,8796.37,USD ,,100,10,727358852012
ACC1449434,CUST002770,BR044,chk,Frozen,13-09-17,,20059.09,USD,4.7678,,15,072014192411
ACC9941434,CUST001623,BR030,Business,Suspended,09/21/2003,,362.67,,5.3006,0,5,429559162219
ACC8050899,CUST002927,BR043,Business,Suspended,2008-08-17,,7929.31,US Dollar,1.6815,0,5,194710629664
ACC2221556,CUST001860,BR007,Checking,Active,"July 09, 2023",,1980.57,usd,,250,5,021187546203
ACC2786299,CUST002850,BR011,chk,active,30-07-2002,,2969.96,USD ,3.5541,500,0,716534972079
ACC2552607,CUST000009,BR034,Checking,Open,,,9851.77,GBP,0.974,250,25,396048813936
ACC9185512,CUST003177,BR021,Checking,Inactive,13-10-2011,,14504.25,USD,1.357,250,0,083847135643
ACC2874718,CUST002288,BR017,SAV,Suspended,03/07/2018,,1216.13,GBP,3.8115,500,0,955470837838
ACC7177616,CUST001788,BR025,Money Market,Active,19-07-28,04/05/2020,957.35,usd,0.9144,250,15,996757594880
ACC4221593,CUST004388,BR025,MoneyMarket,Inactive,04/04/2021,,335.77,USD ,2.8398,250,12,178299608001
ACC8727429,CUST001447,BR037,CHK,Active,99/99/9999,,3300.3,usd,0.9628,100,25,370478365619
ACC8135044,CUST000917,BR042,Money Market,ACTIVE,"October 23, 2015",99/99/9999,54.79,usd,2.2996,0,25,368861517950
ACC1285903,CUST004663,BR033,SAVINGS,Open,18-07-2010,"February 19, 2022",2123.42,$,0.1832,0,25,368617716472
ACC1146729,CUST002558,BR046,Savings,CLOSED,04/11/2007,,304.86,USD ,2.2847,500,5,538035465367
ACC8602242,CUST000676,BR028,Saving Acct,Active,07/01/2013,,2078.29,,2.7065,250,10,859402570028
ACC2561562,CUST003550,BR049,CHK,N/A,99/99/9999,,163.01,USD ,2.66,100,15,867119290544
ACC9851462,CUST002875,BR002,Business,active,20-08-29,27/07/2021,,GBP,1.8532,USD 1000.00,10,481337075817
ACC1761333,CUST003737,BR002,Checking,Suspended,07/14/2005,,941.57,USD,2.1897,500,10,263355743389
ACC7901319,CUST001922,BR025,business,active,05-07-16,,1591.83,usd,3.127,100,5,506194571651
ACC5861232,CUST003762,BR049,Money Market,ACTIVE,"January 22, 2001",,8162.36,GBP,3.8673,250,10,808233707665
ACC2216526,CUST001551,BR037,Business,Closed,2003-03-02,,5485.88,EUR,4.0802,1000,10,840801654416
ACC9339944,CUST002634,BR036,CHECKING,Open,23-06-2023,,988.92,GBP,5.3472,0,10,651418547330
ACC3563079,CUST002776,BR048,business acct,Open,08/08/2014,,298.46,$,2.3134,0,10,779318322580
ACC1425376,CUST003267,BR015,Business,active,"June 08, 2018",08/16/2022,5030.53,EUR,3.1865,USD 500.00,5,659814522252
ACC9218777,CUST002937,BR022,MoneyMarket,ACTIVE,11-08-28,,1981.79,USD ,3.508,0,12,825149025734
ACC6439986,CUST003792,BR022,Money Market,Suspended,15/05/2015,,5811.1,US Dollar,4.2064,,25,540308745709
ACC4221009,CUST004121,BR038,Money Market,active,07/23/2008,,2357.27,$,,500,5,103475761503
ACC9011928,CUST001329,BR037,Money Market,Closed,28-01-2017,01/20/2018,1698.61,GBP,,100,12,415169142234
ACC6455247,CUST003308,BR019,Money Mkt,open,2020-05-17,10-06-2021,2400.12,US Dollar,4.6844,0,15,569601206751
ACC1356554,CUST001072,BR012,Money Market,Frozen,"June 28, 2021",,5522.19,USD,0.2413,0,10,777707162768
ACC6046075,CUST001981,BR032,Money Market,closed,03/17/2006,,9300.15,USD ,2.7578,100,0,892387308826
ACC3304070,CUST003886,BR002,Savngs,closed,2023-01-11,,204.19,usd,1.4367,,5,120407632253
ACC4494264,CUST003328,BR039,CHK,Suspended,12-04-07,,2970.29,USD ,4.4576,250,25,729581816027
ACC8028108,CUST001174,BR040,Business,closed,2001-10-30,29-10-2015,133.55,USD,4.4528,250,10,879133021196
ACC6049542,CUST004616,BR049,business,active,03/29/2014,17-11-23,2527.53,GBP,3.0268,0,0,781114707973
ACC1389407,CUST001148,BR031,Biz,Open,99/99/9999,,"$8,661.14",USD,5.3202,1000,15,839861897923
ACC6583254,CUST002497,BR034,Savings,open,"May 30, 2000",,1795.1,$,5.4209,1000,15,328306802883
ACC3527442,CUST004071,BR036,Savings,closed,21/03/2017,,10779.57,$,1.5143,100,0,810599668282
ACC1487815,CUST002475,BR045,SAV,Inactive,10/21/2006,07-12-30,3983.59,usd,4.0394,1000,0,036749613928
ACC3286790,CUST004895,BR033,business acct,Inactive,2006-06-20,,10881.83,USD,,250,25,301737492321
ACC5980065,CUST001412,BR043,Checking,Inactive,2016-11-06,,5661.52,EUR,1.0289,500,15,310821901010
ACC7798643,CUST001426,BR023,Business,Closed,07-03-13,,436.74,$,3.7099,1000,12,508759393677
ACC8813483,CUST004638,BR005,Money Market,active,13-06-29,,1051.44,,4.3904,250,25,420515168950
ACC3523698,CUST000414,BR006,Business,Suspended,15/02/2007,,2004.63,,3.5572,$100.00,15,706642888990
ACC1395064,,BR028,BUS,Open,"February 14, 2015",,745.83,USD ,3.731,1000,5,822343629336
ACC8449266,CUST001441,BR031,Savings,Suspended,01/07/2012,,2732.09,US Dollar,1.5906,0,25,437838588684
ACC1944345,CUST003655,BR007,Savings,N/A,11/25/2002,,,$,0.6212,500,10,798198360578
ACC7872338,CUST004770,BR011,business acct,Suspended,03-09-24,,12517.9,EUR,4.827,,0,510726315064
ACC6714338,CUST000284,BR013,Money Market,Closed,03/04/2011,,2274.72,,2.9295,0,25,604508170242
ACC4046930,CUST000836,BR005,money market,Closed,2006-12-26,,6160.15,usd,4.5715,,0,292770555664
ACC3120607,CUST001570,BR023,Savings,Suspended,22-12-2004,,11383.08,GBP,2.1922,250,0,798229779435
ACC5698374,CUST003880,BR014,Business,active,99/99/9999,2018-08-04,USD 8381.92,$,3.0031,100,25,295176092139
ACC9636554,CUST003864,BR015,money market,ACTIVE,08/03/2001,,936.15,usd,0.9299,,5,162550609337
ACC7207644,CUST000557,BR027,money mkt,CLOSED,NULL,,2740.95,USD,3.5841,500,0,517451838217
ACC8802495,CUST003546,BR026,SAVINGS,ACTIVE,2004-12-08,,1709.25,USD ,2.2353,1000,25,035917801635
ACC2128416,CUST004764,BR009,Money Market,Open,06-01-2019,,2042.36,$,5.0155,$0.00,15,609343629004
ACC5676915,CUST004525,BR021,Business,open,21-02-2020,,1790.19,,1.894,100,5,818895396600
ACC3457120,CUST000116,BR050,MoneyMarket,Inactive,03/10/2008,25/05/2010,USD 7003.07,usd,5.4366,100,15,656555302597
ACC3638368,CUST004732,BR026,MM,Inactive,2021-12-02,,USD 2406.94,EUR,4.9543,0,12,836060923809
ACC2898848,CUST002346,BR011,CHECKING,Suspended,2013-12-18,,"$2,966.78",USD ,3.8459,1000,12,918349190361
ACC4764692,CUST000661,BR023,Money Market,N/A,00-04-01,,16170.2,GBP,2.6572,0,10,095690828120
ACC4600218,CUST000074,BR041,Checking,active,29/06/2018,,247.41,,1.4982,100,10,266314149398
ACC7671343,CUST003598,BR025,Checking,CLOSED,"April 12, 2021",,2677.39,GBP,4.9526,100,10,625559912125
ACC8601198,CUST001016,,Buisness,closed,,,5949.97,EUR,2.4034,1000,5,538929720893
ACC2481038,,BR019,Money Market,Frozen,"October 31, 2007",,655.55,$,3.6245,250,10,476662622430
ACC9587539,CUST001481,BR012,Checking,Inactive,19-11-2008,,3782.17,USD,2.2206,500,25,318722715695
ACC7269068,CUST003365,BR031,Savings,Active,2014-03-25,,1094.93,US Dollar,4.8519,250,0,145276172662
ACC2479497,CUST000119,BR039,Savings,active,06-02-2008,,-8081.8,,2.2785,,0,269333539093
ACC8578646,CUST001742,BR034,Money Market,CLOSED,20-05-2021,,1584.63,,1.2369,1000,10,612203610516
ACC3579047,CUST002125,,Money Market,Frozen,NULL,,1596.32,GBP,0.4901,100,0,668762451087
ACC4108276,CUST002375,BR019,Biz,CLOSED,2017-10-12,21/02/2019,,EUR,2.7363,1000,5,156986940064
ACC3627387,,,Business,Suspended,"August 06, 2022",,811.22,USD,0.8545,500,10,134540759986
ACC9402259,CUST004677,BR022,MM,Open,10-08-2008,2021-08-24,1341.27,US Dollar,3.6505,100,12,532430815174
ACC5070256,CUST003397,BR033,Savings,Inactive,02/10/2002,,2155.75,USD,4.9402,100,15,612260173895
ACC5219707,CUST003550,BR046,Business,active,29/01/2001,,1745.58,$,5.4024,500,12,486283960467
ACC6477723,CUST004881,BR013,Checking,ACTIVE,16-10-2005,"December 08, 2006",2976.73,usd,3.9807,1000,12,741093976245
ACC9555600,CUST002743,BR045,SAVINGS,Open,22/06/2011,,3661.57,EUR,2.1274,1000,12,777763988869
ACC8927190,CUST003412,BR031,CHECKING,CLOSED,"August 08, 2014",,3345.0,$,1.5125,250,5,755853597836
ACC6658193,CUST001363,BR027,Checking,Frozen,09-04-2020,,4247.21,EUR,2.7733,0,0,450072897359
ACC9394489,CUST004826,BR037,BUS,open,27/03/2020,99/99/9999,1471.23,$,3.2165,,10,191621139122
ACC3914001,CUST004246,BR039,checking,open,01/02/2006,2022-10-03,540.65,USD ,2.867,0,15,930302162292
ACC2819776,CUST002335,BR027,Checking,CLOSED,NULL,,5721.95,US Dollar,0.1045,500,0,034272745849
ACC5273516,CUST003665,BR043,business acct,Active,01-04-2012,,,EUR,2.433,,25,224634495376
ACC9154530,,BR047,Money Market,N/A,99/99/9999,,1188.27,,5.0187,1000,0,097301690312
ACC5478409,CUST002911,BR038,Checking,closed,06/17/2014,,2090.86,,0.2591,250,0,532981178220
ACC1017731,CUST003718,BR031,Money Market,Closed,NULL,,2761.16,USD ,5.3103,1000,5,595806774740
ACC2003958,CUST000045,BR028,Saving,Active,26/11/2009,14-07-2013,3048.5,GBP,0.874,500,12,580809385206
ACC2372884,CUST003073,BR031,Money Market,ACTIVE,11/01/2023,,4309.25,US Dollar,4.8161,,25,269685194407
ACC2243910,CUST004811,BR018,business acct,Suspended,02/27/2023,,169.97,$,2.4495,1000,15,681058840318
ACC7295946,CUST002509,BR010,MoneyMarket,CLOSED,2008-02-20,,5113.02,USD,,500,25,596890270608
ACC1284761,CUST003910,BR031,business acct,CLOSED,03/25/2009,,255.9,GBP,4.3241,0,25,521712625122
ACC5395082,CUST000561,BR034,BUS,open,17/08/2018,,2526.62,USD,1.7974,500,25,431567105169
ACC1702877,CUST000767,BR050,Business,Suspended,15-12-03,,7033.4,EUR,4.026,250,25,522143571229
ACC7526693,CUST001621,BR050,svgs,Frozen,29-05-2006,,2400.2,USD ,2.5091,500,0,736845902428
ACC1981011,CUST002973,BR029,Savings,closed,2013-12-06,,645.79,US Dollar,1.7181,1000,25,815489156297
ACC1761232,CUST001534,BR028,Checking,Open,12-01-12,,16807.86,usd,3.4827,,0,166852721344
ACC7070143,CUST002585,BR019,Saving Acct,active,"August 20, 2016",19/05/2022,8803.2,GBP,3.6515,,10,989701201369
ACC2840878,CUST004717,BR030,business acct,Closed,2003-02-24,,5901.62,$,3.4777,,0,762425746175
ACC2395108,CUST003504,BR028,svgs,N/A,10/09/2011,,"$2,120.79",USD,0.0607,,5,677830774518
ACC7963276,CUST002770,BR044,Business,Inactive,04-01-2009,,812.61,USD ,4.0236,500,15,175845493784
ACC4075924,CUST001463,BR042,Savings,active,11/16/2019,,11348.85,$,1.837,,25,602738847877
ACC2198892,CUST002550,BR018,Money Mkt,Inactive,2017-10-16,,3040.15,GBP,1.3278,,25,768261816249
ACC2274694,CUST004242,BR003,Checking,Inactive,"August 16, 2013",,7651.79,USD ,3.7944,100,0,665790388475
ACC3590393,CUST000844,BR042,Savings,N/A,99/99/9999,,1674.78,usd,1.5345,250,15,245586526210
ACC1601370,CUST001454,BR038,Checking,closed,24/09/2023,,USD 1633.61,US Dollar,4.9894,1000,25,210489901428
ACC2033167,CUST000868,BR034,BUSINESS,Suspended,99/99/9999,,16945.61,GBP,5.3737,0,25,997137206502
ACC2131579,CUST004521,BR015,Savings,open,26-07-2001,,2951.18,EUR,4.2596,500,15,748775319289
ACC2069590,CUST002926,BR037,Buisness,ACTIVE,"October 03, 2020",,60653.0,USD,0.3523,250,15,601079439124
ACC2597172,CUST003391,BR012,Business,Open,"May 23, 2012",,992.18,EUR,5.4242,100,25,548307306702
ACC7692504,CUST003084,BR027,Checking,Inactive,25-02-2006,,2630.69,,1.5749,500,10,881005304651
ACC5575039,CUST000039,BR033,Business,Open,08-03-2008,,173.6,US Dollar,4.8505,250,15,397651452706
ACC9328364,CUST004311,BR022,SAV,N/A,"January 19, 2007",18-09-12,2483.56,,3.536,100,0,391060014808
ACC1533345,CUST003290,BR022,Checking,CLOSED,10/28/2023,,2171.61,,4.2615,1000,15,093926008775
ACC2145129,CUST004109,BR008,Checkng,CLOSED,"September 22, 2022",,6044.46,USD,2.5926,250,25,069121058302
ACC2739166,CUST002177,BR003,Savings,Active,27/11/2000,"March 08, 2004",-1753.66,EUR,,0,25,333521814603
ACC9256765,CUST000857,BR016,Business,Frozen,17-03-2011,,16193.38,USD,,1000,25,644540575575
ACC4980135,CUST002972,BR022,BUSINESS,ACTIVE,2006-10-10,,,USD ,5.1943,USD 500.00,12,089571037051
ACC5094321,CUST000240,BR033,money mkt,ACTIVE,02/10/2019,,USD 3576.03,,5.4269,500,5,803981323376
ACC1559764,CUST001684,BR009,Savings,open,99/99/9999,,-375.92,usd,3.7057,100,12,314106336121
ACC9973609,CUST003034,BR031,Savings,Frozen,16-01-2015,15-12-07,5294.99,$,1.0532,1000,25,439143196778
ACC3789904,CUST004057,BR050,Money Market,Suspended,31-08-2019,,21000.92,US Dollar,5.1334,100,10,935633004589
ACC3053581,CUST002635,BR014,Business,active,"October 28, 2017",,6840.1,EUR,5.2866,0,10,355201656974
ACC6629903,CUST004437,BR005,MM,Suspended,10-11-19,,3245.05,USD,3.2265,USD 500.00,15,226235148284
ACC5715373,CUST000959,BR017,BUSINESS,ACTIVE,12/01/2015,,2652.35,USD,0.7255,$100.00,0,467654251389
ACC7577819,CUST000522,BR037,Checking,Suspended,"February 14, 2003",,"$7,207.97",USD,0.5358,,12,905393059052
ACC6193854,CUST002994,BR036,BUSINESS,Closed,02/22/2004,,"10993,87",GBP,0.4139,500,0,233246690255
ACC3838957,CUST001365,BR024,svgs,Closed,11/09/2004,18-01-2019,18115.25,EUR,4.0983,1000,0,991903175382
ACC7082241,CUST001767,BR047,money market,ACTIVE,,,,$,4.7413,500,0,118708250464
ACC6346537,CUST000736,BR025,Checking,Frozen,2014-05-25,,18805.61,$,1.9993,,0,090431662010
ACC5857232,CUST004929,BR020,Money Market,Frozen,99/99/9999,,678.06,usd,4.3693,0,12,452707054365
ACC9347118,CUST003273,BR031,Biz,ACTIVE,08/19/2015,,1169.71,EUR,5.1564,0,15,412957398930
ACC1039736,CUST003390,BR004,Current Acct,Open,2002-03-02,,37292.0,USD,4.7369,0,15,059855652492
ACC9542698,CUST002460,BR018,Business,Open,26-07-2001,,USD 1268.38,US Dollar,,100,15,763475562078
ACC8501071,CUST004880,BR019,Money Market,CLOSED,01/03/2020,12-01-2023,5843.0,US Dollar,2.908,250,5,516962390085
ACC7190402,CUST001956,BR016,chk,closed,14-09-2004,,,$,1.9979,0,0,904054259897
ACC2456369,CUST002352,BR014,chk,Frozen,"February 06, 2022",,6036.43,usd,4.0457,100,15,706256989912
ACC1931108,CUST002935,BR027,Savings,Active,2018-12-25,,3988.55,GBP,4.3951,50000,15,578282942217
ACC4237739,CUST004613,BR009,Money Market,Closed,02/15/2008,,,USD,5.4129,0,15,474249607224
ACC7895432,CUST001357,BR038,Saving Acct,Suspended,"January 08, 2023",,4933.67,usd,2.8995,100,12,811212662217
ACC4555500,CUST001899,BR038,Business,Frozen,"May 01, 2010",,1982.65,,1.8824,250,15,919565800566
ACC9162028,CUST002458,BR049,Saving,open,"December 20, 2021",,,USD,4.1616,,0,577397096836
ACC7622586,CUST002110,BR031,Business,ACTIVE,"January 02, 2011",,4522.77,USD,2.6721,500,0,033072051892
ACC6788996,CUST003149,BR049,Business,Suspended,,,"4786,73",$,4.399,100,12,594771544803
ACC3103939,CUST004349,BR038,Money Market,Inactive,14-04-2016,,3070.93,usd,,100,5,499498491467
ACC5131641,CUST000171,BR001,SAVINGS,CLOSED,08-12-2007,,8659.27,,2.2124,,10,667429254438
ACC8126161,CUST000373,BR023,money market,Frozen,NULL,26/12/2023,1161.49,USD,,0,0,029264198669
ACC4239564,CUST003094,BR026,Savings,Frozen,21-11-2023,,-1919.55,usd,4.2962,250,15,698281872770
ACC1653596,CUST003207,BR012,SAVINGS,Active,01/31/2013,,6013.88,EUR,3.3988,100,10,307810184706
ACC9851233,CUST002031,BR042,BUS,Open,2002-07-12,,2715.0,$,2.7359,250,0,833013944788
ACC5071935,CUST001900,BR001,Savngs,Inactive,04/23/2003,,-8800.62,,4.4006,$500.00,10,115941952250
ACC9685157,CUST002074,BR005,Biz,Inactive,09/03/2012,2013-09-21,,USD ,4.2204,100,5,651539024708
ACC5341086,CUST000129,BR003,Savings,ACTIVE,10-02-23,,1843.89,EUR,,,0,731258450512
ACC6607077,CUST000571,BR025,Savings,Frozen,11/02/2019,20-04-11,8783.39,$,3.8453,1000,0,122122033437
ACC5511117,CUST004908,BR034,BUS,CLOSED,23-06-14,,2497.25,US Dollar,1.0105,500,25,214250643113
ACC5620820,CUST004812,BR024,Buisness,N/A,02/12/2017,,,$,4.1743,0,25,282348257301
ACC1362874,CUST000568,BR023,Current Acct,closed,05/03/2018,,1618.44,USD ,0.2762,250,5,163426539382
ACC5196270,CUST001788,BR050,Money Market,open,22/02/2011,,,,0.7085,250,15,776894700798
ACC3620015,CUST002484,BR034,Business,open,09/12/2007,,4267.86,,1.5719,,15,188950863231
ACC1297214,CUST002602,BR035,Checking,CLOSED,18/05/2022,,510.61,GBP,0.0395,250,12,643533587565
ACC7889296,CUST004729,BR011,Checkng,Active,2000-09-12,,8456.88,USD,3.2458,1000,12,555004691404
ACC4032234,CUST003484,BR029,Checking,CLOSED,2012-03-12,,6042.05,US Dollar,5.3381,,0,289826012023
ACC9617614,CUST002534,BR025,Money Market,open,"December 14, 2017",2021-10-24,846.58,GBP,0.585,1000,25,967670806633
ACC9839299,CUST000981,BR013,Checking,CLOSED,15/07/2007,,4736.94,$,3.0673,1000,15,544012474565
ACC5686694,CUST001942,BR014,Biz,closed,"September 06, 2009",,3691.58,usd,1.1015,100,5,650109529129
ACC9412418,CUST001510,BR049,Checking,CLOSED,2003-08-28,,815.99,,2.1457,100,10,806000782457
ACC6503303,CUST001697,BR005,Savings,closed,15/06/2000,24/05/2002,1276.44,,3.0386,USD 1000.00,15,582857255065
ACC5964306,CUST002972,BR041,Money Market,Suspended,,,2103.67,US Dollar,1.9192,100,15,249406502312
ACC4523448,CUST003847,BR025,Savings,Frozen,22-03-2001,,4805.81,usd,0.0657,250,15,911092597948
ACC9650717,CUST004008,BR001,Biz,N/A,"July 24, 2015",11-01-2023,4072.45,$,5.2211,100,5,280605757209
ACC1904746,CUST001190,BR047,Money Market,Suspended,31/07/2016,,3039.16,USD ,,1000,5,279169317620
ACC6054718,CUST003425,BR011,Saving Acct,active,03-05-2023,,5851.16,USD,4.1355,,0,516826552336
ACC1445266,CUST001141,BR002,Buisness,N/A,18/05/2023,,"$5,674.24",usd,,1000,5,149857118036
ACC7520658,CUST000798,BR020,Savings,N/A,18/10/2013,,3847.86,usd,2.5086,250,25,952276094607
ACC5950638,CUST002618,,Checking,active,2018-12-05,,6185.67,EUR,0.7843,500,25,911139527748
ACC9054826,CUST003524,BR002,Money Market,active,"April 27, 2015",,1627.44,EUR,,,12,323827850228
ACC5058643,CUST000726,BR043,Money Market,Closed,03-05-06,,8522.92,EUR,3.4313,1000,0,590519781214
ACC5298780,CUST000904,BR049,business,Open,"February 06, 2015",,,$,4.358,"$1,000.00",12,283710325548
ACC2895604,CUST002821,,Savngs,Closed,"July 20, 2007",,"$6,912.06",USD ,4.229,0,25,788099019999
ACC1140849,CUST000933,,Biz,N/A,10-07-2018,,3161.09,$,0.7274,,10,677857508153
ACC5475537,CUST004070,BR027,Checking,open,11/01/2020,,985.84,$,1.1092,1000,10,488133087938
ACC9634949,CUST004922,,Business,CLOSED,24/02/2007,,3127.13,USD,2.5608,0,25,499167003876
ACC4692254,CUST003476,BR048,Money Market,N/A,30-04-2011,,"$1,855.21",EUR,0.1261,250,0,756393091491
ACC2571099,CUST001246,BR007,Money Mkt,Open,"November 30, 2011",,"$4,782.68",USD,3.0144,500,5,691513290758
ACC6334140,CUST001977,BR010,Business,ACTIVE,11/04/2002,,2583.48,USD ,1.3303,250,25,879624468112
ACC3912409,CUST004870,BR049,Money Market,Closed,03-06-22,,7234.31,EUR,0.3543,250,15,204640870774
ACC5269300,CUST004960,BR018,Business,N/A,22-11-2006,,4533.72,$,0.3358,,15,191297248790
ACC9423968,CUST000212,BR029,Biz,Closed,2007-01-05,,4614.95,US Dollar,,1000,25,721676429531
ACC9904177,CUST004579,BR048,Business,Active,27-02-2000,,979.28,US Dollar,4.7666,250,25,052767153485
ACC1196016,CUST001479,BR044,Money Market,Inactive,09-05-19,,16603.6,USD,1.231,250,10,755712141803
ACC2274961,CUST003922,BR002,SAVINGS,open,"April 07, 2007",,7372.43,USD,3.1788,500,10,460988675327
ACC9886967,CUST003688,BR010,money mkt,Active,00-04-06,"February 12, 2023",6223.68,US Dollar,4.1606,0,15,427952653070
ACC9193201,CUST000191,BR042,Money Mkt,Closed,27/03/2016,,160320.0,EUR,4.6125,$500.00,5,773413503663
ACC2088179,CUST003422,BR020,money mkt,Frozen,"March 13, 2015",,USD 3068.31,USD,3.2853,250,12,312814843905
ACC2030605,CUST002636,BR031,Savings,Closed,07-07-2016,,58984.0,USD,0.7104,,0,555525927067
ACC8153454,CUST001859,BR024,Money Market,CLOSED,19/02/2015,,3092.88,USD,5.1111,500,0,007664787403
ACC2333040,CUST002676,BR041,Money Market,Closed,07-11-25,,630.78,$,3.4978,500,15,259744653364
ACC5401362,CUST001422,BR009,Savings,Frozen,2001-10-10,,3221.13,US Dollar,1.9213,USD 250.00,0,501215030060
ACC9775803,CUST003441,BR041,Checking,active,08/28/2002,09-10-2015,4184.71,USD ,1.0054,100,0,296408129813
ACC2462978,CUST003106,BR037,Savings,Suspended,25-04-2011,,1978.47,$,4.2525,1000,12,248644081527
ACC8288573,CUST002366,BR028,Business,Inactive,17/10/2017,,2760.96,$,5.2299,0,25,088762928343
ACC3800246,CUST003110,BR021,Buisness,Active,09/21/2005,,USD 8338.73,EUR,3.6369,0,15,657253940957
ACC6775005,CUST003617,BR015,Business,ACTIVE,29-08-2004,06/28/2007,459.68,US Dollar,3.2207,1000,10,996295117451
ACC4466602,CUST003077,BR002,Checking,CLOSED,2003-07-03,,"6275,74",,4.9994,1000,12,908160194923
ACC5097420,CUST000462,BR041,BUS,Frozen,15-10-2023,,748.96,,0.0202,,5,023776278701
ACC9804630,CUST000400,BR038,Business,N/A,"January 09, 2014",2022-04-26,,US Dollar,1.6904,250,0,521847359389
ACC6283999,CUST004782,BR001,Savings,active,NULL,12/22/2007,821.09,$,5.0732,0,12,542439392610
ACC7757682,CUST000966,BR001,Savings,Open,NULL,,5793.41,USD,4.4494,100,25,689796304373
ACC5702762,CUST000016,BR050,check,active,20-12-23,,2077.62,USD,2.9851,250,10,732696834202
ACC8865525,CUST004473,BR008,Business,Active,07/21/2004,"July 25, 2005",,USD ,3.6729,1000,10,638297297692
ACC2363215,CUST002002,BR017,Checking,Closed,07/11/2007,,2975.3,USD,5.3898,0,15,124758017502
ACC2580838,CUST002082,BR025,Chequing,N/A,12-01-2013,,90.01,,1.2484,0,10,509002214653
ACC3363152,CUST004119,BR015,Business,ACTIVE,"January 14, 2018",,5045.19,GBP,1.7701,500,25,249187581784
ACC9447640,CUST003365,BR006,Checking,closed,"October 11, 2011",,467.18,US Dollar,0.2847,USD 100.00,25,160228120182
ACC9872967,CUST002674,BR013,SAV,CLOSED,"October 10, 2005",,6230.79,GBP,4.5303,1000,25,422636114628
ACC2081403,CUST003005,BR033,Checking,Suspended,99/99/9999,,$736.18,usd,4.7645,250,25,410966117725
ACC2971057,CUST001203,BR039,Business,open,07/22/2017,,1695.21,US Dollar,0.5817,100,15,083603826163
ACC1359971,CUST004721,BR022,Business,ACTIVE,"May 27, 2013",99/99/9999,5729.71,GBP,5.3772,50000,12,347511342027
ACC9344996,CUST000767,BR030,Checking,active,16-05-08,,12336.62,EUR,0.3148,,0,332872715719
ACC6793428,CUST004250,BR049,checking,ACTIVE,18-01-24,,1857.26,US Dollar,4.371,,10,961653099977
ACC7750595,CUST000761,BR017,Checking,N/A,30-05-2011,,"$7,073.74",GBP,5.191,250,5,490040772167
ACC7151066,CUST001322,BR035,Savings,Active,10/23/2017,,846.8,USD ,1.9902,1000,12,947894770733
ACC1830121,CUST004051,BR038,savings,ACTIVE,19/01/2011,,6583.99,usd,4.8042,500,12,714394775075
ACC2362504,CUST002907,BR045,Money Mkt,CLOSED,04-11-2003,,4285.87,US Dollar,1.1041,100,12,096098034175
ACC4111347,CUST000591,BR012,Money Market,Frozen,10-03-08,"December 17, 2016",856.46,,2.963,1000,12,777961557270
ACC8957717,CUST003529,BR011,Money Mkt,closed,02/05/2016,,144103.0,USD ,5.0102,0,25,825048018825
ACC2286185,,BR012,business,closed,25-12-2012,,,GBP,0.4129,,15,228391445311
ACC7943470,CUST003164,BR013,money mkt,Suspended,02/08/2007,,1931.33,,2.2666,250,12,714470146613
ACC2394299,CUST001046,BR036,Money Market,Closed,14-01-2000,,910.86,,0.3767,1000,12,714416636822
ACC7123922,CUST000594,BR021,Checking,Open,2008-09-24,,4131.28,$,4.829,USD 500.00,15,852408243938
ACC8663918,CUST002869,BR019,Buisness,Frozen,"December 25, 2018",,20815.74,EUR,1.765,100,12,084162763400
ACC7751736,CUST002887,BR030,Money Market,closed,03/30/2015,,48.33,EUR,0.8029,500,10,985400815088
ACC2006112,CUST003344,BR049,BUSINESS,active,2015-09-08,,3114.12,usd,2.0405,100,12,655960110556
ACC3657594,CUST000972,BR046,business acct,Inactive,03/03/2005,,3410.13,US Dollar,2.7072,500,15,567759250809
ACC6456090,CUST001960,BR033,Checkng,closed,2021-01-02,,9823.35,EUR,,0,10,156367139333
ACC6431987,CUST003381,BR037,Money Market,open,"February 16, 2020",,2820.92,EUR,0.1133,100,0,300964055442
ACC5244951,CUST000353,BR010,Business,Active,30-03-2015,,3138.43,$,4.4882,0,25,277317071035
ACC2533430,CUST002659,BR027,Business,closed,07/02/2020,,2552.01,USD,5.4142,500,0,854767686837
ACC4340944,CUST002215,BR050,Savings,Frozen,"July 12, 2011",,1252.84,GBP,3.3078,,25,305476635838
ACC2271364,CUST000695,BR036,Checkng,ACTIVE,2020-02-13,,230.64,EUR,0.2016,0,12,487937007039
ACC3929126,CUST003257,BR031,Checkng,Closed,26-11-2014,,2101.44,GBP,0.8676,0,5,848901586066
ACC1158210,CUST000245,BR021,money market,Open,"May 29, 2017",,216.1,$,0.7641,50000,10,389841711131
ACC9219477,CUST001895,BR005,Business,Active,23-02-2001,,3198.41,usd,1.8082,250,12,410018401315
ACC3814424,CUST003661,BR012,Checking,Active,04-01-21,,1468.6,USD,4.4235,100,0,676712162963
ACC3707196,CUST000650,BR010,Business,Frozen,2007-03-08,,3050.87,US Dollar,1.8432,500,10,714439730807
ACC2689442,CUST000699,BR042,Money Market,closed,05-10-2017,,576.85,$,4.22,500,12,006554401505
ACC4498548,CUST000708,,business acct,open,"January 10, 2002",29/04/2003,10790.22,US Dollar,0.9923,"$1,000.00",15,932973280851
ACC4233635,CUST000464,BR008,Money Market,ACTIVE,09-06-04,,8996.98,,4.5576,0,25,309145387514
ACC7758191,CUST004793,BR029,Money Market,active,17-12-2009,21-11-10,842.87,EUR,3.6874,0,5,098424189644
ACC6519747,CUST001665,BR027,Business,Inactive,27/09/2020,,1682.99,$,4.9594,250,5,985612770940
ACC2218415,CUST000968,BR021,Money Market,Closed,16-07-10,,,USD,4.6011,,0,700497760099
ACC8326517,CUST002125,BR002,MoneyMarket,Frozen,2015-08-27,,402.32,USD ,0.7812,0,12,114983005761
ACC9093094,CUST003948,BR009,sav,Closed,"November 11, 2003",,1751.34,US Dollar,2.1178,0,0,700654036116
ACC7109511,,BR008,Buisness,Frozen,01-06-18,,1156.66,usd,0.2996,250,10,880506604128
ACC3840333,CUST001935,BR021,Money Market,closed,"November 15, 2011",,9884.81,USD ,5.1507,,10,032634308105
ACC7822869,CUST000206,BR005,checking,Inactive,03-06-2019,,7656.0,GBP,4.2792,,0,254678498000
ACC8488011,CUST004830,BR010,check,CLOSED,18-04-10,,3468.41,,4.6467,,15,287712150063
ACC3082097,CUST000203,BR044,Biz,Suspended,03/09/2015,17-02-07,2938.76,$,3.8491,0,15,462962001273
ACC6992094,CUST000444,BR011,Money Market,open,"March 30, 2002",04/04/2012,10678.73,USD,5.4773,1000,15,327506121104
ACC8923551,CUST000921,BR027,Money Market,Open,15-12-2020,,10778.23,GBP,1.7671,250,25,050529371016
ACC3849451,CUST000905,BR049,Money Market,closed,"December 09, 2023",,,EUR,4.1277,0,10,152211677577
ACC1434537,CUST000211,BR049,Checking,Frozen,,,535.86,EUR,3.7109,1000,15,509103939307
ACC8393139,CUST004976,,Business,closed,06-03-2002,16-12-31,700.07,USD,2.6058,500,10,236928715810
ACC7288438,CUST004575,BR034,Money Market,Closed,"December 13, 2020",,451714.99999999994,USD,2.9793,250,25,496400028443
ACC9771926,CUST004031,BR044,BUS,Suspended,15-12-2019,,3118.61,US Dollar,,,25,794369570954
ACC9826083,CUST002902,BR034,chk,Frozen,13/02/2017,01-06-2022,74.55,usd,0.2574,,12,435985075803
ACC7815784,CUST001518,BR041,Business,Open,06/08/2006,,255.91,GBP,0.0299,100,25,350746747586
ACC9988853,CUST003980,BR042,Checking,ACTIVE,"October 05, 2022",,"$8,759.90",US Dollar,5.1025,500,15,267404880348
ACC2615541,CUST004664,BR020,Checking,ACTIVE,11/07/2015,,8126.29,$,0.1467,,10,204973270867
ACC1765557,CUST003216,BR014,Current Acct,Active,NULL,,1768.13,EUR,2.7419,,5,851070876863
ACC3439743,CUST004373,BR046,Checking,open,24-02-2023,,8867.49,EUR,3.0104,1000,5,164813558147
ACC4317878,CUST003405,BR042,Money Market,N/A,22/06/2001,,,GBP,1.7857,,12,292925464077
ACC5499507,CUST002049,BR011,Savings,Frozen,20-09-22,23-04-12,6557.64,GBP,0.3577,0,12,518292775549
ACC7659542,CUST001961,BR018,BUS,Open,"July 28, 2022",,2230.49,USD,5.3315,100,10,904007560461
ACC9154580,CUST002518,BR040,Checking,Inactive,"November 22, 2000",,481.44,USD,1.4821,1000,5,243682163679
ACC7046420,CUST004022,BR007,Checking,open,01-06-2023,,2274.72,EUR,1.6476,100,15,746175625877
ACC1100806,CUST000425,BR046,Saving Acct,CLOSED,"August 24, 2014",,2444.79,usd,2.8955,100,25,624878038950
ACC1152993,CUST000304,BR033,Checkng,Open,23/08/2014,,3202.43,usd,4.9494,500,10,720519512631
ACC4934542,CUST000196,BR049,Savngs,Inactive,15-03-20,,-446.33,EUR,5.4391,500,10,804327406887
ACC3385546,CUST001389,BR001,Buisness,ACTIVE,28/04/2012,,19024.84,GBP,2.3284,100,15,070047861548
ACC8088181,CUST002114,BR029,Money Market,open,13-11-2015,19/05/2016,1119.58,USD ,2.979,1000,10,368561386505
ACC6424393,CUST001627,BR003,BUSINESS,Active,01-05-2017,,885.34,US Dollar,4.6448,1000,15,032340789708
ACC3598953,CUST000199,BR031,Checking,closed,"March 07, 2014",,"2992,97",usd,1.3602,,10,944861702024
ACC7391859,CUST001268,BR001,MoneyMarket,Active,06/10/2001,,3081.91,EUR,2.3187,,5,935659800734
ACC1169969,CUST002992,BR028,BUS,Closed,04-08-2018,,,GBP,0.3895,100,10,930877923720
ACC8587306,CUST001846,BR025,Money Market,Open,10/27/2013,,5911.75,USD ,5.4981,250,5,176920304058
ACC1711551,CUST001059,BR011,Business,CLOSED,06/17/2010,,2908.09,usd,4.0057,1000,5,504865528238
ACC1189081,CUST000954,BR010,SAVINGS,CLOSED,21-03-2019,2023-12-13,3763.31,$,2.949,500,10,961995388366
ACC9608934,CUST002543,BR011,svgs,closed,2019-04-29,,5145.74,GBP,0.9519,1000,0,075369718715
ACC4406366,CUST002146,BR038,Savings,CLOSED,11-11-2011,,,USD,4.1795,500,25,168495519650
ACC6705970,CUST002457,BR029,chk,Open,17/05/2022,,3381.88,USD ,4.1192,100000,15,811893494402
ACC1616067,CUST000508,BR040,Checking,ACTIVE,12-06-06,,8623.37,$,4.0945,500,12,211107751032
ACC2381403,CUST002106,BR017,MM,N/A,NULL,,70.17,USD,2.0276,250,25,512732268473
ACC5572236,CUST003707,BR038,Money Market,Suspended,02-01-12,,,USD ,1.3866,250,0,109964953204
ACC3399130,CUST003984,BR044,svgs,Suspended,02-03-27,,10427.07,US Dollar,3.3153,,25,344521744483
ACC9331345,CUST001151,BR046,Money Market,Closed,05/04/2013,,1742.59,EUR,5.1795,250,12,466412869917
ACC3413399,,BR030,Checking,active,04-02-05,,2455.34,,4.9127,USD 100.00,5,164497910915
ACC2762117,CUST001473,BR030,Business,CLOSED,02/03/2017,,1596890.0,USD,0.7431,0,25,145428998205
ACC1513970,CUST002543,BR021,Checking,Frozen,05/19/2006,,889.19,GBP,0.8325,250,15,534844512317
ACC7086166,CUST002436,BR013,Money Market,ACTIVE,2014-08-23,,269.93,,2.2429,1000,15,069520661916
ACC6439045,CUST002532,BR049,CHECKING,Frozen,09/01/2015,,7847.99,$,2.282,0,12,404395767187
ACC7224701,,BR006,MM,CLOSED,27/12/2015,,USD 8113.94,GBP,0.5344,1000,0,748244447019
ACC2087849,CUST000928,BR017,Checking,Inactive,2002-03-26,,2555.23,USD ,2.9883,0,25,152204275295
ACC7388434,CUST003308,BR047,SAVINGS,N/A,29/10/2023,,2887.89,USD ,1.8731,100,25,028771236792
ACC5988600,CUST004331,BR049,Checking,Active,"July 05, 2013",,7226.84,,1.2398,0,12,486144841140
ACC9049211,CUST001906,BR009,Business,Closed,"September 10, 2008",,5366.19,$,3.8827,1000,12,860882908287
ACC7514948,CUST000854,BR007,Savings,Active,01-10-2012,,1232.35,usd,5.3992,500,5,907879684519
ACC9795358,CUST004477,BR007,Business,N/A,09/04/2014,,68.15,US Dollar,1.6891,,0,321721051301
ACC1615272,CUST004610,BR025,Savings,CLOSED,07-08-2000,,2613.4,,0.6281,250,15,220206556969
ACC9255659,CUST003429,BR023,money mkt,CLOSED,01/10/2000,,7833.5,USD,2.9051,,15,404194144626
ACC1137819,CUST000219,BR036,Business,closed,06/10/2019,,9047.1,US Dollar,1.194,250,0,041788365894
ACC8221827,CUST000875,BR049,Business,CLOSED,06-02-2019,,1251488.0,$,0.3639,,12,246494678755
ACC4957518,CUST000754,BR011,Business,Suspended,"July 29, 2002",,USD 8466.52,EUR,2.0624,1000,15,488251444522
ACC7524455,CUST000689,BR047,Saving,closed,"April 21, 2016",,,EUR,3.44,USD 0.00,0,374839135932
ACC2290459,CUST000234,BR005,Money Market,Active,31-05-2000,,2352.31,USD ,0.691,,5,715379319435
ACC6463070,CUST000009,BR001,SAV,open,2021-10-04,,USD 5963.95,US Dollar,1.4394,250,15,076024663332
ACC3653629,CUST000980,BR003,Money Mkt,Suspended,"September 03, 2023",,5385.55,GBP,4.3695,1000,0,357302276639
ACC2125035,CUST002898,BR036,Money Market,Closed,2001-02-17,04/07/2021,3090.0,USD ,1.0981,100,12,780574986380
ACC6217573,CUST001799,BR043,MONEY MARKET,Open,08-07-2018,,365.51,GBP,5.4246,0,10,151542809754
ACC1648287,CUST000997,BR033,Checking,Active,23/04/2000,,10419.16,USD ,0.5099,250,15,278343706254
ACC1933918,CUST004118,BR028,Money Market,active,2022-03-10,,2432.3,usd,3.0775,500,5,560412712306
ACC8664139,,BR012,Saving Acct,Inactive,"April 25, 2007",,1806.04,$,5.4971,,15,962113797484
ACC2418962,CUST003996,BR023,Business,Suspended,15-02-2018,,"$3,972.34",US Dollar,2.4311,,25,251082728416
ACC9351586,CUST000874,BR021,SAVINGS,active,08/02/2001,,4481.44,GBP,2.4161,1000,25,312499700083
ACC5627126,CUST000833,BR037,SAV,ACTIVE,25-05-2000,07-08-08,946.37,USD ,1.6258,100,25,069557124950
ACC5425577,CUST002664,BR009,chk,ACTIVE,10/31/2006,2017-11-21,7254.52,,0.5952,100000,25,004083862393
ACC6028937,CUST004852,BR013,Business,active,2004-11-09,,1369.61,GBP,0.5504,100,15,314362544461
ACC4619326,CUST000705,BR008,Business,CLOSED,99/99/9999,,826.54,US Dollar,3.0507,250,0,492196230735
ACC1797558,CUST003645,BR018,SAVINGS,active,28/06/2012,,2086.2,,2.7968,$0.00,25,955830421161
ACC2144648,CUST002495,BR023,Savings,ACTIVE,10-09-2002,,"-5245,64",$,1.7769,500,12,394562630019
ACC9860077,CUST001745,BR010,Savngs,closed,18-02-09,,13462.34,USD ,1.0847,500,12,253369758002
ACC2758962,CUST004573,BR041,Business,Frozen,"February 11, 2012",,6627.82,USD ,4.4411,500,5,296730455349
ACC9466231,CUST000333,BR014,Business,Open,18/09/2016,,"$11,276.94",EUR,2.9463,USD 500.00,0,382914871038
ACC1029251,CUST002195,BR050,Checking,Frozen,12-03-14,,606.11,usd,1.8502,$100.00,5,839410963570
ACC6399343,CUST003207,BR019,Savings,Open,"May 08, 2016",,295.35,US Dollar,4.673,0,12,678621897580
ACC4151445,CUST004269,BR029,Checking,N/A,2004-04-30,,3263.11,USD,5.3424,,12,579137735303
ACC4950405,CUST001884,BR011,Checking,active,2007-08-25,20-07-2017,1371.64,USD ,3.8023,$100.00,25,305878699342
ACC2545550,CUST002323,BR033,MoneyMarket,Open,99/99/9999,,7042.32,,2.8676,250,15,061255290322
ACC4787026,CUST000047,BR037,MoneyMarket,Closed,2018-11-06,,4458.82,$,0.5617,100,0,775318578198
ACC1261951,CUST003302,BR028,Money Market,CLOSED,12-07-23,99/99/9999,14124.52,,1.0134,100,5,503374845940
ACC3491668,CUST000726,BR042,Business,Open,06-03-2011,,1176.37,usd,2.6605,0,25,205441084724
ACC9406971,CUST003296,BR045,Checking,Open,27/01/2012,,2660.45,GBP,0.3699,,10,948266615508
ACC4500602,CUST004750,BR027,Money Mkt,closed,"July 05, 2017",,2782.52,usd,,1000,10,632289654139
ACC5866174,CUST004949,BR030,Savings,open,"December 30, 2017",,1093.42,,3.6984,100,12,102117796891
ACC9790933,CUST000838,BR047,Checking,open,04/04/2005,,3567.3,usd,1.4797,,5,864891960265
ACC1595718,CUST004736,,CHK,Closed,,,2342.81,US Dollar,2.5764,1000,12,747197285091
ACC6296281,CUST000708,BR022,Checking,Frozen,2015-07-30,,2367.58,,4.4789,,10,219792165219
ACC4460161,CUST002456,BR003,Money Market,Suspended,2021-08-06,20-04-2022,1802.29,$,0.5551,500,15,399252464800
ACC5969046,CUST004296,BR032,Savings,Open,23-07-14,,"68,3",US Dollar,0.1033,USD 100.00,15,838276124719
ACC9907171,CUST003012,BR031,BUSINESS,Frozen,11-08-2017,,2953.38,US Dollar,,1000,5,086700785591
ACC2007381,CUST002375,BR048,BUSINESS,Frozen,2011-08-05,,1633.36,US Dollar,1.0781,0,15,453657188966
ACC9271288,CUST000815,BR048,Business,Active,,"November 15, 2009",5.28,$,0.9189,,5,512927109922
ACC9730609,CUST002357,BR022,Current Acct,Frozen,10-03-24,,1472.35,USD,2.011,500,25,985435663353
ACC3015024,CUST001536,BR043,money market,Inactive,2005-07-10,2007-08-06,1306.4,USD ,4.4477,,12,849622850008
ACC8361827,CUST002726,BR006,Savings,closed,03/03/2009,,1999.86,GBP,1.5638,500,0,119003597092
ACC5495000,CUST002114,BR004,Money Market,open,,2014-09-20,565.57,USD ,2.5617,100,15,552845867145
ACC1272935,CUST003467,BR043,Money Market,open,2008-05-17,07/14/2021,2834.54,US Dollar,1.8575,,5,301160300093
ACC5842132,CUST004534,BR039,Savings,open,11/03/2006,,4716.34,USD,2.6409,250,12,810896811787
ACC3259945,CUST003186,BR050,svgs,Closed,30-08-2009,,USD 3979.02,,2.525,1000,0,881540837492
ACC6660356,CUST001643,BR012,Business,Inactive,"August 14, 2010",,6513.56,USD,5.0393,500,0,472101010174
ACC3365714,CUST000116,BR013,Checking,Frozen,08-04-2002,,2405.98,$,0.0183,500,5,418201153292
ACC6927081,CUST004792,BR024,business,Active,2000-10-21,,2928.31,USD,2.144,500,15,224721628443
ACC5387674,CUST004123,BR004,Money Market,Inactive,"September 16, 2003",,6651.4,usd,,250,0,941214354818
ACC1989678,CUST001580,BR049,Checking,Frozen,"March 21, 2012",,2232.38,USD ,0.0229,,10,814888972387
ACC2096288,CUST003482,BR018,MoneyMarket,Active,19/08/2019,25-09-2020,"$4,837.27",$,1.522,1000,0,776887132263
ACC7364071,CUST001760,BR038,Savings,Frozen,08-03-03,,-2280.9,usd,0.7201,100,5,189846579510
ACC7860945,CUST000242,BR021,Business,Suspended,01-09-13,,2163.33,US Dollar,2.143,0,15,155682990439
ACC2283571,CUST003718,BR020,Money Market,Inactive,"May 02, 2016",,5711.89,USD ,5.1707,1000,5,884792700611
ACC3843218,CUST004112,BR013,Buisness,CLOSED,15/01/2007,,768.7,USD,1.0315,100,5,034464954870
ACC8824385,CUST004103,BR039,sav,open,30/05/2015,,1653.5,EUR,0.1553,,12,216349403490
ACC6756016,CUST003026,BR028,BUS,Open,"June 13, 2018",08-01-2023,1015.3,US Dollar,4.6423,1000,0,300765814206
ACC4265574,CUST002220,BR007,Business,open,"March 11, 2023",,1779.59,US Dollar,2.3547,250,15,584948339560
ACC1016666,CUST001724,BR018,sav,closed,2015-12-17,,104741.00000000001,USD ,4.0214,250,10,111127480966
ACC6709511,CUST003309,BR021,Business,CLOSED,"November 24, 2015","March 16, 2023",USD 3464.35,GBP,4.1543,USD 1000.00,12,995087888499
ACC9448736,CUST001230,BR015,MM,Frozen,03/28/2020,,6401.33,US Dollar,0.5339,250,5,399912921303
ACC8670188,CUST002046,BR018,Business,CLOSED,11-11-30,,6178.59,USD,1.9541,500,5,269961626102
ACC2599288,CUST004304,BR036,savings,Frozen,15-01-2010,,,,,100,5,292461659339
ACC2079091,CUST002767,BR008,SAV,Frozen,18/02/2006,,17953.25,EUR,1.7228,100,5,620813522839
ACC1780878,CUST001069,BR028,Biz,Active,01/06/2015,,3604.17,usd,0.1757,500,0,803420994822
ACC6368078,CUST004330,BR016,Checking,open,"May 05, 2006",,2039.31,USD,4.9253,100,0,007798899319
ACC5861158,CUST000896,BR009,savings,Frozen,2014-08-18,,7220.33,GBP,1.4855,100,0,744932100496
ACC6577297,CUST001056,BR038,Savings,open,24-12-2017,,-5235.47,GBP,1.2762,100,15,436018051991
ACC1327782,CUST002886,BR050,SAVINGS,CLOSED,14/01/2009,,5533.6,usd,3.1935,0,12,392283113215
ACC6607886,CUST002209,BR043,Checkng,Suspended,08/01/2007,,"873,32",USD,0.8104,500,10,583045672397
ACC2326479,CUST003150,BR016,money mkt,active,18-08-03,,2526.89,usd,4.3749,500,0,529364213831
ACC4663581,CUST004223,BR003,Money Market,ACTIVE,"April 04, 2016",,7917.03,USD,3.0115,1000,25,901685497824
ACC3272803,CUST000413,,Money Market,Active,07-11-2005,03-04-2020,2805.02,EUR,0.4156,0,15,954129122493
ACC5732455,CUST003109,BR025,Saving,active,27/03/2017,,4601.13,USD,5.4257,1000,0,146400800267
ACC4991469,CUST004843,BR012,Savings,open,22-01-2009,,3546.28,US Dollar,2.9204,,12,836990678472
ACC1769077,CUST001441,BR010,Money Market,Open,05/04/2015,,7389.68,EUR,0.8167,500,10,220144170340
ACC3219865,CUST004669,BR016,Business,Closed,"February 21, 2013",,1339.43,USD,,500,12,734593325188
ACC5154262,CUST004339,BR003,chk,N/A,02-11-2007,09-06-09,3427.14,GBP,3.4265,1000,15,006123435864
ACC8860526,CUST002134,BR039,CHECKING,active,21-01-02,,526.06,EUR,0.2144,100,15,403184786679
ACC8309068,CUST001764,BR016,BUSINESS,active,12/16/2000,,4687.45,US Dollar,4.5898,100,25,341869443517
ACC4334350,CUST002334,BR011,SAV,Frozen,03/22/2000,11-04-03,5266.59,$,4.744,100,12,233809155460
ACC7399633,CUST002292,BR042,Chequing,ACTIVE,18-03-03,2019-03-06,,US Dollar,3.1294,,10,626956473245
ACC6205118,CUST003976,BR041,Current Acct,CLOSED,05/17/2023,23-08-23,4505.47,$,4.2988,$0.00,0,493122224531
ACC6570049,CUST000489,BR046,Checking,active,"July 03, 2002",,2142.46,EUR,3.0289,100000,0,251008561807
ACC7236004,,BR024,Money Mkt,CLOSED,06-04-20,,530.0,GBP,,250,25,054867442726
ACC6088975,CUST002551,BR022,CHK,closed,19-11-06,,2178.27,EUR,4.5735,250,0,470465410179
ACC3981190,CUST001583,BR016,Checkng,Inactive,2017-04-16,,863.84,US Dollar,,,15,081481007077
ACC4302960,CUST001027,BR012,Checking,ACTIVE,"May 24, 2013",,2148.4,,3.0421,10000,5,977011516097
ACC9880263,CUST002319,BR007,money mkt,Suspended,"June 17, 2021",,1940.24,USD ,2.5767,1000,0,334174021125
ACC5711881,CUST002562,BR011,Buisness,closed,19-08-22,,5363.63,USD ,3.1824,100,5,006579709202
ACC9782436,CUST001652,BR023,Money Market,N/A,"May 01, 2007",,595270.0,,5.4888,250,25,796275370038
ACC6883342,CUST002586,BR009,Business,Inactive,02/25/2017,,3736.07,USD,5.142,500,25,880681100303
ACC4129994,CUST003877,BR009,MONEY MARKET,N/A,01-05-2000,,91.79,,0.4768,250,5,350797417660
ACC8180538,CUST002879,BR002,Business,closed,31/01/2011,,10695.89,$,2.3385,100,12,163254525627
ACC6815799,CUST000207,,SAV,Closed,08/14/2016,,4636.42,,2.9711,250,25,128831746589
ACC6675518,CUST001857,BR006,money mkt,active,28/06/2009,,139.18,$,0.6835,0,10,662430158598
ACC6019400,CUST000995,BR007,Business,Closed,99/99/9999,2014-06-12,6833.34,usd,4.6019,,0,054898044053
ACC1782247,CUST001277,BR032,Savngs,Suspended,05-10-21,,893.91,USD ,4.0754,1000,12,309437376014
ACC4268879,CUST000712,BR017,Money Market,ACTIVE,16-07-2001,,3462.59,EUR,0.2699,1000,25,292444297044
ACC3859976,CUST002315,BR017,Savings,N/A,"August 24, 2008",,2514.19,usd,4.3352,250,0,998729738137
ACC9968642,CUST004259,BR020,CHK,ACTIVE,10/02/2002,,,US Dollar,1.4695,250,25,132632891315
ACC9619347,CUST004683,BR030,Checkng,Frozen,28-11-2017,,"8818,7",US Dollar,5.1164,1000,12,930308997260
ACC6320235,CUST002279,BR014,savings,open,11/15/2020,,2300.47,$,3.5869,100,12,960501704625
ACC7609764,CUST002702,BR009,Savings,open,2021-11-29,,313.33,usd,4.6007,1000,5,734520281468
ACC9154175,CUST003602,BR026,Money Mkt,open,04-05-03,,"$11,722.68",,5.4772,500,0,787582586068
ACC9752508,CUST003388,BR025,Checking,closed,09-10-2001,14-03-10,10129.77,$,4.0194,,10,607600474704
ACC5813985,CUST002653,BR039,Biz,CLOSED,22-02-2003,"September 25, 2018",4613.53,EUR,3.0527,500,25,901406198956
ACC2008692,CUST000131,BR013,chk,Active,2000-08-19,,2523.64,USD ,5.1954,1000,0,846908423605
ACC9421624,CUST002394,BR031,Business,N/A,99/99/9999,,389.83,US Dollar,0.4815,,10,495972028766
ACC1547050,CUST001672,BR036,Current Acct,open,"August 13, 2003",,6256.87,,1.0597,500,15,690485411771
ACC2922392,CUST001068,BR035,Money Market,Frozen,"November 10, 2019",20-02-19,313.91,,1.0797,1000,25,336614124115
ACC8417850,CUST003895,BR011,Money Market,closed,2008-01-03,,284.27,GBP,4.9204,250,15,705917777320
ACC1495973,CUST004861,BR023,Checking,Suspended,20/06/2020,,3083.43,USD ,4.1448,500,25,963471311397
ACC7981300,CUST000039,BR036,SAVINGS,N/A,2010-06-05,2015-07-08,698.02,USD ,4.2085,$100.00,5,667328175270
ACC8714658,CUST001171,BR027,Money Market,Suspended,09/01/2014,13/03/2018,,,4.9763,1000,25,860380993092
ACC2312932,CUST002449,BR046,Business,Open,04-12-2016,,2200.44,US Dollar,0.7546,,5,943427544020
ACC7532143,CUST000447,BR041,Business,Open,"December 29, 2006",,590.37,US Dollar,1.2594,0,12,513071908759
ACC6998047,CUST002688,BR006,Savings,Inactive,"November 21, 2007",,699.87,usd,1.0114,100000,25,287820699847
ACC6094427,CUST000032,BR016,MONEY MARKET,CLOSED,16/01/2021,,320.12,usd,5.3764,0,10,864368394295
ACC3855763,CUST003471,BR016,Savngs,Frozen,06/21/2020,,918.12,,3.7011,,0,931011666069
ACC6980863,CUST002553,BR018,Money Market,Suspended,01-11-01,,"$5,027.87",EUR,3.5312,100,10,911041217512
ACC1671167,CUST003439,BR016,Savings,ACTIVE,2014-09-28,,6620.41,US Dollar,1.9909,0,10,952843544362
ACC5388776,CUST003564,BR010,MoneyMarket,Inactive,09/01/2009,,2409.82,US Dollar,4.8536,$250.00,10,385646398465
ACC9498134,CUST002538,BR022,checking,closed,15-11-18,,2825.37,$,3.432,,10,610550366743
ACC5624332,CUST001607,BR033,Savings,Open,01/10/2021,,132.8,USD ,4.8202,250,10,553075940182
ACC8070055,CUST000793,BR031,Savngs,closed,2010-10-07,,287.34,EUR,4.2716,500,25,808943970114
ACC1219627,CUST001984,BR015,Money Market,N/A,2012-12-13,,1191.29,GBP,0.6827,250,25,540246599213
ACC7252486,CUST004053,BR019,Savings,Frozen,2009-07-18,,3140.16,usd,3.1397,,10,287048461207
ACC2472841,CUST001518,BR028,business acct,closed,02/06/2016,,5381.4,GBP,2.4786,250,10,491272691094
ACC5269798,CUST002178,BR036,Savings,open,2020-04-29,,3715.51,EUR,5.2232,250,12,992861749079
ACC8115827,CUST003860,BR022,Buisness,active,99/99/9999,,1991.16,,4.6432,,0,494966373626
ACC3657695,CUST003510,BR016,money mkt,CLOSED,08/27/2000,,503.72,,5.4413,USD 100.00,0,994720164528
ACC7153232,,BR008,Money Market,ACTIVE,08/02/2016,,,$,0.5009,100,0,817123683668
ACC2280950,CUST000310,BR034,svgs,open,08-09-2022,,180888.0,US Dollar,4.5674,,15,648823833408
ACC1718641,CUST003961,BR027,business acct,closed,"August 12, 2009",,5328.04,EUR,4.1502,1000,12,821233633600
ACC3591113,CUST002484,BR038,Buisness,N/A,14-01-2010,,2877.79,GBP,,250,5,353149559517
ACC9723691,CUST001419,BR004,svgs,open,15/02/2009,,5367.76,$,2.5956,1000,15,414048864864
ACC1051230,CUST000653,BR043,Checkng,N/A,2023-11-29,,9513.1,,1.3761,500,0,342225806736
ACC7348275,CUST004820,BR004,Money Market,Inactive,17-09-13,,10154.72,GBP,3.967,1000,10,029129526911
ACC1709292,CUST002695,BR004,Checking,Suspended,10-03-2009,,3063.79,$,0.2325,1000,25,530109540552
ACC2954206,CUST004683,BR005,CHECKING,CLOSED,"November 16, 2007",,2865.73,usd,3.8312,USD 0.00,25,291871788369
ACC4277240,CUST002608,BR039,Savings,closed,06/08/2018,,1235.23,US Dollar,4.1594,0,12,698278608149
ACC9744990,,BR023,Saving Acct,ACTIVE,20-06-2007,,10983.0,,0.0252,100,5,302855969681
ACC4470809,CUST004012,,Checking,CLOSED,04/17/2007,,2449.36,EUR,3.1237,1000,0,449491639201
ACC3086955,CUST002844,BR022,Savings,active,02/01/2013,,545.99,$,5.0958,,10,515797611165
ACC6960092,CUST000568,BR003,business,Active,02-08-2004,,2267.5,US Dollar,5.2278,500,5,132105104023
ACC3877429,CUST000215,BR047,Business,open,08/11/2010,,$543.52,USD ,5.221,500,25,961742653620
ACC5834909,CUST004923,,SAVINGS,N/A,"February 10, 2016",,2792.89,$,4.8681,100,12,292848661564
ACC4491785,CUST004382,BR026,Money Market,active,29-03-2004,,,USD,2.5971,250,12,432415964720
ACC2115090,CUST002825,BR014,Business,active,"September 26, 2014",,1648.48,EUR,3.8336,250,10,941689786646
ACC4394632,CUST003833,BR013,MONEY MARKET,Suspended,06/28/2009,,297.39,usd,2.0978,500,15,629700410283
ACC3408352,CUST000477,BR009,Money Market,Open,14-03-29,,11494.31,$,3.851,,25,901470474546
ACC3537161,CUST001759,BR031,Savings,Active,10-06-2022,,5937.45,USD,2.3924,1000,25,405198679866
ACC6493215,CUST004697,BR046,Savings,ACTIVE,99/99/9999,,7302.45,EUR,3.325,500,25,379813434090
ACC9316996,CUST002939,BR013,Business,closed,29-04-2015,,1828.31,$,3.2462,100,25,828495324772
ACC8007049,CUST000409,BR023,Business,open,23-07-08,28/08/2023,5722.34,$,1.0029,0,15,113824463307
ACC9748288,CUST001099,BR003,Checking,Active,2006-12-15,,2657.25,,1.7902,100,12,599896277149
ACC9644038,CUST003537,BR046,Money Market,Inactive,08/02/2001,04-02-03,898.0,usd,3.1077,250,5,400730757605
ACC9954757,CUST001333,BR044,Money Market,Closed,"March 12, 2007",,USD 531.49,USD ,1.5476,,5,411503482556
ACC1193014,CUST004467,BR043,MM,active,02/09/2019,,1692.79,USD ,,0,12,789789521648
ACC3555143,CUST000110,BR005,Business,Frozen,"February 07, 2012",,591.92,usd,2.4189,250,5,759683083697
ACC9061907,CUST004008,BR006,Chequing,Suspended,"January 07, 2011",,25436.17,usd,4.6969,100,5,242996500188
ACC3180421,CUST000359,BR006,money market,ACTIVE,01-04-26,,201.76,usd,4.878,,0,265045426937
ACC5853467,CUST000743,BR030,Checkng,ACTIVE,15-10-08,"March 28, 2016",2327.45,USD ,3.7998,,12,049978948944
ACC1543940,CUST002254,BR007,money mkt,closed,21-07-09,,"$2,406.60",EUR,0.2666,100,5,759940752817
ACC7836067,CUST001953,BR045,Checking,active,2018-08-15,,USD 1430.31,USD,2.6823,"$1,000.00",15,438781847313
ACC2934629,CUST002546,BR036,Savings,Active,,2018-10-24,3388.47,US Dollar,5.4168,100,12,404040577599
ACC8318287,,BR019,business acct,N/A,03/12/2015,,USD 649.97,,4.8591,0,12,742510439853
ACC7440027,CUST004576,BR015,Money Mkt,CLOSED,19/02/2005,,6128.29,USD,4.4528,,25,801528498958
ACC1209762,CUST001550,BR024,Business,open,2010-06-15,,1616.55,GBP,5.1848,250,10,442861560598
ACC4543296,CUST004701,BR003,CHK,Closed,99/99/9999,,3579.51,US Dollar,0.8849,$0.00,10,873305201902
ACC4280628,CUST000452,BR040,Savings,Closed,03/27/2007,,5030.05,usd,3.2962,500,12,132910640425
ACC1831364,CUST000864,BR024,Money Market,CLOSED,99/99/9999,"June 10, 2008",8794.42,$,1.2455,0,5,391638495440
ACC2457076,CUST000565,BR004,Money Market,Closed,,"February 23, 2018",7226.37,USD,4.3561,500,10,660806021690
ACC4210287,CUST002979,BR007,Savings,closed,2020-02-13,,3749.13,GBP,0.1741,250,25,251753973082
ACC9199309,CUST003929,BR032,Money Market,N/A,18-03-2014,,1966.66,EUR,2.5835,0,12,617762152641
ACC9439977,CUST000866,BR042,Business,N/A,25-02-2021,,2798.31,GBP,4.1741,1000,25,693317686027
ACC8273272,CUST004038,BR002,Checking,CLOSED,2012-05-08,,5856.76,EUR,4.8362,500,15,422830450644
ACC7336739,CUST001354,BR049,Saving,ACTIVE,"July 11, 2020",22-06-16,8400.06,EUR,1.0366,500,0,257209579584
ACC1859681,CUST002682,BR019,Checking,Inactive,,,438.29,US Dollar,2.9148,250,5,636726004708
ACC2501739,CUST001219,BR034,Checking,active,19-08-2008,,1943.6,US Dollar,0.9704,500,0,844621860959
ACC6710384,CUST001463,BR048,Savings,Active,03/20/2015,,5986.52,usd,4.1208,0,0,614643717981
ACC3046323,CUST004578,BR039,Checking,closed,"November 03, 2008",,2260.08,$,0.3536,0,10,969515171452
ACC8360283,CUST002153,BR032,chk,Closed,13-06-2009,,1615.23,EUR,2.1713,100,10,018729540263
ACC3587105,CUST004134,BR029,Checking,CLOSED,2021-07-31,,2119.51,USD ,2.7301,1000,15,215366601053
ACC6276631,CUST000672,BR019,Savings,open,2002-11-09,,3693.71,USD,3.1336,500,15,804687656567
ACC5294602,CUST003185,BR022,Checking,Inactive,01/29/2006,,34173.0,USD ,1.1602,500,25,033794466287
ACC4927951,CUST001546,BR039,Business,Frozen,"May 18, 2002",,2716.92,,3.4987,100,0,828123965560
ACC1774381,CUST003944,BR034,Checking,CLOSED,12-08-2004,,935.27,US Dollar,3.8601,250,12,367691117332
ACC3137546,CUST004058,BR027,business,Open,2007-04-12,,710.99,GBP,2.5322,250,0,215874012985
ACC5561004,CUST002683,BR009,Checking,Inactive,2011-05-31,,173.09,USD ,2.4238,1000,5,664671987057
ACC3455804,CUST002151,BR027,Money Market,closed,22-09-2009,"July 13, 2010","$3,273.18",$,,100,0,766405623251
ACC2499763,CUST002432,BR046,Chequing,closed,07/02/2004,,3146.07,,0.7125,100,12,860347002134
ACC8734181,CUST000874,BR029,Money Market,Suspended,25-03-2003,,918.83,usd,4.8291,1000,25,276812065415
ACC8862104,CUST004941,BR049,Checking,active,"April 22, 2015",,"4754,1",$,1.3395,0,5,459398500184
ACC5287436,CUST001340,BR010,Checkng,ACTIVE,19/08/2006,,5405.36,$,3.3822,0,25,669199035042
ACC9404792,CUST001263,BR007,Checkng,open,25-10-2022,,1199.55,USD ,3.3652,500,10,604725263658
ACC9458070,CUST000928,BR034,Money Market,ACTIVE,21/05/2011,11-08-03,1686.99,US Dollar,,250,5,245494328320
ACC6193119,CUST000276,BR027,CHECKING,CLOSED,09-03-16,,18613.94,,,100,25,043204251670
ACC3625056,CUST000159,,Business,open,"November 05, 2008",,1875.31,$,5.2198,,12,965730662660
ACC3035009,CUST003118,BR014,Business,Suspended,07-11-12,,USD 5721.85,usd,,USD 500.00,15,400657548922
ACC1024777,,BR045,check,Suspended,15-02-01,,2411.22,usd,5.458,100,15,471709373779
ACC6882363,CUST003491,BR016,Business,Closed,01-01-17,,6306.81,EUR,4.7744,0,0,566142612669
ACC8031735,CUST003830,BR015,BUSINESS,open,07-05-20,,5861.75,EUR,0.6023,1000,12,110176583777
ACC8455027,CUST001462,BR031,Biz,Frozen,"December 18, 2000",,4407.54,US Dollar,4.1839,100,0,889328200622
ACC7226516,CUST001960,BR010,Money Market,Suspended,06-06-2002,,7717.98,,4.2765,500,25,618989622781
ACC2074617,CUST004153,BR023,Money Market,ACTIVE,17-12-09,,11201.88,$,4.9374,0,10,255895213156
ACC7855023,CUST003505,BR020,Checking,Closed,20-07-2007,,3469.84,EUR,1.3121,100,0,277448677712
ACC2382940,CUST004456,BR003,Money Market,open,NULL,,1084.45,usd,4.0334,500,0,613728392708
ACC5883160,CUST001414,BR038,Money Market,Active,01-03-2015,,2034.17,EUR,3.0558,,15,510634297755
ACC6427858,CUST002284,BR042,money market,open,"November 02, 2015",,5680.33,GBP,3.3705,100,5,971162134843
ACC1573099,CUST000627,BR012,Savngs,CLOSED,2013-04-29,,4209.4,USD ,4.5194,USD 1000.00,0,134287163658
ACC5760181,CUST001181,BR039,Business,Frozen,99/99/9999,,783.08,EUR,4.9806,100,10,312249783114
ACC1894054,CUST002554,BR008,Savngs,N/A,99/99/9999,,210.4,US Dollar,2.2855,250,10,874385703407
ACC1468731,CUST001604,BR041,Saving Acct,open,02/15/2023,,4594.93,usd,5.4779,,0,269639973369
ACC8022350,CUST001899,BR041,Checking,open,"December 15, 2006",,1156.49,US Dollar,3.2452,100,25,601013359117
ACC4199965,CUST002236,BR022,money market,Frozen,10/25/2002,,2769.95,,0.2688,100,25,655046047731
ACC9923783,CUST000160,BR006,MoneyMarket,Inactive,2014-01-25,,5493.46,GBP,1.0314,1000,5,114214276666
ACC7558061,CUST002590,BR007,Chequing,closed,09/04/2000,,3308.24,usd,5.4965,250,15,747441864874
ACC1283551,CUST004465,BR021,Business,closed,"November 03, 2006",,347.91,EUR,4.8043,500,12,803066950626
ACC8106440,CUST001176,BR047,chk,open,99/99/9999,"September 22, 2013",821.12,GBP,3.2213,100,5,506231768953
ACC7413843,CUST004750,BR004,Money Market,closed,03-04-19,,990.4,EUR,4.198,500,10,448751675263
ACC4892898,CUST001865,BR050,Checking,active,16-02-2007,,1192.89,USD ,4.0508,100,25,469404623708
ACC8706436,CUST003843,BR005,Checking,Active,01/17/2014,,"$3,333.35",EUR,1.2835,250,5,541129421693
ACC2294934,CUST004037,BR039,business,active,14-11-03,,2804.44,EUR,4.2464,0,15,094715213249
ACC3968927,CUST000687,BR001,Money Market,Closed,02/25/2015,,908.41,USD ,4.1018,250,0,928859661880
ACC3302804,CUST002986,BR043,Savings,Suspended,2008-08-07,,279.78,US Dollar,4.9999,100,15,894400039545
ACC5158268,CUST000889,BR004,Savings,closed,NULL,,-752.23,usd,4.9347,250,12,244430134236
ACC8223836,CUST000718,BR044,Money Market,Frozen,26-11-2003,,16637.15,,3.5974,500,25,404088536529
ACC3520789,CUST001040,BR045,Money Market,Suspended,05/07/2020,,2528.56,GBP,1.1108,0,12,802964868754
ACC9324545,CUST002265,BR020,SAV,ACTIVE,26/01/2019,,8080.03,usd,1.4428,500,25,720574520813
ACC6266885,CUST004601,,Business,N/A,,,755535.0,$,,1000,25,151030911754
ACC6738208,CUST003422,BR006,sav,N/A,03-11-2022,06/07/2023,2865.82,,2.6515,500,15,907751428570
ACC9968820,CUST002622,BR047,Checking,Closed,29/09/2007,,4906.07,,0.9037,1000,5,881351623839
ACC9317191,CUST002117,BR016,MONEY MARKET,closed,18-02-26,,856.5,usd,3.0705,,10,338923324899
ACC8458430,,,Saving,CLOSED,12/04/2018,,,usd,5.2767,0,25,034116215702
ACC4332268,CUST000992,BR007,Savings,CLOSED,22-10-2012,,1271.93,,1.2862,500,10,193954755435
ACC6229283,CUST001685,BR034,BUSINESS,ACTIVE,16-02-2017,,7136.64,usd,3.0543,100,15,559858246710
ACC6394625,CUST000346,BR043,Business,Open,05-08-2004,,349.75,USD ,3.3902,0,25,633607032445
ACC1956060,CUST003755,BR034,sav,Active,24-03-2001,,,USD,,250,25,069666481402
ACC1099785,,BR041,Checking,Suspended,05/03/2008,,421.16,$,0.3055,500,10,432024808401
ACC4115977,CUST000652,BR019,Savings,Active,16-03-28,,8520.89,EUR,0.7539,$500.00,5,838747264291
ACC3048722,CUST002431,BR018,Money Market,Frozen,06/30/2020,"August 18, 2023",1450.8,usd,,1000,15,421911760659
ACC9955349,CUST000192,BR038,Biz,open,15-05-29,,4249.82,USD,0.6461,,0,066316620018
ACC8423285,CUST000481,BR006,Money Market,active,29-09-2004,,2673.84,GBP,4.4194,,15,772986471771
ACC6630366,CUST001690,BR045,Business,Inactive,"August 01, 2016",,182474.0,EUR,3.3919,1000,25,622613411378
ACC2023393,CUST003394,BR019,check,open,"April 17, 2012",,4147.53,USD,4.9687,100,10,882697062998
ACC1038517,CUST001630,BR002,Checking,ACTIVE,02/02/2001,,11789.52,usd,3.8706,1000,10,287840489808
ACC7424773,CUST003510,BR035,Business,closed,12/22/2009,14/01/2019,168.58,USD,0.0958,100,0,486815384378
ACC4177961,CUST002744,BR015,Money Market,Suspended,"July 12, 2005",,10045.96,US Dollar,0.147,1000,12,844282253251
ACC8210651,CUST003383,BR005,Savings,Active,"September 06, 2003",,3757.03,GBP,0.7349,100,15,370092925099
ACC8909682,CUST003808,BR019,Savings,active,10/12/2004,12/06/2005,6586.78,GBP,2.4057,500,0,389099424588
ACC9200136,CUST000012,,Checking,open,2000-06-19,,"1937,22",GBP,,500,12,891015639282
ACC4318141,CUST003508,BR012,business acct,CLOSED,02/17/2011,,,GBP,,250,12,936763797315
ACC1963795,CUST001863,BR012,Checking,active,05/13/2013,,8125.68,,5.0417,,0,298076349199
ACC9417310,CUST001429,BR042,money market,ACTIVE,2001-04-18,,2143.53,USD ,0.6912,0,10,256234493486
ACC6550541,CUST000618,BR050,Business,CLOSED,"August 18, 2020",,3059.94,,0.349,,0,576708055978
ACC6320598,CUST004643,BR014,Business,N/A,"September 14, 2018",,81.61,GBP,3.4601,0,25,493211414121
ACC8692777,CUST003164,BR042,SAVINGS,Frozen,15-11-2000,,,usd,0.8854,500,25,445548012400
ACC6677509,CUST002296,BR042,Biz,Suspended,02/27/2016,,4105.39,,0.2844,500,25,607510849805
ACC3501484,CUST003556,BR047,Savngs,open,20-09-16,,5048.91,,2.9572,,25,716221693725
ACC6656317,CUST003294,BR030,Money Market,open,"April 12, 2004",,3494.85,GBP,0.9444,250,0,834369815403
ACC5118191,CUST003052,BR049,Checkng,Open,00-08-04,,618.72,usd,5.0859,500,12,082750347902
ACC9810562,CUST002874,BR018,MONEY MARKET,Closed,09/01/2000,,2358.07,EUR,0.1059,1000,12,407257047228
ACC3344425,CUST000223,BR028,Biz,Inactive,2010-04-04,,1754.61,GBP,4.373,100,12,859724673648
ACC9835944,,BR014,svgs,Active,2012-12-31,2015-03-05,-2738.03,,1.2976,250,5,437981013871
ACC3521218,CUST000228,BR011,Checking,ACTIVE,14/02/2004,,"$8,171.02",$,3.2039,1000,25,026850127463
ACC2319382,CUST000085,BR044,checking,open,99/99/9999,,USD 5981.96,GBP,3.2414,1000,12,552660895650
ACC9780428,CUST003254,BR017,MONEY MARKET,Open,12-09-2022,,350.91,usd,2.1584,500,5,494555343019
ACC6119552,CUST001671,BR016,Saving,CLOSED,"March 18, 2003",,8840.36,USD ,3.8411,1000,15,780360412752
ACC9691469,CUST002254,BR020,Money Market,ACTIVE,01-11-2014,,2552.87,USD,0.2799,1000,25,590377525322
ACC2810387,CUST002852,BR008,Business,Active,NULL,,5448.16,,0.3615,1000,12,438598613295
ACC2605959,,BR033,Money Market,Open,06/25/2006,"July 06, 2017",603.47,USD,4.6668,0,15,674595124125
ACC7833274,CUST002179,BR047,Business,open,07-09-03,,4443.38,,2.6858,250,25,485804632486
ACC8177269,CUST002603,BR039,Money Mkt,closed,"April 02, 2002",,1078.46,GBP,3.5616,,12,244686741721
ACC9866002,CUST001503,BR041,BUSINESS,Suspended,2002-02-07,,2307.73,$,,1000,10,568452507835
ACC7086475,CUST002850,BR036,Chequing,CLOSED,11-06-27,,68.03,USD ,2.4569,0,12,484466548240
ACC3372025,CUST002044,BR003,Savings,Active,2019-08-28,,65766.0,usd,1.5389,500,25,121658993311
ACC7606461,CUST002103,BR021,CHECKING,Open,18-03-2012,,386.4,USD ,4.1174,250,12,473726656372
ACC2715290,CUST002214,BR002,Savings,Open,19/01/2023,,1096.4,EUR,0.119,100,25,563238420572
ACC5876616,CUST004637,BR033,Money Market,CLOSED,2009-11-23,,421.52,USD,1.392,1000,5,824480795016
ACC2397762,CUST002479,BR044,Savings,Suspended,2020-04-12,,4709.45,EUR,4.3325,0,10,941997504096
ACC9785099,CUST002557,BR033,Checkng,CLOSED,16/09/2005,,117.88,US Dollar,3.2029,,15,139251234287
ACC8318258,CUST003712,BR001,savings,CLOSED,"June 29, 2012",12/08/2012,3846.62,US Dollar,4.0671,500,15,092869440041
ACC7633547,CUST003674,BR021,Checking,active,07/09/2020,,606.59,usd,2.4226,,10,653188348065
ACC8471156,,BR014,Business,Open,2020-01-20,,11613.45,GBP,0.9172,,5,068819434867
ACC1718103,CUST001182,BR014,Money Market,open,07/12/2013,,10817.87,GBP,4.9246,0,5,079514410433
ACC9012781,CUST002926,BR036,BUS,Open,24/06/2012,,1022.17,,0.0391,100,0,180305958182
ACC1344478,CUST004628,BR021,CHECKING,Inactive,25-08-2018,,"$3,812.04",EUR,1.854,1000,12,773530840808
ACC1930695,CUST003865,BR018,Money Market,closed,18-03-25,,113.62,,5.4832,500,10,459686526477
ACC3368934,CUST000576,BR025,BUSINESS,ACTIVE,08/01/2008,,USD 10740.57,EUR,,10000,15,775457221221
ACC3593643,CUST001122,BR027,Checking,closed,18-11-2018,,2960.85,,4.1817,250,15,491174817956
ACC7731238,CUST001322,BR018,BUS,Frozen,12-05-31,21-05-25,176.74,US Dollar,5.0636,"$1,000.00",12,175471052226
ACC7420326,CUST003289,BR019,SAVINGS,open,29-05-2017,,1677.24,$,0.7179,,5,341950362254
ACC6202785,CUST002996,BR025,Checking,N/A,15-03-2022,,,$,3.8164,100,5,246207574072
ACC3600638,CUST001757,BR025,sav,N/A,"November 19, 2016",,1996.54,$,0.4026,1000,15,594967219578
ACC7417493,CUST003406,BR012,Savings,Closed,05/28/2014,,4433.76,usd,4.5007,100,10,945032301410
ACC7420349,CUST001045,BR041,Business,active,2017-08-19,,2538.68,EUR,3.8025,,0,385816031174
ACC8193284,CUST003832,BR015,BUSINESS,ACTIVE,28/07/2017,,1936.23,GBP,2.2767,250,0,545192379078
ACC2900948,CUST001525,BR046,chk,ACTIVE,"November 21, 2012",,507.5,US Dollar,4.0411,250,12,756400722668
ACC9097237,CUST004072,BR050,Checking,open,01-11-2002,,"$1,123.83",EUR,4.3822,1000,12,780089205348
ACC6619688,CUST000997,BR002,Checking,open,20/01/2019,,422.08,EUR,4.8421,500,10,955890004297
ACC6319980,CUST004978,BR016,Money Market,CLOSED,"November 19, 2008",23/02/2010,6590.61,USD,2.9751,50000,12,146416998006
ACC9986829,CUST000971,BR046,check,Frozen,18-09-2005,,581.21,USD ,1.4274,1000,12,569542698084
ACC5984856,CUST002409,BR036,sav,N/A,17-09-2022,,3619.16,GBP,0.8958,1000,12,242860486523
ACC8380710,CUST001984,BR014,Money Market,ACTIVE,22/12/2003,,1678.7,USD ,2.8579,250,25,219528639038
ACC1236280,CUST000130,BR033,Biz,open,01/21/2011,,1024.62,$,4.1287,250,0,991355978786
ACC9925664,CUST004430,BR022,Money Market,Inactive,12-11-23,,4080.7,US Dollar,0.747,0,10,396257745607
ACC4168324,CUST001911,BR013,Business,Open,09-01-2020,,2442.6,,3.752,250,15,069547591602
ACC8814480,CUST003846,BR001,savings,Frozen,17-01-06,24/12/2023,2044.27,GBP,0.2102,250,15,280254910555
ACC8028991,CUST002185,BR003,chk,Active,12/04/2021,,3594.31,$,0.8626,250,15,156036323645
ACC9820066,CUST002975,BR038,Saving,open,13-04-2009,,2703.33,USD,2.2522,500,5,144640796803
ACC9872633,CUST002169,BR025,Savings,Active,17/09/2012,,1446.66,GBP,3.1796,$250.00,5,383648641672
ACC3338488,CUST004699,BR012,Business,Suspended,23/01/2016,17-01-16,"$3,275.40",USD,0.8101,1000,0,768965565805
ACC9264070,CUST004686,BR042,Savings,Suspended,2010-03-17,,4428.58,USD,2.1622,500,25,389338539844
ACC7086906,CUST004969,BR021,Savings,N/A,2013-07-30,,108.22,,3.2561,$250.00,5,443341267024
ACC9961273,CUST002033,BR014,Checking,Open,03-08-27,,2508.48,GBP,3.7868,250,12,176662517681
ACC6127010,CUST001602,BR023,money mkt,ACTIVE,07/20/2023,,237.66,,3.5092,0,15,427978210101
ACC5156047,CUST003392,BR011,SAVINGS,Closed,03-07-2019,,825.17,usd,2.2111,100,15,157907741266
ACC8693645,CUST003756,BR001,Money Mkt,closed,2019-12-01,04/19/2023,3288.55,$,4.8044,100,25,757414958925
ACC1769448,CUST002983,BR008,SAV,Suspended,14/10/2002,,8045.31,US Dollar,2.9343,100,12,767255917112
ACC9905282,CUST004884,BR023,Money Market,N/A,28/09/2004,,8575.69,usd,4.7893,250,15,245125113479
ACC2005939,CUST002349,,MM,Inactive,2001-12-09,"October 25, 2003",$290.04,US Dollar,,0,15,943703440573
ACC3436245,CUST003171,BR005,Savings,Open,2011-01-12,,2172.74,USD,4.4091,0,25,311971663981
ACC7446368,CUST004222,BR014,Savings,active,03/03/2022,,3498.74,,1.081,100,10,033601805198
ACC5489856,CUST003454,BR030,Biz,active,03-08-2017,,636.31,usd,2.4707,1000,5,259370439648
ACC5365060,CUST004296,BR013,money mkt,N/A,2021-04-09,,5800.04,USD ,3.2537,0,25,424465591426
ACC5748958,CUST004676,BR026,savings,CLOSED,2013-10-25,,5453.99,USD,0.7668,500,0,345676612452
ACC2151848,CUST000300,BR013,sav,Active,12-04-22,,9346.26,USD,,250,0,389862204880
ACC7561308,CUST002883,BR010,checking,Open,2020-06-08,"June 07, 2021",34.09,,4.2231,0,0,036798397192
ACC6723867,CUST000302,BR017,Checking,active,05/07/2003,05-11-21,976.88,GBP,3.1513,,15,273384326133
ACC8492941,CUST001922,BR036,Checking,CLOSED,99/99/9999,,7022.17,EUR,1.8171,1000,5,984935356161
ACC9861528,CUST002970,BR049,Money Market,ACTIVE,02-02-03,,4441.69,US Dollar,0.7797,,25,688077163832
ACC8744619,CUST004723,BR025,CHK,Active,2021-07-17,,8992.0,USD,3.9804,0,5,933688425406
ACC7535233,CUST000311,BR006,Business,N/A,2017-11-06,,235.52,usd,4.4438,0,5,005193116917
ACC6069432,CUST000942,BR031,Checking,Closed,04/24/2009,,3634.92,,5.2535,0,25,839305370927
ACC6644548,CUST003425,BR028,Checking,ACTIVE,00-08-01,,3367.02,EUR,0.7153,USD 0.00,12,514730819700
ACC9434851,CUST001216,BR023,Money Market,N/A,02-05-17,,USD 145.31,US Dollar,5.0096,0,10,698209774815
ACC5033402,CUST002947,BR017,sav,ACTIVE,2018-07-13,,2882.26,EUR,4.6441,,10,667286480032
ACC7266998,CUST000595,BR029,Checking,N/A,06/05/2007,,"$3,761.52",,5.4469,0,5,558329532186
ACC6011872,CUST002378,BR048,Business,CLOSED,03-12-08,,849.28,$,1.3585,100,5,671333422990
ACC9133319,CUST001535,BR048,Checking,open,17/11/2006,,1277.13,,3.3557,500,5,400515046902
ACC7870287,CUST003400,BR017,Business,Active,17/09/2021,,4090.47,USD,1.8285,,25,611936820813
ACC1513870,CUST001009,BR021,Money Mkt,N/A,2010-08-16,,2526.71,,3.5895,100,12,122812519491
ACC7949449,CUST003156,BR006,MoneyMarket,active,2001-09-28,,7808.1,$,1.0946,0,0,165104005922
ACC9813870,CUST004523,BR036,Savings,ACTIVE,11-11-2005,,,usd,2.6312,500,10,688716202962
ACC7465094,CUST002126,BR017,money mkt,CLOSED,01/24/2002,08/09/2004,,GBP,5.0048,500,15,604923992678
ACC3347236,CUST004052,BR041,MoneyMarket,closed,05/07/2007,,16763.23,GBP,0.4984,,0,830814289888
ACC7691934,CUST000780,BR016,Business,N/A,99/99/9999,"April 07, 2017",968258.0,usd,4.4524,500,12,734593779300
ACC7861517,CUST004847,BR008,business acct,ACTIVE,2014-09-29,,117.69,$,3.484,100,25,310582226942
ACC4530231,CUST004231,BR006,Money Market,Suspended,11/06/2023,,5891.4,usd,2.8498,500,15,186464910289
ACC8384033,CUST004849,BR037,Checking,Suspended,16-12-06,,467.64,USD ,2.4553,500,12,435203151606
ACC3835257,CUST004090,BR002,Checking,ACTIVE,27/01/2003,,111.48,usd,0.5113,500,0,993357273009
ACC5082014,CUST001239,BR028,Checkng,N/A,21-05-24,,1279.14,GBP,4.3588,$250.00,12,221215356839
ACC8717028,CUST000476,BR019,money market,Active,30-03-2013,,1255.26,US Dollar,2.1549,,0,469091250076
ACC8138772,CUST004440,BR013,Money Market,Active,12/01/2012,2023-08-12,684408.0,GBP,0.9687,250,10,627232798451
ACC7104154,,BR015,Business,active,04/27/2001,,4960.71,,2.5095,100,12,648542853872
ACC2768988,CUST003620,BR044,Savings,ACTIVE,NULL,,,usd,4.408,500,12,163001134084
ACC7485930,CUST002450,BR041,business,open,"July 10, 2009",,4972.42,USD ,4.9357,0,25,937782300191
ACC5499160,CUST003883,BR014,Savings,Closed,"November 13, 2015",,2166.9,EUR,0.1905,$500.00,5,008573424971
ACC4813303,CUST001976,,Current Acct,ACTIVE,18/06/2009,,4801.62,,1.1631,,5,765588768525
ACC7737895,CUST003317,BR024,business,N/A,2010-10-07,,USD 30088.86,usd,0.2209,1000,10,289799683611
ACC9806105,CUST001315,BR022,Business,active,01/01/2019,,4953.45,USD,4.6714,100,10,234518857937
ACC6477115,CUST003637,BR003,Money Market,Inactive,"June 12, 2009",,5736.59,GBP,2.3903,100,5,250135340875
ACC1359155,CUST000574,BR050,BUSINESS,closed,2004-03-20,,11146.1,$,3.4587,100,5,462997926698
ACC7590879,CUST002749,BR041,MONEY MARKET,ACTIVE,08-12-12,"February 14, 2023",482.58,EUR,1.3184,0,5,638573015012
ACC5279545,CUST002855,BR022,Savings,active,"May 06, 2001",,4880.2,USD ,3.168,250,12,215634309183
ACC9627018,CUST002237,BR006,business acct,N/A,05/24/2001,,USD 7610.03,usd,0.3592,0,0,510342050249
ACC2502903,CUST004591,BR008,Business,open,2017-03-06,,12349.51,usd,2.8533,0,25,723893559791
ACC1582068,CUST004831,BR049,Money Mkt,Closed,2009-05-02,,947.8,usd,,500,12,623223721060
ACC2754884,CUST001173,BR015,Business,Inactive,02-10-2015,,2804.14,US Dollar,1.5351,,15,116737683510
ACC6968380,CUST004703,BR011,MM,ACTIVE,16/05/2013,,4564.68,usd,0.9559,250,25,105899707302
ACC1738358,CUST001316,BR016,Savings,Frozen,02-06-2007,30-05-2009,1137.25,usd,4.2512,250,15,736751167874
ACC3400556,CUST002977,BR031,Checking,Active,11/02/2000,,3669.89,US Dollar,3.1166,100,15,949805557309
ACC7350023,CUST004769,BR018,Checking,ACTIVE,01-08-2010,,,USD,4.0476,100,5,812365877189
ACC7405816,CUST002659,BR048,Checking,Active,03-06-2007,,1622.6,GBP,5.3522,250,5,535085191967
ACC4531835,CUST003457,BR013,business,Suspended,22-01-2003,,2330.14,USD ,4.3854,0,0,646952284654
ACC9655135,CUST000765,BR011,Chequing,closed,"May 11, 2004",,3013.2,GBP,0.7949,500,10,670474164404
ACC5254020,CUST001078,BR033,Checking,N/A,"August 11, 2021",,2386.74,USD,1.9758,500,12,046537567487
ACC6413717,CUST003582,BR003,Money Market,ACTIVE,02/07/2004,,2718.52,$,4.4446,,15,777116796847
ACC6584209,CUST003583,BR030,Money Market,Open,01/16/2001,,1418.64,EUR,4.4098,500,10,838248996580
ACC7804791,CUST002182,BR046,Business,Closed,07/12/2001,,692.49,GBP,,0,15,562470601036
ACC4935356,CUST002085,BR020,Money Market,Suspended,02/09/2000,,194.03,,1.3504,0,25,098269264232
ACC4800420,CUST000216,BR006,Money Market,ACTIVE,21-02-2003,,872.52,GBP,2.1886,0,15,982849416586
ACC7524951,CUST001136,BR022,Business,open,"December 13, 2021",,3488.56,US Dollar,0.4638,250,10,308862687528
ACC6399117,CUST000533,BR047,Checking,closed,10/04/2021,,6169.28,usd,4.4244,500,5,135029084825
ACC2868709,CUST004321,BR011,Savings,Active,22-06-26,,741.69,US Dollar,3.0293,,5,368789843576
ACC5401356,CUST004727,BR009,checking,Suspended,19-05-02,07-06-2020,459.65,$,2.9132,,10,248850922819
ACC2409314,CUST002543,BR045,Checking,Active,12-01-22,,5533.84,US Dollar,4.8648,,15,354029502972
ACC1916813,CUST002669,BR007,Business,Inactive,2008-09-23,,1456.29,USD ,3.6629,,15,206593817657
ACC4836359,CUST003394,BR019,CHECKING,Inactive,29-04-2015,,12104.72,GBP,5.1563,1000,25,686907986350
ACC3444700,CUST002942,BR007,Biz,Closed,30-03-2008,,5011.5,GBP,3.7035,,25,315677790797
ACC4290294,,BR035,Money Market,ACTIVE,11/03/2010,,1582.59,EUR,5.2759,USD 250.00,10,054375768852
ACC6932238,CUST001932,BR023,Money Market,active,12-05-02,,,US Dollar,2.5876,1000,25,056552132994
ACC3600494,CUST004099,BR014,Checkng,Open,03-02-18,,2966.82,USD,5.4591,$0.00,25,804617902638
ACC7781540,CUST001514,BR033,Checking,ACTIVE,2005-04-01,,329.81,US Dollar,4.6654,0,12,071735953165
ACC5665127,CUST001926,BR047,Money Market,Inactive,14-01-2002,,500.79,USD ,0.8241,$500.00,12,936709503126
ACC4835262,CUST000505,BR046,Checkng,Active,16-04-12,2020-03-21,773.65,EUR,2.4796,0,0,256711185913
ACC7325452,CUST004486,BR003,checking,Suspended,15/06/2022,,,USD ,4.8623,1000,0,834236119426
ACC1491026,,BR049,Chequing,N/A,,,2885.01,usd,0.6991,USD 500.00,10,978616782768
ACC4372140,CUST004089,BR020,business acct,Closed,04/09/2023,,42.49,,4.388,500,15,134860474030
ACC4703833,CUST002286,,Checking,active,2000-02-19,,4477.5,GBP,3.4572,250,5,646919360619
ACC7823594,CUST001864,BR031,Buisness,Frozen,"February 13, 2002",,2204.44,US Dollar,5.1103,USD 100.00,10,909594246765
ACC9471305,CUST001647,BR017,Business,CLOSED,"August 25, 2006",,2860.36,GBP,2.494,50000,0,097312218366
ACC6457083,CUST002509,BR047,Savings,active,99/99/9999,,963.79,GBP,4.8146,0,10,482557627339
ACC7576375,CUST004427,BR003,Business,CLOSED,13-05-01,,3209.9,usd,3.2852,0,15,646407476357
ACC3352411,CUST001052,BR004,savings,N/A,04/20/2005,,15482.23,,1.1612,0,15,208407866897
ACC4308211,CUST003510,BR009,MoneyMarket,active,05-01-2019,,$305.13,usd,4.7781,1000,5,663132146333
ACC6832792,CUST001917,BR010,Checking,CLOSED,14-09-2006,,1335.84,GBP,1.7587,500,0,075482013019
ACC3324464,CUST004878,BR031,Checking,Frozen,05/22/2004,,1113.56,USD ,0.8559,,0,179665095261
ACC1589804,CUST003728,BR049,Business,ACTIVE,NULL,,1143.0,GBP,4.6217,500,10,183724249285
ACC7748913,CUST003538,BR037,business,Open,00-08-15,,"$1,903.81",,3.748,,0,497281909832
ACC4913636,CUST000379,BR012,Business,open,99/99/9999,,6817.41,,2.1857,0,5,095312989884
ACC3283205,CUST003784,BR039,Buisness,Active,24/10/2015,,9760.9,EUR,1.351,,10,855285301475
ACC4430586,CUST003796,BR047,Business,ACTIVE,03-05-2010,,USD 903.67,US Dollar,5.1362,0,0,851773079919
ACC9207377,CUST000996,BR023,Buisness,N/A,"April 21, 2022",02/08/2022,USD 3131.85,GBP,4.4167,250,12,537707975208
ACC9914331,CUST000163,BR012,Checking,N/A,06/07/2002,,4052.3,USD,2.3196,100,5,314133647710
ACC2497054,CUST002241,BR019,Saving,Active,"October 25, 2007",,2951.13,$,1.9901,100,12,903631233733
ACC5781438,CUST004481,BR040,Saving Acct,Suspended,01-10-08,,2277.18,usd,3.4703,,15,655827977911
ACC7641124,CUST002770,BR018,Savings,N/A,02/09/2023,,852.65,USD ,3.089,100,10,754345907114
ACC6068136,CUST002226,BR011,Checking,Active,2018-01-23,,2679.44,usd,,$500.00,15,425790348410
ACC3946932,CUST004488,BR041,Business,Closed,"November 03, 2021",,2051.41,EUR,3.1574,1000,25,494812481410
ACC4142587,CUST004283,BR035,Money Market,Closed,2021-09-15,06/20/2023,6349.99,$,,1000,0,535889016010
ACC6064211,CUST002372,BR044,BUSINESS,Open,17/12/2006,,5768.99,,3.7513,0,5,542240572018
ACC3504935,CUST004516,BR010,SAV,closed,22-09-13,,575.48,USD,3.2502,1000,12,027144708364
ACC8459955,CUST001427,BR036,Business,Active,20-08-2015,,370.74,,0.7791,1000,10,264988383986
ACC5958571,CUST003246,BR008,Checking,active,,,9550.57,usd,3.6216,,0,429594482397
ACC6916493,CUST004798,BR050,MM,Active,01/30/2016,,3067.25,usd,0.949,500,15,683783276553
ACC3947736,CUST003929,BR038,business,Closed,08/22/2002,,7802.11,,2.8922,1000,12,444478507133
ACC6075677,CUST004492,BR006,Savngs,CLOSED,06/08/2014,,239.64,USD,4.8632,1000,12,719751481265
ACC3636158,CUST004584,BR046,Buisness,Suspended,08/08/2016,,2990.55,usd,4.6181,1000,10,490304188105
ACC1755110,CUST002799,BR037,BUS,Inactive,16-12-06,,3101.13,USD ,2.4592,500,10,717158233970
ACC7419998,CUST003388,BR032,svgs,Closed,2010-12-18,"December 10, 2012",7884.56,GBP,3.9452,100,10,527484887248
ACC8373939,CUST003998,BR024,Current Acct,CLOSED,2008-07-15,11-01-13,410.83,USD,3.9801,$0.00,15,710714156944
ACC8493824,CUST003386,BR031,MoneyMarket,open,14-04-30,,1100.09,usd,1.4786,1000,25,537610069699
ACC9330491,CUST000657,BR043,SAVINGS,N/A,13-01-06,,,USD ,3.1272,,5,312147473291
ACC8049618,CUST001610,BR042,Business,open,23-02-20,,,USD,1.3762,0,15,935974642183
ACC9320561,CUST000464,BR007,Savings,Suspended,"March 12, 2014",,11179.88,USD ,3.4314,500,5,699816956722
ACC2967586,,BR037,SAVINGS,CLOSED,14-12-08,,,EUR,,250,15,657301991570
ACC9943090,CUST001808,BR006,Business,active,"June 18, 2007",,12795.65,EUR,3.7977,100,5,105334468711
ACC6010067,CUST000719,BR003,Savings,Open,03/11/2011,,23.84,USD ,4.2231,500,0,296947417671
ACC3396259,CUST002645,BR047,Saving,Frozen,05/26/2000,"July 07, 2002",195.54,,0.5549,"$1,000.00",5,566831209711
ACC8038676,CUST001522,BR049,Business,Inactive,05/01/2001,,638.83,EUR,3.734,1000,0,232723384931
ACC8986539,CUST002301,BR025,business,Suspended,2011-12-19,,1716.14,usd,5.2809,100,15,199951691080
ACC7749125,CUST003567,BR035,check,CLOSED,08-09-28,,7085.9,USD ,0.6723,500,12,290262467814
ACC4969962,CUST003355,BR001,Checking,Closed,"September 21, 2011",NULL,,usd,4.8688,0,15,764834161288
ACC9621405,CUST000157,BR005,Money Market,Open,"October 27, 2004",2019-12-27,,$,3.4045,500,12,945507933571
ACC3608523,CUST004871,BR050,Money Market,Frozen,2006-11-11,,3866.8,,4.3618,500,25,939435071967
ACC6167110,CUST004808,BR034,Money Mkt,Closed,07/28/2001,"December 08, 2001",9973.14,$,1.0894,1000,12,089961327577
ACC9197378,CUST001505,BR045,Savings,open,25/09/2000,NULL,2492.48,$,,0,10,651872366874
ACC4470698,CUST002521,BR003,Business,Inactive,2015-10-17,,437.22,,0.6985,25000,10,113276045241
ACC3341792,CUST002880,BR026,Savings,Suspended,04/03/2013,,2448.58,$,1.8164,250,10,416520293577
ACC9921630,CUST000031,BR027,sav,Frozen,22-06-21,,1885.11,usd,2.1739,100,0,355511055783
ACC1002434,CUST002130,BR050,Savngs,CLOSED,07/10/2011,99/99/9999,3447.76,USD ,3.9396,250,15,237922985991
ACC8534580,CUST000555,,chk,Inactive,18/03/2004,,2309.7,GBP,1.6408,,0,568638234164
ACC2249405,CUST003647,BR030,Savings,Suspended,09/09/2003,,69.99,EUR,0.3534,0,25,886926022454
ACC1373619,CUST001644,BR018,Savings,Closed,16-11-17,,20462.47,USD ,1.6432,100,12,648231944003
ACC5289012,CUST001729,BR047,Money Market,active,09/15/2014,,3137.02,usd,3.174,100,12,719430926162
ACC4070325,CUST003446,BR026,Money Market,active,2011-02-08,,2567.01,,3.246,1000,15,292976119899
ACC8806454,CUST000251,BR006,Checking,Active,"May 27, 2009",,12370.5,US Dollar,0.4291,250,15,643733729958
ACC4739832,CUST001225,BR031,Money Mkt,Inactive,22/05/2013,,677.75,usd,5.398,250,5,577345253951
ACC6313150,CUST002154,BR001,Checking,Suspended,2019-05-19,,839.12,$,2.1404,250,0,442648517060
ACC9639821,CUST002708,BR011,Checking,ACTIVE,07-11-2017,,6601.35,US Dollar,2.6077,,5,066611805925
ACC8806318,CUST004630,BR027,Savings,N/A,2002-08-06,21-01-07,1208.92,$,0.6866,,0,680800843846
ACC1672928,CUST001062,BR030,Checking,Active,"June 19, 2000",,6422.32,$,0.4561,,12,091456949093
ACC7172659,CUST002601,BR043,Money Market,N/A,2017-02-17,2018-06-06,1267.25,USD ,4.313,100,25,613502307330
ACC7925407,CUST004611,BR045,SAV,Frozen,2004-11-15,,135.0,USD ,3.1528,500,25,629602295061
ACC5661815,CUST002404,BR034,Checking,Active,19-02-01,,2911.08,EUR,1.0973,100,10,205714170218
ACC4072224,CUST000871,BR035,Savings,ACTIVE,99/99/9999,,876.04,EUR,2.0073,1000,10,928740006444
ACC6406998,CUST000811,BR023,Savngs,closed,09/01/2010,,5672.73,usd,2.8251,1000,12,126333332944
ACC3437410,CUST004048,BR048,Checking,closed,04/03/2008,,4099.96,usd,2.7271,1000,15,543940309035
ACC3196330,CUST001016,BR045,SAV,Open,03/26/2011,,10287.23,,4.3525,250,25,629043745060
ACC4680359,CUST000896,BR009,Money Market,N/A,15-07-2018,"October 29, 2019",6111.22,usd,1.0809,0,15,939384600701
ACC5092681,CUST002128,BR033,Savings,Suspended,21-04-30,,797.59,$,1.8248,0,25,135943868368
ACC5463432,CUST000998,BR038,Money Market,ACTIVE,11-11-07,,6440.92,EUR,0.3292,500,5,397427888596
ACC1902044,CUST004795,BR025,Savings,open,15-03-24,,4105.95,USD ,2.3032,,25,467107890119
ACC1265949,CUST004170,BR015,Savings,open,,,4421.96,usd,1.3852,0,5,361316066004
ACC7256261,CUST000016,BR021,Money Mkt,Active,2020-09-27,,7141.43,US Dollar,1.5163,500,15,662355537472
ACC7386198,CUST001814,BR023,CHK,Active,18-10-05,,3411.61,,0.8092,USD 100.00,25,179013634103
ACC2433577,CUST002708,BR020,Money Market,ACTIVE,2017-02-03,,2509.46,usd,3.8167,,15,498209719430
ACC6828952,CUST000240,BR026,sav,ACTIVE,10-01-13,,"4049,46",$,0.6881,0,25,261982145706
ACC1526307,CUST004848,BR032,Business,N/A,"October 19, 2021",,1415.04,$,5.2327,100,12,540202740073
ACC2858217,,BR031,Saving,ACTIVE,27/04/2020,27-09-2023,806.49,GBP,3.0099,500,15,131837954107
ACC2031523,CUST001528,BR035,Money Market,open,2015-01-11,,3834.58,usd,3.433,1000,15,631343550044
ACC1523731,CUST000894,BR033,checking,Frozen,2012-08-03,,"$1,065.50",usd,1.6524,500,12,757406536931
ACC2468412,CUST002690,BR025,Money Market,closed,05-08-24,,333.16,USD ,3.0504,1000,15,001135671728
ACC1405132,CUST001551,BR030,money mkt,Frozen,2017-10-31,,2.22,USD ,5.4188,0,0,370077398858
ACC8922043,CUST000510,BR002,Money Market,Open,05/19/2006,08/28/2022,3749.23,US Dollar,,1000,15,853329494769
ACC7229608,CUST004580,BR023,Buisness,closed,01-06-17,,1798.6,US Dollar,5.0468,0,5,910355800800
ACC9347431,CUST000395,BR036,MM,Inactive,"August 05, 2008",,5582.32,US Dollar,1.2135,,12,952642968966
ACC2822854,CUST002473,BR050,Business,Active,13-05-04,,1881.14,US Dollar,5.0421,100,5,643844723328
ACC1570282,CUST003232,BR040,BUSINESS,closed,09/04/2011,17-11-09,2662.15,USD ,2.0083,USD 250.00,12,397156691463
ACC9137038,CUST002614,BR038,Money Market,Inactive,"October 08, 2018",,2090.82,$,4.3205,100000,12,580783780362
ACC7694681,CUST000945,BR050,MoneyMarket,Suspended,"March 25, 2004",,4205.86,USD,4.1734,1000,0,297270647780
ACC8248996,CUST001074,BR049,Biz,Active,10-02-17,,1761.09,$,4.3807,250,10,839533576122
ACC8056979,CUST002872,BR023,Savings,active,"April 19, 2022",,13271.21,usd,0.8602,500,12,755377339641
ACC4784632,CUST002609,BR047,Business,active,"May 01, 2015",,,$,5.0708,250,10,495439553141
ACC5981560,CUST000071,BR009,Business,Frozen,07/04/2003,,7536.23,US Dollar,0.679,,12,862919505270
ACC5008379,CUST003015,BR029,Savings,Closed,10/23/2021,,10117.96,usd,,100,12,233152285920
ACC9816538,CUST003782,BR038,check,CLOSED,11/10/2021,,2385.1,USD,0.0235,100,5,085312047002
ACC7175462,CUST003779,BR021,Money Market,Open,09/15/2019,,"$3,075.19",usd,1.8257,0,25,446051171639
ACC1541621,CUST000500,BR041,Buisness,ACTIVE,"December 21, 2011",,5420.62,USD ,1.6618,100,0,434283223502
ACC6506006,CUST004436,BR050,MONEY MARKET,Open,01-06-17,,4764.83,$,3.9276,250,10,864992427096
ACC9119085,CUST000902,BR022,chk,Closed,2005-07-30,,"$8,853.85",$,1.4867,,10,164829743005
ACC9873053,CUST000673,,Chequing,Active,"December 13, 2004",,5039.79,GBP,1.6609,500,12,365320327753
ACC7033874,CUST000069,BR016,Business,Closed,99/99/9999,,,USD,1.969,0,10,042519075484
ACC9666531,CUST001041,BR022,Business,Inactive,"March 09, 2009",,1713.95,USD,1.3186,100,0,996483522280
ACC9429227,CUST004299,BR011,CHK,Inactive,22-04-13,,7158.99,,0.2683,1000,15,351573637440
ACC4600879,CUST004676,BR015,CHECKING,Suspended,04/10/2019,,4784.48,USD,3.2556,250,12,740403070995
ACC7860458,CUST000669,BR006,Money Market,closed,27-12-2008,,4702.66,US Dollar,3.7101,0,5,901992836966
ACC2412018,CUST002272,BR047,Checking,Open,"February 24, 2012",,157713.0,$,1.5241,250,0,198904470082
ACC9547581,CUST001685,BR001,Savings,active,2000-09-13,,6159.68,EUR,3.47,1000,10,840651998502
ACC3925915,CUST003659,BR018,Money Market,Frozen,12-08-2020,,9225.41,USD,1.5252,1000,10,146435418011
ACC8718524,CUST004874,BR044,Money Market,Open,16/02/2023,,986.41,$,0.0583,250,15,012713778102
ACC4294618,CUST001104,BR019,Money Market,closed,27/01/2007,,3928.62,US Dollar,3.7495,0,12,773580241786
ACC2420141,CUST004724,BR019,Checking,Open,01/11/2009,,1991.21,$,3.1577,100,12,035387459255
ACC4209485,CUST000880,BR038,Checking,closed,07/07/2008,,,usd,2.3141,500,12,011615622205
ACC3175010,CUST003705,BR048,Savings,Frozen,10/14/2010,,2606.74,$,5.4957,500,15,674484248240
ACC4059446,CUST000886,BR036,Savings,N/A,15-06-14,,1036.74,,5.3788,,10,514716293495
ACC1281082,CUST004699,BR026,savings,active,"May 07, 2001",,1924.15,EUR,4.0456,100,10,549073511464
ACC1960297,CUST002102,BR042,Business,active,2016-06-11,,4243.4,EUR,2.874,,15,046145322110
ACC2506664,CUST003563,BR039,Savings,Active,02-09-28,,316.56,GBP,3.7683,500,25,582379785644
ACC5823328,CUST004829,BR006,Savings,Active,11/13/2020,,3701.35,$,3.6471,500,15,270627961583
ACC6143887,CUST002686,BR009,svgs,Closed,06-05-20,,10707.65,$,0.6142,0,25,281295340021
ACC8659881,CUST004651,,checking,Open,04/09/2015,,,USD ,1.4096,500,5,741579109252
ACC2963898,CUST003871,BR041,CHECKING,Open,05/27/2016,,,US Dollar,3.6149,1000,25,626703014040
ACC3407475,CUST001432,BR018,Savings,Inactive,12/15/2021,,20076.61,$,3.2818,0,25,629453067588
ACC1665397,CUST003244,BR042,Checking,Closed,18/04/2014,,4798.95,EUR,2.2527,0,15,542157387731
ACC2997656,CUST002537,BR004,checking,open,12/06/2005,,708.29,USD ,0.4945,250,0,526204076174
ACC3181916,CUST000310,BR036,Checking,Active,05/01/2014,,49.98,EUR,,,0,811731629514
ACC6288250,CUST002758,BR009,Checking,Active,16-12-2000,,751.5,,3.9403,100,5,435072950599
ACC7615953,CUST001362,BR050,money mkt,Active,21-01-2002,,7284.98,USD ,2.515,100,5,264404883087
ACC8208948,CUST002320,BR027,MM,Suspended,"November 04, 2006",,87.51,GBP,4.1893,500,10,967352608559
ACC6627349,CUST000418,,Money Mkt,open,07-11-22,,1061.84,,,500,25,349867021268
ACC3344908,CUST001476,BR037,Money Mkt,Active,99/99/9999,,5663.81,EUR,3.89,500,0,508154167171
ACC6632839,CUST003769,BR002,Saving,open,01/20/2022,,3528.63,$,1.1872,,0,344453366968
ACC7247319,CUST002068,BR050,chk,active,NULL,,6106.56,EUR,5.1195,250,5,459387188916
ACC9654211,CUST004436,BR029,money market,Closed,02-04-2000,,5484.05,US Dollar,5.1687,100,25,640824282197
ACC8825875,CUST001106,BR019,Money Market,Frozen,"August 10, 2014",,207.71,usd,3.7098,100,10,512867797504
ACC3604998,CUST003137,BR020,SAV,Closed,"December 02, 2002",,8921.48,USD ,3.0551,$500.00,5,543297647217
ACC8855388,CUST004553,BR040,Savings,Suspended,,,"$1,030.07",usd,2.6371,,25,617640149453
ACC6848348,CUST002570,,Checking,Inactive,"December 08, 2019",,3224.3,,3.9957,1000,12,586239871609
ACC1346882,CUST004196,BR050,CHECKING,ACTIVE,14/02/2008,,4134.54,EUR,1.8105,,15,538674009140
ACC1807570,CUST003353,BR010,BUS,N/A,99/99/9999,,738.71,USD ,,500,25,704730680473
ACC4411161,CUST001207,BR023,Business,Open,2004-01-11,06-01-2023,14957.54,,,100,0,559548322486
ACC6555850,CUST000154,BR020,Biz,Active,03/08/2008,,2678.94,$,3.1959,0,15,341047525394
ACC9919546,CUST003356,BR010,Savings,Closed,04-06-2004,,,$,3.6504,500,12,642004793514
ACC2573530,CUST004377,BR009,savings,Frozen,13/11/2009,,11075.15,EUR,2.5786,,12,810118127064
ACC5768679,CUST002862,BR008,svgs,Closed,"April 18, 2018",,3530.15,usd,4.4207,250,10,546260831130
ACC4095422,CUST000475,BR036,Business,active,22-02-15,,4805.15,usd,1.3613,100,0,561090149894
ACC1470117,CUST004192,BR013,Savings,closed,11/11/2009,,2979.24,US Dollar,4.0044,0,10,578401691806
ACC4666007,CUST004169,BR013,CHK,ACTIVE,12/22/2002,2018-11-08,7200.89,EUR,3.2482,100,15,172157611313
ACC2659935,CUST003309,BR015,business acct,active,19-09-2022,,134.78,$,3.4024,100,0,047771465789
ACC3258055,CUST002352,BR008,Checking,Frozen,20/12/2014,2022-12-19,1249.97,GBP,1.9149,,12,169911607869
ACC1522478,CUST002331,BR038,chk,ACTIVE,"March 17, 2014",,2536.86,$,3.5975,1000,15,104534475396
ACC6699461,CUST002386,BR013,Saving Acct,Suspended,23-05-2014,06/29/2019,318.79,$,0.9162,500,10,129589644661
ACC4131170,CUST001911,BR044,BUSINESS,open,03/12/2008,,,US Dollar,0.0269,500,10,035720080725
ACC9091507,CUST002097,,Checking,N/A,2023-09-20,,2001.28,US Dollar,5.2563,250,10,831804840979
ACC1380842,CUST001771,BR027,business acct,Closed,05-10-2017,,1273.49,EUR,4.6019,100,12,773256676992
ACC2773714,,BR050,Savings,Frozen,,,13.54,,3.3335,0,25,158447101012
ACC3366602,CUST000927,BR001,business,Open,20-01-2018,,5089.44,US Dollar,5.2398,500,15,105765560128
ACC4336287,CUST001642,BR046,Business,Open,NULL,,7178.48,USD ,3.2871,100,0,577474088446
ACC6388011,CUST002943,BR032,Savings,ACTIVE,23/11/2011,,2010.38,EUR,1.064,100,0,366982770346
ACC4332864,,BR040,business acct,Suspended,05/27/2012,,3322.45,usd,1.2502,,0,571340915656
ACC2030046,CUST003806,BR007,Savings,N/A,27-03-2009,,1033.46,USD,1.3406,100,5,958229964706
ACC3753531,CUST000384,BR027,Buisness,Active,99/99/9999,,3893.54,GBP,1.3386,$0.00,0,699530628505
ACC1181257,CUST003606,BR050,BUSINESS,ACTIVE,05-11-17,16-12-20,48.85,usd,4.0175,1000,12,764344599507
ACC8335551,CUST002087,BR046,business,closed,24/04/2013,,2682.76,USD ,0.5977,500,5,426793777785
ACC6893330,CUST001111,BR050,Current Acct,Frozen,16-02-11,11/11/2019,4133.61,USD,5.2832,250,0,226451840988
ACC5171990,CUST001015,BR015,MoneyMarket,Closed,24-06-2023,,,USD,5.0705,1000,5,641973883767
ACC3100352,CUST004389,BR006,Savings,Suspended,10/25/2023,,1920.77,EUR,4.0733,,15,991379984234
ACC9322693,CUST000199,BR019,check,active,"March 03, 2001",,,,4.6224,500,25,138952140183
ACC7745210,CUST001652,BR047,MoneyMarket,Frozen,23/08/2019,,3642.1,US Dollar,2.638,250,15,495477005746
ACC3039080,CUST002536,BR042,check,open,2009-01-27,,10469.85,,4.0082,500,10,844469360385
ACC2391350,CUST000403,BR027,money mkt,active,2004-08-19,,,US Dollar,0.1085,250,5,513972028990
ACC5764222,CUST001352,BR022,Business,active,02-02-2015,,1537.33,USD ,,250,10,180290329461
ACC5556584,CUST004586,BR023,savings,Open,04-07-2010,,8726.5,US Dollar,5.0112,500,15,969905883139
ACC2261807,CUST003621,BR013,MONEY MARKET,N/A,29-03-2019,,201.99,$,0.781,1000,25,275262548852
ACC4281432,CUST000636,BR015,Checking,CLOSED,"November 02, 2002","October 21, 2018",586.51,EUR,,100,15,447842573366
ACC7004900,CUST001358,BR023,Biz,Frozen,2019-04-21,,343.99,USD,5.4888,250,5,222647237619
ACC2900633,CUST003961,BR044,business acct,Closed,18/12/2018,,USD 7408.84,$,4.7355,1000,0,361236501754
ACC5643869,CUST001959,BR007,Business,Open,2002-02-24,,42.66,USD ,3.376,,0,759913186284
ACC6006125,CUST000954,BR017,Checkng,Inactive,2015-01-11,,7912.08,$,1.5798,USD 0.00,12,334291697646
ACC6064879,,BR048,Money Market,closed,13-03-2001,,2400.58,,3.7303,$0.00,12,587162310652
ACC3025905,CUST004378,BR045,svgs,closed,18-02-2014,,16.13,$,5.2148,250,12,246574963525
ACC9836386,CUST002729,BR050,MM,Active,99/99/9999,,"2054,29",USD ,0.7463,,15,158424500864
ACC2632310,CUST000762,BR008,MONEY MARKET,Suspended,"March 20, 2000",,827.12,,1.7423,250,25,483107020028
ACC9284458,CUST004519,,business,active,05/21/2023,,3916.93,EUR,0.6923,100,5,559172500705
ACC7077239,CUST000293,BR036,Checking,CLOSED,2006-03-21,11-12-26,4549.73,$,2.0297,1000,5,568134013409
ACC1886872,CUST002075,BR015,Saving,CLOSED,21-01-23,,2674.03,,2.0993,250,10,844771995752
ACC5826255,CUST003244,BR018,BUSINESS,ACTIVE,2000-12-07,,165.45,USD ,0.7015,1000,12,692289932263
ACC1314048,CUST003002,BR005,Business,Inactive,18-05-2003,,4269.95,EUR,3.2321,1000,5,766389942558
ACC5872461,CUST001168,BR020,Business,closed,05/10/2005,,7381.62,GBP,4.9704,100,12,988112064952
ACC1817488,CUST002328,BR024,Business,Frozen,17/04/2011,,5096.5,usd,3.4392,100,5,257680948120
ACC3816631,CUST002594,BR008,business acct,ACTIVE,2019-10-21,,7086.84,EUR,5.0774,500,5,258598471348
ACC3664752,CUST002729,BR003,Business,ACTIVE,10/28/2005,,895.12,GBP,1.0757,0,5,789150680440
ACC3394309,CUST002063,BR010,Business,Closed,25/06/2004,,8788.86,EUR,5.2838,0,25,335258251741
ACC8977299,,BR006,Buisness,CLOSED,17/08/2015,,1555.57,EUR,2.5298,250,12,753495559772
ACC8537720,CUST003725,BR018,business,Frozen,"June 17, 2015",,53.98,GBP,4.9343,0,25,529052847167
ACC1816325,CUST001650,BR007,Savings,active,"September 09, 2022",,7416.03,,0.3636,1000,0,499593392263
ACC6430354,CUST002002,BR049,Buisness,active,05/18/2009,,11376.94,EUR,2.3373,,5,394091673629
ACC5067889,,BR029,business acct,ACTIVE,03/03/2016,,4263.32,USD ,2.7626,250,25,603448021644
ACC6959771,CUST003375,BR019,Business,N/A,04/02/2001,,1052.93,EUR,2.7901,500,0,257269802732
ACC5370761,CUST001173,BR048,Checking,active,01-03-2003,,1160.04,EUR,3.9513,250,25,321451562067
ACC5931808,CUST000734,BR024,MoneyMarket,Inactive,2001-10-16,,2513.88,usd,4.3701,500,12,118988495592
ACC1504882,CUST003840,BR020,Savngs,N/A,14/06/2022,,9124.51,GBP,5.3667,0,5,966241844825
ACC3711238,CUST002571,BR010,Checking,Inactive,06-06-2010,,648.18,usd,1.9595,250,15,854763284218
ACC5770741,CUST003152,BR044,checking,Open,2004-02-12,,6994.19,,3.0611,0,0,787638989740
ACC8512150,CUST004808,BR042,Money Market,ACTIVE,06/25/2013,,1377.31,GBP,4.5705,500,15,529856185594
ACC8612455,CUST001110,BR002,Saving Acct,Open,24/10/2020,,6613.27,USD,0.4711,,15,342032374664
ACC9035366,CUST003474,BR009,savings,N/A,,,10116.5,,3.0726,0,15,567235567703
ACC6511942,CUST000759,BR003,MONEY MARKET,CLOSED,16-04-20,,2230.93,EUR,2.5186,250,0,328922567507
ACC8097848,CUST003137,BR030,savings,N/A,12-05-2004,,1816.84,$,,0,5,976748693514
ACC5102401,CUST002146,BR009,Savings,N/A,2021-09-30,,6482.43,USD ,1.095,,25,834130584750
ACC7293593,CUST001380,BR043,Checking,CLOSED,07-05-18,,3015.69,US Dollar,,,5,775988476267
ACC6939006,CUST002720,BR013,Money Market,closed,09-07-30,,4613.74,,3.8544,500,25,426359939098
ACC8757407,CUST002602,BR001,Money Market,Frozen,2004-06-15,,3900.23,USD ,2.0382,500,10,108797913540
ACC3893050,CUST002701,BR027,Checking,N/A,"October 25, 2019",,663.69,US Dollar,,100,0,934925335883
ACC5058892,CUST000979,BR012,MONEY MARKET,Active,07-10-2009,,7451.91,EUR,1.2676,0,15,725259900978
ACC7986371,CUST003070,BR004,Money Market,Inactive,06-04-02,,871.51,,4.7968,$100.00,5,534328549774
ACC5342732,CUST002617,BR024,Business,open,2013-11-04,,1076962.0,GBP,1.391,1000,10,799441168878
ACC7779888,CUST004624,BR036,Business,Active,99/99/9999,,1153.78,EUR,3.2497,,25,444468004466
ACC2257760,CUST000619,BR045,Checking,Active,23-06-2000,,5295.25,US Dollar,3.7936,100,10,424421820043
ACC9604109,CUST001312,BR034,Savings,Inactive,02/11/2009,,,US Dollar,3.9752,1000,25,939408882583
ACC3425911,CUST001086,BR007,Savings,ACTIVE,NULL,,1529.64,EUR,4.5506,,10,904403693347
ACC6378405,CUST001757,BR031,Money Market,Closed,11-07-2023,,,US Dollar,1.1889,,0,114807567324
ACC5441280,CUST000541,BR037,Checking,Open,07/08/2013,,5511.59,usd,5.4895,1000,25,185691741394
ACC5046808,CUST003783,BR015,Money Market,Frozen,99/99/9999,,3255.07,$,2.2717,0,5,714974739711
ACC1562654,CUST002414,BR020,Money Market,Frozen,13-06-2008,,8580.7,GBP,3.1856,0,5,060586982916
ACC2493295,CUST000458,BR005,SAVINGS,N/A,09/22/2008,,"1469,05",USD,,250,0,674491069851
ACC3317882,CUST003276,BR045,Money Mkt,Inactive,2007-04-30,,4710.52,US Dollar,5.4819,,12,033935082791
ACC5050495,CUST002437,BR034,Current Acct,Closed,2001-03-03,,5592.64,GBP,3.5808,500,12,425592008543
ACC5682660,CUST002825,BR024,Money Market,ACTIVE,05/11/2009,,$657.06,USD,4.8369,250,12,827340545285
ACC9906054,CUST004628,BR040,business,N/A,08-07-06,,2047.23,,3.1598,100,10,214621619654
ACC8736693,CUST002936,BR026,Business,Active,23/02/2022,,2637.44,USD ,5.2436,100,25,248068551461
ACC9053380,CUST000394,BR026,Business,Active,2017-02-08,,1758.29,USD,3.4615,$0.00,0,696452764591
ACC3546615,,BR008,Business,Frozen,07/07/2001,,1555.1,USD,4.0488,$250.00,5,266554097002
ACC5178879,CUST001155,BR021,Business,Suspended,17-05-07,,"$4,638.80",USD ,3.7146,0,15,881399281323
ACC2703154,CUST000267,BR041,Savings,active,16-08-2004,,972.7,USD,3.2069,,10,181156094455
ACC5336068,CUST000131,BR021,Business,Suspended,"March 12, 2009",,,EUR,2.2409,0,0,488598466767
ACC2824937,CUST002342,BR018,Savings,Closed,17-12-27,,"10936,19",USD ,2.611,100,12,147707693375
ACC6715052,CUST004915,BR029,Checking,Inactive,2008-11-28,12-04-12,3331.45,$,3.4693,0,15,644461184912
ACC7488746,CUST004257,,Chequing,Inactive,,,3781.17,USD,2.4341,,0,298163651267
ACC1264811,CUST004149,BR031,Checking,Inactive,07-06-12,,285.69,usd,4.4271,1000,10,176198366042
ACC5108018,CUST004509,BR044,Money Market,Frozen,28-02-2015,,7994.45,US Dollar,0.0949,250,0,669281620691
ACC5337595,CUST002431,BR045,checking,Frozen,2013-09-16,,1344.4,usd,2.098,1000,10,892807777217
ACC8930920,CUST004856,BR037,Business,Closed,05/07/2003,,3818.58,USD,2.4992,500,10,454671335377
ACC9976036,CUST000117,BR040,MM,Frozen,10/08/2015,,15474.35,GBP,5.3594,500,15,296761223312
ACC7041906,CUST000409,BR034,Checking,Active,2012-03-14,,3620.44,$,4.7819,,12,136184183152
ACC7985211,CUST004671,BR025,Buisness,N/A,06/18/2009,,5159.71,GBP,3.9471,,12,497130929779
ACC6166355,CUST001524,BR014,Chequing,closed,02-11-18,,2357.45,USD ,5.0231,100,12,202397139775
ACC4179727,CUST000012,BR047,Savings,Active,09-06-11,,249.06,GBP,3.7603,1000,15,470817905477
ACC7609688,CUST002954,BR016,business,Frozen,06/12/2004,2007-10-04,6390.02,usd,3.8622,0,12,397055318676
ACC3884527,CUST003653,BR044,Checking,Open,31-03-2000,,142.5,USD,0.0209,100,5,264283555701
ACC5654165,CUST000944,BR050,money market,active,12/15/2007,"May 06, 2015",4824.67,$,5.3291,500,5,427505307964
ACC7534068,CUST003998,BR001,Business,active,10-01-2008,,92.75,,0.9581,500,15,523309435518
ACC6641991,CUST004301,BR035,SAV,active,2012-10-13,14-06-05,7930.86,USD ,3.7154,500,12,360138459594
ACC4496417,CUST004795,BR009,Business,active,09-07-2011,,686.17,GBP,3.5235,250,12,122476529713
ACC4623888,CUST000020,BR029,Checking,active,12/24/2023,,2888.42,US Dollar,0.6041,1000,0,285985556620
ACC1722921,CUST001832,BR020,svgs,Suspended,20/11/2023,,3636.77,USD,1.6477,1000,25,274540073993
ACC1135663,CUST004320,BR012,check,N/A,26-10-2009,,2446.6,USD,1.9697,100,25,190255642088
ACC6667819,CUST004073,BR040,Savings,Suspended,19/09/2018,,1666.69,usd,2.3849,0,10,241467682259
ACC5429551,CUST003981,BR034,Checking,closed,"October 10, 2016",,2523.05,EUR,1.9101,1000,0,048979278041
ACC4931857,CUST002394,BR028,Money Market,closed,21/01/2022,,1492.47,GBP,3.3361,500,12,044566752784
ACC4544009,CUST000378,BR040,sav,open,08/06/2013,,"$2,305.88",$,0.1826,,10,791773189556
ACC1332421,CUST001477,BR018,Savings,active,09-01-20,,1778.36,usd,1.6356,,0,905563234858
ACC7053226,CUST004936,BR035,Current Acct,Closed,2012-01-20,2017-02-19,3340.73,$,2.4318,,0,651263096369
ACC5520785,CUST000640,BR004,Biz,N/A,16-11-24,,1086.84,GBP,5.0107,,15,974608733518
ACC5439745,CUST002980,BR050,Checking,CLOSED,09-05-2011,,17916.46,GBP,3.536,500,12,308168116874
ACC2606289,CUST000130,BR020,Saving Acct,Frozen,24/08/2003,24/12/2003,2779.55,USD ,,$500.00,10,271858320742
ACC5612534,CUST002628,BR035,Business,open,01/28/2015,16-03-26,863.49,usd,1.6227,,15,729394779048
ACC1340808,CUST001137,BR011,Business,open,02/13/2019,,2593.21,usd,1.1933,250,25,292997712017
ACC6697393,CUST002327,BR013,Business,active,,30/09/2016,8052.07,$,2.3027,,10,156486286575
ACC9027433,CUST004614,,sav,closed,20-12-2012,,$88.19,$,2.4385,,0,796564707600
ACC7395249,CUST002128,BR006,Savings,N/A,07/11/2013,,4552.17,USD ,2.5156,0,15,951200897487
ACC7113279,CUST001024,BR024,Buisness,active,05-01-19,,3176.01,USD,4.1766,0,5,735363923936
ACC1066653,CUST004601,BR011,Business,open,04/01/2017,07/03/2017,743.19,US Dollar,3.1342,1000,25,689601903164
ACC9812413,CUST000949,BR026,Checking,Active,"January 21, 2002",,6803.5,usd,5.481,250,25,767483579082
ACC3389087,CUST003231,BR041,checking,Inactive,15-07-14,,1841.07,$,5.2426,500,10,290425127272
ACC4270791,CUST001453,BR001,Money Market,closed,17-02-2010,22-04-2011,1391.44,$,,0,10,490398097944
ACC4122279,CUST000759,BR001,Buisness,open,00-03-26,,7043.96,USD,0.4736,500,5,631993584498
ACC2628836,,BR035,savings,ACTIVE,27-02-2013,27/03/2015,4070.25,,4.119,1000,25,210993712221
ACC9001280,CUST000693,BR027,Money Market,Active,16/02/2007,,9141.3,USD ,0.1287,"$1,000.00",0,143897458525
ACC5030720,CUST002196,BR010,Money Mkt,Frozen,24/07/2015,,3975.75,,3.4591,1000,12,403412502282
ACC5383162,CUST002791,BR036,Saving,open,21-02-04,,5400.89,GBP,2.4947,500,0,139011431427
ACC4897399,CUST000270,BR029,Saving,Closed,2005-09-20,,USD 7242.45,USD,5.1734,,10,623201877118
ACC2321255,CUST001014,BR025,Business,closed,15/02/2011,,225.18,EUR,3.574,,25,099923134925
ACC6140692,CUST001537,BR014,Savings,ACTIVE,"March 12, 2017",,"$5,985.31",US Dollar,,0,25,022104788237
ACC6904155,CUST001813,BR012,chk,Closed,17-01-2006,,3804.63,USD ,3.11,1000,0,490986580297
ACC3707261,CUST003244,BR017,Checking,N/A,2014-10-13,,288.17,US Dollar,2.1506,0,25,001583730281
ACC2453527,CUST000448,BR012,Business,Frozen,15/07/2023,,2841.81,$,1.329,0,10,433737404788
ACC9868892,CUST001135,BR049,Money Market,ACTIVE,03/26/2005,,344.23,EUR,0.2441,,15,727067932887
ACC2072474,CUST003012,BR005,Business,N/A,"March 21, 2006",,,USD,3.7141,100,15,194610054151
ACC1074194,CUST004147,BR004,Checkng,N/A,"July 13, 2014",,3163.06,GBP,2.3223,500,12,165063210817
ACC8266155,CUST003666,BR004,checking,CLOSED,"November 01, 2018",,12279.54,US Dollar,1.8742,0,10,678731930211
ACC6560873,CUST001924,BR019,MoneyMarket,Active,16-08-14,,809.13,USD,3.0067,1000,10,415038581313
ACC2260479,CUST004482,BR004,Money Market,Inactive,03-09-09,,3725.96,US Dollar,1.4173,0,5,119968372883
ACC5746826,CUST004946,BR043,BUS,CLOSED,,,950.91,GBP,4.1019,250,10,563963934745
ACC4683325,CUST004803,BR013,Checking,closed,NULL,,3808.35,USD,0.0315,1000,25,591342521994
ACC7003257,CUST001743,BR003,Savings,Closed,24-08-2020,,"$5,129.90",,,,10,414154924590
ACC3674310,CUST004130,BR013,Savings,closed,2020-02-08,,-5124.92,,0.5212,250,15,966902595384
ACC5304786,CUST003835,BR041,CHECKING,Suspended,"June 12, 2014",,6751.2,usd,3.9551,,5,288404776327
ACC1579715,CUST003676,BR012,savings,N/A,07/10/2007,,7684.29,USD,1.7073,,10,306486564646
ACC4720302,CUST001838,BR042,MoneyMarket,CLOSED,"March 02, 2018",,321.68,EUR,4.3553,500,0,250529458226
ACC5497044,CUST000481,BR021,money market,closed,02/01/2001,,1681.91,US Dollar,3.714,250,15,640696121477
ACC6213675,CUST002829,,sav,CLOSED,2015-03-14,,4647.77,US Dollar,3.7224,250,25,619537298472
ACC1628171,CUST002339,BR003,Checking,closed,29-01-2004,,2761.29,$,4.5115,100,12,432767154391
ACC9124041,CUST000368,BR012,Checking,closed,09/09/2018,2019-08-12,USD 846.22,EUR,3.0781,100,10,613045459047
ACC8176530,CUST002892,BR013,money market,Open,02/08/2002,,3218.19,usd,0.7457,0,25,596470109978
ACC4963936,CUST003085,BR001,MM,CLOSED,2009-12-12,,2093.18,,1.9362,1000,25,453676337823
ACC6394237,CUST003067,BR045,Current Acct,Suspended,21-07-18,,1977.44,GBP,1.1396,0,12,402573509928
ACC1468660,CUST004126,BR006,Checkng,ACTIVE,2017-02-19,,6637.74,USD ,3.9872,1000,15,252004317117
ACC7584386,CUST000077,BR040,Money Market,Active,26-12-2009,,2094.28,GBP,0.477,250,0,459595927342
ACC6094600,CUST003040,BR015,sav,active,09/11/2017,,107.24,US Dollar,0.0588,100,25,243880374111
ACC1582310,CUST002111,BR040,Savings,Inactive,03/10/2016,28/11/2021,239.27,USD ,5.1998,0,15,547185154744
ACC4138021,CUST001431,,Savings,Inactive,2014-06-27,,7758.55,GBP,4.3583,,15,551677296477
ACC7406836,CUST001233,BR015,Savings,Suspended,05/26/2018,,"$12,936.04",GBP,,500,10,683500737946
ACC3248059,CUST001045,BR021,Money Market,Inactive,2000-02-26,,4664.26,,3.9872,,12,878348140677
ACC2851053,CUST003237,BR015,MM,open,02-12-2017,,,EUR,0.4692,1000,12,410200570551
ACC7086137,CUST002177,BR042,Checking,ACTIVE,23-12-2013,,11161.4,$,5.4316,250,10,622998073212
ACC4266052,CUST002887,BR011,CHK,Frozen,11-07-10,,4348.35,$,3.402,,5,512761993562
ACC5554311,CUST000812,BR015,check,N/A,30/03/2020,28-04-2021,744016.0,usd,4.6458,100,12,930105756071
ACC3825753,CUST000528,BR014,Business,CLOSED,"October 23, 2017",,5807.21,$,,1000,25,487697717470
ACC4907934,CUST003193,BR002,Money Market,Suspended,20-12-29,,1906.59,$,4.2344,1000,12,741061104196
ACC9588433,CUST004644,BR045,Business,Frozen,10/10/2004,,2605.74,EUR,2.6744,100,5,713867267248
ACC4965003,CUST000836,BR018,Business,Open,13-05-2013,,,EUR,1.8706,250,5,388500055378
ACC9253058,CUST001117,BR008,Checking,Frozen,"April 10, 2001",,USD 1381.32,EUR,5.1335,250,10,478775332988
ACC3182351,CUST003467,BR009,Savngs,Open,99/99/9999,,6022.58,usd,5.4242,0,15,450630210753
ACC6257748,CUST001752,BR038,Checking,Inactive,15-11-2006,,USD 8976.45,usd,1.7273,0,10,432954611395
ACC9031169,CUST000844,BR043,Checking,closed,2021-08-13,,5156.1,usd,3.5044,$250.00,25,500487207329
ACC6924084,CUST003904,BR020,Checking,active,2017-08-26,,2503.25,USD,0.1204,1000,15,940226646089
ACC9031385,CUST001222,,Money Mkt,Frozen,16-01-21,2018-08-07,361.93,,0.9624,250,15,755565055119
ACC6949926,CUST002565,BR044,Checking,Active,19-12-17,,234.54,usd,3.6845,100,25,660051865436
ACC4249963,CUST001816,BR006,Money Market,Frozen,08/08/2006,,1875.7,$,2.1375,1000,0,349319220972
ACC7375826,CUST000099,,Money Mkt,active,"January 11, 2020",,,$,2.5932,,5,791704848239
ACC4320213,CUST002153,BR001,Money Market,Frozen,05/23/2001,,3757.43,EUR,1.1766,1000,10,887770617807
ACC2276813,CUST001709,BR008,Money Market,ACTIVE,01-01-12,,26.04,USD ,0.9612,100,5,936579977907
ACC8004713,CUST001034,BR039,Biz,Active,04/21/2023,,USD 18311.34,$,2.4547,100,25,506306400053
ACC9730854,CUST004714,BR050,sav,ACTIVE,12-03-25,,1809.84,$,2.9839,1000,0,325719741069
ACC8762779,CUST001914,BR012,Saving,closed,08/03/2023,,7537.99,EUR,4.7037,,0,433723983097
ACC8452664,CUST004121,BR041,svgs,Active,11/23/2006,,3062.59,USD,2.8571,0,0,843385537346
ACC2967722,CUST004495,BR017,Checking,ACTIVE,05/08/2013,,559.07,US Dollar,1.0798,0,15,784226854496
ACC8562479,CUST002132,BR018,Checking,Frozen,24-03-2013,,6389.36,$,4.3668,250,12,369929403429
ACC7176334,CUST002328,,Checking,Suspended,2021-08-24,,USD 4949.11,USD,2.689,0,12,435862196118
ACC9755881,CUST003236,BR019,Checking,Inactive,2000-10-16,,2998.33,$,4.0209,1000,12,756917010803
ACC5396251,CUST004010,BR026,money market,Inactive,23/11/2010,,2890.74,EUR,4.6021,500,10,902349409627
ACC7922536,CUST004717,BR002,money mkt,Active,"June 22, 2006",,366.18,USD ,4.5446,,0,483260290200
ACC9641306,CUST001530,BR019,business,Suspended,05-09-2013,,4266.7,EUR,1.228,100,12,263585056496
ACC9795352,CUST001095,BR003,Checking,CLOSED,02/03/2023,,9687.51,US Dollar,,0,15,124153185712
ACC9628528,CUST001252,BR025,Checking,Open,"March 21, 2000",,39153.0,usd,3.2641,0,15,594801476116
ACC7581696,CUST000472,BR048,Savings,Closed,,,1223.45,USD ,5.0901,500,15,343970657881
ACC5255047,CUST001287,BR033,Business,Suspended,30/01/2023,,9303.74,usd,1.1528,,0,076566382214
ACC2543892,CUST001597,BR012,Business,Suspended,18-06-2014,,1338.22,,2.7845,100000,15,749685217050
ACC8870053,CUST000431,,Checking,Suspended,24/12/2003,,4244.61,usd,0.9898,250,5,431583962771
ACC4211266,CUST003351,BR013,Business,ACTIVE,13-03-26,,3061.31,EUR,2.2167,,0,331837332978
ACC9392368,CUST004008,BR022,BUS,open,12-08-02,,3628.61,GBP,3.5702,100,5,604865109098
ACC5226491,CUST002221,BR005,Savings,Active,,,2149.97,GBP,3.7488,500,10,332986594555
ACC6511542,CUST000526,BR005,Money Market,open,99/99/9999,,1426.65,,5.0619,0,15,763388940692
ACC2639857,CUST004937,BR002,Money Market,CLOSED,11/07/2013,,199.0,GBP,5.1494,,12,344657325280
ACC9736083,CUST004252,BR003,BUSINESS,N/A,04-08-2023,2023-09-20,5454.7,USD,5.4627,,12,004371672763
ACC1972264,CUST004413,BR003,Business,open,21-10-29,,"$5,483.16",US Dollar,0.9894,50000,5,247512210549
ACC9165117,CUST001976,BR038,Savings,Open,21/06/2015,,4443.46,usd,5.2051,250,5,789315154221
ACC3054543,CUST004651,BR047,Checking,closed,23-10-06,,4127.19,USD ,2.8773,100,15,027143612787
ACC5412547,CUST002493,BR033,business acct,active,23-11-2005,,,$,,$0.00,15,171573540735
ACC4950205,CUST001497,BR034,MONEY MARKET,closed,05-07-2018,,90.39,usd,1.8669,100,0,839216353560
ACC2883593,CUST002035,BR021,Savings,Active,21-05-01,,6615.97,USD,3.3233,500,25,165365709827
ACC1493691,CUST004945,BR032,money market,open,99/99/9999,,2702.32,,2.4378,0,10,278323007237
ACC3641962,CUST003347,BR015,Business,open,10/27/2001,,1465.97,$,3.9273,250,10,254510073841
ACC4560056,CUST002193,BR006,Business,Suspended,07/07/2010,,430.04,usd,2.8647,250,25,213371589822
ACC1195189,CUST001206,BR038,Savings,Frozen,2020-03-21,,259.1,EUR,4.0109,,12,793393645629
ACC9503079,CUST002342,BR045,Savings,Open,10/20/2023,,,usd,,250,0,371892448100
ACC5279349,CUST003610,BR038,Money Market,N/A,99/99/9999,,6533.63,,3.9097,0,10,254649447682
ACC7558459,CUST004254,BR032,Checking,Active,07/11/2003,10/21/2005,"$10,039.61",,4.3571,1000,25,663246302608
ACC9127294,CUST004925,BR021,Savings,closed,NULL,,9082.46,$,3.5097,500,12,663039544143
ACC5495204,CUST000935,BR004,Checkng,Suspended,17-06-2009,,10102.96,USD ,3.1897,0,5,663290692786
ACC9540346,CUST004010,BR002,Checking,Frozen,18-07-18,,9531.94,EUR,0.9775,0,15,986005262559
ACC4561894,CUST002381,BR016,Savings,open,2004-04-02,,,US Dollar,4.4574,0,10,240774547843
ACC2034934,CUST003042,BR016,Checking,open,2014-06-15,,$990.85,USD ,2.048,100,15,803939869608
ACC5866221,CUST000531,BR013,Savings,Open,19/05/2015,,6398.87,USD,3.666,500,25,385606919608
ACC9394483,CUST003442,BR050,Savings,open,02/10/2016,,961.73,USD ,1.501,250,0,166907552346
ACC9370267,CUST002466,BR005,CHK,CLOSED,,,1243.57,,3.1995,100,10,020009569138
ACC8960615,CUST003933,BR033,SAVINGS,N/A,01-01-2022,,1062.4,USD ,4.5246,250,0,313376181310
ACC4060431,CUST004008,BR009,Savngs,active,12/09/2018,,2894.28,GBP,0.823,0,0,803598110312
ACC2539826,CUST002062,,MM,Suspended,07/11/2011,,1553.41,GBP,3.4094,0,0,198742153625
ACC6179136,,BR021,Biz,closed,10-11-2009,,$669.68,GBP,0.8722,USD 0.00,15,324718307832
ACC8915273,CUST003144,BR014,MM,Active,29/04/2004,,2414.49,GBP,3.661,0,25,528652574395
ACC2035110,CUST000264,BR022,svgs,open,"July 18, 2006",11/04/2011,8282.95,GBP,,,5,378004142607
ACC6545871,CUST004789,BR034,money market,closed,2015-01-07,,3381.03,US Dollar,4.5304,,5,673243056076
ACC5047612,CUST003327,BR047,Checking,Inactive,21-11-15,,8425.96,usd,1.8228,,10,602151578500
ACC1128951,CUST004703,BR035,savings,Frozen,99/99/9999,,871.99,EUR,3.4221,500,10,546486247909
ACC5031403,CUST000409,BR030,business acct,Frozen,11/07/2015,,730.76,,1.2023,100,0,304895832528
ACC1900674,CUST000084,BR024,Checking,ACTIVE,99/99/9999,,3428.1,USD,4.387,0,12,284579192605
ACC1531757,CUST001796,BR018,MM,Active,99/99/9999,,2489.48,USD,3.912,0,0,501788482418
ACC2954186,CUST001565,BR011,Savings,active,27-11-2021,,USD 4317.27,,3.5103,500,5,055202724997
ACC3398103,CUST003366,BR012,Business,N/A,24-03-2007,,6331.71,USD,4.6795,USD 500.00,12,720144534092
ACC8961393,CUST004957,BR020,CHK,active,2003-04-06,19-12-20,5566.15,EUR,1.198,500,15,028673777832
ACC9841787,CUST000728,BR034,MM,open,08-08-04,"February 04, 2018",11407.3,US Dollar,1.4197,0,10,503586581541
ACC4463433,CUST002499,BR012,Money Market,ACTIVE,30/08/2010,,2031.7,EUR,0.615,1000,0,515188026301
ACC7314318,CUST000986,BR030,Savings,N/A,13-09-2000,,$924.64,$,0.7005,100,12,124010536174
ACC7906841,CUST003037,BR024,Money Market,Open,2022-12-14,,3202.15,,5.4503,100,15,926052156748
ACC9725626,CUST000599,BR049,Business,Open,"June 13, 2002",,469.48,US Dollar,2.8317,500,10,386914222523
ACC7923754,CUST001502,BR001,MONEY MARKET,Open,2006-12-24,2013-07-30,1363.49,USD,1.5609,0,15,555782180264
ACC8550342,CUST003699,BR035,money mkt,CLOSED,"March 13, 2007",,932.21,usd,4.6859,500,15,326407330615
ACC4035090,CUST001745,BR025,Money Market,open,"September 18, 2022",,"2020,46",EUR,0.2274,,15,748658772174
ACC7838654,CUST002949,BR029,Checking,Active,12/12/2016,,471.61,$,3.8676,250,0,306827220758
ACC5449964,CUST004859,BR026,Savings,N/A,2004-10-16,,"129,44",EUR,2.7662,$100.00,0,617331067886
ACC5569544,CUST001687,BR031,Business,open,15-07-05,,4277.7,usd,1.775,0,5,919333230712
ACC5756664,CUST002541,BR040,Savings,Frozen,2013-03-12,,3768.99,$,3.2384,,12,618969867918
ACC4474886,CUST002458,BR025,MONEY MARKET,closed,20-10-24,,4928.93,GBP,3.7034,,5,317500257778
ACC2799602,CUST004953,BR046,Savings,Frozen,02-01-11,09/23/2018,4319.79,US Dollar,3.9444,1000,12,105150654770
ACC8053855,CUST002103,BR045,Savings,ACTIVE,12/02/2009,,485.48,GBP,5.2555,"$1,000.00",0,714499962269
ACC7119889,CUST003786,BR007,Business,Open,2001-05-23,,"1376,04",USD ,0.6894,1000,15,237914455282
ACC6983970,CUST004336,BR022,Business,closed,99/99/9999,,554.87,$,,250,10,304508328856
ACC2783952,CUST000610,BR042,MONEY MARKET,N/A,99/99/9999,,7405.33,GBP,3.3771,0,5,041209055964
ACC8092616,CUST001919,BR049,MoneyMarket,N/A,2005-05-09,07-02-20,5495.94,USD ,3.2462,1000,10,331943050392
ACC1099974,CUST001446,BR038,Checking,ACTIVE,"September 09, 2017",,900.22,$,4.9856,250,0,957012677050
ACC8507154,CUST004739,BR040,CHECKING,CLOSED,00-01-27,,1670.0,EUR,0.0177,0,5,215133307056
ACC6849902,CUST003107,BR023,Savngs,Open,"November 01, 2014",,USD 13598.59,,2.1111,250,10,833558982795
ACC2796063,CUST002476,BR048,Savings,Inactive,"February 16, 2014",,3607.18,,1.8537,100,25,719687131742
ACC4310474,CUST002409,BR048,svgs,Active,2015-08-31,2021-01-28,6460.93,EUR,3.1709,500,5,929332079786
ACC7229251,CUST002048,BR009,savings,Open,16-11-04,2018-06-02,1229.31,US Dollar,2.0625,500,15,817748591523
ACC3190314,CUST003993,BR048,Money Market,Inactive,2016-10-04,,943.16,EUR,3.8144,1000,10,679676487162
ACC5095518,CUST002607,BR041,SAVINGS,ACTIVE,"June 24, 2007",,6128.37,usd,3.0151,1000,0,511237329334
ACC9562103,CUST002206,BR039,Business,Active,01-06-2018,,4631.82,EUR,1.6533,0,25,547394517373
ACC7325696,CUST002361,BR038,Checking,open,99/99/9999,,4569.98,EUR,2.3154,,25,316348715686
ACC2877632,CUST004671,BR009,Checking,Frozen,"January 03, 2004",,3217.52,usd,3.4036,0,15,706953163908
ACC6573801,CUST002639,,Money Market,Closed,10/06/2012,,3316.59,USD,0.1508,0,15,083158333354
ACC2221381,CUST000646,BR025,Business,ACTIVE,NULL,,5322.64,usd,3.955,500,10,989714910904
ACC2329839,CUST002005,BR023,Business,Active,"May 24, 2020",16-11-2020,1258.86,US Dollar,3.8747,100,12,158864706622
ACC8737912,CUST000030,BR044,Checking,Suspended,04/11/2008,,,usd,2.2915,0,0,533442856750
ACC6895252,CUST004926,BR022,Business,CLOSED,08/31/2001,,8211.57,,,250,5,273781847823
ACC2114975,CUST004661,BR001,Money Mkt,CLOSED,16-07-17,2022-11-08,1477.68,GBP,1.6675,250,10,980005029354
ACC7545746,CUST004725,,Checking,Suspended,"January 11, 2002",,3161.36,,0.478,100,5,955662125039
ACC5816073,CUST000244,BR048,MONEY MARKET,Frozen,25/09/2013,,4851.24,GBP,1.6405,,0,458791010572
ACC6723991,CUST004652,BR009,Business,N/A,2015-05-30,,37982.86,$,3.1813,0,5,962087210184
ACC8109331,CUST003668,BR039,Saving Acct,N/A,07-08-2017,,2285.78,USD,2.7181,0,0,400799929645
ACC8737756,CUST000666,BR034,Business,Frozen,12/23/2017,,2235.11,,3.1816,250,5,280291142631
ACC2176593,CUST001794,BR038,Checking,open,13-01-2009,,7395.56,GBP,2.3524,250,15,568610971412
ACC2727694,,BR044,Checking,open,"July 22, 2022",,6549.36,GBP,4.0533,0,25,087398338499
ACC4535317,CUST002877,BR048,Money Mkt,active,29-09-2012,,5253.3,GBP,2.2127,250,12,978898803221
ACC4137189,CUST003544,BR030,money mkt,Open,99/99/9999,07/18/2016,2488.74,EUR,0.0255,500,25,323111124116
ACC6653768,CUST000490,BR024,Business,Active,14-06-2015,,1565.89,USD,1.1152,500,5,924114842581
ACC7756225,CUST000857,BR004,savings,Active,31/01/2011,,"3753,43",USD,3.3199,250,10,122493931515
ACC4114262,CUST000532,BR005,Checking,Closed,03-12-05,,8357.1,USD ,4.8505,,10,545742370866
ACC7431131,CUST000537,BR030,Savings,ACTIVE,05/02/2005,,8608.99,EUR,2.6919,0,15,878682659147
ACC2827391,CUST001259,BR022,Checking,ACTIVE,08/09/2011,,459.39,$,0.2813,0,10,765192458442
ACC8288174,CUST004668,BR046,Checking,Closed,2018-02-28,,2236.92,USD,3.7898,0,0,278602837746
ACC6881168,CUST002857,BR019,SAVINGS,open,07/29/2020,,2499.88,GBP,5.129,500,10,406625039190
ACC7126976,CUST004403,BR039,SAVINGS,Open,,,15197.52,US Dollar,2.0153,1000,15,578647610855
ACC7568131,CUST001714,BR018,Business,Active,04-09-13,2012-04-09,4532.79,$,1.7645,500,0,671454020688
ACC4759082,CUST000533,BR011,Buisness,Inactive,24-04-2000,,2091.91,USD ,,1000,25,408295932063
ACC3096159,CUST002868,BR020,Business,CLOSED,"March 21, 2002",,105.61,GBP,1.112,1000,5,995918761046
ACC5862646,CUST000855,BR042,CHK,Active,17-08-2021,2023-08-17,3333.18,US Dollar,3.7373,,5,355438271366
ACC8627235,CUST000900,BR022,money mkt,Open,99/99/9999,,404.04,GBP,4.1512,0,25,691526653041
ACC8229874,CUST004528,BR015,Money Market,Inactive,2004-01-20,,7193.93,EUR,4.0287,100,15,679366826635
ACC4979568,CUST000034,BR047,Savings,Inactive,2004-07-16,,5585.68,usd,3.1206,500,0,726881959111
ACC8812546,CUST002103,BR030,check,active,2023-12-28,,2468.52,US Dollar,,1000,0,699393415920
ACC7896255,CUST000930,BR011,Checking,ACTIVE,"October 09, 2007",,,GBP,2.5695,250,15,175178438329
ACC7033903,CUST000466,BR013,business acct,Frozen,24/10/2011,,9105.29,,,100,12,021188785976
ACC5428384,CUST003707,BR035,Current Acct,Open,"April 19, 2000",,1361.29,$,3.2651,250,25,255315851752
ACC4996905,CUST004874,BR010,Money Market,active,16-04-06,,1145.5,US Dollar,3.2632,500,10,661943892293
ACC8600247,CUST001603,,Checking,Closed,07/15/2015,,11200.49,USD,1.7494,1000,0,225777832464
ACC9997698,CUST003055,BR017,Money Market,Active,12/10/2019,,6627.08,US Dollar,2.7797,250,0,156625136205
ACC7059099,CUST001074,BR021,Current Acct,CLOSED,2019-05-18,,6873.12,$,2.4152,250,12,952104950325
ACC2488915,CUST001777,BR025,business acct,open,2009-01-05,,868.62,,0.5565,1000,15,769794213264
ACC8653236,CUST000528,BR005,Business,Closed,20-11-16,,,$,1.076,250,0,300765857719
ACC7903241,CUST001703,BR035,business acct,Frozen,03/05/2009,20-09-17,105.5,US Dollar,0.2538,0,15,231225180565
ACC4656020,CUST003933,BR028,Checking,active,06-02-17,,1082.21,GBP,4.076,500,10,804433440616
ACC6900603,CUST002508,BR047,Business,Suspended,31/07/2011,,5952.25,USD,3.9256,500,15,466959108117
ACC2955974,CUST001893,BR017,Savings,Closed,21-11-26,99/99/9999,1097.95,$,1.6036,500,25,542810340260
ACC5821116,CUST000752,BR047,business,N/A,11/12/2022,,5224.07,USD,2.3266,500,25,467187107117
ACC8663759,CUST001127,BR030,Checking,Open,11-05-2005,05/24/2017,1160.92,USD ,1.6669,,15,542822943570
ACC3446428,CUST000538,BR013,Checking,closed,99/99/9999,,2012.04,,3.0041,500,15,326486911979
ACC8129944,CUST003216,BR044,Business,ACTIVE,"February 03, 2003",,16336.54,,4.6347,1000,5,949569848909
ACC4497807,CUST000699,BR049,Savings,Open,NULL,,1123.15,GBP,0.1063,100,25,783866772156
ACC9679892,CUST002870,BR028,Money Market,ACTIVE,02-03-13,,1888.8,usd,3.3942,1000,15,564356033247
ACC5933202,CUST004661,BR049,Checking,Active,02-03-2015,,1432.92,USD ,1.0902,0,12,842592692042
ACC2443099,CUST000959,BR027,business acct,Open,04/07/2016,,464.45,USD,2.1821,,5,095453730984
ACC1061511,CUST001861,BR021,savings,open,02/04/2008,,2692.55,usd,0.3253,1000,25,690973605970
ACC7477578,CUST001531,BR001,Savings,Open,05/19/2010,,1903.7,USD ,0.189,0,10,787231418780
ACC5542253,CUST002138,BR018,Chequing,CLOSED,16-07-2007,,"$4,748.29",USD,3.1504,100,10,963422662400
ACC8735593,CUST002323,BR001,BUS,Open,99/99/9999,2007-05-26,6806.09,$,1.3193,500,0,443452860471
ACC8178966,,BR042,Savings,ACTIVE,03/06/2020,,USD 3143.24,EUR,3.1836,,25,064960466375
ACC9219605,CUST001654,BR014,MM,Inactive,04-06-11,,130.9,US Dollar,3.5456,,25,056994775563
ACC6045457,CUST001493,BR004,business,active,27-10-2011,,"$3,859.01",,3.7367,100,10,902196293666
ACC7335159,CUST001476,BR006,Savings,Frozen,26/03/2003,,$227.94,EUR,0.2809,500,10,169584173529
ACC5152324,CUST004352,BR007,Checking,open,22-05-2013,,3832.16,,1.1132,250,25,615810316446
ACC4669280,CUST000286,BR007,Business,Suspended,"July 03, 2021",,4621.11,$,,500,10,033292846306
ACC5258871,CUST002895,BR010,checking,active,17-02-23,,881.43,GBP,2.7409,,10,429727705095
ACC6099500,CUST002641,BR026,Money Market,Open,"March 08, 2021",,6844.69,US Dollar,0.7999,500,25,121507982756
ACC8525126,CUST003647,BR049,Checking,Inactive,21/01/2014,,,US Dollar,2.9507,500,15,090220241136
ACC5016434,CUST003964,BR024,Buisness,Inactive,07/15/2006,,6708.45,GBP,2.8669,,25,982244118272
ACC2744363,CUST003796,BR001,Checking,Active,16-10-2023,,1456.0,US Dollar,1.9509,100,12,887016009973
ACC5701743,CUST002300,BR022,Money Market,Frozen,2023-07-03,10/12/2023,3533.77,$,0.464,$250.00,15,945255249819
ACC9196893,CUST002328,BR004,Money Market,CLOSED,02-08-2023,,9851.73,US Dollar,1.0685,250,0,078906288718
ACC9048839,CUST003022,BR046,Money Market,Suspended,2019-11-09,,1546.56,,4.0523,1000,10,471922283101
ACC1314137,CUST004215,BR011,Business,Active,11-08-2000,,6859.81,,5.121,25000,12,241978441825
ACC9667082,CUST000890,BR030,Money Market,Suspended,"September 30, 2010",,38.08,US Dollar,2.5697,250,0,185671312682
ACC4503090,CUST000988,BR026,Savings,active,21-02-2010,,14.61,EUR,4.0441,,12,604901395358
ACC5860220,CUST002578,BR016,Money Mkt,active,,,5703.66,USD ,0.3501,0,15,545753298508
ACC1750605,CUST004228,BR029,Savings,Active,2006-07-23,,5732.66,US Dollar,0.9205,100,5,289684444978
ACC5926347,CUST002208,BR015,SAV,Active,02/04/2006,,6223.16,US Dollar,2.4405,0,0,417410370157
ACC9438673,CUST002094,BR011,Checking,N/A,02/01/2017,,10638.57,usd,,250,0,784850703594
ACC3132011,CUST004990,BR014,Money Market,Frozen,99/99/9999,,USD 501.83,US Dollar,5.3639,0,10,890884701003
ACC6070994,CUST002182,BR034,Money Market,open,"September 20, 2012",,1055.78,EUR,4.7894,,12,802232331759
ACC9777643,CUST001354,BR005,Biz,N/A,2002-04-12,,9362.18,USD,2.7641,1000,5,707447036333
ACC1025219,CUST003322,BR021,Chequing,Active,06-08-08,,"780,34",EUR,1.6892,1000,10,849122263503
ACC7196896,CUST000039,BR029,Business,active,26-03-2016,,4585.7,USD ,2.74,USD 500.00,0,488506596298
ACC2665160,CUST002854,BR001,MM,Suspended,16-03-25,,3024.03,$,5.2497,500,10,330583209508
ACC6675092,,BR045,Savings,open,05/21/2023,24/07/2023,347.44,US Dollar,2.1267,250,0,968360186964
ACC6648583,CUST003318,BR018,money mkt,open,2004-08-02,99/99/9999,1343.37,EUR,4.2102,0,25,465886646851
ACC8414594,CUST002388,BR022,Money Market,ACTIVE,24-02-2004,,2938.98,usd,,,25,631172841107
ACC9938619,CUST000351,BR025,check,Open,13-01-15,,7651.65,USD ,0.6168,500,12,895459561151
ACC9858887,CUST002082,BR031,Money Mkt,Active,99/99/9999,27/09/2013,,GBP,1.8901,100,0,541639922009
ACC2056286,CUST000508,BR027,BUSINESS,N/A,27/06/2011,,,usd,5.4457,100,10,201256909249
ACC7630477,CUST004950,BR013,Business,closed,"March 23, 2015",,2740.98,EUR,3.6828,500,12,282790234496
ACC5391619,CUST002923,BR021,Saving,Active,2004-02-27,,1419.19,,2.7615,0,5,317278566097
ACC7078560,CUST002347,BR007,CHECKING,Active,02-12-21,,507.9,EUR,4.4627,1000,0,179999553404
ACC8551575,CUST001934,BR016,Savings,Closed,22-02-22,,2104.27,,2.5001,500,5,714151511812
ACC8659758,CUST002521,BR039,check,Inactive,99/99/9999,,115.73,GBP,5.4757,1000,12,096452222105
ACC2613669,CUST000230,BR018,business acct,CLOSED,2002-11-29,,948.24,EUR,3.6096,1000,25,028304652238
ACC3407909,CUST003770,BR021,Savings,open,"January 07, 2017",,"$2,265.94",USD ,5.0947,1000,0,173687724863
ACC3317650,CUST002146,BR049,Biz,Closed,2013-12-30,,2169.3,USD ,4.2469,USD 100.00,25,899844780159
ACC6493324,CUST003539,BR031,BUS,N/A,"September 23, 2007",,181.23,GBP,4.2151,1000,15,508293377882
ACC5952753,CUST003487,BR036,money mkt,ACTIVE,"April 06, 2007",,3557.23,USD,5.0849,1000,12,277082974392
ACC5081943,CUST000671,BR008,Money Market,Closed,11-03-2004,,,,,250,25,569546298914
ACC2307247,CUST004304,BR045,Checking,ACTIVE,,,325.29,$,4.0835,USD 500.00,15,602251876413
ACC2278572,CUST004199,BR048,business acct,open,11-01-03,,11470.27,USD ,3.7953,USD 0.00,5,190009239383
ACC1340392,CUST004734,BR003,Checking,open,29-11-2019,,418.7,GBP,3.3094,100,10,071861350856
ACC1662558,CUST002246,,savings,Closed,05-12-11,,7719.51,$,3.5954,100,5,657946421504
ACC1853965,CUST002553,BR005,Savngs,Closed,07/04/2014,,$1.24,USD,2.335,250,10,357365378794
ACC4992914,CUST003351,BR036,SAVINGS,open,28/10/2003,,8557.82,EUR,4.6512,500,0,039928024865
ACC2113211,CUST002576,BR019,Business,closed,,,79.67,USD,3.182,0,10,338870347317
ACC7018106,,BR002,Money Market,N/A,07-02-27,,5672.16,EUR,1.0129,500,25,011530095785
ACC6415245,CUST004289,BR049,Business,Inactive,04-05-2006,,1795.73,USD,2.4255,,15,945889265397
ACC6812200,CUST000125,BR037,CHK,ACTIVE,,,5360.95,usd,0.9578,100,15,669235977450
ACC3969338,CUST002126,BR010,Money Market,closed,16-01-2013,,2054.95,GBP,1.6628,100,10,468565586925
ACC9001687,CUST001266,BR022,Money Market,ACTIVE,15/11/2003,,294.19,,4.342,,15,667641011849
ACC6909850,CUST001136,BR047,Checking,Suspended,09-07-01,,5835.58,,4.8399,USD 0.00,10,909660760982
ACC2956854,CUST001991,BR042,Savings,Open,07/09/2000,,295.67,USD,5.0507,1000,0,615536239693
ACC1533043,CUST002341,BR003,Savings,Active,06/02/2001,,1021037.0000000001,USD,2.9299,500,12,590323966617
ACC1959534,CUST003758,BR004,Chequing,N/A,07/11/2005,,209.28,USD,0.7391,1000,25,192012147679
ACC1380457,CUST003663,BR031,Chequing,Inactive,13-01-08,,2610.52,,4.1949,250,10,134360224116
ACC6294420,CUST000836,BR004,business acct,Frozen,2013-10-04,,5135.45,USD ,3.7324,0,25,562436499386
ACC2058359,CUST004337,BR039,Money Market,closed,2002-04-21,,1998.53,GBP,3.8997,100,12,720807000679
ACC9965740,CUST000946,BR042,Savings,Active,2000-06-07,,979.68,US Dollar,0.0199,,5,534079619270
ACC2538964,CUST002791,BR049,Savings,N/A,20-08-01,,5693.34,,0.3483,100,5,004477221012
ACC8289721,CUST001280,BR036,money market,Open,07/03/2018,,6135.37,USD ,4.0521,100,0,549677186410
ACC9536266,CUST004923,BR013,MoneyMarket,ACTIVE,24/08/2011,,10239.99,,1.35,250,0,275424237838
ACC5140890,CUST002067,BR018,Savings,closed,,"June 20, 2018",1887.48,GBP,2.7187,1000,0,299784873236
ACC5728505,CUST002605,BR035,Checking,Active,15-11-2002,,2822.92,GBP,4.4563,1000,25,773668465297
ACC6174298,CUST004855,BR043,Savings,Closed,"April 27, 2006",,-1804.75,GBP,5.3114,1000,25,074604189640
ACC7556714,CUST003747,BR031,Savings,Active,2003-03-08,"May 31, 2018",1188.68,USD,0.2309,250,5,645696472108
ACC1069596,CUST000924,BR048,Money Market,Frozen,,09/13/2021,5561.74,USD,1.6428,250,10,378628770754
ACC6525247,CUST004773,BR034,Savings,closed,03/02/2020,,1659.95,$,0.946,250,5,055487397279
ACC3161047,CUST003586,BR027,CHECKING,Suspended,15-01-2021,,2235.51,usd,,250,10,446080802489
ACC9259009,CUST001263,BR020,Business,Inactive,2016-04-14,,2067.87,GBP,0.1572,100,5,735487196864
ACC2689498,CUST001392,BR018,Savngs,active,2007-02-02,,498837.0,US Dollar,3.8731,500,25,992242963364
ACC2853014,CUST003074,BR048,Money Market,Active,2004-12-08,,9994.19,GBP,3.8743,1000,10,298375685589
ACC7971521,CUST003170,BR047,Money Market,active,16-02-06,,4395.52,$,,1000,12,684789515831
ACC7057345,,BR037,Biz,ACTIVE,01-09-2006,,2551.48,USD,3.5811,,25,807000176957
ACC2276074,CUST003675,BR005,Checking,Open,14-05-2004,2009-02-10,6042.08,GBP,4.5733,"$1,000.00",5,989939514554
ACC2449186,CUST003141,BR048,Biz,open,2013-03-30,,4097.41,USD ,5.4562,0,15,027510364850
ACC2102425,CUST001243,BR018,Saving Acct,N/A,19-12-2006,,250.1,GBP,2.2282,1000,0,959689663098
ACC2229354,CUST004800,BR013,Savings,closed,04/04/2005,,"402,22",GBP,3.5762,500,0,596091589418
ACC1015981,CUST000154,BR046,Business,Closed,16-08-26,,154.62,$,1.7579,250,0,020877887774
ACC8775353,CUST000178,BR046,Checking,Closed,99/99/9999,,2441.23,GBP,1.9023,100,0,051996090481
ACC6493702,CUST000941,BR033,Business,Inactive,30-06-2019,,,EUR,3.6875,250,10,275251044467
ACC8135027,CUST000483,BR021,Biz,closed,2003-05-20,,"1502,17",EUR,0.7338,0,0,983936953253
ACC7674375,CUST003378,BR002,BUSINESS,Suspended,"June 01, 2023",,1939.07,US Dollar,2.7832,500,15,286418040692
ACC9913516,CUST002403,BR006,Current Acct,Frozen,25-11-2022,,9608.61,,4.0331,1000,25,489686309745
ACC1267110,CUST000901,BR025,Business,CLOSED,12/23/2005,,7253.65,usd,5.4993,0,10,672186041119
ACC9948368,CUST003425,BR023,CHK,closed,NULL,,4375.07,$,3.7574,250,25,692625107394
ACC2619105,CUST004693,BR026,Checking,open,11-10-2006,,1241.37,USD,0.2841,25000,0,913436056104
ACC1399490,CUST003541,BR003,business acct,N/A,03-05-04,,$497.91,,,0,25,928099653757
ACC7090347,CUST001160,BR006,Business,CLOSED,2009-01-29,,64.76,$,4.303,0,10,468378684986
ACC2670795,CUST000712,BR003,Biz,closed,02-10-20,,452.72,EUR,2.4449,250,5,625531866428
ACC2037751,CUST004791,BR024,Checking,Inactive,14-10-18,,1384.62,USD ,1.2872,$0.00,10,669602080716
ACC5876766,CUST004922,BR033,chk,Frozen,05/12/2020,,3209.97,EUR,1.4912,250,0,158714757008
ACC2605187,CUST002410,BR001,Checking,Active,01/04/2011,,264.56,US Dollar,0.7233,100,25,461676384463
ACC9142048,CUST000906,,CHECKING,CLOSED,11/30/2019,,585.78,$,3.081,500,15,547466266260
ACC8742331,,BR050,business acct,open,"March 21, 2011",,799.08,USD ,0.1408,,12,112997430693
ACC6178892,CUST003704,BR023,Checking,Open,2011-12-02,,3998.49,usd,4.4016,0,0,101002629118
ACC7737183,CUST003644,BR028,MoneyMarket,active,2019-12-16,,"$3,826.26",US Dollar,1.4686,250,10,945685829884
ACC2154831,CUST002738,BR002,Current Acct,ACTIVE,99/99/9999,,3200.84,,,0,0,825387201479
ACC5792705,CUST004616,BR047,Business,CLOSED,,,"$1,153.40",EUR,1.7999,500,12,103115127702
ACC3824956,CUST003685,BR025,business,Inactive,2014-12-12,,1855.26,USD ,0.8466,0,25,021626080354
ACC7031992,CUST002366,BR019,MM,closed,08-05-2012,,406.76,GBP,1.8587,,12,689081424721
ACC6575147,CUST003592,BR023,Savings,N/A,2002-09-22,,1027.11,US Dollar,4.6907,250,0,920798962750
ACC8214204,CUST002305,BR044,money mkt,Frozen,15-07-2018,,9119.59,USD,1.5823,250,12,220024532696
ACC6341873,CUST003535,BR010,Savings,N/A,06/07/2021,,15586.91,,1.0172,1000,25,772021809553
ACC3052031,CUST003484,BR036,Money Mkt,open,99/99/9999,,4172.63,US Dollar,5.3041,250,12,906889959447
ACC2366963,CUST001324,BR026,Checking,active,05/08/2008,13-08-2020,"$9,947.15",$,0.4535,100,12,290339082237
ACC2972934,CUST003000,BR025,Savings,ACTIVE,10/02/2010,,4117.19,GBP,0.8868,0,25,752341394049
ACC2378375,CUST001992,BR008,Savings,CLOSED,"April 03, 2020",2021-08-08,135.04,EUR,4.1592,250,25,191541102522
ACC7230281,CUST003998,,Money Mkt,CLOSED,16/05/2015,,22931.92,,3.1116,0,12,969327072012
ACC9350010,CUST004730,BR027,Business,active,08-08-2007,,$416.79,$,3.8481,1000,10,239625352425
ACC3926248,CUST000248,BR025,Buisness,Open,11/17/2023,,"4590,9",USD ,3.4218,0,5,661528681736
ACC1719513,CUST003417,BR005,Business,Suspended,20-07-15,,1165.88,USD ,3.0208,,12,435681110534
ACC1117945,CUST002210,BR014,Saving,open,01/16/2001,,1990.2,,0.0172,250,10,705162734788
ACC5813695,CUST003953,BR011,Business,open,07/09/2003,,,GBP,3.1909,100,12,602206848488
ACC5522325,CUST002547,BR027,SAVINGS,Active,"January 12, 2000",,2294.26,,1.9581,1000,10,441536317296
ACC7981021,CUST000582,BR005,Savings,Active,19-07-11,,1153.64,,2.4823,$100.00,12,946840215242
ACC7858470,CUST000506,BR008,MoneyMarket,N/A,06-08-27,,1628.54,USD ,5.2665,1000,5,169810687776
ACC5753085,CUST002176,BR003,Business,active,22/06/2004,,,usd,2.4515,0,5,118837598662
ACC7161568,CUST000756,BR044,Checking,Open,16/11/2004,,12808.46,usd,,,5,329035902608
ACC9771886,CUST003825,BR039,money market,active,07-04-2019,,,USD,0.5847,500,12,543392768913
ACC7632311,CUST001303,BR045,Saving Acct,active,"May 12, 2015",,2454.01,GBP,2.1753,100,5,672968985620
ACC5708881,CUST000571,BR011,Chequing,active,03/04/2010,,891.68,$,4.9115,,0,311707809050
ACC9929370,,,Business,Closed,05-06-11,,6664.37,$,3.0624,0,15,730802836303
ACC6961352,CUST000057,BR046,Money Market,CLOSED,13/01/2017,,684.02,USD,0.833,,25,723419184247
ACC1227591,CUST002491,BR006,chk,CLOSED,NULL,,945.23,$,1.4849,500,5,201000762795
ACC2417948,CUST004921,BR011,MoneyMarket,N/A,99/99/9999,,1822.91,US Dollar,3.1427,,10,864897905109
ACC7762438,CUST003924,BR025,Savings,Open,01/19/2003,,,,4.9474,250,0,214883680338
ACC1125529,CUST000759,BR019,Savngs,N/A,19-07-19,,,,5.4887,1000,25,297052833608
ACC3250441,CUST002534,BR026,Biz,Inactive,21/07/2018,,521.5,$,3.0018,$250.00,15,444921045569
ACC4414318,CUST002103,BR034,MM,Closed,01/18/2014,,2724.68,USD ,2.0834,,0,521384560192
ACC9545770,CUST001000,BR043,Checking,Active,NULL,,1294.12,usd,0.2524,250,0,233719197643
ACC2659452,CUST000499,BR050,Business,closed,2020-01-16,,3364.06,USD ,2.5886,250,25,359739517727
ACC3827846,CUST004746,BR040,Savings,Frozen,16/12/2014,,2403.27,,1.7659,250,15,677224492405
ACC6900759,CUST001909,BR028,Savings,N/A,18/02/2012,,2283.43,USD ,5.0163,500,10,150227062148
ACC1227114,CUST003711,BR015,Saving Acct,Closed,06/24/2023,,$475.01,US Dollar,5.2623,250,10,165887728242
ACC7700243,CUST004015,BR004,CHECKING,closed,NULL,,608.18,USD ,2.0095,250,15,697782209194
ACC1227198,CUST000041,BR027,svgs,closed,15-08-2001,,6883.23,EUR,1.4103,1000,25,942494492842
ACC4598267,CUST001357,BR038,Checking,N/A,,,8682.11,EUR,3.2962,0,10,337554607465
ACC2765463,CUST000717,BR025,Business,Suspended,11/26/2004,29/05/2005,1069.86,$,0.0363,250,5,109082682777
ACC3677218,CUST001332,BR031,Buisness,N/A,04-03-25,,481.72,USD,3.467,,5,934752108869
ACC3477727,CUST000932,BR014,Savings,Open,"November 02, 2022",,219.59,,3.459,250,0,986306187825
ACC9640248,CUST003137,BR034,Money Market,Active,12/07/2006,,3749.01,EUR,4.1046,1000,10,449424555008
ACC5630881,CUST003841,BR006,Checking,Open,07-02-26,,5026.02,US Dollar,1.9659,1000,15,413374180689
ACC5652409,CUST003834,BR037,business acct,Frozen,"September 17, 2004",,1866.02,usd,0.5875,"$1,000.00",15,330582544043
ACC1478429,CUST001598,BR039,Checking,ACTIVE,NULL,,4553.69,USD ,4.4852,,12,752632316294
ACC9074122,CUST002579,BR004,MM,N/A,2007-12-04,,4992.52,$,1.5912,1000,10,699574242751
ACC7908422,CUST004695,BR029,sav,closed,09/03/2002,,10954.59,,5.2067,1000,25,755436649797
ACC9013034,CUST000874,BR024,Savings,N/A,2012-01-15,,268.29,GBP,0.9352,100,12,491785812378
ACC1127288,CUST003454,BR004,Current Acct,CLOSED,01/15/2016,,854.22,USD,0.9622,0,5,395939603154
ACC4778063,CUST002913,BR050,MM,Open,11-11-05,,283.95,usd,3.0792,500,5,130767509796
ACC5728422,CUST002402,BR031,Money Market,open,"July 19, 2015",,,EUR,4.6817,1000,5,129934972553
ACC2166356,CUST002960,BR008,Money Market,open,"August 07, 2013",,6292.18,US Dollar,3.5921,100,25,222238216649
ACC6666000,CUST004315,BR014,MoneyMarket,N/A,06/04/2018,,3419.3,GBP,1.0246,1000,12,452984020860
ACC4613143,CUST004997,BR046,Money Market,Inactive,2005-09-03,,USD 349.49,GBP,0.4299,,25,308738447331
ACC2545079,CUST002803,BR018,CHK,CLOSED,02/08/2013,,1277.03,USD ,1.4392,0,5,869286328828
ACC8781552,CUST000295,BR003,chk,open,10/18/2010,,"$1,413.69",USD ,4.8606,0,25,445019319115
ACC4054604,CUST001797,BR020,Savings,CLOSED,12-04-04,07/17/2021,3290.68,$,0.7754,250,15,149385937841
ACC4880894,CUST003675,BR026,savings,Active,"August 21, 2006",,1193.86,,0.4611,$250.00,15,858110067966
ACC8487403,,BR025,Money Market,N/A,22-08-29,,303.03,USD ,2.8296,1000,15,290986977914
ACC6748808,CUST000332,BR045,MM,Active,13-08-07,,5248.64,USD ,4.9672,100,5,542818948652
ACC5206314,CUST000617,BR023,Money Market,ACTIVE,06-01-21,,1421.45,USD ,4.3937,,0,701568822146
ACC4462765,CUST002514,BR040,Business,open,26/05/2003,,2408.65,GBP,,0,25,831221583608
ACC6282510,CUST002541,BR044,Money Market,open,08/10/2021,,546.33,usd,4.1649,$500.00,10,385207753040
ACC1969135,CUST000108,BR001,Money Market,Open,02/02/2003,,6489.05,USD ,0.7837,,12,869902044111
ACC8798912,CUST000007,BR001,Checking,Inactive,20-05-18,2022-03-18,3334.53,USD,4.8195,0,12,371034262663
ACC9938992,CUST004814,BR021,business acct,active,23-02-2014,26-03-2019,9274.27,GBP,3.0598,1000,12,617545745429
ACC2804658,CUST001572,BR011,money market,open,11-12-2012,,2736.52,USD ,5.3978,,15,508951936994
ACC8996539,CUST002666,BR012,Savings,closed,2003-03-23,,11349.84,GBP,5.3351,500,10,948112987916
ACC3164334,CUST003862,BR031,money market,Suspended,"May 30, 2015",,889762.0000000001,,1.5484,250,5,186558145381
ACC9766755,CUST004819,BR034,BUSINESS,ACTIVE,16-12-2009,"November 08, 2012",3436.43,US Dollar,3.6487,0,10,436161924381
ACC9884798,CUST004645,BR026,money market,Suspended,06-08-25,,10865.95,US Dollar,,"$1,000.00",0,781850589408
ACC9377745,CUST001441,BR033,Savings,Inactive,09-04-02,,,EUR,2.5025,250,25,106520278035
ACC5129443,CUST000995,BR020,Savings,Open,99/99/9999,,1820.57,USD ,5.2045,1000,0,990045187746
ACC9840179,CUST000373,BR004,MONEY MARKET,Closed,04/08/2015,20-04-10,186.18,EUR,1.7703,500,25,905839372578
ACC4702548,CUST004478,BR031,money market,CLOSED,NULL,,3558.6,$,5.0985,USD 100.00,10,186132604122
ACC4035629,CUST001031,BR026,checking,CLOSED,19-10-05,,5119.44,USD,2.308,100,0,968011034790
ACC4478563,CUST003709,BR048,Money Market,Active,"February 27, 2003",,5940.38,,4.5019,500,15,239697278430
ACC2762599,CUST000120,BR029,Business,Frozen,29/09/2015,,649.21,$,4.6286,250,0,192014813257
ACC3224324,CUST003703,BR024,Savngs,Inactive,28/04/2007,,2349.09,usd,2.5476,0,25,378765455104
ACC9744837,CUST002451,BR045,Money Market,Active,27/12/2008,,778.53,,0.8873,$250.00,15,350397482075
ACC9352497,CUST002397,BR027,BUS,closed,2008-07-04,,,USD ,0.5583,100,15,976968178517
ACC1203326,CUST001055,BR049,Biz,Inactive,12-02-2003,,687.65,USD ,1.0411,500,25,830715341087
ACC5541605,CUST003065,BR004,Savings,Open,2011-01-11,,9380.45,USD,4.7482,250,5,623118400655
ACC2820061,CUST000535,BR001,Savings,ACTIVE,01/19/2018,,1048.76,EUR,3.6752,,5,043198915750
ACC1969381,CUST004797,BR016,Checking,Active,"November 10, 2012",,1377.87,USD ,4.3686,500,25,519369973044
ACC4782662,CUST004207,BR006,Business,active,04-12-2015,,7612.72,,0.2243,1000,0,870610567624
ACC1274240,CUST001700,BR029,Money Market,closed,2013-10-24,,2453.41,EUR,4.3937,250,0,894042100728
ACC9484898,CUST002399,BR022,CHECKING,Closed,21-04-18,,97.15,USD,,250,25,055783984115
ACC3769216,CUST001197,BR025,Checking,closed,2001-04-06,,2729.51,,2.201,1000,0,054430427520
ACC7688390,CUST002530,BR022,Checking,Open,20-08-17,26-10-2022,35333.0,,0.8427,0,5,283163375791
ACC4237597,CUST000509,BR029,Savings,ACTIVE,2010-10-19,06/03/2022,16891.82,EUR,1.0087,1000,12,686108775982
ACC6337842,CUST004447,BR038,Money Market,CLOSED,99/99/9999,,3548.01,usd,3.6182,250,12,149979335028
ACC3706452,CUST003258,BR045,business acct,Inactive,15/12/2012,,1185.72,USD ,5.3699,0,25,011349855443
ACC8719412,CUST004313,BR009,BUSINESS,N/A,2013-06-04,,3317.86,usd,2.0574,250,15,441818169490
ACC7207336,CUST000220,BR008,savings,Active,"August 19, 2008",,319.93,US Dollar,4.7192,500,15,892445984507
ACC9344204,CUST002996,BR020,Checking,N/A,99/99/9999,,6435.58,EUR,5.0107,,12,703655793949
ACC1917812,CUST000012,BR023,SAV,Inactive,23/03/2004,08-09-2016,10378.6,usd,2.6532,,12,144708545957
ACC3998269,CUST004675,BR042,svgs,Closed,12-10-2007,,-8300.03,USD ,4.9634,,0,900325643573
ACC9950305,CUST002407,BR025,Checking,active,"May 19, 2013",,1672.73,USD,3.2291,100,10,798156582532
ACC3412083,CUST003883,BR040,Savings,Inactive,"November 05, 2015",,1576.72,EUR,0.4689,250,12,870884359578
ACC9851653,CUST002981,BR023,Business,closed,17-10-28,2018-07-10,142.87,$,4.965,100,0,732517300761
ACC2426701,CUST003402,BR006,Savings,active,06-06-02,,4215.32,usd,1.0071,250,15,040057495997
ACC4628965,CUST002833,BR020,Checking,CLOSED,08-09-2009,,3062.05,US Dollar,3.5064,0,5,039021969568
ACC5599131,CUST003631,BR006,savings,ACTIVE,21-07-2013,,2459.91,EUR,,500,10,039239356740
ACC4001854,CUST000872,BR035,Current Acct,Inactive,19-07-2009,,9527.85,GBP,1.9214,,0,951710801334
ACC1724847,CUST001677,BR008,Money Market,closed,01/06/2015,,735.11,EUR,,1000,10,573968198388
ACC1514544,CUST002358,BR001,money market,Active,2018-03-30,,"38,85",,0.8244,,10,030990853150
ACC9590873,CUST002895,BR039,check,active,"June 14, 2006",,$304.57,$,0.5549,500,12,176148286242
ACC5271302,CUST003425,BR006,Checking,Suspended,99/99/9999,,1011.17,US Dollar,1.4652,0,25,108498683783
ACC1288064,CUST002235,BR029,Savings,closed,99/99/9999,,-135.41,USD,3.2069,0,0,081384571231
ACC6822682,CUST003575,BR002,sav,N/A,"October 22, 2018",,2795.4,GBP,4.7651,0,0,854353407393
ACC8206075,CUST001192,,Business,closed,13-08-06,,1508.04,US Dollar,1.7067,500,25,092746254678
ACC5077337,CUST004684,BR015,Money Market,active,NULL,,796.16,,0.9973,,5,052874960341
ACC6188032,CUST001192,BR015,Checkng,Frozen,14-05-2016,06/26/2021,5546.52,,5.3065,$0.00,12,156760677420
ACC8033709,CUST004674,BR020,Checking,active,12/22/2015,,"914,89",usd,1.7949,,0,922912875451
ACC5679054,CUST000723,,SAVINGS,N/A,2015-06-22,,-4653.95,$,,"$1,000.00",5,151720685532
ACC1000648,CUST003945,BR018,Savings,N/A,"June 07, 2023",,1718.61,USD,4.6657,250,15,226407558152
ACC5103828,CUST001144,BR026,money market,ACTIVE,05-05-2019,,2868.35,$,1.0975,,12,792410759130
ACC5545832,CUST000688,BR007,Money Mkt,active,,,10864.35,GBP,2.6419,100,0,449871793854
ACC6504519,CUST003456,BR038,Money Market,active,05/11/2001,,152.27,US Dollar,0.9261,250,0,322599435259
ACC9011372,CUST003044,BR011,SAVINGS,Suspended,02/27/2003,,USD 2774.71,usd,4.0596,1000,25,578301477333
ACC7092227,CUST004205,BR049,SAVINGS,N/A,12/22/2016,,7708.2,usd,2.5514,1000,12,872560578137
ACC9630980,CUST002223,BR042,Savings,CLOSED,02-09-28,,,usd,0.2532,1000,15,766330444922
ACC2364874,CUST002460,BR031,Checking,closed,"January 10, 2007",,1296.67,EUR,3.767,$500.00,15,962182199010
ACC1298260,CUST003710,BR046,Buisness,CLOSED,,,2027.87,US Dollar,0.9151,1000,15,526390893644
ACC1767186,CUST001590,BR035,Money Market,Inactive,10/01/2012,,4561.06,$,0.5677,100,10,878742318011
ACC7466845,CUST004714,BR042,Saving Acct,Inactive,2008-06-24,,8858.73,USD,2.0654,USD 500.00,5,892587655590
ACC1156095,CUST004122,BR025,Money Market,Frozen,NULL,,167.73,US Dollar,,250,12,642950622601
ACC9691987,CUST000989,BR018,Checking,closed,23-07-30,08/06/2023,296.91,USD ,1.5622,250,25,502376065454
ACC2516228,CUST002219,BR017,CHK,Open,2011-01-22,,1572.48,usd,0.167,USD 0.00,10,682857149341
ACC9505951,CUST003529,BR039,Saving,Open,13/09/2023,,1059.93,$,2.2706,USD 250.00,0,621545611809
ACC1586503,CUST003283,BR006,Chequing,active,10-03-2001,,1231.16,USD,2.6035,250,5,950153310650
ACC8270355,CUST003079,,Chequing,N/A,2020-05-29,,,EUR,3.8635,500,15,358608194292
ACC7275484,CUST000410,BR036,Money Market,open,22/06/2007,,871.75,USD,4.089,500,5,059703154973
ACC3163650,CUST004694,BR040,Business,active,23-07-17,,559.92,USD,4.6435,250,5,666026439530
ACC9903774,CUST004767,BR036,business acct,active,13-06-2015,,10869.62,usd,1.626,,5,243554095962
ACC3400458,CUST002661,BR012,Saving Acct,closed,09-12-11,,622.83,USD ,4.2038,100,10,951264831432
ACC6527318,CUST000599,BR042,Savings,closed,23/06/2007,,914.65,usd,0.8897,,10,567782005867
ACC9018730,CUST001189,BR004,savings,ACTIVE,12/15/2001,,1130.86,EUR,,500,15,588543879710
ACC8753822,CUST000536,BR012,Current Acct,closed,2021-02-07,,10813.14,$,0.597,0,10,861504084080
ACC2905060,CUST004203,BR022,Chequing,ACTIVE,"November 19, 2008",,5637.66,USD ,3.233,1000,12,559496631266
ACC9421416,CUST004623,BR034,Checking,Inactive,18-11-11,,6236.87,usd,,,15,229657590822
ACC3332207,CUST001600,,Money Market,N/A,07-03-14,,442.65,usd,3.4725,250,10,863333745772
ACC6554949,CUST004909,BR014,Business,Inactive,99/99/9999,,,GBP,2.762,USD 1000.00,5,785374724378
ACC2069717,CUST001397,BR034,Checking,Suspended,20-11-24,,2098.3,EUR,3.0513,,25,099509012107
ACC4417676,CUST004874,BR033,money mkt,Suspended,18-04-30,,1219.71,,0.6788,,5,403790971559
ACC2516637,,BR017,business acct,CLOSED,99/99/9999,,3429.73,usd,2.7522,0,15,430752101387
ACC4654687,CUST004440,BR042,Money Market,open,26-06-2003,,6908.0,US Dollar,5.4214,250,12,776097097581
ACC8163467,CUST000747,BR016,Checking,Frozen,"February 15, 2005",,6032.08,EUR,0.7682,0,25,670822331709
ACC7039170,CUST004574,,Money Market,N/A,22-10-21,,,,4.1319,0,12,785566123654
ACC8149687,CUST002904,BR037,Checking,Closed,08/21/2002,"December 16, 2022",10531.71,EUR,,,25,834206192365
ACC3782780,CUST001192,BR012,Checking,Frozen,2001-06-15,2016-07-06,1087.88,GBP,3.3684,1000,15,480022903877
ACC3193512,CUST004947,BR048,savings,CLOSED,"July 26, 2014",,2205.6,GBP,1.7576,1000,5,453431422238
ACC9637319,CUST002972,BR037,Checking,open,"November 29, 2000",,58.95,USD ,1.5204,,0,572166878727
ACC2175966,CUST003778,BR028,Money Mkt,open,"February 12, 2016",10/02/2016,8458.51,EUR,2.7935,100,0,813256973117
ACC3605079,CUST004014,BR032,Business,CLOSED,"December 04, 2010",,$671.65,US Dollar,2.114,,10,559727240334
ACC7419543,CUST003748,BR014,Savings,Suspended,"April 06, 2012",,7906.81,US Dollar,3.456,,5,278065411093
ACC6875983,CUST001341,BR041,Savings,CLOSED,11-08-13,,1598.25,US Dollar,2.7858,,25,341814577643
ACC7033641,CUST004057,BR006,svgs,Suspended,02/12/2005,,1836.31,usd,0.6726,250,5,706153899565
ACC8367700,CUST003528,BR020,Business,Frozen,"December 13, 2009",,159.67,$,5.3118,1000,10,972355752279
ACC4602972,CUST000434,BR018,MONEY MARKET,open,28-10-2005,"October 02, 2017",1583.32,US Dollar,1.05,250,12,152132676067
ACC6317629,CUST003754,BR038,Savings,Suspended,29-06-2021,,USD -8770.04,US Dollar,0.3156,0,0,384640855182
ACC6406670,CUST004129,BR034,Savings,Open,10/16/2016,,103.52,,4.0572,1000,15,876896223323
ACC9277073,CUST004868,BR021,CHECKING,Inactive,"June 14, 2014",,2085.71,$,1.1887,100,5,603437704081
ACC7158910,CUST002650,BR028,Business,Inactive,"October 02, 2012",,127.61,USD ,3.9014,0,10,546963241406
ACC6854455,CUST001824,BR036,svgs,Active,20-07-2015,,1854.01,usd,4.1051,,15,436278235381
ACC6846614,CUST002750,BR001,Savings,Suspended,2002-11-02,,758.06,US Dollar,4.891,1000,12,364576525471
ACC5215543,CUST001839,BR034,Checking,active,08/10/2000,29/12/2018,1162.58,$,2.5279,0,12,502588020916
ACC9450796,CUST003333,BR017,Money Market,N/A,2012-07-05,,8401.79,USD,3.088,500,25,268025142763
ACC9192748,CUST002938,BR003,Checkng,Closed,"February 29, 2004",,2291.15,usd,1.0823,1000,0,875262050516
ACC7002629,CUST004850,BR025,Business,Inactive,22-08-2023,01-11-2023,1279.71,USD,3.132,USD 250.00,15,536326938350
ACC1681238,CUST002977,BR002,Current Acct,Frozen,05/01/2000,,3559.94,,2.9999,0,12,337270373395
ACC4890997,CUST003893,,Checking,active,13-11-2014,21-06-01,"613,1",,0.6211,500,15,765190567706
ACC7869324,CUST004491,BR008,Checkng,Active,02-09-18,,1201.13,,0.4728,,12,614914449393
ACC2806346,CUST004245,BR014,CHK,CLOSED,NULL,18-04-23,3160.82,USD ,5.3596,250,15,323811205785
ACC6018497,CUST004533,BR006,Money Mkt,Inactive,03-11-2012,,108473.0,$,4.1688,500,12,936488806035
ACC3452012,CUST001124,BR015,BUS,Suspended,2016-12-18,,4546.85,EUR,1.4489,100,10,956276166383
ACC1333027,CUST000695,BR037,Money Market,active,01/12/2005,,2705.09,$,0.2981,1000,10,300168175948
ACC1850957,CUST003296,BR004,Savngs,Open,2019-02-14,,5913.45,US Dollar,2.1652,100,12,439119277417
ACC2319048,CUST001148,BR022,savings,closed,01/17/2018,,11844.9,US Dollar,2.7732,1000,5,359509618463
ACC3709741,CUST003066,BR036,savings,Active,08-10-07,,492.31,GBP,4.1665,250,15,814780301148
ACC5141099,CUST000818,BR046,Business,N/A,"July 10, 2012",,1629.86,$,3.3424,500,15,378357628680
ACC2475957,CUST002513,BR034,Saving Acct,open,"September 12, 2011",,1540.0,USD ,2.3734,,25,033359454765
ACC7781614,CUST002894,BR042,Business,closed,30/01/2007,,655.65,USD,0.0834,0,25,445448020229
ACC4147500,CUST000985,BR042,BUS,open,14-12-09,22-10-26,"$6,649.31",USD,3.6987,1000,15,557403194559
ACC8494447,,BR022,Money Market,Active,27-09-2019,99/99/9999,5706.44,US Dollar,2.2145,500,25,285801368577
ACC7005945,CUST003818,BR029,Checking,Active,"June 17, 2008",,2649.89,GBP,2.0386,0,15,984393812821
ACC1285394,CUST000683,BR046,Checking,Open,"February 02, 2022",,3086.78,US Dollar,1.9956,500,5,540508524996
ACC8071586,CUST001299,,BUSINESS,Frozen,12/12/2021,,$245.56,USD ,1.6218,500,25,314475540847
ACC6155363,CUST001836,BR026,Saving Acct,CLOSED,2000-10-14,,3243.29,usd,2.2429,0,0,019324595680
ACC1284939,CUST003056,BR001,Business,Frozen,14/07/2020,,6268.23,EUR,1.8245,100,10,530470022327
ACC4649060,CUST000057,BR009,CHK,Suspended,2014-09-09,,3411.65,USD,4.6931,1000,0,931552985288
ACC3526922,CUST004729,BR046,Business,CLOSED,04/25/2019,11/10/2019,1233.21,USD ,0.424,,12,785573303305
ACC7053353,CUST003530,BR035,check,N/A,02-03-29,,4405.04,USD ,2.2725,0,12,980267763800
ACC3946894,CUST004641,BR040,Money Market,Frozen,08-08-2002,,1794.46,$,0.576,1000,5,718877698779
ACC9354447,CUST000706,BR013,Biz,Inactive,99/99/9999,,3148.72,usd,1.5587,250,12,054270308295
ACC1940851,CUST002939,BR048,Chequing,Open,05/15/2005,,,GBP,2.3418,0,25,586531166979
ACC5126347,CUST002160,BR020,CHK,N/A,15-11-13,,1919.73,GBP,2.4183,250,10,587760331315
ACC7374307,CUST001873,BR001,check,Closed,2019-04-10,,5075.87,usd,3.0734,100,25,827155299295
ACC6348530,CUST001403,BR005,MoneyMarket,Closed,11-02-2000,,8612.39,US Dollar,5.3426,,5,682903167708
ACC2174982,CUST000288,BR003,MoneyMarket,Closed,08/11/2023,,20.9,usd,4.5817,,5,447249248418
ACC9274706,CUST002920,BR017,Money Market,N/A,"October 21, 2006",,10849.23,,0.2949,500,5,985383849808
ACC1257520,CUST003060,BR018,Money Market,active,01/11/2021,,2865.79,,4.5354,0,5,567588522501
ACC6672193,CUST002467,BR029,Savings,closed,"May 14, 2017",,4825.66,USD ,0.0524,0,5,432139824202
ACC9260420,CUST003887,BR032,Savings,open,"September 27, 2008",,7741.35,EUR,1.0185,,10,756588243014
ACC2657325,CUST000417,BR030,business,Frozen,17-04-2021,,2517.71,USD,5.0086,250,0,075821209656
ACC5104790,CUST000223,BR035,Business,N/A,12/09/2017,,7206.61,USD ,0.6027,1000,0,649717959886
ACC2636093,CUST002175,BR031,Business,Inactive,23-03-06,,782.21,USD,4.863,USD 0.00,25,925691729131
ACC2934215,CUST003583,BR029,Checking,Open,01-04-2010,,693.45,US Dollar,1.2084,25000,0,231299712185
ACC2338727,CUST001543,BR008,Money Market,Suspended,12-07-2016,,4285.6,USD,1.9346,,15,605862124673
ACC7127245,CUST000482,BR015,Checkng,Inactive,2012-09-11,,8165.29,US Dollar,5.0297,0,0,316610589998
ACC5982823,CUST002832,BR017,MoneyMarket,CLOSED,"June 25, 2013",,8918.31,USD ,2.7534,1000,10,397291691041
ACC3792896,CUST002292,,Checking,CLOSED,2003-04-24,,4128.38,USD,4.1765,USD 500.00,5,688694764498
ACC7129971,CUST000484,BR036,Savings,Inactive,22-12-03,,2981.88,USD,3.4137,250,12,125286726158
ACC4306869,CUST001979,BR039,Checking,ACTIVE,03-04-2011,,1610.24,,1.9857,100,12,549038921151
ACC9971515,CUST000842,BR015,Business,CLOSED,2003-01-23,,15648.18,usd,3.5212,500,12,695564061735
ACC4082166,CUST002012,BR037,MM,N/A,2020-01-22,"November 24, 2023",1540.86,usd,3.3161,USD 500.00,25,200319022011
ACC6520504,CUST004694,BR040,SAV,open,23-09-07,2023-12-14,5453.22,EUR,4.9246,0,5,619936951363
ACC1686877,CUST003244,BR036,Checking,Inactive,05/05/2016,,3036.99,USD ,0.5892,"$1,000.00",15,784300912339
ACC3940466,CUST002156,BR006,MoneyMarket,Inactive,13/06/2011,11-02-2015,3751.21,$,3.3216,1000,10,026655111358
ACC3516357,CUST003211,BR001,savings,Closed,"August 18, 2018",05-05-2021,2000.07,GBP,5.0448,1000,15,641553406461
ACC9752804,CUST003492,BR025,Savings,Closed,"August 28, 2001",,,GBP,0.3192,250,5,303681218937
ACC3023427,CUST002343,BR007,Saving,closed,25-07-2015,,3391.56,EUR,4.6604,1000,0,936966520775
ACC7830274,CUST004281,BR007,Business,Frozen,2005-08-02,,11108.81,usd,5.0718,1000,15,972353531617
ACC4262345,CUST000560,BR028,Saving,Active,21/04/2023,,$30.48,,3.91,250,12,146013271643
ACC2967863,CUST001513,BR025,checking,ACTIVE,07-09-2005,99/99/9999,3400.8,,1.5217,1000,12,213681185889
ACC3637105,CUST002956,BR042,Business,Closed,12-09-16,,5051.88,usd,3.1964,1000,0,360809648939
ACC9144853,CUST004465,BR027,MoneyMarket,N/A,2021-12-24,,"5467,22",US Dollar,0.7589,100,15,418793815473
ACC3361726,CUST000255,BR035,Money Market,Open,27/12/2023,,9414.54,$,4.4197,250,15,227954468645
ACC2134809,CUST004693,BR039,check,CLOSED,12/21/2020,,17.65,,1.7969,100,15,847877073167
ACC2790926,CUST002250,BR036,Money Market,Suspended,21-03-2000,,1.32,USD,,500,12,829413961617
ACC8374091,CUST001244,BR020,Business,Closed,10-10-13,,2556.63,,3.0395,1000,25,511940121984
ACC1557991,CUST002014,BR013,Checking,CLOSED,13-10-2008,,118.93,EUR,1.7936,,5,640493656209
ACC5478357,CUST003200,BR012,Savings,CLOSED,22-01-10,,,USD ,2.7938,100,5,013368958128
ACC2048327,CUST001048,BR035,Money Market,Active,"June 22, 2011",18/10/2016,1004.45,USD,4.9837,1000,15,695961903974
ACC7947034,CUST002292,BR039,Savings,closed,02-12-26,,2559.67,USD ,2.2391,,25,847365427264
ACC6101722,CUST002296,BR046,money market,active,18-08-13,,252.35,EUR,1.0508,,10,270199398978
ACC9135604,CUST000388,BR028,Business,Active,20-08-31,,2952.98,USD ,0.3312,0,15,241620984090
ACC9979077,CUST001409,BR022,Current Acct,Closed,04-04-01,13-03-13,1911.86,,1.2561,$100.00,5,207027850958
ACC3323751,CUST000788,BR041,Checking,Open,07/03/2006,,182.75,$,1.6499,1000,10,381859635813
ACC5620319,,BR016,Savings,ACTIVE,"September 12, 2023",,1632.62,usd,2.8297,1000,15,974551277842
ACC2756548,CUST004458,BR039,MM,N/A,2022-06-25,03/02/2023,1986.61,EUR,4.727,0,0,136584122578
ACC5072635,CUST003575,BR014,Money Market,Inactive,07/06/2000,,18389.4,USD,3.8435,,12,702577556840
ACC8791578,CUST000096,BR010,Business,Active,2008-05-19,,932.2,GBP,2.3805,,15,508258945900
ACC3500918,CUST003285,,Buisness,ACTIVE,09-09-2011,,"3147,89",USD ,0.7594,500,0,653883534741
ACC6885788,CUST004954,,Money Market,Frozen,01-12-16,,17469.51,EUR,4.626,100,10,733636674100
ACC5980709,CUST001500,,Checkng,Inactive,99/99/9999,,6281.24,USD,1.3863,1000,5,826668761619
ACC3547174,CUST002299,BR021,check,Suspended,25/05/2016,,20063.09,USD,4.3462,0,15,182616803161
ACC4995282,CUST001587,BR028,money mkt,Suspended,,,13805.54,usd,4.8099,100,12,049672728173
ACC3725194,CUST003684,BR037,Money Market,Suspended,2020-11-25,,2689.77,,1.1174,1000,10,249189554139
ACC9745523,CUST004768,BR010,Business,Frozen,12-04-2001,,USD 4767.86,USD ,0.2511,250,0,424274922758
ACC2716487,CUST001796,BR005,Current Acct,open,"September 08, 2000",,468.13,,1.6801,0,25,506447951512
ACC3744162,CUST003102,BR012,chk,CLOSED,04-08-20,,2327.49,usd,3.9435,500,10,302515300298
ACC5516664,CUST001165,BR010,Business,Suspended,21-09-27,22-12-2021,6622.32,USD,2.5252,500,15,474437936643
ACC9207181,CUST000947,BR015,Biz,Frozen,18-05-2018,,2815.5,USD ,0.7414,500,15,893259574595
ACC2351667,CUST004411,BR047,Money Market,Frozen,17-06-2010,,4852.04,GBP,3.646,500,25,107898277087
ACC4398231,CUST004783,BR007,Business,Active,2017-10-11,"March 31, 2018",5477.77,GBP,5.2713,250,0,430085786717
ACC6238399,CUST003449,BR012,Checking,Inactive,"October 24, 2013","February 18, 2014",1169.27,US Dollar,2.1272,100,15,905229131526
ACC7399787,,BR004,Checking,N/A,"July 24, 2006",,8340.21,US Dollar,2.2327,1000,0,694568935987
ACC7651755,CUST001090,BR011,Buisness,Active,2008-12-22,,2463.43,GBP,0.9418,250,10,293261652861
ACC9303019,CUST004990,BR009,Checking,active,2021-11-21,,943.83,USD,4.6892,1000,12,320462469482
ACC8901211,CUST004463,,sav,CLOSED,"April 13, 2015",,8022.26,US Dollar,1.7982,0,5,332670467503
ACC6294016,CUST003447,BR050,checking,open,03-11-11,,2163.89,,0.4052,"$1,000.00",0,521070183446
ACC8806019,CUST000410,BR005,business acct,Active,11-03-2017,,5550.18,US Dollar,1.6554,0,15,180763308406
ACC8556822,CUST002650,BR041,Business,Inactive,"May 22, 2003",2004-02-23,3176.59,US Dollar,4.4494,1000,10,728121288109
ACC4942563,CUST000852,BR050,Money Market,Suspended,07-11-14,,1924.24,USD ,3.2459,,0,592241814854
ACC3051951,CUST004029,BR030,Checking,open,2007-04-24,,6640.32,,1.8035,250,5,544866923952
ACC2248003,CUST004928,BR023,MM,Closed,12/20/2003,,3512.8,EUR,3.579,0,15,685371765944
ACC3132891,,BR023,Money Market,Closed,2012-04-20,,1980.87,US Dollar,1.3852,100,0,512144287523
ACC9016957,CUST003260,BR044,MM,N/A,29-06-2022,06/06/2023,464.33,GBP,3.2209,500,0,968849855494
ACC5532412,CUST001479,,MONEY MARKET,Closed,99/99/9999,,9032.18,usd,4.3721,500,25,330406985055
ACC1975274,CUST004110,BR016,Checking,open,"August 15, 2015",,144.46,USD ,3.6121,,10,019043304251
ACC3899226,CUST000459,BR013,Biz,ACTIVE,10-09-2010,,7956.57,USD ,0.9527,USD 500.00,5,906699730805
ACC3167790,CUST004667,BR045,sav,CLOSED,13-01-04,,1784.91,US Dollar,5.3953,100,15,388014124864
ACC1673036,CUST000850,BR015,BUS,closed,02/10/2014,,4079.26,EUR,0.3157,250,12,012325722555
ACC6923995,CUST000072,BR039,Savings,Suspended,09/30/2021,,"$10,214.44",USD,2.1205,,5,833427123411
ACC7912016,CUST004728,BR016,money mkt,Inactive,"October 24, 2014",,658.11,GBP,2.316,100,15,454725152310
ACC3442043,CUST000024,BR039,MONEY MARKET,Closed,,,3347.61,EUR,1.5299,1000,0,056569446080
ACC3029985,CUST000677,BR040,Business,CLOSED,19-05-17,,"$5,783.04",$,2.6019,100,5,699137578237
ACC5912772,CUST000002,BR004,Money Market,Inactive,19/11/2017,,5668.4,$,5.3166,500,10,223775218491
ACC2770864,CUST003756,,business acct,ACTIVE,04-10-2012,11/17/2017,"$2,983.09",USD ,0.7309,500,10,574534508711
ACC1816374,CUST000981,BR009,money mkt,Inactive,2002-02-01,,3920.54,EUR,1.1742,0,10,881616829861
ACC9232020,CUST002877,BR014,Saving,N/A,13-10-09,,5667.46,$,0.3911,0,10,640109313682
ACC8994468,CUST004575,BR006,Savings,Active,NULL,,"$7,356.10",EUR,2.6049,1000,10,462934301399
ACC5612567,CUST001343,BR009,Savngs,Active,2006-05-08,,5738.8,USD,2.5057,100,0,691665719182
ACC4557269,CUST004586,BR040,Buisness,active,09/20/2014,,1747.85,EUR,3.5566,100,0,066120105725
ACC9031963,CUST002268,BR032,MoneyMarket,Inactive,06-11-21,,22887.46,usd,2.7034,250,12,960235530825
ACC5262273,CUST002461,BR033,CHECKING,Closed,01-03-2012,05/27/2013,2280.2,EUR,4.3068,,15,128589623114
ACC9745864,CUST001042,BR027,Savings,Inactive,"January 14, 2018",,9908.0,USD ,5.0566,500,10,970009306120
ACC3332134,CUST001455,,Money Market,Suspended,08/09/2000,,1801.54,US Dollar,,USD 500.00,25,939059398492
ACC6939326,,BR005,Savings,Suspended,04/09/2017,,546.87,usd,3.4572,250,0,977373458293
ACC1442679,CUST001331,BR021,SAV,Open,01/31/2004,,517.9,$,4.8337,0,5,369213715433
ACC5258936,CUST004218,BR031,Savings,N/A,23/06/2008,,1322.55,USD,4.3538,1000,15,330580425133
ACC1628674,CUST004826,BR028,MONEY MARKET,N/A,2017-11-05,,219.41,USD,0.4694,1000,0,676272886947
ACC3436715,CUST004067,BR010,Business,ACTIVE,08-04-05,,4665.58,USD ,2.24,USD 500.00,0,273623752385
ACC1648817,CUST002724,BR042,Savings,CLOSED,2000-01-13,,,,4.4,250,15,709734436552
ACC8459410,CUST003423,BR044,svgs,closed,NULL,,909.06,US Dollar,3.3916,$250.00,25,278681132270
ACC9568684,CUST004446,BR049,Business,N/A,01/20/2015,,390.01,USD ,0.474,,25,316622209832
ACC7350612,CUST000954,BR015,SAVINGS,closed,2008-10-17,,,EUR,0.626,USD 0.00,10,273302285154
ACC9007575,,BR047,Checking,Closed,05/29/2001,,1246.54,GBP,0.4968,250,25,689647791806
ACC9526131,CUST003258,BR036,chk,Open,2011-02-20,,3393.58,US Dollar,0.4234,0,10,258101695321
ACC5497716,CUST004291,BR005,checking,Inactive,99/99/9999,,13373.85,GBP,2.2426,0,15,599598242658
ACC4175897,CUST001892,BR036,Business,CLOSED,2020-01-22,,8335.62,US Dollar,0.8178,100,10,710206090068
ACC6064031,CUST004864,BR042,Business,ACTIVE,13-02-2008,,8347.76,USD ,4.8907,$0.00,10,062436515587
ACC9847683,CUST004978,BR026,Money Market,Active,"June 09, 2013",,774.66,GBP,2.7713,,10,697293577228
ACC2255811,CUST004567,BR046,chk,open,07/22/2016,,1231.03,usd,2.6762,500,25,603159031615
ACC2842183,CUST001723,BR017,MONEY MARKET,Closed,01/15/2018,,,GBP,1.6988,1000,0,220529005413
ACC3753086,CUST001868,BR025,chk,Closed,"December 25, 2021",,6028.76,GBP,1.8219,250,12,192763811580
ACC6792658,CUST002068,BR024,SAV,Suspended,07-08-2002,,289.49,usd,,500,25,608393363655
ACC3263599,CUST003902,BR031,Checking,ACTIVE,,,3254.0,US Dollar,5.2878,,12,379693438877
ACC9824000,,,MONEY MARKET,Inactive,07/16/2022,,1139.41,$,3.3116,100,0,043387528456
ACC2691706,CUST000321,BR018,Savings,Inactive,28/08/2013,"November 07, 2016",1115.92,,5.4132,500,12,263727243749
ACC7069701,CUST001761,BR009,chk,ACTIVE,"May 17, 2003",,18721.75,US Dollar,3.2521,1000,12,408605571344
ACC4820280,CUST001910,BR036,Money Market,Active,"February 17, 2017",,5655.15,GBP,,,25,636861006428
ACC7455180,CUST001353,BR041,business acct,CLOSED,"March 02, 2004",,7254.53,USD ,0.1589,1000,25,276226089598
ACC4206100,CUST002733,BR032,Money Market,Suspended,03/01/2002,,USD 3394.37,,5.0454,100,5,251583753889
ACC1614991,CUST004147,BR049,Business,Suspended,2019-09-01,,8192.21,GBP,0.2401,0,12,340551852105
ACC6719578,CUST001583,BR006,business acct,N/A,04-03-2012,,4148.08,usd,2.4674,250,12,781712040519
ACC4570127,CUST002603,BR006,Money Mkt,ACTIVE,"January 23, 2016",,"11687,97",USD ,1.2114,1000,10,074062147062
ACC1676878,CUST002862,BR022,MONEY MARKET,open,19-02-2010,11-11-2018,1321.46,usd,3.3445,100,0,721363751342
ACC1448092,CUST003470,BR006,Savings,Closed,"November 20, 2018","March 21, 2023",3618.63,USD,2.2215,500,15,658885503924
ACC5989265,CUST002035,BR042,Checking,Closed,03-05-21,2017-02-03,4686.43,$,3.5004,1000,15,786767900243
ACC5785959,CUST000124,BR005,Business,Frozen,2017-10-03,,1996.49,USD,0.7312,,25,773313103777
ACC4202599,CUST001458,BR049,business,Open,19/07/2017,,8471.33,,3.8615,1000,5,452785158116
ACC5005782,CUST000637,BR015,Money Market,Suspended,14-02-2018,,15608.92,EUR,1.5905,100,15,063585205899
ACC8049878,CUST002552,BR026,CHECKING,open,23-02-24,,2723.05,GBP,3.2869,250,12,498899562365
ACC9250745,CUST001067,BR034,Savings,active,08-03-2022,,1981.39,usd,1.8259,,12,277759986192
ACC2284896,CUST001520,BR020,Money Market,Open,"December 25, 2000",,2554.17,EUR,5.2624,500,25,921218827568
ACC4291858,CUST004994,BR010,SAVINGS,Frozen,19-12-27,,7662.13,EUR,2.9314,100,25,023762338712
ACC5470873,CUST000086,BR046,CHK,Open,11/15/2009,,"$4,147.83",GBP,5.2265,,15,735417588540
ACC7585390,CUST001891,,Buisness,N/A,09/14/2004,,$183.22,$,3.4187,$100.00,25,944405882766
ACC4134274,CUST002030,BR038,MoneyMarket,Inactive,11-08-2002,,3125.03,USD ,0.4196,500,15,902020824241
ACC7015842,CUST001923,BR024,Checking,ACTIVE,"June 05, 2004",,69.81,USD ,3.0957,500,0,173483282267
ACC7170496,,BR006,Savngs,Active,21-02-2023,,6029.97,US Dollar,4.9274,250,25,834451598047
ACC9026855,CUST000399,BR014,Money Market,CLOSED,09/12/2008,,1591.85,USD,4.0489,1000,12,694224565760
ACC6079514,CUST002255,BR013,Business,ACTIVE,16-08-2009,,2554.69,GBP,5.263,,25,136851573783
ACC8545433,CUST002287,BR048,Savings,open,2008-01-29,,6411.4,USD,1.6598,0,5,172244863993
ACC8469261,CUST003179,BR042,Checking,Active,04-03-24,,190.25,US Dollar,0.2757,0,15,196952719249
ACC6132541,CUST004744,BR013,Business,open,"October 19, 2013",,690.47,,3.6464,1000,12,303126111913
ACC3466590,CUST003616,BR030,Business,ACTIVE,2023-07-17,,2029.73,usd,2.6434,0,5,642512226269
ACC9283585,CUST004651,BR015,Checking,CLOSED,2022-05-04,,"$1,045.07",usd,,250,25,964992847843
ACC9107934,CUST003362,BR007,business acct,open,16-06-19,,1649.36,USD ,3.9474,250,5,962656273136
ACC3107574,CUST002929,BR033,Checking,Inactive,2013-01-27,,25224.13,,1.6978,500,12,627362429441
ACC4685205,CUST004482,BR006,SAV,active,07/30/2010,,6981.36,,0.8469,USD 100.00,12,310411026520
ACC1828430,CUST002494,BR029,Checking,Inactive,2011-11-16,,8613.28,USD ,1.5709,25000,0,061699450883
ACC5333157,CUST004727,BR012,checking,Active,12-06-17,,11061.95,USD ,0.1957,250,15,504614142663
ACC8071271,CUST001861,BR025,Saving Acct,Active,11/06/2014,,1667.74,usd,2.2317,500,15,747046978688
ACC3238086,CUST002356,BR043,Saving Acct,Suspended,07/13/2011,,1410.03,,3.4146,0,12,152140992319
ACC5793995,CUST002609,BR027,MM,open,2020-08-08,,1066.62,US Dollar,2.5396,500,12,277431366669
ACC3494169,CUST001041,BR002,MM,N/A,02-10-08,,7090.58,EUR,2.309,,10,611623908978
ACC7636642,CUST002454,BR008,money market,Suspended,12/13/2013,,4552.14,GBP,3.764,500,25,065427976119
ACC7919660,CUST003035,BR006,checking,Inactive,"January 10, 2002",,1077.65,GBP,4.233,100,25,234433265522
ACC2487299,CUST001532,BR008,savings,ACTIVE,10-09-14,14-09-13,,,3.8889,100,10,861991325259
ACC3276786,CUST004451,BR005,chk,open,10/10/2005,,2826.65,usd,5.11,100,25,595005135110
ACC9022264,CUST002262,BR045,Money Market,CLOSED,01/25/2012,,3004.29,GBP,2.8084,0,10,023004060343
ACC7793583,CUST000398,BR002,Checking,active,21-10-2022,,8783.1,usd,3.6074,250,0,507168482930
ACC7635329,CUST000152,BR047,Checking,CLOSED,04/04/2019,,1915.8,GBP,,0,15,208860595959
ACC4633799,CUST003434,,Money Market,Active,28-01-2004,,9566.72,GBP,2.5582,500,15,749449255813
ACC4244709,CUST000596,BR008,Business,Open,03/06/2013,,2329.05,usd,4.4132,500,5,481184641874
ACC3649173,CUST004098,BR039,check,open,21/12/2005,,5487.56,USD,0.4695,1000,10,992790227012
ACC7000559,CUST003526,BR003,Savngs,ACTIVE,2015-12-08,,10651.6,USD ,3.7869,,25,290962151722
ACC3088090,CUST004346,BR050,Biz,Suspended,28-11-2023,,9525.46,,3.8452,USD 250.00,10,213586884973
ACC6656402,CUST001984,BR001,Money Market,Closed,24-10-2004,,234.56,GBP,1.9773,1000,25,962830030932
ACC1752956,CUST002588,BR037,Business,Active,"April 02, 2000",2010-06-06,921.2,US Dollar,2.7979,100,0,420301841303
ACC9300972,CUST000261,BR017,Savings,CLOSED,2012-01-09,,2591.97,USD ,4.5665,,25,617809939023
ACC3435174,CUST000534,BR011,Business,closed,"June 11, 2002",,,,4.0577,10000,12,554181819856
ACC9993642,,BR018,Savings,N/A,12/25/2011,,4096.52,EUR,2.6873,,25,713209924144
ACC3363517,CUST002616,BR006,Money Market,ACTIVE,2019-01-01,2020-12-06,11580.58,,1.0593,,25,146550870088
ACC3025221,CUST002804,BR026,Money Market,Open,NULL,,476.96,usd,0.2901,,0,419736961287
ACC1597518,CUST000920,BR002,checking,Open,2010-10-04,,"$2,404.89",GBP,3.6375,,12,444588119288
ACC8210780,CUST004928,BR032,sav,N/A,15/08/2018,,,USD,4.4947,100,15,732343374125
ACC6137023,CUST003377,BR022,Checking,Frozen,,"September 09, 2003",8981.33,US Dollar,2.6062,"$1,000.00",12,969392982045
ACC1578169,CUST004773,BR033,MoneyMarket,active,07/31/2012,,13361.94,EUR,,500,15,031282505580
ACC9328325,CUST003148,BR043,Savings,Suspended,99/99/9999,,2605.73,usd,3.2829,0,25,824774758817
ACC6802042,CUST003153,BR009,Business,closed,10-02-22,,,GBP,3.0725,100,12,711031658313
ACC1443173,CUST002882,BR006,CHECKING,N/A,99/99/9999,,6153.95,$,2.9186,0,5,020784941706
ACC4905653,CUST002287,BR037,Money Market,active,"December 10, 2017",,USD 4777.96,,1.5916,,25,962644130385
ACC6042349,,BR048,Chequing,Open,"August 19, 2009",,1751.98,USD,3.4315,0,0,230486417740
ACC2154910,CUST002615,BR018,business acct,ACTIVE,"May 16, 2014",,,usd,1.7661,250,0,755707347808
ACC8093282,CUST000814,BR019,Money Market,Inactive,06/06/2017,,14890.89,GBP,1.6815,25000,0,989740027981
ACC4722065,CUST001519,BR018,Checking,active,2004-04-24,,3264.46,usd,2.1367,,25,272764714690
ACC6169424,CUST000344,BR007,Checking,CLOSED,99/99/9999,,3336.34,USD ,3.765,250,5,309970584082
ACC8833289,CUST001929,BR005,MoneyMarket,Open,05/06/2018,,"$1,412.52",usd,2.8654,500,5,815014147746
ACC6098120,CUST001222,BR025,Biz,Open,2005-05-28,,3513.15,EUR,,1000,0,863704504560
ACC4173178,CUST003830,BR013,Money Market,Frozen,03-10-2000,,2316.72,$,0.9119,,10,174391635326
ACC4540923,CUST000026,BR001,Checking,N/A,2023-01-18,,1439.24,$,3.8904,250,25,918470738864
ACC3820382,CUST001213,BR029,business,CLOSED,07/18/2002,,278.19,,3.0569,500,5,750830263748
ACC5536125,CUST002148,BR021,Checking,Closed,16-05-2020,,1165.2,USD,2.6063,100,25,427156273995
ACC9770686,CUST001063,BR036,Savings,active,"August 24, 2019",,881.86,,0.0186,USD 500.00,10,077808759705
ACC2117512,CUST003062,BR046,business acct,Active,25-09-2001,,3123.91,usd,2.2097,500,5,423207460141
ACC4173573,CUST004628,BR014,Savngs,open,10-01-01,21-04-18,3681.9,USD,3.4539,500,10,124202673823
ACC2637246,CUST001917,BR030,SAV,Closed,01/01/2007,,3751.81,USD,2.3322,500,12,457626131500
ACC4400064,CUST002950,BR047,Business,Inactive,NULL,,1965.28,$,4.9543,0,5,699258016256
ACC7908727,CUST003395,BR010,business acct,active,03/11/2019,,"$2,187.40",$,3.4947,500,15,809617168952
ACC9606776,CUST002986,BR010,Checking,ACTIVE,01-06-14,,7188.82,$,1.987,250,15,747748846619
ACC7326191,CUST001869,BR025,Business,Closed,21-01-02,,2586.83,USD ,3.3365,500,5,188243657834
ACC3080027,CUST002648,BR008,Saving Acct,N/A,01/30/2004,"April 24, 2018","17616,54",,3.5959,100000,25,351112896156
ACC4895806,CUST004960,BR025,Money Market,Closed,03/04/2009,19-02-11,2316.54,USD ,1.6348,,0,397887268335
ACC5100836,CUST004104,BR010,savings,Closed,07-06-2009,,4194.5,US Dollar,2.7486,$0.00,0,557609610455
ACC2066330,CUST001998,BR041,Money Mkt,Closed,04/20/2016,,206.7,US Dollar,4.1206,,0,688787695638
ACC6850371,CUST000853,BR035,savings,closed,29-04-2018,23-08-28,4237.64,usd,3.6099,250,0,705074489797
ACC3583738,CUST003015,BR028,Checking,Suspended,04/11/2017,,7626.7,usd,2.1095,100,12,495417780702
ACC8633040,CUST002921,BR047,CHECKING,Suspended,01/09/2015,,11420.95,$,3.3273,0,10,149661284457
ACC6774185,CUST001906,BR005,Savings,open,NULL,,23688.67,usd,4.5096,250,10,155768624268
ACC8420552,CUST003090,BR005,money market,Frozen,2005-07-07,,1326.14,USD ,1.2194,100,25,930002260129
ACC6492630,CUST004629,BR027,Money Mkt,CLOSED,05/01/2010,,3426.15,$,4.7023,,12,496069619535
ACC8920081,CUST001292,BR048,Savings,Inactive,17/09/2004,,2396.57,GBP,0.3368,500,5,772492941532
ACC3329768,CUST003010,BR029,Buisness,Inactive,05/03/2016,,3318.78,usd,5.088,500,25,791272009869
ACC3464315,CUST001126,BR033,Biz,open,15/08/2006,,685.3,GBP,5.1039,USD 250.00,12,623085884594
ACC1031710,CUST002075,BR048,CHECKING,closed,25-10-2011,,7755.92,USD ,0.9893,0,0,258984223854
ACC5958323,,BR035,Savings,open,05/09/2020,,9612.67,US Dollar,0.0778,100,5,423885079386
ACC5826442,CUST002220,BR038,BUSINESS,Active,18-09-07,,2388.89,$,2.6109,0,25,839920875046
ACC3684580,CUST000530,BR043,Current Acct,Open,"December 15, 2001",,USD 1316.41,US Dollar,4.765,0,5,193372312094
ACC3712937,CUST004315,BR007,Business,Inactive,"March 22, 2008",,607.17,$,2.7324,100,25,310198268215
ACC8745613,,BR002,money mkt,N/A,2002-10-11,,4605.08,$,0.4293,250,25,674371184091
ACC1256404,CUST001149,BR011,Money Market,Suspended,99/99/9999,,1497.21,GBP,1.697,500,15,588923810918
ACC8810075,CUST001621,BR039,Money Market,Open,2000-07-21,,9611.33,USD ,2.2525,0,12,352679789062
ACC2203907,CUST001411,BR028,Buisness,Suspended,"September 22, 2018",,4446.94,US Dollar,1.4355,500,25,510640875462
ACC9377653,CUST000478,BR006,checking,N/A,11-06-09,,4150.28,USD,3.1867,100,12,250079334590
ACC3841963,CUST001296,BR042,Money Market,Active,29-04-2023,,,EUR,1.6587,0,15,491513456935
ACC1372509,CUST000948,BR001,Business,Suspended,20/08/2016,,187.43,usd,0.8956,500,25,158744261659
ACC4932909,CUST004801,BR010,Business,ACTIVE,99/99/9999,19-11-2022,10748.43,US Dollar,2.4256,,5,170809955521
ACC9915533,,BR013,MONEY MARKET,ACTIVE,"December 06, 2012",2016-01-23,3954.77,US Dollar,4.3335,0,15,756315993000
ACC3336813,CUST000837,,Savings,closed,12-08-2016,,USD 20505.52,usd,4.4859,100,5,701464189887
ACC1918416,CUST002508,BR050,SAV,active,2022-05-25,,,usd,5.0241,500,15,802363007706
ACC3181981,CUST003182,BR029,sav,Frozen,"October 29, 2009",,4953.03,usd,,,15,589777452925
ACC5185745,CUST001151,BR013,Savings,active,99/99/9999,,231.4,GBP,4.5493,1000,25,204281932887
ACC5945960,CUST004605,BR049,Saving,ACTIVE,2008-01-16,,3995.82,EUR,3.5108,1000,15,818819763543
ACC2447794,CUST002739,BR003,Savings,Suspended,02-11-28,,5786.72,GBP,2.4958,0,12,310027094481
ACC3829936,CUST001148,BR045,Money Market,active,18-03-08,09/17/2018,6029.59,USD ,1.2018,1000,25,489306737101
ACC2579552,CUST001575,BR032,Checking,open,2012-07-21,,5880.65,EUR,0.5042,250,25,901643723897
ACC8350538,CUST000638,BR039,Checking,Active,"June 19, 2013",,1026.19,,1.439,100,12,621520200427
ACC2131077,,BR007,Savings,Open,99/99/9999,,14819.79,USD,2.1948,,10,733135785314
ACC9076059,CUST003038,BR032,CHK,Active,03-03-2008,14-04-2021,21341.69,GBP,0.8232,500,0,557906512661
ACC1779508,CUST002364,BR024,money mkt,ACTIVE,18-05-15,,314.42,US Dollar,2.7049,1000,0,852485698733
ACC6798467,CUST001351,BR004,svgs,Open,24-06-2006,,11023.49,GBP,4.4755,100,10,954843589581
ACC2683864,CUST000639,BR050,Savings,Active,"October 07, 2018",,"$1,366.86",EUR,1.9972,USD 500.00,5,152400314892
ACC1297939,CUST002896,BR025,MONEY MARKET,ACTIVE,2020-08-20,02-10-2021,4675.5,GBP,5.2555,500,0,645465203977
ACC1414096,CUST003818,BR019,Savings,active,04-12-31,,1650.63,USD ,0.6247,250,12,195258194164
ACC5369914,CUST004328,BR017,check,active,06/29/2005,,13737.49,,0.7706,0,25,328594309518
ACC7889081,CUST004328,BR028,Money Market,N/A,"April 18, 2009",,,$,1.5642,1000,12,229954434168
ACC6553006,CUST004153,BR027,Savings,Frozen,03-11-29,11-09-2014,2754.6,usd,4.758,,0,097343656626
ACC7682396,CUST002682,BR038,Checking,Open,03-12-31,,2234.8,USD,4.9175,500,10,404960302421
ACC6165844,CUST000044,BR031,MONEY MARKET,ACTIVE,12/28/2006,,1578.24,USD ,2.0218,100,5,168477804670
ACC7730664,CUST004972,BR046,svgs,Frozen,"March 31, 2006",,4148.57,$,0.4067,500,5,618261231605
ACC7416802,CUST003494,BR011,business,Open,2005-03-30,,561.91,$,0.8014,100,25,824250997960
ACC5558197,CUST000448,BR019,Checking,Active,"July 11, 2016",,5044.46,$,2.5509,,10,432973248993
ACC9731749,CUST004663,BR015,Savings,N/A,15/04/2010,,15768.31,GBP,2.3027,250,12,504752604585
ACC1425173,CUST003004,BR029,CHK,active,14/01/2003,,6529.98,usd,1.9225,,15,069898865331
ACC6906349,CUST000468,BR032,SAV,Open,13-11-20,99/99/9999,7864.93,,0.3781,100,15,120364451048
ACC2054155,CUST003814,BR027,Money Mkt,Open,2002-06-14,,1782.88,EUR,1.1567,$500.00,25,393234473639
ACC3245491,CUST002413,BR030,business,active,16-06-24,,1571.5,,0.9396,100,15,483977139813
ACC5117991,CUST001796,,Savings,Closed,08/07/2013,15-09-18,2911.35,usd,2.0072,0,0,111577655485
ACC5584579,CUST000853,BR041,Savings,Suspended,NULL,,187.22,US Dollar,4.558,,5,503256628884
ACC4960482,CUST001845,,Money Market,active,15-08-12,,11627.82,usd,0.7045,250,10,562370572211
ACC4136386,CUST002220,BR015,MM,ACTIVE,"October 31, 2001",,620.94,USD ,4.297,,15,339177462681
ACC1797955,CUST004891,BR003,Checking,ACTIVE,NULL,,9332.71,,1.7858,250,25,073105075077
ACC8045421,CUST000571,BR031,Savings,Frozen,18/06/2013,,349.13,GBP,3.2631,,10,268342941160
ACC2905722,CUST004652,BR033,business,ACTIVE,99/99/9999,,6917.95,,4.802,100,0,007586706096
ACC9563404,CUST000009,BR049,Savings,Inactive,11-01-2017,,659.32,usd,3.2283,,10,835001817809
ACC1675294,CUST001244,BR018,sav,ACTIVE,12/01/2003,,155.51,,0.8715,0,5,663358506654
ACC7492171,CUST004315,BR039,Buisness,Inactive,99/99/9999,,"5084,58",US Dollar,4.8636,1000,0,467161273188
ACC1925841,CUST001459,BR023,MoneyMarket,Open,15-08-16,,"$1,315.49",$,3.4875,500,25,219107071871
ACC3676677,,BR035,Business,open,23-08-03,,5014.0,,1.2726,0,12,326463182675
ACC3906304,CUST004017,BR046,Savings,Active,12-05-2000,,3239.49,USD,3.2285,250,0,075157858156
ACC6179627,,BR019,BUSINESS,Frozen,"April 05, 2010",,"460,78",USD ,2.489,,15,569399284324
ACC3580197,CUST003767,BR008,Business,N/A,03/19/2004,,USD 10760.65,US Dollar,2.6129,250,5,335338199228
ACC6661385,CUST001263,BR016,BUSINESS,ACTIVE,03-09-18,,2408.21,EUR,2.9754,,10,349723119807
ACC2963320,CUST000287,BR018,Savings,closed,NULL,,5303.77,,3.6783,$100.00,12,777476394981
ACC3453190,CUST004814,BR018,Money Market,Active,18/02/2013,,2780.76,US Dollar,2.9142,0,5,432383402695
ACC1865580,CUST003502,BR002,Business,Active,"February 01, 2011",2011-12-26,3709.02,$,4.3474,$500.00,10,568309616504
ACC5543409,CUST004522,BR022,Savings,Closed,19-07-19,,"$1,442.58",EUR,0.1628,,10,198692597235
ACC5656650,CUST001852,,Business,Inactive,2014-10-12,,894.38,USD ,0.8158,250,10,017108809909
ACC6539445,CUST000414,BR049,Buisness,CLOSED,02-02-2014,,USD 3128.53,GBP,3.8978,0,25,944498554295
ACC4947192,CUST000269,BR004,Business,N/A,"August 10, 2010",,2320.84,$,3.3759,500,25,739944472527
ACC5733536,CUST000773,BR028,BUSINESS,closed,2011-02-12,,,GBP,1.4691,100,15,836301998684
ACC8321530,CUST003876,BR015,MONEY MARKET,open,15-03-12,,4465.89,,0.5877,100,5,283510027105
ACC7546061,CUST000151,BR008,sav,Frozen,16-11-2016,,-4691.27,USD ,5.3984,1000,10,599934561731
ACC2332254,CUST004642,BR036,Money Market,closed,05/23/2003,,"188,03",USD,4.0654,,15,575144739271
ACC2424573,CUST000271,,Money Market,CLOSED,"March 09, 2003",,1654.46,USD,0.2195,500,10,187682481936
ACC6779129,CUST002773,BR019,savings,CLOSED,"July 29, 2000",,2122.51,USD,0.5115,,12,099079849703
ACC2607402,CUST004606,BR008,Business,Inactive,08-10-02,,407.65,,2.6242,250,0,239092185444
ACC3110231,CUST000913,BR038,Business,open,NULL,02/27/2022,1076.23,USD,5.0466,,25,136296398578
ACC8608361,CUST003897,BR035,Current Acct,active,01/31/2006,15-10-05,212.09,GBP,5.015,1000,10,772176213044
ACC8790136,CUST001364,BR043,Savings,open,04/24/2016,,-22335.58,US Dollar,1.9706,250,10,722464579737
ACC2372009,CUST001367,BR028,Savings,open,2015-08-22,,,USD,3.5397,1000,12,978222250495
ACC2844308,,BR042,Current Acct,Active,,,366.05,GBP,1.1405,250,15,151147216568
ACC1307058,CUST000667,BR035,Money Mkt,N/A,24-09-2016,,81.83,USD ,3.7592,500,25,239338364495
ACC7817690,CUST000177,BR013,business,ACTIVE,17-11-28,,5081.7,USD,2.986,250,5,750190190247
ACC1166285,CUST003193,BR032,Checking,N/A,01/07/2015,,,USD ,3.3282,250,12,299061580031
ACC4724546,CUST003715,BR037,Checking,Suspended,05-03-2014,,6182.04,USD,3.8498,0,0,319904612446
ACC3467912,CUST003925,BR030,Savings,Inactive,27-12-2001,,10280.61,US Dollar,2.7631,1000,12,623307366789
ACC4035317,CUST002861,BR043,Checking,open,04/03/2019,,3658.17,EUR,0.9113,250,10,714816215874
ACC2590624,CUST003034,BR006,Business,Closed,18/04/2017,,828.63,USD ,1.2791,250,5,081704327112
ACC2731876,CUST003145,BR050,Business,closed,"February 23, 2009",22-05-19,6096.6,$,3.4272,500,15,944667622134
ACC3352379,CUST001857,BR035,MONEY MARKET,Closed,26-10-2023,2023-12-15,12477.18,$,4.0948,$500.00,25,992079047209
ACC7328196,CUST003290,BR012,Business,Closed,10-12-17,,3472.21,EUR,3.4755,,15,966872467872
ACC9210323,CUST000494,BR036,money market,active,11/08/2020,,4582.78,usd,4.9104,,15,514197399184
ACC3381199,CUST002159,BR026,Checking,Frozen,2003-01-24,,1646.79,USD ,5.2252,,12,063726675073
ACC8289235,CUST003031,BR032,Checking,Frozen,"March 13, 2010",,,GBP,3.6706,500,25,942942812778
ACC5460042,CUST003724,BR046,Money Market,active,23/07/2010,,5306.89,GBP,3.1448,,0,311000420281
ACC8129539,CUST001214,BR006,money mkt,active,,,10511.66,$,4.9047,0,0,776195837363
ACC7049207,CUST002401,BR048,Money Market,active,03-11-2000,,3966.09,USD,4.1433,500,25,947732601372
ACC7026041,CUST001282,BR048,Savings,N/A,99/99/9999,,6239.7,usd,1.2094,250,25,130637522253
ACC7092475,CUST001117,BR009,Business,Open,13-11-19,,,USD,2.6104,$100.00,10,729259686373
ACC9010122,CUST003789,BR024,Checking,Closed,02/06/2014,28-04-2020,952.82,EUR,5.1185,500,15,211446954495
ACC7471328,CUST003730,BR041,Savings,Inactive,03/08/2015,,USD 3037.44,$,,500,5,118607231642
ACC7441418,CUST000661,BR041,Savings,Active,02/26/2018,,777.03,USD ,0.9608,,12,002612616371
ACC7961587,CUST003143,BR046,MONEY MARKET,Active,09/16/2009,,4031.38,USD ,1.6351,,10,229703955393
ACC1580478,CUST001740,BR047,Biz,CLOSED,15/01/2011,,1379.29,GBP,1.7264,250,12,769398724079
ACC9983054,CUST004138,BR037,Savings,Inactive,03/12/2002,,6271.89,GBP,2.1752,100,15,789083799668
ACC6199396,CUST000517,,Savings,Closed,99/99/9999,28/08/2022,"6603,34",$,5.0571,1000,12,976951017182
ACC7080808,CUST002604,BR019,Checkng,Suspended,08/18/2006,,2492.9,$,4.7776,USD 0.00,0,850095795241
ACC2326864,CUST001073,BR002,Biz,Open,2020-05-24,,797.76,,5.2275,1000,5,243657476858
ACC4044934,CUST004753,BR023,Biz,Suspended,06/21/2015,,,,4.4854,500,5,416455743747
ACC6190832,CUST001170,BR010,MONEY MARKET,Closed,2020-03-28,,19727.49,$,2.2954,100000,12,343094086723
ACC6216181,CUST003202,BR021,sav,active,2020-08-16,,3897.7,GBP,0.2177,500,25,407397442010
ACC6208843,CUST001135,BR050,Business,Suspended,"September 14, 2000",,145.72,usd,2.9449,500,12,709124015922
ACC4474435,CUST000594,BR012,Savings,Open,18/04/2017,,69.78,usd,4.5292,,15,056689573359
ACC2054371,CUST000844,BR041,Business,N/A,"March 23, 2012",,1544.78,,1.7896,500,25,345827035268
ACC9172542,CUST000969,BR017,SAVINGS,ACTIVE,2011-04-09,,871.55,EUR,,"$1,000.00",5,244342771417
ACC4196428,CUST002115,BR020,Business,open,,,6707.68,$,1.0368,,15,417547904080
ACC5271177,CUST002254,BR007,check,open,2003-09-26,,7452.31,GBP,3.0673,0,0,349563603007
ACC6054860,CUST000439,BR018,Savings,Open,"October 15, 2019",,1196.96,US Dollar,4.2296,$250.00,5,448694233182
ACC9796479,CUST001805,BR036,Money Market,closed,2012-07-28,,1575.99,GBP,,100,25,754482075818
ACC6554272,CUST002946,BR036,MM,open,24/10/2021,,1078.04,USD,3.078,1000,0,542054225258
ACC7493896,CUST002584,BR002,Savings,ACTIVE,07/06/2001,,9560.53,EUR,1.9456,1000,0,006460837555
ACC9985591,CUST001742,BR033,check,Suspended,14-01-08,,2793.84,USD,5.2153,500,12,725725803534
ACC1162792,CUST001015,BR033,MoneyMarket,active,2020-07-20,2023-05-14,4270.05,USD,1.1558,250,25,156577196498
ACC1323187,CUST001593,BR040,Savings,closed,"January 22, 2017",,2147.87,EUR,,100,25,362753831246
ACC6923729,CUST003784,BR012,Chequing,Closed,06/11/2016,,3987.99,,3.1122,USD 100.00,12,913445222135
ACC8038393,CUST001693,BR017,money mkt,closed,04/14/2020,,1950.1,$,5.3455,,5,529295528855
ACC8207184,CUST000198,,money mkt,active,"July 10, 2022",,1660.11,USD ,1.9823,0,15,444283000677
ACC9085655,CUST003825,BR018,Business,Inactive,11/04/2010,,4025.74,USD,4.7595,,0,156093112001
ACC5925474,CUST003022,,Checking,Active,12/03/2017,,3576.77,EUR,3.1898,0,25,473031743152
ACC7424535,CUST002147,BR028,Buisness,CLOSED,99/99/9999,,1389.89,usd,0.677,500,12,149134864346
ACC7192866,CUST000027,BR043,MONEY MARKET,ACTIVE,"August 04, 2009",,647.01,EUR,,0,12,778197675899
ACC9374680,CUST002558,BR033,Checking,N/A,12/13/2006,,,US Dollar,4.9925,250,0,720695646829
ACC6858608,CUST002808,BR030,Savings,ACTIVE,16/04/2003,,2145.93,US Dollar,0.1531,0,5,771513874612
ACC2184426,CUST002253,BR020,Checking,ACTIVE,,05/26/2019,3962.81,USD,3.3167,100,0,494986071555
ACC4295318,CUST002353,BR018,Checking,Closed,03/16/2021,,9838.3,US Dollar,1.6761,50000,0,874332207585
ACC9248484,CUST002491,BR017,Money Market,CLOSED,99/99/9999,,147.42,$,4.3482,500,25,303582261513
ACC2045861,CUST001530,BR020,sav,Inactive,2022-09-30,,1117.06,US Dollar,0.1184,0,10,465165585251
ACC4523363,CUST002428,BR019,Checking,Open,14-05-06,,861.28,EUR,4.5373,0,10,285948250175
ACC3102447,CUST002352,BR040,Savings,active,30-11-2000,2019-12-19,2790.99,,4.6869,,10,904061867154
ACC7997798,CUST002072,BR036,Money Market,closed,24-07-2013,,2246.38,USD,3.5969,250,0,814400049171
ACC4115115,CUST001736,BR048,CHECKING,Suspended,02-01-19,"January 15, 2016",5223.1,US Dollar,2.8461,0,25,195161243785
ACC4664389,CUST004361,BR036,savings,CLOSED,,,1110.48,GBP,0.1887,0,25,171077772614
ACC8523368,CUST001832,BR003,Money Market,Suspended,09/09/2016,,3610.52,USD,2.465,100,10,479348202707
ACC5939257,CUST000184,BR008,Biz,open,14-02-15,,8611.74,usd,2.2054,100,25,831861180484
ACC5483430,CUST003464,,Savings,Open,17-03-18,,9662.02,USD,3.1617,1000,25,427588130108
ACC6790976,CUST002413,BR044,Business,Open,02/23/2020,,12755.77,$,4.078,,0,802908203016
ACC4261416,CUST000457,BR046,BUS,ACTIVE,29/03/2021,,5935.83,usd,0.9446,0,25,423407101721
ACC7552130,CUST003779,BR008,MONEY MARKET,CLOSED,2004-10-30,,9457.33,USD ,5.4454,250,0,533097744921
ACC4172146,CUST001239,BR028,Savings,open,2012-04-23,,1069.07,EUR,2.4114,250,25,977793346466
ACC5751852,CUST003307,BR032,Biz,active,13/09/2006,,$880.50,USD,0.3309,100,25,005525434642
ACC8739603,CUST002064,BR023,Business,Suspended,99/99/9999,,$26.04,usd,3.8609,500,12,701696731425
ACC9302679,CUST004519,BR030,Savings,Suspended,12-06-2000,,4908.21,US Dollar,1.0189,1000,0,995001909338
ACC6409376,CUST004663,BR032,Business,active,2014-10-30,,11088.26,US Dollar,5.295,,25,593531315945
ACC5067526,CUST000897,BR008,business,N/A,07/27/2019,,827.78,GBP,3.9882,1000,12,306299856945
ACC7191424,CUST001895,BR008,Money Market,Suspended,21/06/2021,,,USD,0.7519,0,5,979935859180
ACC6892151,CUST002922,BR046,MoneyMarket,Inactive,20-09-2008,,5488.93,USD,5.3604,1000,10,889815578430
ACC7480626,,BR036,svgs,ACTIVE,09-06-09,,10502.98,,3.6734,500,5,856510099764
ACC9747789,CUST004656,BR031,BUS,CLOSED,"October 21, 2018",03/30/2019,4163.57,,0.4571,100,5,366677735869
ACC3578298,CUST004480,BR010,CHK,Suspended,2014-01-14,,14065.59,USD,1.0397,250,12,874689021674
ACC2655179,CUST000823,BR001,Checking,active,23-09-2003,,1690.48,USD,0.4922,100,10,104676500069
ACC9855161,CUST004349,BR040,business,Open,"October 20, 2001",,1722.69,US Dollar,4.6106,USD 500.00,5,868245248304
ACC1279632,CUST004226,BR046,savings,N/A,22-07-23,,3132.4,$,1.9609,500,10,095294292875
ACC4930589,CUST000197,,Money Market,active,09-06-12,2018-06-10,1934.8,GBP,4.0347,100,5,294330566886
ACC9725361,CUST000546,BR047,business acct,Closed,05/08/2012,,5.71,EUR,1.818,100,5,796360195393
ACC2454534,CUST003900,BR033,money mkt,closed,"November 26, 2016",,5263.67,,0.2986,,25,363766993769
ACC8490012,CUST000229,BR026,Checking,ACTIVE,2000-05-23,,5572.74,GBP,1.4969,1000,25,322858668851
ACC8990916,CUST004323,BR041,Checking,Suspended,05-02-12,,5497.06,USD,5.4754,100,15,428911651082
ACC1281432,CUST001661,,CHK,Suspended,02/09/2017,04/14/2019,1692.61,USD,3.4967,1000,15,134911390800
ACC7132570,CUST002869,BR049,Money Market,active,"September 07, 2016",,"$2,955.00",,0.5171,,25,519916068775
ACC7685321,CUST001377,BR050,Savings,Suspended,07-03-22,,1784.98,USD ,2.9625,250,5,407308331375
ACC6693641,CUST003280,BR037,Checking,Frozen,04-08-31,"September 22, 2014",64.67,USD,2.6252,250,15,551738454553
ACC2839982,CUST002600,BR006,Checking,open,24/01/2021,,,$,0.3141,250,0,758241366682
ACC5441658,CUST002673,BR021,SAVINGS,Open,2005-11-29,,528.46,GBP,0.4393,1000,12,357924384631
ACC9260341,CUST003438,,Checking,CLOSED,"August 22, 2015",,333.71,GBP,0.9276,100,0,673608966517
ACC8010570,CUST003547,BR010,Chequing,Active,"June 19, 2022",,5634.14,usd,3.0395,1000,5,928929567807
ACC6688651,CUST003462,BR018,Chequing,Open,11/10/2011,,$38.21,,1.5197,1000,5,069789315847
ACC3039585,CUST002737,BR004,Checkng,active,2011-01-26,11/10/2018,12777.56,EUR,5.414,500,25,059711259772
ACC5359091,CUST003909,BR015,Current Acct,active,"April 16, 2018",99/99/9999,2896.53,,5.4484,1000,25,062941403345
ACC8312674,CUST004459,BR010,Checking,CLOSED,NULL,,16302.04,,2.6434,,12,554370478982
ACC5767421,CUST004856,BR008,Biz,closed,03/11/2007,,238.99,USD,0.1267,,5,547598359019
ACC3646087,CUST004902,BR005,Money Market,Inactive,04/06/2019,,3503.76,,0.6572,250,15,400341455159
ACC1390382,CUST002071,BR020,Savings,Closed,2010-07-19,,1718.99,usd,1.675,250,0,475159115920
ACC4482818,CUST004377,BR028,Business,open,2018-08-21,2022-04-29,7418.35,USD ,3.8248,1000,0,794488777294
ACC1373685,CUST001875,BR029,CHK,ACTIVE,2017-12-25,,1792.8,USD ,0.3043,,10,477929714061
ACC7702013,CUST002621,,Business,Suspended,21-07-2000,26/07/2019,"1207,06",$,,500,10,440971994011
ACC1891158,CUST002817,BR020,Business,N/A,"December 20, 2005",,7795.14,US Dollar,1.3257,100,15,770933373004
ACC6325576,CUST002271,BR002,Savings,Open,15-05-18,21-10-25,1877.79,$,0.2856,1000,12,665003893896
ACC4531077,CUST003505,BR047,Checking,Active,12-03-2016,,67.91,US Dollar,,0,12,509081673723
ACC5826387,CUST001293,BR033,Savings,Frozen,14/04/2001,,1979.08,US Dollar,1.0392,250,12,279098190328
ACC5907254,CUST002395,BR044,Checking,Open,"November 24, 2017",03/11/2021,4251.31,USD,1.0606,1000,5,053805501587
ACC2421629,CUST002319,BR034,money market,N/A,"December 16, 2017",,1174.05,$,0.1402,,25,581989989647
ACC5175272,CUST002761,BR030,SAVINGS,Closed,08/29/2009,,2262.45,US Dollar,5.3291,$250.00,12,047038475831
ACC2082222,CUST000330,BR039,Savings,open,00-11-10,99/99/9999,233.55,US Dollar,3.9416,100,15,016880260273
ACC8247153,CUST004398,BR026,Money Mkt,Active,"April 11, 2022",,3547.83,US Dollar,5.1923,100,0,856624186251
ACC4599768,CUST003587,BR002,Savings,Inactive,NULL,,"$5,647.19",usd,,250,15,770313547696
ACC4883870,CUST001705,BR035,Money Market,closed,2011-06-12,,2133.05,USD,0.0553,,12,112713655306
ACC7348286,CUST004322,BR036,Money Market,ACTIVE,"November 03, 2014",,2180.51,$,2.7526,100,12,234205467069
ACC9019682,CUST002273,BR028,Business,closed,08/16/2023,,369.7,GBP,4.0833,100,10,721161624334
ACC6957633,CUST002236,BR011,MoneyMarket,Open,"June 04, 2005",,902.29,USD,1.7818,100,15,670992033942
ACC7781798,CUST003162,BR040,Buisness,Suspended,26/09/2009,,672.14,$,0.8979,500,25,720226074237
ACC6864875,CUST001496,BR032,Money Market,Open,01/18/2004,,2628.71,EUR,1.3307,100,25,488804027038
ACC8983573,CUST004185,BR009,Savings,Active,17/10/2008,02/20/2015,3013.76,$,1.3957,0,0,356372564611
ACC7527570,CUST003343,BR023,svgs,active,"July 28, 2007",,11899.03,US Dollar,1.3366,100,5,792129746579
ACC7993423,CUST001116,,Checkng,Suspended,03/06/2017,,304.21,GBP,1.9282,0,5,237645327189
ACC4380695,CUST000414,BR049,Saving Acct,CLOSED,2013-03-06,,3663.84,usd,2.1669,0,10,980590591975
ACC5381442,CUST004585,BR041,Money Mkt,Inactive,28/03/2001,,"$2,990.40",,0.5977,1000,15,542737390395
ACC3702719,CUST004153,BR045,Checking,N/A,99/99/9999,,2904.61,$,3.9027,USD 1000.00,0,647557822327
ACC1561328,CUST000410,BR040,Money Market,ACTIVE,27-06-2007,,8259.29,,3.9376,1000,10,355095935343
ACC2975913,CUST004507,BR021,Savings,Closed,29/09/2008,,,GBP,0.5712,100,0,995756422105
ACC8246529,CUST001835,,MoneyMarket,closed,31/08/2022,,166.51,USD ,0.1118,100,5,932726292139
ACC8281852,,BR033,Money Market,N/A,10/26/2002,,4462.28,usd,3.8118,250,10,408359582902
ACC3152255,CUST001655,,Business,Frozen,05-07-22,,1693.44,US Dollar,1.3474,0,5,273427988982
ACC9328687,CUST003860,BR031,checking,open,02/19/2013,,70.99,GBP,1.3256,100,25,126895624934
ACC6401587,CUST004664,BR028,Saving Acct,Suspended,NULL,2011-07-16,,USD,4.2495,100,0,176844728646
ACC3365521,CUST003938,,Business,ACTIVE,"August 07, 2011",,1480.35,$,5.1828,,15,022665022208
ACC5779112,CUST000270,BR027,sav,Active,2003-10-31,,3837.19,US Dollar,1.8795,0,15,515926413583
ACC6106141,CUST004440,BR036,Money Market,open,2017-03-05,14-09-2018,757.8,,,1000,10,966521065010
ACC7451536,CUST001302,BR005,BUS,CLOSED,2023-02-13,2023-04-19,2131.29,usd,3.7577,0,5,381859853665
ACC9701038,CUST004381,BR032,Current Acct,N/A,12/05/2002,,"$2,634.79",US Dollar,4.2373,1000,12,678995683392
ACC3040868,CUST004222,BR038,money market,Closed,13-04-28,,,usd,3.3165,,12,812689451814
ACC7695650,CUST003004,,money mkt,open,"January 08, 2006",,14589.53,GBP,4.4268,250,0,227196877784
ACC4272215,CUST003803,BR050,Savings,Open,06/18/2001,,186.29,$,1.5103,100,12,501806009521
ACC7230012,CUST001557,BR050,checking,ACTIVE,05-10-2008,,"$12,061.14",$,2.0412,1000,5,872366731434
ACC4406200,CUST003695,BR010,Saving Acct,Active,02/02/2004,"February 04, 2004",3488.49,,0.7213,100,25,582666136263
ACC3407731,CUST003396,,Savings,Open,10/03/2011,,6353.21,USD,5.0505,500,0,941498878774
ACC2090031,CUST004345,BR014,Savings,open,30-08-2012,,2251.23,$,4.3974,10000,25,852414916053
ACC7370245,CUST001309,BR046,sav,Open,18-05-23,,2419.36,,4.356,1000,10,472155842827
ACC2912938,CUST001889,BR007,Checkng,N/A,17/03/2003,,8458.67,USD,1.85,,0,394584014630
ACC4195112,CUST002061,BR033,Money Market,closed,99/99/9999,,,$,3.8003,,15,004954375880
ACC5313144,CUST003513,,savings,Frozen,"January 26, 2008",,1090.85,GBP,1.2617,,25,371694535301
ACC8975527,CUST003267,BR045,MM,active,05/03/2000,,888.79,,0.1043,500,0,735590345284
ACC4903284,CUST003891,BR048,Money Market,Inactive,05/12/2004,"January 23, 2023",2742.58,$,0.2076,0,10,214847164239
ACC6232119,CUST003203,BR036,svgs,Active,2015-06-24,2019-03-06,9221.44,USD,0.2015,0,25,445867858864
ACC2274230,CUST000223,BR030,SAV,Inactive,09/27/2005,,1556.53,$,4.0273,,10,729701433686
ACC2693022,CUST000202,BR029,Business,Active,01/16/2009,19-12-2012,4222.38,EUR,2.516,500,5,362190578768
ACC7011475,CUST001077,BR019,sav,Suspended,09/04/2018,,4926.08,$,1.113,1000,12,938757184149
ACC4481559,CUST001745,BR012,Money Market,open,30/05/2013,,,usd,,1000,10,864176313029
ACC6876265,CUST003607,BR041,Money Market,open,12-05-17,,,GBP,0.5197,,25,298137992874
ACC7773717,CUST000353,,Buisness,ACTIVE,02-01-2012,,2059.7,GBP,1.9168,0,15,270155288347
ACC7369616,CUST004546,BR038,Money Market,open,"June 09, 2022",,13646.93,$,,100,10,588540871891
ACC4431319,CUST004095,BR045,Checking,active,2009-09-17,,3780.11,US Dollar,1.2506,250,15,605517875822
ACC7921247,CUST003079,BR015,Checking,N/A,"April 08, 2008",,5216.13,US Dollar,0.1424,500,5,493481811378
ACC2656694,CUST003967,BR004,Money Mkt,Open,28/06/2013,,1692.38,USD ,4.0977,500,15,487224895316
ACC5419803,CUST000073,BR040,Money Market,Suspended,05/08/2004,,4434.03,GBP,3.4441,500,5,616802710129
ACC8702483,CUST004082,BR028,svgs,Open,11/07/2001,2015-09-19,1192.53,usd,,0,10,129092973070
ACC6650526,CUST004104,BR024,MONEY MARKET,Active,2017-05-24,,"$1,124.66",USD,0.3127,500,12,884245967878
ACC8171575,CUST001498,BR030,BUSINESS,Suspended,11-07-25,,5017.17,$,4.5771,100,10,824174599248
ACC7779512,CUST002275,BR029,Checking,ACTIVE,2006-09-25,,2947.52,USD ,4.4216,100,0,284319143129
ACC4923656,CUST003784,BR036,Biz,Frozen,01/09/2015,"May 12, 2021",4598.91,US Dollar,1.8136,"$1,000.00",0,172371480177
ACC9242247,CUST003801,BR039,MONEY MARKET,N/A,NULL,,1255.77,EUR,0.4265,,0,832768760433
ACC2424608,CUST000068,BR012,Chequing,Suspended,08/26/2016,,3652.42,USD ,2.1423,500,25,501070281458
ACC8094339,CUST000365,BR018,Savings,Active,06/05/2021,19-03-2023,USD 2347.47,USD,1.3713,1000,0,504541914253
ACC5249752,CUST001142,BR023,Current Acct,open,2005-07-18,,3634.88,USD,2.5062,500,15,560575588355
ACC2497887,CUST004543,BR045,Money Market,closed,11-03-22,,1374.92,usd,,1000,15,815850769884
ACC6444856,CUST002133,BR026,Business,Frozen,2001-02-05,,5027.4,GBP,4.5645,100,25,479287266667
ACC6327885,CUST002351,BR017,svgs,Active,2006-11-06,,6558.13,,4.1056,250,15,801833077496
ACC9826314,CUST002737,BR007,Checkng,Open,"October 15, 2014",,1203.97,US Dollar,3.5722,250,12,915427210971
ACC7747460,CUST004997,BR009,Saving Acct,Open,99/99/9999,,"$1,430.25",US Dollar,0.4187,100,25,793718639599
ACC5180716,CUST004208,BR044,CHK,N/A,24-02-2000,,4328.84,usd,2.534,500,25,786834559025
ACC2501328,CUST004877,BR042,Business,closed,11/19/2015,07/02/2023,4757.46,EUR,4.8264,500,15,107823593071
ACC9888984,CUST003098,BR030,Saving,active,2019-01-21,,4870.93,USD ,2.4314,100,0,570029397234
ACC5809377,CUST003001,,Checking,Active,02-07-2021,,4591.61,USD,3.5786,,0,425012595982
ACC5297685,CUST004837,BR035,chk,Closed,"June 05, 2010",,1995.64,EUR,0.7127,1000,25,574331129466
ACC3155126,CUST001257,BR023,Checking,Open,"March 19, 2004",11/08/2023,2009.14,USD ,0.4339,250,25,220494266880
ACC4727760,CUST003232,BR004,Money Market,Suspended,01/11/2017,,1176.51,USD ,1.3413,250,10,427463548317
ACC9740256,CUST003308,BR020,Savings,Frozen,09-12-08,,682.36,$,0.4046,,10,013792888785
ACC3254240,CUST002068,BR019,Business,N/A,"November 27, 2009",,4718.13,,3.4741,100,10,963997952062
ACC5011816,CUST003059,BR030,money market,Inactive,2015-05-10,,391.28,usd,4.0455,0,5,742465012314
ACC1377207,CUST000728,BR006,BUSINESS,N/A,26/02/2020,2021-08-12,11109.11,usd,3.6781,1000,12,115448996599
ACC7303811,CUST002300,BR008,Checking,ACTIVE,"January 01, 2022",,7010.61,,4.421,1000,15,428676178491
ACC3920047,CUST001703,BR021,Money Market,Open,04/07/2017,,7793.81,USD ,0.5686,0,12,414921427633
ACC1419693,CUST004068,BR046,Checking,Open,"April 06, 2002",,9486.4,$,0.8871,0,5,133261043211
ACC1700856,CUST001036,BR046,Business,open,05/11/2022,,2101.08,,3.8743,0,0,200248434556
ACC3782852,CUST003369,BR027,Business,Closed,"July 18, 2004",,7501.45,GBP,5.2346,100,15,276037744322
ACC4924848,CUST002049,BR042,BUSINESS,closed,"January 18, 2016",,688.19,EUR,4.536,100,12,865108724894
ACC1943437,CUST000221,BR042,BUSINESS,Inactive,10-10-2005,,87.52,$,4.1364,250,12,089007761542
ACC4432056,CUST000578,BR032,Chequing,N/A,,,6146.45,USD,2.422,250,5,553321137800
ACC6679175,CUST000309,BR007,Money Market,Closed,13-10-15,,USD 310.97,US Dollar,4.817,100,10,324545575176
ACC8400240,CUST004937,BR049,Business,ACTIVE,29/09/2023,,"$17,870.22",USD,0.868,250,0,486174352185
ACC3948687,CUST004854,,Checking,open,2007-08-25,,4493.22,EUR,1.6457,500,25,631485532313
ACC5543134,CUST004673,BR022,Checking,CLOSED,18-08-2015,,5600.76,$,,,5,700607937572
ACC1544561,,BR042,Checking,Frozen,NULL,"November 07, 2023",1128.41,USD,2.0845,250,5,851520971984
ACC9815363,CUST003433,BR022,Checking,Frozen,"March 27, 2000",,4481.78,usd,3.953,0,15,432464017586
ACC4848909,CUST004117,BR041,Savings,ACTIVE,02-05-2017,,176.73,,0.7195,500,10,319522611010
ACC8387359,CUST000732,BR005,Business,Active,2009-01-15,,7276.33,,2.1336,250,5,799187809574
ACC1202913,CUST003804,BR043,Business,Open,2001-05-07,,743.51,USD ,3.8781,100,10,298043287903
ACC8882912,,BR049,Chequing,Inactive,01-12-12,,4780.82,$,0.8201,1000,0,446745629547
ACC3010320,CUST000541,BR049,Business,closed,01/10/2012,,,USD ,4.0251,500,12,122370439313
ACC1829784,CUST002273,BR014,Business,Open,26-11-2009,,283.64,USD,4.7842,1000,0,226584023722
ACC2933178,CUST002585,BR026,Savings,Closed,99/99/9999,,2627.21,,0.5246,,10,335511246007
ACC1998949,CUST004328,BR023,SAV,CLOSED,"August 13, 2004",99/99/9999,741.88,usd,1.0992,1000,10,894498667004
ACC5401878,CUST001710,BR009,Checking,open,2021-01-19,,,$,2.6652,250,0,241104197652
ACC8487132,CUST001949,BR029,sav,active,"October 07, 2017",2018-04-14,USD 1084.96,,4.8386,500,10,837666381383
ACC6742985,CUST004759,BR022,Savings,Suspended,99/99/9999,,-1677.08,usd,3.4064,250,0,995524232429
ACC7134294,CUST001413,BR006,Money Mkt,Active,"November 15, 2016",,3352.13,usd,5.4918,,0,527735822649
ACC2818898,CUST003048,BR007,Checking,Frozen,15-03-04,,1341.71,usd,0.2048,500,0,437594022002
ACC7603525,CUST004483,BR048,Money Market,Open,"March 24, 2022",2023-05-27,1899.18,usd,2.6855,500,25,194620039278
ACC8895785,CUST003173,BR032,Money Market,Inactive,21-05-29,,"$6,763.06",GBP,0.4162,250,10,979702478679
ACC8966293,CUST000742,BR008,Savings,closed,2011-07-22,,789.95,EUR,0.8706,100,15,864791416400
ACC2284497,CUST003058,BR009,Business,Open,07/05/2010,,343.11,GBP,4.8132,,0,212211856158
ACC8299588,CUST003806,BR011,SAVINGS,Inactive,2013-06-08,,1592.12,US Dollar,0.138,1000,10,076724070503
ACC3119033,CUST002725,BR007,Savings,CLOSED,16-12-16,,2209.21,USD,1.2448,250,15,510513004621
ACC7802077,CUST002274,BR026,Business,ACTIVE,11-06-24,,3129.31,$,0.9863,,0,204422248907
ACC6595650,CUST002250,BR007,chk,Inactive,20-11-2022,,1863.56,GBP,1.7615,250,10,741634570243
ACC6946405,CUST004039,BR036,Money Market,ACTIVE,2007-10-31,,6240.91,USD,1.8315,,25,564458486890
ACC6494222,CUST003887,BR006,MoneyMarket,N/A,22-11-11,,160.45,EUR,2.3437,0,5,574119103889
ACC4892550,CUST004228,BR005,Money Market,closed,"June 17, 2018",,2260.9,GBP,1.1734,500,0,179908388437
ACC3543206,CUST002781,BR034,Savings,Suspended,21-06-2009,NULL,1926.72,USD,1.1436,1000,15,480092123107
ACC4720037,CUST004218,BR031,Checkng,closed,24-05-2002,,"4171,71",usd,4.046,500,10,684187816850
ACC5515114,CUST001811,BR013,Checking,open,03/30/2001,,13558.21,USD,1.8813,250,12,977355836210
ACC1481637,CUST002858,BR008,Business,Open,10-04-01,,2856.47,USD ,,0,12,279210699675
ACC3771742,CUST000763,BR017,Checkng,active,10/11/2003,,17333.51,EUR,3.5833,250,5,797648406889
ACC8639698,CUST004750,BR037,Checking,Suspended,08/05/2013,,1439.57,USD ,2.6015,0,5,512690441367
ACC2696666,CUST001537,BR006,Checkng,Suspended,"February 04, 2014",,125.42,EUR,2.3592,0,25,721312736537
ACC8645059,CUST003725,BR038,Checking,Active,05-07-20,,724.47,GBP,2.6285,500,12,731050461052
ACC3177709,CUST003247,BR008,Business,Inactive,17-02-08,"November 21, 2020",2010.93,$,4.7084,,10,308857346703
ACC7919905,CUST003399,BR025,Savings,Active,11-08-31,,1521.14,GBP,1.8948,500,0,006046006768
ACC7192720,CUST003108,BR011,Business,open,"September 09, 2006",,408.37,USD,4.1161,500,0,895247873442
ACC6689650,CUST002411,BR029,Business,open,"October 16, 2015",,2267.19,$,3.9437,,5,604087396190
ACC5362796,CUST002952,BR046,Business,Frozen,"March 06, 2008",,,US Dollar,4.0446,100,10,737827679624
ACC3715491,CUST003081,BR028,CHECKING,Frozen,"May 05, 2000","July 01, 2019",523.26,EUR,2.1884,1000,25,579417015389
ACC3079208,CUST003206,BR046,Savings,ACTIVE,16-10-2021,,1404.57,$,4.1205,250,5,595100886086
ACC2632186,CUST004473,BR026,sav,open,22-01-26,,8701.56,US Dollar,5.1847,100,25,757076553461
ACC1274983,CUST002463,BR040,chk,active,99/99/9999,,143842.0,$,3.6437,0,10,758788796301
ACC8893617,CUST002325,BR005,Business,open,23-05-2008,,5006.43,usd,4.3326,$250.00,25,036198301591
ACC2079839,CUST000472,BR046,Checking,Closed,01/09/2014,,3787.49,usd,4.9578,,5,389007743790
ACC4516540,CUST001393,BR032,Business,Closed,27/01/2000,,2228.74,EUR,5.3631,$0.00,10,847408622652
ACC2917814,CUST003166,BR018,MONEY MARKET,open,17-03-15,,1092.62,GBP,1.7943,250,15,496032851786
ACC8178591,CUST003749,BR032,Savings,Closed,99/99/9999,,1841.89,USD,3.4628,100,15,928274308473
ACC5058217,CUST002271,BR042,CHK,open,29-03-2011,,3587.0,usd,0.4822,,12,930928879702
ACC5165700,CUST004043,BR003,Money Market,Active,12-05-05,,"$1,727.77",US Dollar,1.196,500,25,674435999005
ACC8445661,CUST000979,BR007,Business,active,09-04-2020,,967.76,usd,3.8576,,5,149309477981
ACC5867403,CUST002432,BR031,Business,active,"April 02, 2000",,495.29,US Dollar,3.3833,1000,12,958875381814
ACC7664145,CUST004207,,Checking,open,2001-12-04,,8473.29,,5.0368,250,15,247926216697
ACC1827703,CUST002298,BR045,checking,Active,26-11-2017,,2321.51,USD ,3.0274,100,15,257327586145
ACC7327716,CUST003592,BR025,MM,Closed,2013-04-07,,3925.54,USD ,2.6607,250,0,810574719580
ACC6651155,CUST000296,BR013,BUSINESS,CLOSED,27-03-2011,20/05/2022,2696.6,$,4.9064,0,12,464786272315
ACC2315453,CUST001206,BR045,Savngs,open,2019-05-14,,8240.64,GBP,3.308,1000,15,705013780843
ACC6013263,CUST000206,BR022,Checking,Closed,10/28/2001,06/09/2011,3166.88,,0.0487,1000,0,611671933258
ACC8374268,CUST004888,BR015,MoneyMarket,Open,99/99/9999,,2621.72,USD,0.2978,250,5,341291318875
ACC8853208,CUST003126,BR033,Money Market,Inactive,03/11/2015,,10339.84,USD ,2.9216,0,5,772994688710
ACC8810291,CUST000032,BR005,business,Suspended,2012-01-12,,5087.43,,0.4784,1000,5,502080384650
ACC1623557,CUST004428,BR025,Money Market,CLOSED,03/03/2021,,473.11,,4.4321,,12,701528142857
ACC1665363,CUST000263,BR015,MONEY MARKET,N/A,09-12-22,,782.62,$,0.8881,0,12,708907554133
ACC2445352,CUST001183,BR030,Money Market,N/A,2023-11-23,11/30/2023,6188.16,USD ,3.6094,250,0,069679468266
ACC6009570,,BR021,Money Market,Open,05/12/2022,10-03-2023,7227.93,usd,2.4778,1000,15,139076696687
ACC2732454,CUST002409,BR045,Savings,CLOSED,07-01-30,,3151.51,US Dollar,0.3404,100,5,223482336924
ACC1254879,CUST002768,BR034,Money Market,Closed,2023-03-10,,3233.83,usd,1.6069,250,25,866916496591
ACC6678086,CUST002063,BR010,MM,Open,"November 18, 2015",,,GBP,4.1454,250,12,217071172395
ACC7540521,,BR036,Savings,CLOSED,18/10/2013,"June 08, 2017",2312.96,USD,5.4278,$100.00,15,719225251201
ACC3301809,CUST004186,BR008,Checkng,open,"July 28, 2007",23-10-29,4560.23,$,4.9913,100,15,037321905131
ACC8244648,CUST004172,BR045,Money Market,Suspended,2009-01-02,,459.32,GBP,5.0534,,0,728994828138
ACC8920655,CUST002513,BR028,Buisness,Inactive,22/03/2015,,13005.52,USD ,1.9748,500,0,741448188650
ACC4576414,CUST001958,BR050,business,Active,26-09-2004,,5547.66,GBP,3.5389,1000,12,005732985082
ACC1304678,CUST002708,BR009,Savings,Inactive,2011-02-01,,3989.72,,,500,25,941783814276
ACC4908565,CUST001521,BR050,Money Market,active,06/06/2022,"May 05, 2023",1521.07,GBP,3.0532,0,12,134544488014
ACC2744891,CUST003816,BR008,business,Open,19-12-20,,701.97,,0.6262,250,25,786985939339
ACC7974771,CUST001694,BR047,Business,active,09/05/2023,,,GBP,4.9939,,15,441091350367
ACC9856068,CUST004126,BR022,business acct,Closed,14-04-02,99/99/9999,4333.83,USD,5.4383,100,12,570453548904
ACC2815085,CUST003462,BR029,Money Market,ACTIVE,"April 09, 2017",,4017.32,GBP,0.7539,USD 250.00,25,251105670908
ACC9631351,CUST000050,BR004,Checking,Frozen,06/22/2004,03/03/2013,1929.22,USD,4.1256,100,10,849940850464
ACC8333462,CUST000562,BR046,Business,active,"June 25, 2023",,3800.28,USD,3.6307,100,0,135627525673
ACC9063184,CUST004374,BR003,Business,N/A,2011-09-02,2016-07-25,6722.63,US Dollar,0.662,1000,15,235426370117
ACC3343397,CUST002819,BR045,Checking,ACTIVE,2001-06-12,05-07-20,106.55,usd,0.9455,250,0,404194999709
ACC6964477,CUST004247,BR032,Savings,Active,20-03-06,,2395.87,USD ,1.5916,500,5,625393933329
ACC3288121,CUST002839,BR049,Business,ACTIVE,30/03/2008,,5684.46,usd,4.262,1000,25,224460878847
ACC7914389,,BR027,check,N/A,11/19/2002,,3159.91,USD,5.2616,0,12,562109609222
ACC6085249,CUST004943,BR032,Savings,Frozen,26-04-2009,10/02/2017,4216.19,usd,0.316,1000,12,607983257930
ACC9220133,CUST004104,BR048,Checking,closed,11-05-2018,,2908.28,US Dollar,4.4149,"$1,000.00",5,825115618900
ACC1387244,CUST002589,BR014,Business,Frozen,30-05-2018,,19251.01,usd,4.0642,500,12,990705587781
ACC1982865,CUST002609,BR012,CHK,Suspended,28/04/2022,,,US Dollar,1.8862,,10,315463505584
ACC9285058,CUST000364,BR004,checking,active,19/03/2001,,2701.58,USD,4.1337,,5,863714486458
ACC6335879,CUST002257,BR014,Current Acct,active,06-07-2002,,383.47,USD ,0.2671,USD 0.00,10,908781968672
ACC4567207,CUST003763,BR021,SAVINGS,open,"August 15, 2019",,696.39,,,0,15,317367843606
ACC9618208,CUST002522,BR044,business,Closed,29-05-2001,,1931.79,GBP,,500,10,838540053402
ACC8812241,CUST003607,BR018,sav,Closed,27-12-2006,,676.23,USD,2.4028,0,5,971849936657
ACC7126367,CUST004064,BR021,Checking,closed,12/10/2005,,,GBP,3.9166,250,15,244215543776
ACC9152430,CUST000025,BR001,Savings,Open,2003-01-19,,11734.02,,0.0613,1000,5,797140471462
ACC8096851,CUST004379,BR027,sav,N/A,00-09-22,,1638.55,EUR,1.9164,0,5,620639814847
ACC6007812,CUST004015,BR027,Biz,N/A,06/21/2016,,4083.8,GBP,4.6856,500,12,755837692361
ACC7911029,CUST003698,BR014,SAV,Closed,"April 10, 2008",11-10-28,3052.16,usd,1.736,250,15,034587002605
ACC2731728,CUST001083,BR022,Business,Inactive,99/99/9999,,USD 6762.31,,,250,25,040821172114
ACC6362905,CUST001941,BR033,money mkt,open,23/06/2004,,"3949,49",EUR,0.316,0,0,064930031025
ACC9859836,CUST001272,BR042,BUS,open,06/01/2021,,1.01,,5.444,100000,0,542166917463
ACC1104222,CUST004325,BR016,MONEY MARKET,Active,99/99/9999,,5761.72,GBP,4.8245,500,0,301269850924
ACC6708951,CUST004939,BR032,money market,Suspended,15-12-07,,5495.06,GBP,5.3295,0,0,294448249354
ACC2045672,CUST004309,BR013,Money Market,active,2010-11-03,,2851.14,$,5.3814,100,10,162721434407
ACC1828048,CUST001540,BR018,Biz,Suspended,NULL,,USD 9328.84,USD ,1.8554,500,12,957372929062
ACC4203742,CUST004071,BR006,check,Closed,22-05-21,,"$9,563.31",EUR,0.4135,500,5,223738453242
ACC1712023,CUST001506,BR042,CHK,ACTIVE,"January 18, 2009",31/08/2011,2968.61,usd,5.3131,100,10,128221574238
ACC8543387,CUST002540,BR009,Checking,N/A,16-03-26,,3745.85,,1.2972,500,25,168194346872
ACC8014776,CUST004861,BR023,SAVINGS,Suspended,99/99/9999,,22645.27,GBP,2.563,0,15,424048642892
ACC4890656,CUST001296,BR006,CHK,Suspended,11/07/2009,,1419.96,USD,0.029,,12,471599633098
ACC7468324,CUST004785,BR033,business,Active,18-07-2008,,USD 1569.90,EUR,4.5625,,10,389544145433
ACC8232779,CUST002363,BR049,MM,active,09/07/2016,,807.36,$,5.3075,0,25,166115518034
ACC5303671,CUST002830,BR003,Business,active,00-07-10,,9048.34,USD,1.366,1000,25,912259399306
ACC4099521,CUST004302,BR027,Money Market,Frozen,2013-10-01,,5457.95,USD ,1.1734,250,5,804901031974
ACC7933317,CUST004891,BR042,MoneyMarket,N/A,2014-01-10,,446.6,$,,,15,338198793825
ACC5335515,CUST000768,BR044,chk,ACTIVE,24-05-2017,,,USD ,3.2085,100,5,913783800600
ACC9950271,CUST004985,BR042,Money Market,Inactive,14/10/2000,,5251.61,GBP,0.8472,250,15,298279133584
ACC8264996,CUST002082,BR023,MoneyMarket,Inactive,2017-03-02,,7602.43,GBP,3.125,250,25,032243821650
ACC3630272,CUST002547,BR048,chk,ACTIVE,05/16/2004,,$197.39,US Dollar,5.2275,,25,810705127534
ACC7368063,CUST003835,BR021,Saving Acct,closed,20/05/2006,,2812.47,EUR,1.0649,500,25,085065268506
ACC7961347,CUST002178,BR033,Chequing,Closed,99/99/9999,,4797.25,,0.0341,250,15,444544712170
ACC2972431,CUST003250,BR009,Checkng,ACTIVE,04/20/2018,"July 06, 2018",3131.82,US Dollar,0.8553,100,12,315764863508
ACC3154733,CUST004813,BR001,BUS,active,02/14/2015,,4394.22,USD ,4.2036,1000,25,212971254823
ACC8150667,CUST003941,BR044,BUSINESS,ACTIVE,13-01-05,,6812.23,,5.026,500,5,592461937287
ACC8471377,CUST000823,BR036,Money Market,N/A,08/16/2019,,,$,3.5445,100,10,841602691225
ACC1076721,CUST002667,BR047,Money Market,active,2006-11-22,11/01/2008,7553.13,USD ,0.3881,0,5,930908214604
ACC2290053,CUST001144,BR031,savings,ACTIVE,23/12/2006,,USD 711.32,USD,3.3931,500,12,416043779759
ACC4381581,CUST001406,BR018,money market,closed,2020-10-18,,1263.7,US Dollar,5.0886,100,12,565896005831
ACC2276545,CUST000239,BR004,Savngs,CLOSED,23-07-03,07/23/2023,177.25,EUR,4.7237,250,5,336949710972
ACC4058728,CUST002382,BR035,Savngs,closed,2021-05-03,,1812.91,US Dollar,3.2405,10000,10,336996499433
ACC2244777,CUST001715,BR024,Checking,N/A,99/99/9999,,1911.56,$,1.2573,0,12,504011214977
ACC3284335,CUST004294,BR007,money mkt,Frozen,"June 14, 2020",,6544.58,US Dollar,0.779,250,25,198374614855
ACC6806473,CUST003055,BR001,Business,CLOSED,04-12-25,,4235.23,USD ,1.5462,250,15,943419877232
ACC4081922,CUST004780,,BUS,Open,"May 08, 2020",16-07-2021,2295.93,usd,0.8428,,12,889708174801
ACC8398030,CUST002161,BR033,business acct,Active,10-06-2018,,USD 4223.52,US Dollar,5.4287,500,25,914345864262
ACC2696689,CUST001977,BR021,Money Market,N/A,03-02-2018,,21691.0,usd,1.8568,0,12,908922120488
ACC8323379,CUST000792,BR015,SAV,CLOSED,16/05/2020,,795.13,USD ,,500,10,121968445846
ACC5130226,CUST002266,BR027,checking,N/A,NULL,99/99/9999,3944.15,USD,3.9037,,12,618447240747
ACC8196747,CUST000394,BR043,Money Market,CLOSED,,,4101.82,US Dollar,3.2409,100,12,946088063240
ACC7264167,CUST003841,BR018,Checking,CLOSED,12-02-23,,"$5,951.27",US Dollar,0.6415,,5,797717063934
ACC1618808,CUST003728,BR037,MoneyMarket,open,2019-04-26,,,USD ,4.2035,1000,25,589409617608
ACC4536689,CUST001057,BR035,BUS,N/A,08/21/2005,,5128.52,usd,0.9367,1000,12,088445666979
ACC8844375,CUST001495,BR049,Money Market,Open,26-08-2023,,4607.8,US Dollar,,,25,666526221426
ACC1504538,CUST004386,BR001,MONEY MARKET,Active,27-09-2017,,13230.1,,,,25,772383484415
ACC9289623,CUST002093,BR027,Biz,active,02/19/2023,,,usd,2.2905,1000,10,532492654382
ACC1869313,,BR028,BUSINESS,active,07-04-2016,,3208.99,,2.5984,1000,15,859822940319
ACC2176570,CUST003898,BR024,BUS,closed,,,3682.85,US Dollar,4.2938,250,15,067394858475
ACC8958906,CUST004289,BR041,SAVINGS,Suspended,2006-01-20,,26424.34,USD ,2.5154,100,0,977665351704
ACC5520488,CUST004888,BR008,MoneyMarket,active,11-07-2006,,898.5,USD ,4.6997,,25,054916757643
ACC9593537,CUST004890,BR036,Savings,Closed,09-01-11,,USD 2962.78,EUR,4.4062,$100.00,10,687259846862
ACC7325238,CUST001597,BR015,Business,Active,03/19/2016,,"$1,699.73",GBP,3.0221,0,25,901185781359
ACC6225235,CUST004748,BR036,Savings,Suspended,21-10-31,,2985.29,USD,1.7768,0,5,905714042821
ACC6801280,CUST001184,BR013,Money Market,ACTIVE,27-04-2017,,1056.53,USD,,100,10,606763491191
ACC5911663,CUST004928,BR046,Checking,N/A,"January 13, 2008",,,usd,0.1364,250,15,764971035906
ACC1044139,CUST001334,BR043,Money Market,CLOSED,11-09-23,,3399.82,usd,5.2279,250,15,397655893163
ACC8480430,CUST000719,BR025,Money Mkt,Closed,18-08-2013,,1637.01,,1.2402,100,0,096413928568
ACC8681232,CUST004423,BR044,money mkt,Inactive,"November 10, 2003","October 28, 2010","803,29",,1.2443,1000,15,138995109132
ACC3631267,CUST003494,BR008,Savings,CLOSED,01/27/2000,,1565.87,,0.0708,0,5,966157694095
ACC7251365,CUST000018,BR037,CHECKING,open,2000-08-09,15-09-20,202.14,EUR,1.7303,500,5,911931325595
ACC9086122,CUST003075,BR040,Savings,Active,07/04/2020,,12018.47,usd,0.4009,500,12,272313060762
ACC6529849,CUST004682,BR031,Saving,Open,05/08/2001,,3480.95,$,1.8736,,10,200046301350
ACC4772739,CUST000139,BR009,Checking,ACTIVE,07/07/2016,,6744.6,,4.1887,250,0,235006791436
ACC2933924,CUST002774,BR049,Biz,Open,99/99/9999,,"$2,200.47",,3.3053,1000,5,294761780619
ACC4102078,CUST004826,BR044,Savngs,Frozen,99/99/9999,NULL,"$9,345.17",usd,4.8906,250,10,230467931192
ACC2604434,CUST003316,BR008,Buisness,active,"March 12, 2005",,"$2,641.31",USD,2.6174,100,25,515925271630
ACC9099623,CUST004824,BR042,Checking,active,2008-04-22,,,usd,0.0122,250,0,049187645114
ACC5932215,CUST004684,BR044,Money Market,Open,31/08/2012,,2707.47,GBP,1.8134,0,0,145375861324
ACC8852048,CUST003379,BR048,Business,Inactive,05/02/2017,,5286.2,,,500,25,786484362668
ACC3051396,CUST003871,BR029,Savings,ACTIVE,2005-01-03,,3344.89,USD,5.4693,,5,405661442830
ACC4809515,CUST002951,BR021,Money Mkt,active,01-12-24,,1267.61,USD,0.7882,100,5,064466195250
ACC9004846,CUST002801,BR008,chk,open,09/01/2020,"January 12, 2021",629.14,$,1.8797,1000,10,770641249746
ACC6072989,CUST004444,BR025,BUS,Suspended,28-02-2018,,3726.88,$,0.3048,$250.00,5,601508395240
ACC2583041,CUST003047,BR018,Money Market,active,"March 20, 2012",,2686.95,,,0,25,539362663121
ACC5729095,CUST002288,BR007,Savings,open,05/12/2000,,403.6,USD,2.7633,100,10,375145468324
ACC2816380,CUST003587,,Checking,Suspended,19-01-2016,,2014.19,,2.4273,1000,10,340300159024
ACC7037731,CUST004548,BR042,MONEY MARKET,open,"June 21, 2013",,2892.58,,1.2457,500,12,650924518791
ACC2156571,CUST003347,BR028,MONEY MARKET,Frozen,21/12/2019,,7015.39,USD ,3.5215,"$1,000.00",0,576371203810
ACC4166540,CUST001021,BR009,Saving,open,"November 20, 2000",,316.61,usd,4.3124,500,15,878705501531
ACC2595908,CUST003283,,Savings,CLOSED,"April 14, 2006",,-1713.88,GBP,,500,15,317888186366
ACC2816793,CUST001560,BR022,Money Market,Closed,11/02/2015,,,$,3.1502,0,10,664889430627
ACC8894274,CUST002906,BR017,MONEY MARKET,N/A,14/07/2011,,4181.32,,5.3575,500,12,991292312571
ACC4259304,CUST002587,BR033,Money Market,Active,07/30/2020,,1369.73,,3.1859,1000,15,931399026193
ACC9898689,CUST003335,BR050,Business,Closed,01/18/2018,,7465.98,EUR,3.602,0,10,934070330491
ACC4391457,CUST001028,BR028,Saving Acct,open,03/08/2014,,2719.29,,0.2496,500,25,075630868643
ACC8500942,CUST003069,BR048,Savings,Suspended,99/99/9999,,2759.43,GBP,2.7213,,5,909204668010
ACC7422040,CUST003351,BR034,business,closed,11/12/2009,,15017.91,USD,0.8027,1000,15,315178280146
ACC1487085,CUST003649,BR016,Checking,CLOSED,18-11-16,,11758.66,EUR,1.4501,500,25,452313468550
ACC2804741,CUST000322,BR009,svgs,Closed,99/99/9999,,1775.99,USD,5.1895,1000,25,162741366461
ACC3864597,CUST002592,BR039,Business,Frozen,08/03/2021,,605.99,EUR,0.9852,0,12,305520791949
ACC2603647,,BR034,Checkng,Frozen,07/21/2018,21-05-14,1576.12,USD,3.3213,100,25,833735713507
ACC1060973,CUST002698,BR043,Savings,active,,,123.83,EUR,1.5406,1000,10,983682198704
ACC3238074,CUST003375,,Current Acct,Open,10/23/2017,,83.95,$,1.0186,500,15,115683792219
ACC3252260,CUST004954,BR045,Current Acct,closed,"July 26, 2023",,,GBP,5.3232,0,5,191058919782
ACC9366119,CUST003754,BR032,MM,Closed,05-01-2003,,,EUR,1.5697,$500.00,15,255246414801
ACC8537529,CUST002164,BR024,MM,Frozen,2010-06-16,,8202.87,USD ,1.3328,100,10,953960621764
ACC2442078,CUST004476,BR047,Money Market,ACTIVE,06/27/2020,,2865.2,USD,5.0039,,10,347377960550
ACC1084189,CUST004838,BR019,Money Market,Active,2000-03-05,2019-11-12,3331.72,$,0.2052,250,10,186940067056
ACC7999905,CUST002034,BR022,Checking,Active,14/05/2021,30-09-2022,23.8,US Dollar,0.2165,100,25,891084164761
ACC6259427,CUST004093,BR024,CHECKING,ACTIVE,"November 10, 2001",,970.84,EUR,,1000,25,934870430246
ACC8808208,CUST003353,BR023,Saving,N/A,06/14/2022,,100.34,USD,1.4142,100,12,871899409674
ACC8098210,CUST000875,,Money Mkt,Closed,"May 25, 2019",2023-10-09,5618.48,,3.6075,,10,093302409939
ACC2094481,CUST004581,BR042,Savngs,active,22-07-2001,,629.64,USD,1.028,0,5,942488567289
ACC8059788,CUST004390,BR002,CHK,Frozen,16-11-2015,,8131.67,GBP,3.6129,250,15,778566460779
ACC9357079,CUST002344,BR044,Biz,Open,13-02-2004,,4123.71,USD ,4.7271,USD 0.00,10,690504660438
ACC4778273,CUST000587,BR005,chk,N/A,17-05-30,,1042.44,GBP,1.292,0,12,986812750945
ACC8519906,CUST003243,BR033,svgs,CLOSED,2014-04-22,,686.57,,0.5471,1000,5,896206266122
ACC3589866,CUST003378,BR004,money market,Suspended,28/12/2013,,,usd,5.2948,,12,690918250677
ACC7246253,CUST000676,BR004,business acct,N/A,"December 08, 2017",07/20/2021,9243.96,EUR,4.4789,,15,469398769958
ACC7048086,,,Savings,CLOSED,01-03-18,,5068.51,EUR,5.4644,250,0,344089265677
ACC9342051,CUST000714,BR042,Checking,active,99/99/9999,,1714.2,US Dollar,4.3134,,12,517384964566
ACC1261793,CUST003194,BR024,Savings,open,NULL,,3540.95,usd,0.8017,500,10,490993279280
ACC2087469,CUST002427,BR004,CHECKING,closed,07/08/2008,07/03/2019,1488.67,GBP,1.3543,1000,25,967982700779
ACC5945691,CUST000227,BR043,Money Market,active,08/18/2018,,28279.06,$,4.4717,0,0,612212378110
ACC4852709,CUST002208,BR008,Money Market,closed,NULL,,5526.65,$,0.7504,250,12,135233407479
ACC2249845,CUST004601,BR019,Checking,Inactive,2007-12-21,,3811.63,USD ,1.2871,100,12,011033466113
ACC4900062,CUST004132,BR047,checking,open,16-06-07,,2201.45,USD ,1.4045,,5,903619555350
ACC3307047,CUST000964,BR035,MONEY MARKET,active,08/29/2015,,3850.93,USD ,4.0603,1000,10,631526903484
ACC6264427,CUST002317,BR042,Money Mkt,active,04/06/2015,,1671.87,USD,1.8548,100,0,709243821404
ACC7655510,CUST003946,,Savings,Active,99/99/9999,,117.16,usd,1.742,100,15,806787087095
ACC8518440,CUST000091,BR028,Checking,Suspended,NULL,,2010.69,USD,5.2646,500,12,881301643165
ACC2707606,CUST002062,BR002,checking,N/A,"March 30, 2020",22-07-19,10664.61,usd,0.2282,100,25,631561640140
ACC5853793,CUST004293,BR025,Savings,Active,05-10-2013,,393722.0,US Dollar,3.8431,500,5,515392942005
ACC8654809,CUST002740,BR018,Checking,Frozen,14-04-01,,350.76,usd,5.053,1000,5,428768744626
ACC5547442,CUST002066,BR045,Business,Frozen,18/01/2011,23-05-10,,$,0.5985,250,10,951227116366
ACC5930892,CUST004984,BR022,CHECKING,Closed,07/26/2023,,1252.68,GBP,1.4806,0,0,173815079595
ACC9138879,CUST004051,BR036,Savings,open,2015-09-01,,1117.64,,3.9437,1000,12,804133897106
ACC1911297,CUST001930,BR033,savings,closed,,,1410.11,USD ,0.2698,1000,15,998549960539
ACC4475097,CUST001477,BR025,business,Active,01-11-2006,,3443.45,US Dollar,4.9464,250,5,039095013989
ACC5396495,CUST004799,BR004,MONEY MARKET,Closed,11/29/2008,,3147.09,USD ,2.0141,1000,10,428090832423
ACC9770469,CUST003542,BR030,Money Mkt,Inactive,"May 27, 2015",02-08-2020,2704.48,US Dollar,0.1897,250,10,680847563165
ACC1711145,CUST001147,BR020,Savings,Suspended,15-04-28,,-5056.83,US Dollar,5.3175,250,25,899419839758
ACC6031198,CUST004168,BR005,Business,active,21/01/2012,,,usd,4.3042,,15,097472943013
ACC5802096,CUST001748,BR044,MoneyMarket,Active,06-01-15,,USD 6094.22,usd,3.9925,,5,999232956923
ACC5179033,CUST000788,BR005,svgs,N/A,03/28/2018,,771.05,USD,1.0638,0,10,775405607410
ACC2017387,CUST002321,BR016,Money Mkt,Inactive,08/18/2014,,6104.45,$,5.2591,,10,765595688559
ACC5144351,CUST002446,BR015,Savings,N/A,08/27/2018,,4360.32,EUR,4.1249,500,0,155631636616
ACC7057332,CUST003328,,Checking,active,16-03-31,,,usd,2.4371,250,12,602120914236
ACC6689712,CUST000455,BR018,Saving Acct,Frozen,08-06-26,,USD 2627.67,USD ,2.1489,,10,732132291245
ACC2774590,CUST001389,BR009,Business,closed,19-03-21,,,$,0.8502,1000,10,446286249334
ACC7867250,CUST000167,BR032,MM,active,15/10/2011,,33264.0,US Dollar,1.4612,,0,281852190061
ACC3102009,CUST002690,BR016,Money Market,Open,07-05-19,,7630.06,USD ,4.769,,0,194837859432
ACC2762588,CUST001154,BR044,Savings,active,2004-09-12,,228.6,usd,0.928,,12,457292865025
ACC9023817,CUST002834,BR014,BUSINESS,ACTIVE,19-11-03,,644.16,USD ,4.4027,250,25,735951940598
ACC7434955,CUST002841,BR011,money market,closed,07/01/2005,,3439.54,USD,0.6605,250,15,372046062327
ACC4844805,CUST004756,BR032,business acct,Open,08/23/2010,,5379.25,EUR,2.5461,250,12,781010403594
ACC9741622,CUST000845,BR028,Checking,Inactive,05/26/2019,,317.26,$,4.7713,100,25,830855010128
ACC7564828,CUST000841,BR020,Business,open,NULL,,10141.34,USD ,5.0381,500,25,383532852576
ACC9292629,CUST003557,BR030,Money Market,Active,2000-07-28,,14538.72,usd,,250,0,188342304408
ACC5263914,CUST004324,BR025,Checking,active,"October 25, 2000",,3725.11,$,3.922,,5,502174595921
ACC2845051,CUST003069,BR035,Business,closed,NULL,,2625.28,$,4.0235,500,25,177847443269
ACC9795525,CUST003592,BR011,Savings,Suspended,2018-06-01,,5409.81,,4.6558,1000,5,561003085332
ACC8642453,CUST002885,BR023,Money Market,Inactive,"August 05, 2021",,1592.12,USD,2.2018,1000,0,743328588415
ACC7845114,CUST003765,BR001,Savings,Suspended,2022-11-26,,2719.06,,0.695,500,10,763601410043
ACC3890723,CUST004970,BR021,svgs,active,"September 27, 2014",,9914.95,usd,2.2424,1000,12,317624446396
ACC8058896,CUST001141,BR007,Savings,Active,10/09/2011,,"12463,06",EUR,1.1189,0,0,336221020230
ACC9475303,CUST001388,BR039,CHK,closed,31/03/2014,,USD 10472.97,GBP,4.9886,250,25,137652745408
ACC5574865,CUST002297,BR029,business acct,open,08/08/2000,2013-02-07,1217.68,US Dollar,4.9114,250,5,799328796959
ACC9981669,CUST002028,BR049,Money Market,Closed,2010-03-12,,1058.31,$,2.3399,,5,787033465797
ACC8868111,CUST001098,BR019,MONEY MARKET,N/A,08/01/2017,16/06/2018,1413.38,,1.6793,500,10,063289996065
ACC2054867,CUST002767,BR021,Money Market,active,26-02-2012,,"$2,328.65",EUR,1.4564,0,0,460021017208
ACC7523857,CUST003607,BR014,Money Market,Open,11/10/2010,,1508.49,,4.7968,500,25,314424709017
ACC9271267,CUST002577,BR019,Checking,Suspended,04/12/2016,,1874.98,US Dollar,0.4665,250,5,661210641117
ACC2467740,CUST000907,BR033,check,closed,,,3877.05,$,2.1032,500,10,059117283700
ACC8824410,CUST004526,BR041,Business,Frozen,2023-07-24,,,usd,4.2163,,5,356200809856
ACC9632610,CUST004876,BR002,Checking,Frozen,16-09-2019,"September 15, 2020","$5,320.54",USD ,3.4014,USD 100.00,0,776525412140
ACC3855986,CUST000299,BR016,Checking,Suspended,05/12/2015,,,EUR,4.1906,0,0,117490226966
ACC9401459,CUST000492,BR042,Money Market,Inactive,12-10-2014,,130.85,$,5.0122,0,12,313419190793
ACC4521997,CUST001569,BR043,Business,open,11-01-02,,"195,64",USD ,0.4863,,5,455255140170
ACC9247503,CUST002158,BR042,checking,N/A,30-07-2007,,6230.86,USD,1.0291,500,15,161233016821
ACC4195512,CUST003835,BR010,Money Market,N/A,06/26/2018,,,US Dollar,,$0.00,25,947285465498
ACC6505019,CUST003634,BR038,Business,open,04/06/2002,,"3452,33",US Dollar,0.6946,100,12,696606816301
ACC8646152,CUST001177,BR016,Money Market,Frozen,"April 23, 2010",,216.08,USD ,2.7957,USD 100.00,5,671719516063
ACC2211730,CUST004828,BR046,Biz,Open,2008-05-07,,"$1,179.17",USD,4.7266,1000,12,644658812555
ACC1297701,CUST004562,BR020,Business,Suspended,01/01/2022,02/17/2023,4068.36,,1.1326,250,0,303798186901
ACC5103495,CUST000519,BR004,Business,Closed,09/06/2013,,7841.14,$,0.6477,500,12,573820496703
ACC8553173,CUST001429,BR020,CHECKING,Suspended,2014-04-25,"June 06, 2023",9954.86,GBP,1.8626,500,25,288228991617
ACC3786012,CUST002230,BR050,MoneyMarket,Inactive,"March 17, 2017",,2775.95,EUR,1.5737,1000,10,022606637135
ACC5229047,CUST002084,BR043,Checking,open,18/08/2016,,3154.0,$,0.9746,100,15,433556689128
ACC3522929,CUST001635,BR003,Money Market,Active,01-09-12,,7160.23,usd,5.3507,,12,014349445522
ACC9592012,CUST004135,BR031,checking,open,"November 08, 2009",,3085.51,GBP,2.0698,1000,15,930207720880
ACC7918733,CUST001004,BR041,Money Market,ACTIVE,2018-06-22,,2909.78,GBP,,1000,0,330441397095
ACC3578279,CUST003115,BR038,business,Inactive,02/04/2016,,9419.05,USD,1.982,100,25,468305190816
ACC6038780,CUST000012,BR026,Money Market,Inactive,08-01-03,,6241.31,usd,5.1011,0,5,424690730447
ACC3874880,CUST004628,BR016,Current Acct,Inactive,2014-07-17,,9590.77,USD ,3.1662,0,15,097446512291
ACC5947179,CUST003276,BR029,BUSINESS,open,08-08-24,01/13/2014,,$,3.2229,100,15,148042098150
ACC4169569,CUST003043,BR043,savings,Frozen,04/16/2012,,"$2,972.51",USD ,2.643,250,25,034800219041
ACC5930476,CUST002291,BR027,CHK,CLOSED,2020-02-07,,7392.61,US Dollar,3.3067,,15,528718853524
ACC3507160,,BR042,MONEY MARKET,N/A,2017-03-30,,USD 471.30,usd,3.8546,0,12,059985574733
ACC4470448,CUST002877,BR011,Savngs,Active,22/05/2022,,,US Dollar,3.7056,USD 500.00,25,629865947707
ACC8609857,CUST000056,,Savings,closed,2007-02-23,,808.33,USD ,2.4419,500,0,856266019476
ACC8488501,CUST003138,BR011,Biz,ACTIVE,"May 10, 2012",,"6603,51",USD ,5.4909,,0,163553621934
ACC1174061,CUST004536,,Business,open,10-02-01,"September 22, 2015",3787.01,,2.8575,500,0,760088304946
ACC3535877,CUST001855,BR037,SAV,Frozen,09/08/2004,,858.9,USD ,4.8279,,12,667328826257
ACC3054540,CUST001389,BR023,Checking,active,21/12/2022,,,,2.5231,1000,10,703205072108
ACC6671398,CUST000897,BR012,Current Acct,Active,2014-11-30,,4581.62,USD ,3.8223,USD 250.00,5,093618929550
ACC8966341,CUST004912,BR020,Money Mkt,Open,28/06/2016,23-07-18,4018.88,USD ,0.7046,100,12,910732990926
ACC8371066,CUST001033,BR019,Money Market,N/A,2016-06-12,,2229.2,$,2.2267,100,25,470456710446
ACC2661565,CUST004995,BR003,BUSINESS,Active,03-04-2019,"August 16, 2019",9185.08,USD,1.1058,250,5,000942906744
ACC7286419,CUST000746,BR024,Savings,Frozen,19-12-05,,2929.74,GBP,4.1728,0,25,049863571841
ACC8995609,CUST001333,BR048,Checking,closed,"October 13, 2021",,2819.8,US Dollar,2.505,,15,931513528613
ACC1928320,CUST002711,BR018,Business,ACTIVE,"August 14, 2020",,257.09,USD ,3.0673,100,15,372872752781
ACC5073330,CUST002929,BR008,Savings,Frozen,2015-05-31,,10210.36,usd,3.9385,250,5,892418001282
ACC1747329,CUST003509,BR005,Biz,Frozen,99/99/9999,,779.76,,3.2076,100,10,779767626232
ACC7966900,CUST001493,BR004,Buisness,Suspended,22-07-24,,3006.03,usd,2.8764,1000,10,892785567961
ACC6092718,CUST001002,BR033,Checking,Frozen,99/99/9999,,6509.75,$,2.8785,1000,15,904260858207
ACC3767988,CUST001449,BR009,sav,Suspended,20-03-2022,,970.6,EUR,2.8102,,5,230770672838
ACC7710190,CUST004812,BR014,Savngs,Frozen,"November 18, 2020",,"$2,997.80",usd,3.6768,,5,964984555056
ACC8744535,CUST001930,BR032,Business,Open,11-06-2009,,1101.35,,3.9331,500,15,962152274017
ACC4594781,CUST001315,BR009,SAV,Suspended,03-01-2009,,5703.39,GBP,4.9063,0,25,932307283045
ACC3009974,CUST002176,BR031,CHECKING,Frozen,2016-11-05,,3323.58,EUR,3.6457,0,25,306637115166
ACC9987401,CUST001103,BR020,money market,CLOSED,22-11-09,,7751.1,EUR,3.3237,,15,281956209404
ACC5284825,CUST004589,BR010,savings,Open,2019-06-03,,8998.38,$,2.4433,0,12,399531248262
ACC6214675,CUST000343,BR025,Savings,N/A,01/31/2014,,"$4,184.84",US Dollar,,500,0,068460088337
ACC9988347,CUST001125,BR037,Business,Active,30-11-2013,,5169.63,usd,3.3675,100,15,489041765342
ACC7410665,CUST003439,BR022,Savings,N/A,"May 08, 2018",,3187.1,$,1.6841,1000,25,928420778941
ACC7452633,CUST002320,BR006,Money Market,Active,2004-12-09,,1940.82,EUR,3.9397,USD 1000.00,0,211929620710
ACC4168878,CUST002115,BR023,Checking,active,"June 29, 2023",10/01/2023,4177.84,usd,0.2324,500,10,507206130990
ACC2414443,CUST000695,BR026,Business,Closed,04-06-30,,"$9,556.44",$,3.3187,250,10,659810024996
ACC1172760,CUST002404,BR033,Checking,Closed,"January 13, 2004",12-01-05,2156.08,$,0.7342,250,5,768412119916
ACC5572214,CUST001055,BR045,Savings,Inactive,09-07-2005,,1509.9,USD ,2.6336,,12,236461117431
ACC2667081,CUST002239,BR008,svgs,N/A,26/05/2019,,,USD ,2.1686,500,5,639228281893
ACC3473551,CUST004340,BR010,Chequing,N/A,01/11/2001,,"$2,286.53",EUR,0.7565,,25,194748765672
ACC2006334,CUST003212,BR011,Business,N/A,2006-04-06,,305.63,USD ,2.2183,1000,5,486911663583
ACC8311885,CUST000252,BR007,Checking,active,"June 19, 2023",,,usd,3.8915,500,5,095608125542
ACC3074040,CUST004822,,MoneyMarket,N/A,,,2727.36,USD,,$0.00,10,231104071794
ACC8868297,CUST000008,BR032,BUS,closed,05-11-24,2014-05-18,3551.24,EUR,1.7796,250,10,544415597022
ACC7942063,CUST001750,BR028,Checking,Frozen,NULL,,1802.81,USD ,2.0313,,12,659564468717
ACC1516336,CUST002649,BR028,business,ACTIVE,31-07-2010,,3798.43,USD ,0.8763,500,15,216828217008
ACC3417314,CUST004770,BR014,Money Market,closed,2014-02-17,,8422.04,GBP,2.4645,0,25,289226426892
ACC2738359,CUST000441,BR025,Money Market,CLOSED,"June 07, 2007",,12446.46,USD ,1.334,,5,281040007043
ACC3646814,CUST004902,BR033,Money Market,Inactive,03/02/2019,,3504.55,USD,,500,15,939268081484
ACC3081299,CUST004391,BR002,Business,Closed,00-03-17,08-11-03,174.1,$,4.387,500,15,253380311684
ACC3385178,CUST003485,BR027,Business,open,"April 22, 2016",,13925.64,GBP,1.6897,1000,15,555652205786
ACC9114361,CUST001344,BR026,Savngs,active,11-05-2006,2023-01-24,-4894.83,usd,,100,5,178005423409
ACC8553718,CUST001805,BR025,SAV,ACTIVE,2009-03-31,,1637.67,US Dollar,4.7193,500,5,024458658021
ACC7914017,CUST001593,BR005,sav,N/A,17-12-2002,,636.72,usd,4.1557,0,15,721962372487
ACC8419215,CUST001393,BR031,Savings,Inactive,99/99/9999,,619.22,$,0.8138,100,0,509306532670
ACC5780917,CUST001385,BR023,Business,Suspended,02/15/2021,,734.46,usd,4.8391,100,12,225486591373
ACC2886049,CUST003624,BR039,checking,ACTIVE,99/99/9999,,186.57,USD,2.4124,500,0,777731678984
ACC3217120,CUST001818,BR048,Saving,Suspended,13/03/2015,19-01-02,,,1.7047,1000,12,362056499554
ACC7720592,CUST000959,BR029,Business,Inactive,25-04-2009,,3112.8,EUR,2.1475,1000,0,556290113985
ACC7806837,CUST003693,BR025,Saving,Inactive,10/07/2011,,4815.35,usd,0.6553,,10,206630768991
ACC2833610,CUST000337,BR047,Checking,Closed,11-02-2021,,,usd,4.4948,,12,688770181787
ACC9760204,CUST003211,BR036,Savings,Open,06-01-2021,,"$6,272.05",$,4.5109,0,25,565632480484
ACC4187272,CUST002231,BR043,Saving Acct,Inactive,2012-03-23,,8568.87,,4.389,,10,230135361712
ACC7361952,CUST002532,BR014,Buisness,N/A,03/10/2023,,13675.97,EUR,5.3508,1000,10,633930828922
ACC7474980,CUST001876,BR009,Money Market,open,07/01/2013,,2312.64,EUR,4.8731,1000,25,668906647979
ACC8335241,CUST001106,BR023,Money Market,Open,04-04-17,,12009.86,$,1.149,100,10,197772748371
ACC9589456,CUST003321,BR023,Checking,open,"April 26, 2000","August 14, 2020",5139.14,usd,2.9896,,12,449679985197
ACC5701684,CUST000255,BR024,Money Market,closed,10-09-2013,,293.16,,1.3788,,12,635165940576
ACC3836207,CUST000205,BR004,Savings,N/A,12-01-30,,4580.09,US Dollar,0.3335,250,15,462080709053
ACC8486438,CUST002416,BR043,Money Market,CLOSED,02-05-17,19-12-2012,,USD ,4.9422,,5,944890002522
ACC2462210,CUST003319,BR007,business acct,Frozen,10/02/2023,,9451.91,USD,3.6432,,0,063812070822
ACC2845796,CUST003385,BR008,Money Market,Inactive,22/08/2011,,1866.8,GBP,3.1906,0,5,832239528911
ACC9343208,CUST003561,BR008,Savings,Suspended,23-02-2005,,3517.05,GBP,5.4461,0,0,318065469948
ACC2619000,CUST003352,BR008,Money Mkt,Open,15/08/2007,"May 21, 2011",49.05,,3.3475,0,12,260941246095
ACC3029361,CUST002941,BR033,check,N/A,"July 14, 2004",,1614.32,USD ,1.3326,500,15,650121565442
ACC8021289,CUST004667,BR034,Biz,Frozen,13-07-26,,257.06,,4.0606,100,15,077466281164
ACC5988871,CUST002276,BR044,MM,open,2007-03-11,,2951.52,EUR,3.3569,100,10,015520980437
ACC4703328,CUST001678,BR044,Business,Suspended,,,6802.87,EUR,1.0624,100,25,744840558643
ACC4617691,CUST001323,BR007,Chequing,Frozen,10/20/2005,20-01-03,924.92,GBP,1.3222,250,25,193486021727
ACC2733096,CUST000597,BR028,business,Active,03/02/2002,,USD 2998.37,$,0.6321,250,15,419528524811
ACC8994169,CUST004030,BR045,Business,CLOSED,21-12-03,,912.67,USD ,3.1851,500,12,170281536084
ACC4884688,,BR041,Money Mkt,Inactive,03-01-2018,,514.46,,0.3685,,10,419315351190
ACC7474836,CUST003930,BR047,Checking,ACTIVE,05-02-16,,2861.54,usd,1.9819,100,12,881568502244
ACC7551139,CUST003550,BR024,Money Mkt,active,10/09/2013,,$329.83,EUR,4.8221,1000,10,490513070133
ACC9956823,CUST002519,BR012,Money Market,Open,99/99/9999,,3540.67,USD ,2.9717,,12,508754939505
ACC6161244,CUST002523,BR006,Biz,Suspended,"May 26, 2002",,127.36,US Dollar,4.3776,1000,5,461278094813
ACC7810369,CUST001925,BR035,Money Mkt,Inactive,03/09/2023,,,$,2.0048,,10,820690582831
ACC4822756,CUST001196,BR026,Checking,Frozen,22-05-2018,,3194.01,GBP,3.5739,100,5,053261201817
ACC4184657,CUST001329,BR027,Money Market,Suspended,99/99/9999,,3580.15,EUR,4.9431,1000,0,377163505387
ACC2527393,CUST004734,BR016,Money Market,Frozen,"August 29, 2012",,117.66,US Dollar,2.2869,500,15,783730693562
ACC8627301,CUST003431,BR036,Saving,Open,18-06-16,,3407.42,$,0.8351,500,10,620346708459
ACC6038932,CUST004161,BR011,Checking,Frozen,13/01/2019,,7293.06,GBP,2.0553,USD 1000.00,12,852982643979
ACC7388498,CUST003001,BR043,Savings,active,04-06-19,,5125.09,US Dollar,3.0834,250,0,550489170260
ACC4680398,CUST003104,BR041,Business,Open,"October 12, 2009",,562.5,EUR,2.0951,250,0,922901926653
ACC1932275,CUST000032,BR046,check,Active,2010-01-31,,3590.61,USD ,1.9684,0,0,309855397380
ACC8019174,CUST000367,BR046,Savings,Inactive,07/07/2011,,4462.05,$,2.0414,50000,5,355313188081
ACC7624871,CUST001397,BR037,Business,open,28/06/2016,,,USD,1.6598,1000,12,555360078300
ACC1738738,CUST003687,BR013,Checking,Open,"June 11, 2016",,7733.69,USD ,2.094,1000,5,478691270582
ACC1317549,CUST004107,BR049,Savings,Inactive,2019-01-07,09/08/2023,9469.24,US Dollar,1.1525,0,10,156712279444
ACC5416057,CUST003454,BR015,business,Frozen,08/02/2006,,7600.56,$,2.2421,0,5,261093605596
ACC2203177,CUST003525,BR017,BUS,Frozen,15-06-10,,6963.46,US Dollar,3.5423,1000,5,990376336661
ACC4994300,CUST004299,BR020,Money Market,Frozen,2001-11-09,2004-01-30,5465.42,GBP,3.4321,100,10,452580488972
ACC4818751,CUST001903,BR016,Money Market,N/A,03-09-09,,4014.29,$,4.0718,500,0,570927327482
ACC5818216,CUST004813,BR040,Business,ACTIVE,2008-08-07,,4540.61,usd,0.8678,250,15,934855293255
ACC8319954,CUST001182,BR027,Money Market,Suspended,16-06-26,,6567.75,$,4.5727,500,10,971141040034
ACC5201675,CUST002486,BR018,Business,closed,99/99/9999,23-01-10,434474.0,USD,3.4232,0,25,066041533440
ACC9092389,CUST000267,BR022,Business,Inactive,28-09-2021,,1588.36,USD ,3.2434,1000,0,020153636426
ACC4705707,CUST001117,BR048,Money Market,Suspended,"September 16, 2021",,1886.17,US Dollar,0.0291,100,15,415235963553
ACC8243019,,BR034,MM,Closed,01/24/2013,,,$,,"$1,000.00",5,698836012450
ACC3652255,CUST001759,BR019,Checking,Suspended,04-07-31,,69.08,USD,1.874,100,12,867728133677
ACC1971534,CUST001269,BR043,business acct,CLOSED,01-09-23,,,USD ,1.3758,0,12,438484745482
ACC5300639,CUST000738,BR002,Business,Suspended,2020-05-29,"June 13, 2023",12384.65,USD,1.7156,250,0,396590491431
ACC4120056,CUST003451,BR009,MONEY MARKET,ACTIVE,2002-05-06,,4899.81,$,4.5849,500,25,018868122794
ACC2011167,CUST004318,BR029,BUSINESS,Active,05-07-2022,,20405.73,EUR,,0,0,903590034331
ACC6647283,CUST003771,BR028,Biz,ACTIVE,2006-01-16,,,USD,2.1478,,0,832637674522
ACC9274868,CUST001579,BR026,Money Market,Closed,"February 09, 2000",,139.87,US Dollar,0.4354,,25,523567118148
ACC4633654,CUST002054,BR032,Business,closed,2011-03-21,08/07/2023,,$,0.7401,250,0,189162610032
ACC6390550,CUST003231,BR026,Biz,active,NULL,,1339.82,,0.7105,0,25,190161416125
ACC6507262,CUST001784,BR036,Savings,Inactive,15/09/2019,2022-07-06,2362.78,USD ,1.4809,500,12,596595962280
ACC3031656,CUST003096,BR010,Savings,Frozen,18-11-25,,1496.4,EUR,2.9606,,12,176780386339
ACC6871126,CUST002641,BR030,BUS,Inactive,2001-06-17,,1250.93,GBP,3.8982,1000,25,315703547976
ACC1651928,CUST000007,BR039,chk,ACTIVE,05/13/2010,,2258.35,EUR,5.4819,,10,917119913576
ACC4332574,CUST004560,BR049,business,Open,99/99/9999,,1904.1,GBP,1.3712,500,5,772836494028
ACC5344435,CUST000284,BR041,Money Market,closed,10/01/2021,22-08-31,4013.27,usd,0.4808,,12,918777102906
ACC3586228,CUST004525,BR036,Checking,N/A,02/04/2013,,6709.82,,1.8199,"$1,000.00",15,435043454147
ACC1085310,CUST002016,BR039,SAVINGS,closed,NULL,,-1410.1,GBP,4.5925,USD 0.00,10,615691211677
ACC9793608,,BR043,Checking,Open,14-03-2013,09/10/2014,961.78,GBP,3.4564,100,15,003044943334
ACC4463062,CUST002841,BR021,Money Mkt,ACTIVE,"October 11, 2014",21-12-06,4397.19,USD,0.111,100,12,256887862360
ACC1281136,CUST000652,BR046,MONEY MARKET,Inactive,2008-10-12,,4438.53,,1.5635,500,25,215940113967
ACC8094257,CUST000577,BR047,Money Market,Suspended,11/25/2000,,9255.85,EUR,2.3389,0,0,155585893706
ACC1189496,CUST003397,BR047,CHECKING,ACTIVE,01/05/2017,,"64,3",USD ,3.9457,0,25,403410633896
ACC8530807,CUST003348,BR026,Checking,Open,"October 02, 2023",,7670.4,GBP,1.083,0,12,018039111800
ACC3330517,CUST003579,BR049,Money Mkt,Suspended,14-12-13,,2944.24,USD,3.0577,250,12,187360367133
ACC9391473,CUST003640,BR040,chk,closed,16-02-23,,3884.07,US Dollar,1.8062,500,15,468691608089
ACC4562890,CUST002329,BR029,chk,ACTIVE,28/09/2016,,383.28,EUR,2.1353,100,15,511899508632
ACC9492824,CUST002068,BR006,Checking,CLOSED,19/09/2004,,2266.87,$,4.4625,1000,5,590917560195
ACC9820550,CUST001202,BR023,money mkt,ACTIVE,01-10-2018,,1031.47,US Dollar,4.8279,1000,5,425771967607
ACC9997753,CUST000907,BR016,money mkt,CLOSED,07/06/2023,"November 15, 2023",1173.33,US Dollar,2.5285,500,25,956801402561
ACC8710838,CUST004545,BR027,Biz,Open,2005-08-18,,USD 2805.48,$,0.3186,0,5,871050859462
ACC6406768,CUST003466,BR048,Business,Closed,99/99/9999,,,USD ,4.2966,100,5,881454122613
ACC6835595,CUST000635,BR003,MM,open,2014-05-07,,5446.89,usd,3.985,250,5,985936895930
ACC4041713,CUST004713,BR008,Business,Closed,"December 01, 2018",,3576.16,GBP,3.7128,0,15,588767407536
ACC3233680,CUST000686,BR050,MoneyMarket,CLOSED,"July 23, 2020",05-09-2023,USD 3101.06,EUR,5.0968,0,12,995067084634
ACC2060369,CUST002183,BR037,Business,Closed,30-06-2021,,2229.62,$,5.3368,,0,962191005103
ACC6581685,CUST002957,BR007,Business,Active,08/08/2009,,USD 14404.94,US Dollar,2.6752,250,15,299854634719
ACC2679365,CUST003917,BR049,Savings,Inactive,17-10-04,14/01/2021,3285.67,,4.0203,0,15,756119222190
ACC8384580,CUST002929,BR012,money market,closed,12/07/2022,,1171.94,usd,0.253,,5,184929824088
ACC3057799,CUST002239,BR016,sav,open,12/10/2001,,1045.93,,4.9534,0,25,878539078690
ACC7530071,CUST001562,BR030,Checking,Frozen,07/05/2005,,3780.34,GBP,3.991,,10,545807123009
ACC2091753,CUST003884,BR011,Checking,Closed,24-11-2019,,2959.51,$,1.1194,USD 100.00,15,376159286007
ACC9862467,CUST003124,BR021,money mkt,Frozen,06/11/2014,,30.91,EUR,3.6306,1000,5,325509184731
ACC7483992,CUST003266,BR032,Checking,Inactive,06/27/2022,,7089.37,USD,2.9017,500,12,333670952366
ACC1429928,CUST002607,BR030,Business,Active,18-11-2005,,4871.24,usd,2.7003,0,5,289714393352
ACC4407602,CUST003888,BR047,money market,open,04/13/2002,2014-06-07,"$4,336.82",,5.4927,,10,824427645223
ACC5422369,CUST002544,BR039,Money Market,Closed,08-12-10,,285.04,US Dollar,0.669,,12,192011383590
ACC1661039,CUST004477,BR032,svgs,closed,"August 21, 2005",,1798.02,$,3.1041,0,25,581957163678
ACC5713013,CUST004707,BR015,Business,Closed,"March 13, 2012",,10957.07,EUR,1.8673,250,15,366042541686
ACC9625265,CUST001869,BR038,Business,Inactive,25/10/2022,,7939.12,,3.851,500,10,340798672599
ACC6395461,CUST004197,,Checking,Suspended,18-06-2023,,1344.93,usd,3.1357,250,12,744965866457
ACC9921302,CUST001094,BR023,Checking,Closed,08/06/2013,,683.43,,3.094,1000,5,926510942853
ACC6718454,CUST002064,BR011,SAVINGS,Closed,2020-10-05,,2384.72,USD ,4.6765,500,5,505373503326
ACC5196302,CUST000111,BR048,Money Market,Suspended,99/99/9999,,1759.17,,4.2548,500,15,990043781435
ACC7125354,CUST002276,BR031,BUS,CLOSED,10/31/2010,,4585.66,EUR,2.9884,,25,497832221431
ACC4978530,CUST003041,BR009,check,Suspended,11/05/2001,,13577.06,,2.06,500,0,106079303611
ACC1647107,CUST001536,BR030,CHECKING,CLOSED,18/01/2007,,1803.95,EUR,5.1147,1000,25,993481020723
ACC9432001,CUST003818,BR020,business acct,Active,12/07/2013,,256.98,US Dollar,2.9695,1000,25,911216970842
ACC8467790,CUST001542,BR020,Money Market,active,06-06-27,,9116.02,USD,0.7292,USD 1000.00,10,800830958076
ACC9450716,CUST002358,BR024,Money Market,Closed,07-10-15,,154.75,,3.6614,100,12,838798722369
ACC7669805,CUST001088,BR035,Checkng,Open,"September 01, 2017",,12210.56,,4.8241,0,12,674062400144
ACC8067317,CUST003055,BR025,savings,CLOSED,06/13/2016,,4369.48,EUR,4.9854,1000,5,978852430156
ACC9312201,CUST001759,BR049,Savings,Inactive,27-12-2011,,11367.87,EUR,3.6891,500,10,488895687769
ACC1379152,CUST004863,BR050,Money Market,Inactive,25-12-2023,,"890,87",GBP,,250,25,768438820844
ACC7107588,CUST004753,BR020,money market,Active,03/19/2017,,166.2,EUR,1.2653,0,15,724682131427
ACC2066457,,BR037,Savings,N/A,15-10-31,,2679.36,$,0.4556,250,25,746613727108
ACC6328822,CUST002211,BR022,Savings,open,09/20/2005,,,usd,0.167,USD 0.00,15,123894031006
ACC1358769,CUST001913,BR014,Money Market,Active,02/04/2016,,1610.83,US Dollar,0.3572,250,10,001290768557
ACC5012599,CUST003954,BR009,business,active,00-06-02,,12647.76,usd,4.8138,250,15,764387096043
ACC1640146,CUST002147,BR014,business acct,Suspended,10-10-01,,6917.03,US Dollar,1.3663,1000,10,336130509839
ACC1548833,CUST004199,BR045,Checking,Open,22-10-26,,4333.89,USD,2.3443,1000,0,395619015859
ACC4549662,,BR032,Money Market,closed,22/07/2009,20-11-2015,USD 711.05,,5.0241,,15,277729570974
ACC9777499,CUST001937,BR008,Money Market,active,09-05-2002,"February 05, 2015",5301.9,,0.0899,500,0,422497285925
ACC4231736,CUST000326,BR017,Checkng,open,07-08-2003,,519332.0,$,1.8598,1000,12,558340048073
ACC7689688,CUST003080,BR008,Saving Acct,N/A,09/10/2010,,2214.02,USD,0.7291,1000,10,974444474156
ACC4902737,CUST000391,BR042,money mkt,open,31/07/2009,,"$10,349.67",USD ,3.355,,10,457539352652
ACC7888799,CUST001660,BR044,Saving,open,"October 10, 2020",,730.78,usd,1.6411,100,25,940185990462
ACC2882577,CUST000214,BR028,Savings,N/A,25-08-2016,,1244.28,USD ,2.2613,,25,004938028467
ACC3158750,CUST000473,BR021,BUSINESS,N/A,10/04/2007,,261.25,USD ,2.7748,0,12,305272919063
ACC8739826,CUST000121,BR020,Checking,Frozen,31-08-2000,,6347.79,US Dollar,1.5887,0,12,986147132787
ACC2573422,CUST003844,BR032,Saving,CLOSED,"June 24, 2009",,3888.9,usd,4.864,100,25,695911060420
ACC3428057,CUST001248,BR013,Checking,Closed,15/05/2018,,1513.0,GBP,3.1614,500,5,346409905812
ACC2382924,CUST004536,BR032,Money Market,Inactive,"August 18, 2017",,715.62,USD,2.176,100,0,624531261580
ACC5343968,CUST002814,BR040,Business,Frozen,02-10-2021,2023-12-30,163.9,EUR,3.4976,1000,12,435886017707
ACC8931604,CUST002078,BR010,CHECKING,N/A,"September 22, 2003",,729.66,,4.7841,500,15,234802228002
ACC7610217,CUST000347,BR029,Business,Frozen,03/12/2013,,2415.31,US Dollar,2.4726,,0,764441073833
ACC7355004,CUST002893,BR006,Business,Open,22-11-2012,,1135.7,usd,0.4952,0,5,376486406301
ACC6408178,CUST003708,BR041,Savings,open,25/09/2003,,USD 1198.92,EUR,1.5424,100,12,964730829828
ACC1360016,CUST003826,BR023,Checking,N/A,2005-01-18,,8336.25,USD,3.4463,100,10,882970067557
ACC8417421,CUST003596,BR017,Biz,ACTIVE,,,2895.56,USD,,500,12,555065823257
ACC5949390,CUST003940,BR015,Business,ACTIVE,2013-03-29,,5226.27,$,4.9434,,25,656065323706
ACC4865688,CUST001015,BR001,Checking,ACTIVE,99/99/9999,,145.46,,2.2571,250,12,802131055997
ACC9792368,CUST004542,BR030,Saving Acct,active,12-08-2008,,181755.0,usd,0.0918,500,10,130299971383
ACC9883793,CUST001459,BR033,Chequing,closed,25/01/2023,,2609.32,EUR,3.8765,500,15,268038884447
ACC4004662,CUST002259,BR024,money mkt,N/A,05-09-19,26-06-2019,825.23,GBP,1.6337,250,10,047383441639
ACC9038797,CUST002056,BR010,Savings,Frozen,"October 27, 2016",,512.2,USD ,4.8265,500,12,958214902159
ACC6723992,CUST001921,BR021,Money Market,ACTIVE,2016-07-03,,8170.24,US Dollar,0.4314,0,10,701019319525
ACC2065430,CUST004189,BR021,Savings,ACTIVE,NULL,,11215.93,USD ,0.2506,0,15,956388179554
ACC4530160,CUST001109,BR033,BUSINESS,Inactive,2015-02-16,,328.34,USD,4.4825,100,5,977894537949
ACC8639652,CUST001088,BR020,Checkng,Active,05-12-2013,,1717.1,,2.7431,0,12,966671233743
ACC9982663,CUST001123,BR035,Business,CLOSED,"March 25, 2022",,12707.64,usd,4.8286,0,25,371776571757
ACC5617258,CUST002985,BR004,MM,open,19-07-2018,,347.3,EUR,4.4625,500,5,078624248110
ACC6213288,CUST002927,BR002,money market,Inactive,23/09/2009,,4127.27,,0.2486,100,10,811904593244
ACC1101008,CUST003228,BR044,Saving Acct,CLOSED,12/19/2017,,14333.95,usd,1.4088,1000,12,326985242235
ACC2443178,CUST004384,BR049,sav,Active,20/01/2016,,15307.73,US Dollar,1.9239,1000,15,492565641912
ACC5191756,CUST002171,BR030,Savings,Active,04/18/2005,,2548.76,US Dollar,2.2294,1000,12,377967131949
ACC4905615,CUST002028,BR042,Business,closed,99/99/9999,,710.53,US Dollar,2.9578,500,0,342965841127
ACC1060355,CUST001989,BR027,CHK,Open,11-12-30,,903.01,USD,1.9384,500,12,257871316210
ACC6913277,CUST000600,BR031,Current Acct,Open,08-06-04,,8814.63,USD,3.7556,0,25,678757858916
ACC5694023,CUST003336,BR011,MoneyMarket,Frozen,24/11/2006,,9707.29,,2.592,100,5,884784417484
ACC1600762,CUST004642,BR043,Checking,Open,03/07/2021,10/11/2021,3744.75,EUR,4.2447,0,12,579661549241
ACC4823568,CUST003454,BR025,Savings,Frozen,10/10/2017,,5812.75,GBP,,100,25,245984500118
ACC5141079,CUST003838,BR044,MoneyMarket,N/A,29-03-2006,,5387.24,$,,,5,200463933780
ACC9812466,CUST002132,BR004,Business,Frozen,29/04/2020,"November 24, 2021",4336.73,,,0,25,170047950129
ACC8025692,CUST002838,BR035,Checking,Inactive,99/99/9999,11-12-2011,7024.26,US Dollar,0.9137,0,0,667318467669
ACC2032279,CUST004607,BR024,Buisness,Active,01/27/2010,,4625.9,,0.797,1000,5,196058634090
ACC7033082,CUST003576,BR033,Business,Closed,,,"$3,054.30",usd,3.4669,,12,602158687436
ACC8861697,CUST004711,BR024,Savings,active,12-09-10,,1081.76,EUR,0.4714,,10,974850985852
ACC8470755,CUST001672,BR010,Business,ACTIVE,NULL,,5448.56,US Dollar,,1000,10,530469916641
ACC4088190,CUST002698,BR015,business,ACTIVE,21/05/2000,99/99/9999,2565.54,US Dollar,1.9014,100,25,651018358493
ACC8678588,CUST002888,BR031,money mkt,Frozen,08/24/2009,,1397.05,usd,0.1994,100,15,387481544213
ACC2298565,,BR044,MM,Inactive,05-07-2018,,6476.87,,4.4652,500,12,202001341281
ACC8308092,CUST004300,BR005,BUSINESS,Open,2021-02-02,,4772.31,US Dollar,2.8665,1000,15,261204285601
ACC2512122,CUST004051,BR015,Business,active,09/14/2011,,11080.1,USD,4.7374,1000,12,283473969294
ACC9462788,CUST001670,BR023,Savings,active,"July 31, 2022",,723.41,GBP,0.6005,250,15,904309703774
ACC6609778,CUST000205,BR011,MONEY MARKET,Inactive,21-12-2006,,4190.03,USD ,0.0528,500,10,646102634496
ACC4276439,CUST002315,BR007,Savings,ACTIVE,07/14/2023,,1120.12,usd,4.2333,500,25,545899814487
ACC6501449,CUST002826,BR011,Business,active,05-11-2004,,"9356,29",$,3.2842,250,5,856320361472
ACC6493726,CUST001523,BR028,Biz,open,18/02/2000,,,USD ,0.6315,500,0,380937167320
ACC4717829,CUST004098,,sav,ACTIVE,21-07-04,,4270.34,EUR,2.8326,500,15,653798730498
ACC4350219,CUST001606,BR044,Checking,N/A,2007-08-23,,6263.33,GBP,2.4203,1000,12,898657922504
ACC1517564,CUST004415,BR029,Money Mkt,Closed,99/99/9999,23-09-24,"1753,51",$,2.9341,500,10,812032450875
ACC6317385,CUST000244,BR043,Business,Active,29-11-2007,,12328.48,,5.0971,1000,5,207620825694
ACC1058964,CUST002952,BR030,Savings,ACTIVE,19-05-05,06/29/2021,7608.01,USD,1.141,0,0,938557435773
ACC1942298,CUST004263,BR015,MONEY MARKET,open,19-11-17,,1396.06,$,1.7246,,12,087221112550
ACC8786523,CUST003156,BR017,money market,Suspended,15-01-01,,30.28,USD ,1.0088,500,15,336855709082
ACC9329214,CUST002994,BR047,savings,ACTIVE,99/99/9999,,1407.64,USD ,4.7193,$100.00,25,923206975694
ACC7134822,CUST003566,BR039,check,CLOSED,"February 26, 2022",,1321.3,usd,2.4459,0,15,540115435074
ACC5459568,CUST001818,BR006,Money Market,CLOSED,05/30/2023,,USD 8827.81,USD ,5.4768,0,15,570275836191
ACC1508672,CUST002275,BR012,Current Acct,active,,,13659.71,US Dollar,4.6049,,15,408993234978
ACC5269254,CUST003517,BR015,checking,Suspended,01-07-2006,,292.18,EUR,4.2808,250,15,952508178129
ACC8746705,CUST000754,,Money Market,N/A,10-09-17,03/27/2017,2549.3,,3.0394,$100.00,25,092751924047
ACC5863605,CUST002707,BR041,Business,Open,23-07-04,,3179.23,USD ,3.8792,USD 250.00,5,670385938282
ACC1536841,CUST004914,BR030,Money Market,N/A,2011-12-25,,390.06,EUR,3.8959,,10,126673803400
ACC8996431,CUST002514,BR007,money market,Closed,"April 10, 2010",,1896.03,US Dollar,5.4889,$500.00,5,985849551956
ACC3962985,CUST001496,BR033,Savings,open,14-02-10,,1525.52,usd,,1000,12,297302417017
ACC3402785,CUST000330,BR032,SAVINGS,Closed,07-12-2003,,3071.97,USD ,2.3128,1000,0,982774615373
ACC5036057,CUST003878,BR027,Money Market,Open,05-10-10,,4329.27,,3.6437,500,10,496434858848
ACC7177510,CUST004910,BR042,Money Market,active,,,4862.63,$,4.8016,100,25,936903799982
ACC3666949,CUST002179,BR041,Money Market,Suspended,10-09-27,,588.23,GBP,4.185,250,10,106052925001
ACC5999899,CUST004408,BR043,Money Market,closed,2009-04-06,07-03-2017,6705.47,usd,3.8233,$250.00,15,806243853553
ACC4793196,CUST003745,BR046,checking,closed,2011-09-14,,4539.55,USD,4.1079,500,15,627570380096
ACC6151160,CUST000852,BR049,Checking,CLOSED,2011-01-14,"June 03, 2018","8795,6",,2.6582,1000,5,694532060715
ACC2053420,CUST002718,BR016,CHK,closed,07/29/2020,,2386.52,usd,3.1584,,5,166243307362
ACC7811681,CUST003962,BR024,Checking,Suspended,08/22/2006,,"$8,973.11",USD ,5.4576,100,25,190360266492
ACC4318019,CUST000367,BR026,Checking,Frozen,07-08-2002,09/22/2013,8032.92,USD ,2.3158,0,5,525092594373
ACC9013677,CUST004062,BR048,BUSINESS,Frozen,03/12/2016,,2307.93,$,0.7777,100,25,830809963992
ACC5078102,CUST002510,BR046,Savings,Active,04-09-2009,07/01/2020,1919.53,USD ,4.2304,,25,418944997088
ACC7366609,CUST000772,BR012,Money Market,ACTIVE,13-06-2008,"October 26, 2013",10801.04,USD,3.521,1000,0,015985976302
ACC8999581,CUST002390,BR034,money market,Open,10-09-29,,5023.38,USD ,1.6774,250,15,727128338443
ACC9229076,CUST001963,BR050,MM,closed,19-12-2002,,10538.01,$,1.1674,100,0,672374501037
ACC8580586,CUST002042,BR024,check,Frozen,14-01-2008,,6377.7,US Dollar,2.9851,0,0,585911377185
ACC2805135,CUST002548,BR015,Money Market,open,12/28/2011,,3759.23,EUR,3.9317,100,5,600355164044
ACC5078020,CUST002808,BR035,Checking,open,2009-10-29,2018-03-13,492.53,GBP,3.2012,500,25,439743978312
ACC6845081,CUST004421,BR013,Savings,active,08-05-2003,,1378.31,$,4.1224,0,12,508169477191
ACC2477614,CUST002336,BR009,Checking,ACTIVE,2011-12-04,,13874.79,GBP,,250,5,169453592883
ACC7090053,CUST004323,BR020,Checking,active,14-11-01,,1539.25,usd,1.5761,0,25,172575410500
ACC2373437,CUST002997,BR023,Business,Frozen,09-09-28,,,,2.7687,$100.00,25,654809743801
ACC2182925,CUST003918,,CHK,Closed,14-10-18,,4917.89,$,1.3084,,12,429253642058
ACC3933826,CUST001262,BR044,Money Market,ACTIVE,2010-12-23,2020-03-24,5297.1,GBP,3.439,500,25,985059404378
ACC8305553,CUST000424,BR049,BUSINESS,Open,08/22/2016,,1344.45,EUR,2.6917,0,5,520259201812
ACC6194516,CUST002295,BR011,Savings,Open,04/10/2005,,1413.42,USD,2.5077,0,12,425280668387
ACC6100055,CUST002861,BR009,Money Mkt,open,05/03/2008,,"$2,531.17",EUR,3.0,250,25,356440860638
ACC2138256,CUST002391,BR038,Money Market,active,2004-12-07,,88.12,usd,4.6154,500,15,579924307755
ACC3521604,CUST004090,BR043,savings,Open,99/99/9999,,6229.72,US Dollar,1.8618,250,10,559832651753
ACC4908733,CUST004047,,Checking,Suspended,27/10/2010,,1525.56,$,2.2175,,15,556995872322
ACC9683773,CUST001472,BR026,Business,Suspended,2000-11-16,,7690.11,usd,3.831,0,12,539376745543
ACC3495436,CUST003903,BR021,MM,ACTIVE,"September 14, 2018",,,USD,4.2448,$250.00,25,922301506008
ACC2221650,CUST002657,BR049,Money Market,Suspended,2007-08-02,"July 28, 2016",4331.77,GBP,0.8568,,0,359360204854
ACC2379262,CUST004848,BR025,Savings,open,01/06/2005,,1571.43,GBP,4.5278,,15,651266864893
ACC2254327,CUST001216,BR030,Savings,N/A,03-05-14,,2905.3,USD,3.4441,250,10,379247373341
ACC7835261,CUST004077,BR018,Money Market,Active,03-06-11,2021-09-24,2353.92,USD ,2.9066,,15,345990593871
ACC1801774,CUST003363,BR020,Savings,Inactive,27-12-2008,,1655.29,$,0.3664,1000,15,939037070063
ACC9255544,CUST003629,BR041,Checking,Open,"August 03, 2013",,7539.09,usd,5.1122,,15,044841492783
ACC5486931,CUST003274,BR023,Checking,active,12/03/2019,,2642.77,USD,0.0943,0,5,665992559656
ACC2653519,CUST004111,BR034,Savings,Frozen,01/29/2002,,7152.42,$,0.6804,,10,529075637653
ACC2484974,CUST002715,BR020,Savings,active,"June 04, 2008",,444.7,US Dollar,5.1151,100,0,438996885944
ACC2353039,CUST004278,BR046,Savings,Frozen,"July 27, 2004",,608.06,$,1.0107,1000,25,301273807804
ACC8541287,CUST003321,BR016,Money Market,Active,10/14/2003,,15145.14,EUR,5.2708,100,25,101214540412
ACC4256212,CUST001357,BR001,Savings,open,"September 22, 2013",,3544.68,USD ,0.4247,500,12,060079772008
ACC9193764,CUST003065,BR020,SAVINGS,active,01-02-13,,2851.52,USD,1.6403,500,10,962771461956
ACC2549904,CUST004395,BR030,MoneyMarket,ACTIVE,,,2962.26,EUR,0.5968,,10,008992234399
ACC2358183,CUST002044,BR032,Saving Acct,Suspended,28/06/2006,,969.66,US Dollar,1.3189,0,25,601228448851
ACC5830626,CUST003584,BR043,Savings,Suspended,25/06/2003,,5073.39,GBP,4.0264,100,10,324976685468
ACC5321847,CUST002349,BR046,Buisness,Open,27/06/2005,,354.37,GBP,3.4521,,25,558545127422
ACC5883235,CUST003363,BR026,Savings,Inactive,03/07/2009,,3406.92,USD,4.5222,0,0,022191728902
ACC3805933,CUST000167,BR008,Saving Acct,Active,"February 18, 2012",,3383.04,$,3.7923,,5,692236700853
ACC5208724,CUST002358,BR011,savings,Suspended,,,9822.41,GBP,0.1932,250,10,466258707015
ACC1421847,CUST002266,BR027,Checking,closed,13-10-19,,2987.73,GBP,2.8523,250,12,621421963095
ACC8321037,CUST000610,BR037,BUS,CLOSED,2005-09-12,,589.65,usd,1.4646,0,0,317141968846
ACC6512572,CUST002879,BR009,Savings,Closed,30/03/2020,,3401.57,GBP,5.4289,$500.00,12,702147271060
ACC3075827,CUST001303,BR049,Business,closed,04-11-10,,383.08,EUR,4.95,500,10,433899345446
ACC7864909,CUST000985,BR020,savings,Frozen,2000-05-17,,911.59,GBP,2.6928,250,5,392008919994
ACC4865344,CUST002440,BR027,Money Market,N/A,08/25/2021,,,USD ,5.2057,500,15,339957841893
ACC1755627,CUST000098,BR029,Chequing,open,10-09-02,,2880.38,$,4.8398,USD 0.00,15,769190166005
ACC8738237,CUST003856,BR011,Business,Suspended,03/04/2007,,,$,4.4283,,0,735486687452
ACC3190300,CUST003700,BR015,MM,ACTIVE,"December 08, 2013",,2534.94,US Dollar,3.7852,USD 0.00,0,182255572707
ACC1947543,CUST003667,BR007,Saving Acct,Open,22-09-2001,"August 21, 2022",10808.97,USD ,3.2731,100,0,210928164747
ACC1401703,CUST002466,BR025,Business,Open,2014-01-22,,5088.46,USD ,0.6547,1000,15,956701203928
ACC1670230,CUST002128,BR039,checking,active,2004-09-28,,322.29,USD ,3.6484,250,5,167003992304
ACC6348427,CUST005000,BR030,Savings,closed,13/09/2008,,1015.49,USD ,2.8751,100,5,659491272465
ACC1424139,CUST004897,BR015,checking,CLOSED,09/03/2020,,4479.29,USD ,0.7535,250,12,329893922557
ACC5818813,CUST004549,BR017,checking,active,09/16/2018,,,USD ,3.395,250,0,865720683064
ACC3230466,CUST002044,BR020,Savings,Open,"August 26, 2018",,133.89,$,4.4693,100,25,154786206778
ACC6977128,CUST002839,BR018,Checking,active,14/05/2019,,"$6,694.86",GBP,,500,0,944288885444
ACC1634186,CUST000546,BR001,MONEY MARKET,active,11-08-2003,07-03-29,3300.45,USD,4.1672,500,0,032601391155
ACC5434720,CUST001623,BR027,Money Mkt,active,05-06-29,,,$,1.1857,500,25,717442855463
ACC5243992,CUST001903,BR014,BUSINESS,Frozen,"March 18, 2023",08-10-2023,12662.59,USD,5.3113,0,0,804496773392
ACC4090733,CUST001115,BR028,Money Market,ACTIVE,99/99/9999,,"5507,67",USD ,2.5425,0,25,040287356454
ACC4910413,CUST002895,BR033,Checking,ACTIVE,18-04-2010,,7591.65,USD ,4.6594,500,5,934121352818
ACC7172989,CUST000922,BR035,Savings,Inactive,11/09/2022,,1747.8,USD,4.1189,25000,12,130341042358
ACC2188848,CUST002877,BR027,Savings,N/A,11/05/2015,,3233.01,usd,1.3559,,12,732859209299
ACC7229488,CUST003357,BR040,Biz,Suspended,07/28/2011,,3822.26,$,1.0194,100,25,797886332810
ACC6138399,CUST001143,BR044,Money Market,ACTIVE,24-02-2000,,"$1,551.98",$,2.6975,0,10,735943948933
ACC9392726,CUST002715,BR018,Money Market,closed,02-11-20,,3378.19,,1.7111,,25,231019847741
ACC3445298,CUST003652,BR036,sav,Frozen,20/07/2020,,1080.18,EUR,3.1701,500,12,004621771865
ACC1455129,CUST003864,BR009,Saving Acct,open,11-04-08,,619.02,,4.0602,0,10,853284261745
ACC3355345,CUST000055,BR013,Money Market,Active,"March 14, 2004",,1873.43,GBP,2.2182,0,10,035577615078
ACC7825166,CUST000617,BR006,money mkt,active,29/10/2008,,,$,4.0247,,15,040211577088
ACC8577401,CUST004950,,savings,Active,16/03/2010,,9916.68,US Dollar,2.9686,10000,15,432743690158
ACC7317073,CUST002201,BR010,Business,ACTIVE,2019-10-12,,2447.85,$,2.5918,,15,540791859947
ACC8219817,CUST004679,BR044,Business,Suspended,31-10-2007,,4118.1,$,0.4028,0,12,585344369923
ACC5058459,CUST004167,BR039,BUS,CLOSED,01/18/2006,,434.96,EUR,1.044,1000,0,598037573804
ACC2124047,CUST002054,BR004,BUS,CLOSED,30-04-2000,,9393.0,,2.88,,25,973800152877
ACC4875943,,BR004,Biz,ACTIVE,18-08-2004,,3362.92,usd,3.8671,0,0,019520623378
ACC2564823,CUST000103,BR024,Business,open,2005-05-07,,6062.67,,,500,25,927466258584
ACC1912344,CUST001421,BR049,Biz,closed,01-04-2012,,6328.09,EUR,3.6125,500,5,392866781462
ACC8925234,CUST004591,BR033,Biz,Active,03-03-2014,,1185.44,,2.189,0,12,169449640422
ACC1415536,CUST003111,BR018,Savings,N/A,11/30/2022,2023-05-14,3013.07,$,3.4327,0,5,149478098352
ACC1574509,CUST003193,BR028,Biz,ACTIVE,08/08/2007,,12923.77,GBP,0.4007,,0,520585574275
ACC2716882,CUST003479,BR031,chk,closed,NULL,,375.64,$,,250,5,883168668298
ACC6236013,CUST004530,BR035,Checking,Frozen,16-01-23,,4596.04,usd,2.0447,250,15,167473206184
ACC9065485,CUST003454,BR013,Business,Open,2004-11-02,,13108.57,EUR,1.6185,1000,15,538691540686
ACC1944511,CUST003313,BR026,Checking,Open,16-12-2003,,1430.0,EUR,1.1358,100,10,415778828010
ACC1678758,CUST002414,BR025,Checking,Open,05-07-20,,7906.04,US Dollar,5.4845,100,15,823193524640
ACC9216769,CUST004296,BR042,MONEY MARKET,CLOSED,16-04-19,16-08-2023,10851.7,USD,1.8,100,15,367075902562
ACC4017859,CUST002702,BR042,Money Market,Suspended,29-12-2005,,5498.83,USD,3.7389,1000,5,928661979702
ACC1568886,CUST004599,BR040,BUSINESS,Active,"March 20, 2001",2012-03-20,1052.37,US Dollar,0.1082,,0,495522000270
ACC8379685,CUST002655,BR013,Checking,Inactive,"March 10, 2018",,1625.87,US Dollar,2.7711,250,5,665484393257
ACC3825499,CUST001117,BR002,Money Market,N/A,"December 30, 2002",,145.86,usd,4.9745,,10,669963197392
ACC2998489,CUST000286,BR028,MoneyMarket,Suspended,16-12-2003,11/06/2004,7122.17,EUR,1.8649,250,12,881352318608
ACC6055795,CUST002706,BR039,money mkt,Inactive,2021-12-16,,7578.12,,0.9107,1000,10,851458599733
ACC5271098,CUST001265,BR043,Business,Suspended,08-06-2017,,4006.42,,1.6148,0,15,400110352626
ACC3729080,CUST001215,BR010,svgs,CLOSED,09/01/2021,,1738.72,,2.6589,500,10,003101207407
ACC9361614,CUST004037,BR036,BUS,open,09/16/2013,,319.69,EUR,0.7271,1000,10,774890359361
ACC8826879,CUST002198,BR037,savings,Open,16-03-13,,5594.4,US Dollar,2.5947,1000,15,467975691155
ACC2210480,CUST001602,BR006,Checking,CLOSED,17-09-14,,5186.2,USD ,,1000,0,423315551625
ACC8269439,CUST000613,BR002,Checking,open,2021-10-10,,9749.16,USD ,2.6631,,5,191053057996
ACC8359822,CUST004159,BR036,Money Market,Frozen,2014-03-05,04/10/2022,5245.22,,2.0001,1000,10,971765316217
ACC1962584,CUST003620,BR034,Business,ACTIVE,NULL,,7057.24,GBP,2.0305,250,15,531388362833
ACC5653600,CUST003323,BR025,Checking,Suspended,"June 01, 2022",,5480.97,,2.2049,1000,5,437298888018
ACC9321666,CUST004089,BR027,Business,N/A,02/11/2015,,3984.45,EUR,4.0079,500,0,578114801602
ACC8798558,CUST000260,BR020,Checking,ACTIVE,03/03/2018,,2227.24,USD ,0.0444,500,15,582386517925
ACC2662704,CUST004919,BR005,chk,Inactive,04/08/2009,,9295.94,$,1.6646,0,5,108440140097
ACC3148976,CUST001500,BR042,Checking,Suspended,2013-06-23,,4210.37,USD ,0.4341,,25,182253849231
ACC3167400,CUST003377,BR023,money mkt,Active,28-08-2008,,2032.35,GBP,0.3605,,12,817042423531
ACC4726488,CUST002021,BR017,Money Market,Frozen,12/02/2018,,348.64,USD,1.6717,,12,056641330050
ACC2001967,CUST003493,BR033,BUS,closed,25-06-2001,,1373.93,,1.9032,250,15,270910104916
ACC9892093,CUST002681,BR039,Checking,ACTIVE,99/99/9999,,3138.65,$,4.2937,0,12,026438806553
ACC7170398,CUST000518,BR011,MoneyMarket,CLOSED,24/02/2009,,1289.84,GBP,3.1388,250,5,400005450924
ACC2739953,CUST000905,BR010,Savings,CLOSED,"June 12, 2020",,1000.19,GBP,3.2458,$100.00,0,103005778826
ACC9723210,CUST003184,BR033,Money Market,closed,03-01-04,,2997.97,usd,1.5581,,15,975728235937
ACC1653472,CUST000772,BR025,checking,ACTIVE,07/27/2002,,744.45,USD,,250,0,744864475880
ACC9372954,CUST003305,BR025,Savings,active,14-11-2010,20/02/2019,6445.96,usd,4.5929,,0,695974285327
ACC9055517,CUST000840,BR036,Business,Frozen,"March 08, 2000",,2649.45,usd,4.1247,1000,0,173447588599
ACC4774522,CUST002311,BR020,Savings,ACTIVE,04-12-2011,,3411.98,$,5.074,100,15,456082733090
ACC5546116,CUST004966,BR033,Saving,closed,22-12-2005,,637.78,,5.1366,1000,12,052261688160
ACC6443155,CUST004660,BR022,SAV,Inactive,2020-09-19,,1569.66,USD,1.3475,500,25,199654442253
ACC2438993,CUST000483,BR027,Business,open,2014-01-18,,2111.14,usd,,500,10,649536214614
ACC2992651,CUST002426,BR031,Savings,Inactive,22/07/2001,,6605.48,EUR,1.443,500,25,194687923687
ACC4511554,CUST003724,BR009,Buisness,closed,03-03-2018,,"$5,881.48",usd,4.196,USD 1000.00,5,595586853218
ACC3602264,CUST004843,BR023,chk,ACTIVE,20-03-30,21-08-12,1009.14,EUR,3.2973,0,25,648829221624
ACC9643094,CUST001275,BR043,Savings,Open,99/99/9999,,3830.32,$,2.8512,100,15,189248496627
ACC1418838,CUST000098,BR029,Checking,active,,16-05-2020,1115.98,$,0.4911,0,15,285674329452
ACC3725018,CUST003703,BR029,Business,N/A,04/07/2021,,17774.64,$,3.1667,1000,0,112533468821
ACC3038147,CUST004866,BR023,Chequing,active,01/21/2000,,12156.55,usd,2.7424,100,0,747291871040
ACC8560380,CUST001665,BR044,business,closed,"September 14, 2012",,3313.71,US Dollar,1.7249,100,25,458557882730
ACC1678221,CUST002592,BR012,check,ACTIVE,"July 15, 2017",,4801.29,EUR,4.7769,,5,540897243927
ACC5187243,CUST002242,BR017,BUSINESS,active,08/17/2016,,"$6,466.46",,1.8998,,0,004164937448
ACC5993062,CUST004855,BR022,Checking,Suspended,17-02-17,,5106.15,US Dollar,1.3876,0,10,421010928517
ACC9401168,CUST002441,BR018,Business,Open,99/99/9999,,4813.61,US Dollar,3.0289,1000,10,664294091112
ACC1797896,CUST000491,BR046,money mkt,active,12/02/2015,,"12733,46",,1.8112,500,0,546675315592
ACC2453201,CUST002913,,Chequing,Active,11-06-2000,,3629.88,USD,3.1306,1000,0,344535836800
ACC9557048,CUST002118,BR025,Money Market,CLOSED,"July 04, 2007",,,usd,2.1481,1000,15,626685552884
ACC3049754,CUST000073,BR023,business,active,17/08/2020,,7569.03,$,5.1039,0,12,798211594995
ACC8313210,CUST002972,BR033,check,closed,29-01-2009,,4433.33,GBP,3.2675,500,12,347865364649
ACC7177274,CUST002573,BR031,money mkt,Inactive,13-07-06,,5281.02,EUR,0.0701,0,0,872770890350
ACC8588728,CUST003205,BR049,Savings,Suspended,16/02/2016,,1067.17,$,1.2154,0,25,021664301571
ACC5987040,CUST003325,BR044,Savings,Active,18-09-2014,,1856.19,$,4.6449,10000,25,835509856768
ACC1764027,CUST000524,BR014,Savings,Frozen,09/11/2021,,637.4,$,0.9381,250,0,166819616435
ACC2439928,CUST003695,BR047,Business,open,05/05/2007,,"$2,818.98",EUR,1.9455,1000,12,534631757777
ACC7139164,CUST001903,BR003,Biz,Closed,10/26/2008,,2433.22,USD,1.6797,500,25,575148310447
ACC2956372,CUST004840,BR002,Business,ACTIVE,09/08/2008,,2345977.0,EUR,4.9388,USD 100.00,0,742469627213
ACC8473162,CUST003042,BR030,Savings,Frozen,99/99/9999,,3778.85,US Dollar,2.1423,100,10,914515330777
ACC5231720,CUST004130,BR029,Money Market,active,99/99/9999,,6175.44,USD ,4.1756,500,12,693253368657
ACC2253053,CUST001579,BR042,Money Market,active,2018-10-28,19-09-2023,1625.95,usd,4.7084,100,0,992620103121
ACC3684824,CUST002953,BR023,Current Acct,Closed,2017-04-16,,7124.35,GBP,1.6163,100,5,384330918411
ACC5298954,CUST004516,BR017,Money Market,closed,23-03-2021,,3818.93,usd,3.5805,100,10,095289526523
ACC9949751,CUST001830,BR027,Checking,Closed,"March 23, 2011",,4775.99,,2.3263,0,0,346081367580
ACC6106151,CUST004526,BR037,Checking,active,02-09-22,,1395.0,$,,,15,705360127733
ACC9233174,CUST002228,BR033,svgs,open,"January 15, 2019",,3181.95,USD ,3.0186,250,10,424111378803
ACC1355229,CUST000307,BR050,Business,active,"February 11, 2002",,4020.89,USD,5.4071,500,0,121898561655
ACC2384537,CUST002364,BR018,business acct,open,08-04-05,24-03-2014,3557.57,GBP,3.7126,,12,721113652948
ACC9727956,,BR011,Business,open,05/01/2004,,9869.54,GBP,3.1586,$0.00,25,882746726530
ACC4014278,CUST000080,BR002,SAVINGS,closed,01-07-2016,,,usd,1.1239,,12,732590408492
ACC9945622,CUST002917,BR030,Savings,active,2023-05-01,,14159.64,usd,2.8041,,5,519676726526
ACC7674911,CUST003107,BR036,Chequing,CLOSED,2023-05-12,,4403.6,EUR,0.6426,500,12,452623716053
ACC5495620,CUST003432,BR050,Checking,Frozen,99/99/9999,,14289.95,GBP,1.0239,0,12,629900498724
ACC9428255,CUST000169,BR032,business,Active,12/09/2005,,7146.56,$,0.2717,250,10,949184546240
ACC9399328,CUST003983,BR044,CHECKING,closed,01/27/2012,,1263.41,GBP,,,10,450689300573
ACC6372451,CUST003693,BR041,Checking,Closed,"November 17, 2008",,2230.52,,4.9535,100,0,890026264957
ACC4082591,CUST003710,BR019,Checking,Active,09-07-13,,1089.3,GBP,4.4278,$0.00,15,145751388850
ACC8330284,CUST001376,BR009,Checking,closed,2019-10-08,,16.82,USD ,5.2202,500,5,104827225769
ACC6524581,CUST003241,BR035,Checking,open,11-09-2004,,833.26,USD ,1.4289,100,5,941971723380
ACC8022016,CUST001751,,Savngs,Inactive,12/12/2012,,16.28,GBP,2.7103,0,10,376243809184
ACC5066750,CUST004656,BR009,Biz,Inactive,24/06/2008,,5089.56,,4.1507,500,25,309007708946
ACC8930638,CUST002722,BR040,Chequing,open,,,2217.26,,5.0137,250,15,497252072557
ACC7960263,CUST002158,BR026,money mkt,Open,NULL,,1499.21,GBP,3.6837,100,15,292811562660
ACC3939934,CUST003764,BR042,business,CLOSED,"February 24, 2007",09-03-2017,5737.25,US Dollar,4.5836,0,25,728477494796
ACC1763466,CUST003181,BR027,Money Market,Open,06-07-06,,"$7,146.77",GBP,1.149,1000,10,806462987519
ACC2952604,CUST001935,BR050,Money Market,CLOSED,,,14803.73,GBP,2.0069,500,15,515146132553
ACC2493843,CUST000042,BR042,Savings,Closed,05-08-2010,,4109.04,GBP,0.0403,500,15,583573589826
ACC2435600,CUST002299,BR026,Savings,Inactive,05/20/2018,,2476.09,US Dollar,0.7275,100,12,678739310621
ACC1784998,CUST000687,BR045,Checking,N/A,19/05/2002,,1456.9,USD ,2.4692,0,15,482354893693
ACC6571730,CUST001560,BR043,Money Market,CLOSED,09/30/2006,,1005.75,US Dollar,2.7477,100,0,004213880481
ACC5591061,CUST000570,BR007,Checking,active,08/11/2002,,957.73,$,2.852,USD 250.00,5,868398744880
ACC2366345,CUST003667,BR019,savings,Inactive,27/10/2017,,USD 2105.04,USD,3.2337,100,5,308082112998
ACC2864236,CUST003083,BR013,BUSINESS,Inactive,,,"$19,207.83",,3.3795,500,0,413591022410
ACC4121114,,BR032,Checking,closed,2016-09-14,,3.42,USD,3.8336,1000,25,556124286935
ACC6526939,CUST002600,BR036,Money Market,Inactive,"May 22, 2010",,,US Dollar,3.8886,0,12,956481197348
ACC8391530,CUST003169,BR028,Checking,Frozen,"May 14, 2000",,834.96,usd,5.0621,100,15,855186884593
ACC5482472,CUST003490,BR027,SAV,active,14-12-19,,5050.92,$,0.4251,1000,10,894650234272
ACC3699702,CUST004122,BR050,savings,Open,2018-09-18,,1738.45,,5.0896,250,5,980271037653
ACC9849791,CUST001057,BR040,Savings,Closed,14/07/2004,,2444.51,GBP,2.9005,,10,009000516151
ACC8655257,CUST001592,BR034,Money Market,open,2006-05-22,,643.61,usd,0.9908,1000,25,562940840203
ACC9614038,CUST000266,BR028,Checking,Inactive,10/13/2017,,,usd,1.987,,0,991938276539
ACC3021747,CUST004576,BR047,Money Market,Closed,2021-03-20,,435.69,usd,0.8386,500,0,415903946094
ACC3831324,CUST002934,BR020,Savings,open,07/11/2021,,,US Dollar,5.1298,0,12,195794059243
ACC1339944,CUST000669,BR024,Savings,Closed,NULL,02/06/2018,-412.29,EUR,1.7446,500,12,862408229613
ACC6377757,CUST002177,BR013,CHECKING,open,"November 03, 2008",,6252.29,USD ,0.2031,1000,10,795453195859
ACC3955903,CUST002372,BR017,Business,Inactive,99/99/9999,,"3344,39",USD,5.0892,100,15,453675894132
ACC1516018,,BR015,Savings,active,"January 01, 2005",16-09-2017,5148.95,EUR,0.3505,500,0,858137550457
ACC2680339,CUST003630,BR010,Money Market,Suspended,17-10-31,,2168.69,usd,5.2734,0,5,337766610702
ACC3150780,CUST000611,BR039,BUSINESS,CLOSED,"May 29, 2013",,1921.78,GBP,,$500.00,0,207590990545
ACC8410433,CUST001325,BR006,CHK,N/A,,,413.49,USD,3.6066,,12,428526988493
ACC2487300,CUST003582,BR039,Money Market,closed,"October 04, 2019",,2968.14,USD ,1.389,1000,25,733290181128
ACC8332018,CUST001027,BR042,Savings,Open,2015-03-11,,-2890.32,EUR,2.2246,0,12,761109890232
ACC5683723,CUST001813,BR044,money market,closed,05/04/2017,,2525.21,USD,1.8789,1000,10,193563149420
ACC9750524,CUST001051,,money mkt,Frozen,,,5396.28,EUR,3.7385,100,25,714012117284
ACC9518894,,BR019,MM,CLOSED,"January 08, 2001",,7147.19,usd,4.3855,1000,12,034036473546
ACC1929284,CUST003208,BR004,checking,open,01/25/2003,,5557.83,,1.6548,100,25,997531612023
ACC3840626,CUST001854,BR046,CHECKING,Active,05/05/2014,"October 07, 2018",621.31,US Dollar,1.5257,100,5,602774773337
ACC3741288,CUST000636,BR031,Money Market,active,06/05/2006,02/07/2014,3892.07,GBP,4.3997,500,12,777886054484
ACC1578005,CUST001114,BR038,Checking,closed,12-05-17,02/14/2016,334.93,GBP,,0,0,113794845487
ACC3590518,CUST000651,BR028,Money Market,closed,2002-12-02,,4744.82,GBP,3.4516,100,12,942110037323
ACC7354648,CUST004507,BR014,Savings,open,"November 23, 2008",,1924.03,EUR,4.9745,$100.00,5,324119711971
ACC5458980,CUST003914,BR020,BUSINESS,Suspended,09-07-21,,568.55,$,2.7972,250,25,697388928051
ACC3930880,CUST004741,BR036,Business,ACTIVE,2001-04-19,,7923.48,US Dollar,0.5938,1000,12,967024384075
ACC9633652,CUST003045,BR009,business,Frozen,16-09-04,,3807.76,USD ,3.4622,0,0,906484655651
ACC8425835,CUST000752,BR011,SAVINGS,ACTIVE,11-12-23,,-1752.31,GBP,3.4902,1000,0,624831036645
ACC9727482,CUST002765,BR038,Current Acct,Closed,"May 16, 2015",,124.84,USD,1.9591,100,25,316269263437
ACC2969432,CUST004701,BR038,Savings,Suspended,"September 21, 2000",,"3082,79",usd,1.5458,100,12,562796591862
ACC4429593,CUST000657,BR042,check,ACTIVE,NULL,,10267.55,EUR,0.1353,USD 100.00,10,105563318346
ACC7111681,CUST000221,BR049,Buisness,active,04-09-13,,362912.0,USD ,2.6927,,5,081007457212
ACC4691586,CUST002050,BR004,MoneyMarket,Inactive,99/99/9999,,14252.6,USD,1.4644,1000,0,456222330065
ACC9968373,CUST002173,BR032,Business,Inactive,07-12-18,,586.82,USD,2.757,500,0,902707012679
ACC9998832,CUST004433,BR011,BUS,Suspended,07/11/2015,,"$3,360.14",$,2.5701,0,25,488219992887
ACC3244935,CUST001715,BR009,checking,ACTIVE,03/22/2011,25-02-2019,,,0.8369,250,10,783853661438
ACC4901749,CUST003922,BR042,MM,closed,29-12-2014,,2982.32,$,3.8995,100,15,918081426506
ACC2198163,CUST002738,BR008,Money Market,Suspended,2023-12-01,,381.93,usd,4.5895,250,12,544174894703
ACC1787796,CUST002454,BR044,Money Mkt,Suspended,12-07-2006,,3497.58,$,1.6519,500,5,986994609454
ACC2599185,CUST001930,BR004,Checking,open,25/09/2014,16/10/2014,,USD ,2.6579,1000,0,248909668737
ACC8628495,CUST003837,BR004,Biz,Inactive,12-06-05,,"$5,218.26",$,3.4712,0,25,560878395021
ACC8491622,CUST002208,BR024,MM,ACTIVE,09/10/2003,,5728.71,$,4.4526,250,0,192367526656
ACC3564865,CUST000518,BR026,Money Market,Frozen,2004-07-21,01/30/2013,5892.16,usd,5.0767,1000,10,137743431689
ACC1478069,CUST004156,,check,CLOSED,27/09/2019,"March 28, 2020",4355.97,EUR,3.7462,,12,694061061743
ACC6679503,CUST003630,BR017,MoneyMarket,Frozen,18-08-2007,,972.42,US Dollar,1.6659,500,25,739949156844
ACC5619756,CUST004737,BR032,Checking,Open,2017-03-08,,USD 2071.64,US Dollar,4.9993,100,12,063979764499
ACC7537581,CUST002649,BR039,Checking,active,99/99/9999,,5986.76,USD ,3.1648,$500.00,10,262114978583
ACC6178827,CUST002082,BR037,Business,Suspended,"July 18, 2005",,"$12,266.94",USD ,0.3926,250,12,884951130288
ACC3732390,CUST001291,BR009,BUS,Frozen,"December 16, 2010",,328.95,,1.2733,,0,171744943381
ACC3522199,CUST004080,BR011,Biz,N/A,2008-07-22,,3067.49,GBP,1.5382,250,25,506025603318
ACC5967976,CUST002512,BR015,Savings,Suspended,10-03-01,,1498.9,USD,3.4294,,0,808019039493
ACC1819687,CUST002384,BR048,BUSINESS,Suspended,07/28/2022,,1021.6,USD ,1.2352,500,0,265728391475
ACC1775953,CUST003645,,Money Market,closed,2016-06-19,,,$,4.1412,100,5,775899968766
ACC5602625,CUST003109,BR002,Checking,open,26-09-2011,,3726.52,USD,1.1362,0,15,246589786610
ACC4085732,CUST003974,BR044,Buisness,N/A,07/20/2019,,39.28,USD ,2.226,,5,125010118897
ACC3620170,CUST002907,BR019,Money Market,closed,"January 07, 2013",,"$6,060.27",USD,0.9196,,5,705644765163
ACC4591742,CUST000390,BR009,BUS,closed,16-05-24,21-05-22,6856.58,EUR,0.1225,0,10,555112293100
ACC6152021,CUST001406,BR010,Checking,CLOSED,04/17/2006,,13468.44,USD ,1.7766,500,10,319083690271
ACC9606298,CUST001688,BR010,Checkng,Open,"March 11, 2004",,"796,95",USD,0.5646,,25,072089611458
ACC6910798,CUST001225,BR020,Savings,Closed,11/01/2011,,3611.06,$,3.0571,,10,029702408157
ACC7616145,CUST000937,BR005,Business,active,"January 30, 2019",,2224.86,$,1.613,500,12,113644927646
ACC8825399,CUST003573,BR020,Savings,Inactive,21/09/2013,06/17/2023,,EUR,2.4224,USD 100.00,15,115477175969
ACC2176153,CUST004829,BR020,Savings,ACTIVE,NULL,,,EUR,0.1129,,10,057299379288
ACC1112590,CUST004892,BR048,Saving Acct,Frozen,23/10/2011,,6100.08,$,1.6049,,12,056098047629
ACC7803954,CUST000559,BR017,business acct,N/A,05/12/2019,,93.29,GBP,,250,10,463063034557
ACC9670277,CUST000783,BR018,Saving Acct,N/A,"October 08, 2010",,USD 13947.04,$,5.3063,500,25,891059866633
ACC1157177,CUST001132,BR017,checking,open,"April 29, 2010",,6640.43,GBP,1.6607,250,25,059151267790
ACC1056816,CUST003495,BR026,Savings,Closed,10/09/2019,,5563.68,USD,0.999,0,0,705356849350
ACC4507348,CUST004831,BR044,Money Mkt,Open,2022-02-17,,5714.93,USD,2.7553,500,12,891074715710
ACC2710037,CUST003061,BR005,MM,Suspended,06-01-2020,,1971.03,EUR,2.6089,100,5,878276718782
ACC3199383,CUST002470,BR024,Savings,Open,99/99/9999,,5571.19,usd,3.8105,0,25,365354172852
ACC8822481,CUST000874,BR025,Checking,Suspended,2006-09-28,,1956.06,$,1.6995,0,15,578897184642
ACC3599863,CUST004472,BR006,Chequing,CLOSED,13-07-01,,,USD ,1.3828,,12,396093596470
ACC1624370,CUST003587,,Checking,Open,23-08-2018,,780.28,USD,4.2223,,10,032090406474
ACC6543905,CUST004794,BR015,Money Market,Open,17-03-09,,1383.21,US Dollar,2.9285,0,25,651400214396
ACC2670887,CUST001399,BR048,checking,closed,25/12/2008,,,usd,4.7044,,15,406671617735
ACC1634926,CUST000039,BR026,Money Market,Open,2015-09-05,,1538.01,EUR,5.2098,250,10,661748377770
ACC5649219,CUST004592,BR044,MoneyMarket,open,08/31/2004,2021-07-04,2208.24,,0.4487,250,5,412328962265
ACC7733084,CUST001314,BR017,Checking,Frozen,11/03/2001,,2712.42,EUR,1.6754,500,25,510604578910
ACC1909878,CUST000505,BR008,Money Market,Inactive,,,7761.6,GBP,1.5129,0,15,126858487754
ACC5640771,CUST003192,BR035,MONEY MARKET,ACTIVE,06/23/2013,,"$2,962.57",US Dollar,1.3076,250,10,274881359401
ACC4089176,CUST000340,BR001,Checking,Open,14-03-03,,USD 1800.55,usd,1.7424,1000,0,002475544713
ACC7570366,CUST002752,BR043,Business,open,"January 12, 2011",,1138.67,US Dollar,1.8156,1000,15,915161365518
ACC7377977,,BR017,Business,Active,12-05-2010,23-12-2020,2101.56,EUR,2.3084,250,12,935421796417
ACC8669518,CUST003254,BR012,Savings,CLOSED,07/20/2003,,2900.5,EUR,2.835,250,15,975890850254
ACC4828915,CUST001943,,svgs,closed,2004-02-10,,5483.49,usd,1.9968,,0,892585250294
ACC6292950,CUST001134,BR014,Money Market,N/A,07-11-2009,,,EUR,4.8786,250,10,965074123277
ACC5542330,CUST003270,BR007,check,Active,"August 29, 2000",07/01/2017,1002.11,EUR,2.7539,500,15,896889983407
ACC8117909,CUST003811,BR004,Money Market,open,"December 09, 2021",,1909.91,EUR,,250,25,737659375458
ACC5317436,CUST000624,BR037,Savings,open,"July 31, 2004",,1787.64,,1.513,1000,15,153969149135
ACC2797329,CUST001571,BR005,business acct,Inactive,16-12-26,,1988.66,USD ,0.7888,,25,708880372549
ACC6658586,CUST003380,BR030,business,Frozen,29/12/2016,,6310.23,US Dollar,1.5914,250,25,739977536489
ACC9433949,CUST004408,BR023,Business,ACTIVE,20-08-2007,01-06-2014,1567.16,$,,1000,15,354389732153
ACC1118156,CUST002520,BR014,Business,CLOSED,"July 23, 2010",,2787.8,$,2.0523,250,10,238385277569
ACC3410730,CUST002055,BR035,CHK,Closed,"December 25, 2022",,,USD ,1.3322,0,5,646948163941
ACC1100054,CUST003627,BR037,SAVINGS,closed,20-06-2022,,105679.0,$,3.1563,0,25,380073573331
ACC8396240,CUST003370,BR010,Checking,Frozen,06/02/2022,,5073.27,$,3.0766,250,15,106508254746
ACC1029669,CUST004005,BR024,svgs,Frozen,"March 03, 2002",,3168.44,US Dollar,2.3383,1000,12,808994590673
ACC7842702,CUST000943,BR030,Business,active,30-09-2018,,,$,0.0299,0,0,076949385233
ACC5307762,CUST003309,BR019,Money Market,ACTIVE,16-06-26,,6638.38,GBP,2.7616,,5,360267812241
ACC4045594,CUST002166,,Business,N/A,"November 04, 2001",,1116.19,USD,1.0924,1000,12,491073912722
ACC4881304,CUST002934,BR011,Business,N/A,02/03/2013,,858835.0,usd,3.4729,1000,10,502255398803
ACC9455239,CUST004030,BR016,money mkt,Open,"October 24, 2010",,3293.47,USD,1.1622,0,12,959431830496
ACC8860458,,BR014,Money Market,Inactive,23-12-17,,3757.98,,0.9314,,0,618900794051
ACC5545898,CUST001583,BR037,Business,Closed,12-01-2014,,8319.65,,0.9022,USD 0.00,12,013340467077
ACC4732412,CUST003407,BR046,Money Market,active,2020-03-18,,6805.83,$,2.2188,100,25,261382874523
ACC6364566,CUST000314,BR030,Savings,Active,01-10-01,,3680.81,USD ,1.9293,100,5,588677560682
ACC1053489,CUST003287,BR036,check,Open,2016-11-18,,5596.51,EUR,4.3808,500,0,374973105627
ACC4330501,CUST002420,BR046,Current Acct,Active,2001-04-08,,2271.84,EUR,1.53,0,0,543676158444
ACC2124786,CUST001251,BR033,Savings,Open,16-10-07,,,USD,2.7968,0,12,526915214090
ACC4431659,CUST001578,BR022,Checking,CLOSED,04/13/2002,01/15/2015,256.32,USD ,0.1584,,12,248803687161
ACC4676482,CUST000119,BR034,sav,Closed,16-02-01,,376.62,$,2.1419,0,25,536878417083
ACC7266685,CUST000094,BR046,Business,Active,10/06/2006,,7074.33,GBP,2.7244,500,0,735221587268
ACC8928480,CUST003151,BR025,Savings,ACTIVE,27-03-2001,,246.1,usd,3.5934,250,0,732402766267
ACC7319100,CUST003463,BR011,business acct,Active,"May 13, 2018",,742.42,US Dollar,4.9354,250,0,918603481572
ACC2732713,CUST000826,BR023,Checking,N/A,04/04/2022,,6355.26,US Dollar,0.1197,0,12,792028978121
ACC6220210,CUST002411,BR018,Savings,open,07-01-08,,4.59,USD,2.8726,0,15,872979190106
ACC3636312,CUST003772,BR050,BUSINESS,Open,2003-07-09,,1327.4,GBP,5.002,100,15,043415795396
ACC9763023,CUST004868,BR024,Business,Active,27-11-2004,,3508.65,,0.1225,500,12,694586693407
ACC8835830,CUST001726,BR035,money market,Active,05-01-2014,01/11/2018,3619.92,USD ,0.0116,250,12,665394914164
ACC1796493,CUST000077,BR042,Money Market,ACTIVE,05-04-2021,,6005.08,USD,2.5675,0,5,135635640547
ACC4811584,CUST001542,BR027,Money Market,closed,28/01/2019,,2820.28,$,3.1883,500,5,204572189031
ACC2360829,CUST002818,BR001,Biz,Active,12-02-08,,2848.52,usd,,0,10,399934214397
ACC5875442,CUST002383,BR030,Money Market,N/A,2012-01-28,,5168.46,EUR,4.093,100,5,251547008387
ACC5934367,CUST003101,BR003,Money Market,N/A,02-03-07,,2761.6,usd,,250,15,618538170513
ACC9947890,CUST002427,BR004,Savings,Closed,15-05-2022,23-05-31,3750.99,$,1.8065,100,15,447752596529
ACC9648658,CUST001745,BR043,Checking,Open,2021-04-19,,9122.28,USD ,2.3922,100,0,367371002397
ACC2569948,CUST004278,BR016,money market,Closed,28-09-2021,,2052.99,USD,,100,0,205207734917
ACC7366020,CUST004075,BR045,Checking,open,"February 23, 2005",,1945.35,usd,0.7909,0,0,111173180672
ACC3298838,CUST001817,BR038,Money Market,Suspended,"October 26, 2014",,14.22,,5.2317,0,25,540084539700
ACC2924476,CUST003378,BR022,Savings,active,07/18/2018,2023-12-19,3801.73,GBP,2.7206,100,0,078956028466
ACC3815247,CUST000899,BR037,Money Market,Active,2011-06-17,,120.9,,1.8932,100,12,383292541969
ACC1278575,CUST002873,BR048,Business,Active,11/01/2023,,2805.92,,1.8452,0,12,341128994096
ACC3729316,CUST004069,BR001,Savings,Frozen,"April 24, 2019",,6523.34,,4.8231,,0,622058582091
ACC4667201,CUST002672,BR002,Money Market,Inactive,09/20/2014,,3193.33,,2.7779,0,10,711659181348
ACC6529570,CUST000261,BR048,checking,Suspended,12-10-2007,,1256.85,USD,1.1134,1000,5,932599406464
ACC8687499,CUST001874,BR048,business,ACTIVE,06/10/2020,,USD 6170.27,,2.7756,0,15,241633306246
ACC7818321,CUST001783,BR012,Biz,CLOSED,"January 02, 2019",,1257.29,USD,2.8133,0,15,614902749445
ACC1688522,CUST000627,,Checking,Closed,23/07/2003,,5282.5,$,0.7155,1000,5,321098436602
ACC7080542,CUST004049,,Money Market,ACTIVE,02/10/2020,,"$3,769.09",GBP,1.7125,250,25,407863540802
ACC2901629,CUST004035,BR008,Business,Open,02/01/2018,10/01/2021,745.3,USD,4.7536,1000,10,452723922571
ACC4385912,CUST003601,BR037,savings,CLOSED,"October 13, 2023",12/11/2023,9421.15,usd,3.5897,0,0,537675574225
ACC8845015,CUST002446,BR024,sav,open,"August 13, 2020",,895.79,usd,,500,12,478321028946
ACC5261815,CUST003801,BR004,Business,Suspended,08/02/2007,,18258.83,EUR,0.3358,250,10,457110968044
ACC5517339,CUST000521,BR035,Savings,ACTIVE,11-04-11,,29.35,usd,5.0175,100,0,604885516929
ACC4901007,CUST004005,BR045,svgs,Active,99/99/9999,,1223.29,$,0.5269,100,25,681593900996
ACC9361411,CUST004374,BR019,MM,closed,"June 29, 2016","August 12, 2023",891.88,GBP,4.4689,100,25,478731150451
ACC5835391,CUST000747,BR008,Checking,closed,2021-05-10,,56.37,EUR,4.3029,"$1,000.00",5,858176400743
ACC2534036,CUST002722,BR048,business acct,open,2011-12-17,,5272.57,GBP,0.9943,100,10,066415123145
ACC6409345,CUST003804,BR037,MONEY MARKET,Suspended,"July 22, 2001",,4729.18,USD,3.7376,250,25,030402703471
ACC6515159,CUST000111,BR036,Savings,ACTIVE,"January 26, 2017",,6287.62,$,0.4396,500,25,778346218798
ACC3186422,CUST004850,BR020,business,Inactive,NULL,10/01/2023,1186.61,EUR,1.1992,0,15,120828370595
ACC6328844,CUST001442,BR024,Money Market,active,03/11/2016,,2350.36,GBP,4.5111,100,10,106128435667
ACC7119431,CUST000673,BR009,Money Market,Inactive,01/18/2023,,4304.82,USD ,3.1829,100,5,519254401978
ACC8293084,CUST003697,BR049,business,Closed,2016-03-09,,2317.62,$,1.0687,USD 100.00,5,119457770136
ACC5290718,CUST000668,BR034,MM,Open,2008-08-15,,4780.39,USD,1.269,0,5,808690900550
ACC2695702,CUST004243,BR012,Buisness,open,"June 02, 2014",,4020.2,US Dollar,4.4844,250,25,809586614017
ACC3529694,CUST004038,BR023,Business,Closed,08/20/2023,,487.08,USD ,1.8834,0,5,216242827784
ACC8440091,CUST000804,BR001,Buisness,Active,27/01/2001,,6075.52,GBP,2.0216,0,0,559039255565
ACC7873985,CUST002181,BR049,CHECKING,Inactive,08/27/2017,,5101.54,USD,0.5383,,0,207212362422
ACC8750593,CUST002769,BR011,Business,Open,2019-06-08,,4266.53,usd,0.5628,500,5,135376121203
ACC7359413,CUST004096,BR004,MONEY MARKET,CLOSED,16-05-2019,,674.12,US Dollar,,250,15,613020074840
ACC9877818,CUST002263,BR043,CHK,Open,"August 20, 2007",,1247.88,GBP,3.2022,0,5,990033362563
ACC6109020,CUST003136,BR023,Saving,closed,01-10-31,,1998.07,usd,2.6199,,12,976571984143
ACC8449037,CUST000809,BR010,Business,ACTIVE,2005-04-07,,1313.63,usd,0.9208,USD 500.00,15,158574727985
ACC3129548,CUST000948,BR021,CHECKING,Suspended,10-07-2001,,1034.1,EUR,0.2271,100,5,373348739117
ACC8239814,CUST003947,BR050,business acct,Open,03/12/2021,,6546.37,$,,,25,544670503710
ACC6362940,CUST000341,BR022,MM,Inactive,19-07-2020,09/09/2020,"4067,01",USD ,5.3001,1000,10,745159691246
ACC1604722,CUST001808,BR049,Business,ACTIVE,12-10-2003,06-08-21,,$,0.6919,,5,855788604020
ACC5456008,CUST002883,BR032,BUSINESS,Inactive,19/09/2018,,1024.49,EUR,5.2256,500,25,498128736075
ACC2951599,CUST000906,BR038,Business,Inactive,"February 08, 2012",2016-07-12,10007.88,EUR,4.184,100,10,574980817216
ACC4011703,CUST002943,BR002,Money Market,Active,99/99/9999,,848.73,US Dollar,1.1142,,15,488453083844
ACC5672568,CUST001705,BR043,MM,Open,31/10/2007,,6338.02,US Dollar,4.2265,1000,5,563482010422
ACC9199829,CUST002872,BR023,Savings,active,16-10-2018,,13605.51,EUR,0.6197,250,25,642346236643
ACC1340745,CUST004580,BR028,CHECKING,N/A,09/20/2010,,5194.49,US Dollar,1.2313,250,12,005853778511
ACC7204728,CUST000648,BR037,svgs,N/A,01-12-2005,,19767.48,EUR,1.0588,100,15,397870378196
ACC3150079,CUST002786,,Biz,active,2013-02-09,,4211.32,$,,250,5,106562475705
ACC5069878,CUST000956,BR028,savings,active,"May 31, 2016",,980.84,,0.3163,100,12,109553720870
ACC5058288,CUST001372,BR013,business,Open,06-05-2020,,911.72,US Dollar,0.4583,1000,10,708526526534
ACC4203437,CUST004234,BR001,Business,Frozen,99/99/9999,,USD 1569.59,usd,4.2642,100,10,527549867205
ACC2295456,CUST004501,BR003,SAVINGS,Closed,"September 22, 2019",,28.62,GBP,0.4309,1000,12,985487038115
ACC5570143,CUST004171,BR047,Money Mkt,Suspended,20-05-2004,,4579.02,US Dollar,1.106,100,5,803539927940
ACC3776695,CUST004692,BR029,Savings,closed,05-02-25,,1251.55,USD,3.984,1000,12,054590051637
ACC3913493,CUST001916,BR009,Business,Open,2019-12-12,,6753.56,,1.1909,1000,25,933536490266
ACC1384616,CUST003942,BR035,SAVINGS,open,24/08/2016,,1779.98,EUR,0.1583,100,15,810980812212
ACC4424769,CUST001014,BR008,Business,Closed,28-08-2018,"September 17, 2019",USD 2615.37,USD ,0.3992,USD 100.00,0,114455113265
ACC8171262,CUST004453,BR019,Buisness,active,26/02/2002,,13489.15,EUR,1.14,250,12,843444087904
ACC1138353,CUST002149,BR026,Checking,ACTIVE,"June 29, 2002",,1109.2,usd,5.1906,100,5,385848379065
ACC2547514,CUST003702,BR046,Business,Open,03/11/2015,,5109.82,usd,2.6153,500,10,680539887251
ACC1211904,CUST000310,BR026,MoneyMarket,CLOSED,24/05/2006,,"5627,91",US Dollar,0.7511,0,12,360176153451
ACC1458294,CUST002455,BR027,Money Market,open,"May 20, 2014",,998.97,US Dollar,2.8011,250,10,516870073198
ACC4891838,CUST000755,BR008,Savings,Suspended,"December 31, 2007",,2780.57,,4.07,250,15,254996587922
ACC4030304,CUST000860,BR009,Checking,Active,99/99/9999,,1724.37,USD,0.1543,USD 1000.00,5,733746354811
ACC9355013,CUST001229,BR022,Savings,Active,07/21/2013,08/25/2020,5911.99,usd,3.4234,100,5,852282015254
ACC2468913,CUST001214,BR045,savings,N/A,13/09/2011,,3896.56,$,0.7495,1000,0,716155931288
ACC1816849,CUST001376,BR011,Savngs,N/A,15-08-30,,2584.93,EUR,2.722,500,5,734096584172
ACC1911026,CUST002423,BR033,Chequing,Frozen,NULL,,,usd,4.6722,250,25,997008528363
ACC8896104,CUST000113,BR015,Business,Active,00-11-13,,,usd,0.9876,250,25,633723413897
ACC5948925,CUST002180,BR032,MoneyMarket,CLOSED,NULL,,5603.55,GBP,0.5443,,15,179466942775
ACC7556932,CUST000584,BR026,CHECKING,closed,2013-09-18,02/12/2016,8021.03,usd,4.1629,,12,961290039011
ACC8120017,CUST000689,BR041,Checking,Open,10/23/2016,2022-09-28,8435.37,US Dollar,0.1605,,5,163039367574
ACC7236991,CUST004570,BR018,Money Market,active,"June 15, 2007",20-12-25,6123.87,EUR,,250,0,950309658894
ACC2812620,CUST004583,BR038,Saving Acct,active,18/07/2011,,USD 2097.09,$,3.4543,0,15,628008904449
ACC7673395,CUST000182,BR028,Money Market,closed,2017-01-19,,16027.1,USD,4.6687,1000,10,254627432020
ACC6952597,CUST002918,BR048,Money Mkt,N/A,23/05/2020,,1909.52,EUR,4.6378,"$1,000.00",5,017138697271
ACC3954923,CUST000121,BR016,Current Acct,Suspended,,08-01-2021,4071.36,US Dollar,3.8354,500,25,306590602776
ACC2303374,CUST002648,BR016,Money Market,CLOSED,2020-05-15,,702.53,usd,2.8633,500,0,961437603384
ACC6626368,CUST003108,BR027,Business,Open,2013-05-11,,"$15,738.89",USD,3.9914,1000,5,070163264825
ACC2368991,CUST001259,BR022,MoneyMarket,Suspended,22/12/2017,,4869.39,,0.7606,250,0,505979668157
ACC8470662,CUST000374,BR024,Checking,N/A,"May 13, 2022","June 26, 2023",5599.59,$,3.0579,100,5,437436882762
ACC9294341,CUST000924,BR033,Money Market,closed,"August 03, 2002",,272.16,USD,2.0315,250,10,296828157978
ACC6023171,CUST002514,BR022,Business,N/A,08/02/2013,,5765.84,,2.2731,USD 100.00,12,702976339559
ACC5538288,CUST000561,BR005,BUSINESS,CLOSED,03-06-20,2018-10-30,5961.71,USD,4.8702,0,10,535400677199
ACC3011088,CUST002208,BR014,svgs,Frozen,02-06-17,,4456.2,GBP,3.0518,250,25,813145788056
ACC5582165,CUST003719,BR040,Business,open,17-04-2019,,1380.73,USD ,0.7517,,5,367409311313
ACC5656955,CUST004033,BR027,Checking,Inactive,10-08-2001,,"$2,690.95",EUR,2.9735,1000,12,524750025777
ACC7695973,CUST002361,BR050,Money Market,active,11-07-07,,468.09,USD ,4.9567,500,10,925995563866
ACC8846786,CUST004061,BR036,Money Market,Suspended,2006-04-19,"December 23, 2008",2551.51,GBP,5.1987,100,10,299706361514
ACC7506043,,BR042,Money Market,ACTIVE,21/08/2016,"September 03, 2019",1117.92,USD,,0,15,709351683673
ACC3838056,CUST001598,BR041,Saving Acct,closed,"September 19, 2019",,1717.58,USD ,4.4171,,5,725822713012
ACC8982208,CUST004697,BR016,Biz,CLOSED,,,709.82,$,5.4456,$0.00,5,093063337108
ACC8701026,CUST004482,BR046,Money Market,Active,02/14/2001,,1045.74,$,,0,25,683646144632
ACC8605439,CUST002986,BR015,Checking,open,01/08/2022,2023-01-19,"318,64",GBP,2.4372,100,0,034739350276
ACC8150772,,BR006,Business,Closed,10-10-2007,2011-08-03,10097.99,US Dollar,1.2761,$250.00,5,857517691854
ACC1350226,CUST003797,BR029,MONEY MARKET,Open,99/99/9999,,3023.59,EUR,4.0964,250,10,618734986471
ACC3794172,CUST004217,BR001,Checking,Inactive,10-06-21,,2021.64,USD,1.5025,500,12,652635414083
ACC1652997,CUST004286,BR047,svgs,Frozen,2007-01-04,,3063.12,USD,0.3473,,0,021400790379
ACC9530379,CUST004779,BR022,Money Market,Inactive,"November 14, 2004",,,GBP,,100,0,814891185699
ACC2269891,CUST002819,BR042,Money Market,N/A,02-04-2003,,10197.97,,3.3971,0,5,551637146399
ACC2645523,CUST003847,BR049,Checking,Inactive,01/25/2004,,787.43,USD ,3.6646,1000,12,135921403638
ACC8842153,CUST000002,BR023,Chequing,Suspended,31-05-2001,,USD 1401.37,,1.64,500,25,677498739225
ACC3621614,CUST004937,BR035,checking,CLOSED,,,14883.85,USD,,,25,688357867129
ACC7562992,CUST002902,BR014,Business,ACTIVE,17-09-2001,,1855.72,USD ,4.3714,,25,148160340732
ACC7272718,CUST003595,,Business,Frozen,05/10/2006,,91.28,$,2.4299,500,15,765565821805
ACC1059477,CUST000346,,Savings,open,2005-05-05,,USD 639.00,GBP,3.8218,500,10,246789920381
ACC3759021,CUST001304,BR033,Money Market,N/A,,21-12-03,106.77,EUR,,250,5,470845436856
ACC7700070,CUST001724,BR039,svgs,Active,03/26/2021,07/04/2023,18390.06,US Dollar,,100,5,947467104403
ACC2548990,CUST000456,BR012,Business,Open,2006-07-04,,1307.75,USD ,0.5642,,5,617453266769
ACC7299471,CUST001465,BR029,Money Market,open,08-08-2002,,10284.09,,0.5163,1000,12,584345432442
ACC2582923,CUST004387,BR029,Checking,closed,2009-03-09,,21973.71,US Dollar,5.0311,500,5,406239801056
ACC3341587,CUST001876,BR013,svgs,Active,14-01-27,,3663.58,USD ,,1000,15,092689095579
ACC5175042,CUST000203,BR022,Savings,closed,2023-12-05,,135.04,EUR,1.5509,500,10,083392725223
ACC3885484,CUST004041,BR006,business acct,ACTIVE,2003-08-23,2017-12-11,340.45,GBP,3.3545,100,5,692395877806
ACC5192376,CUST000266,BR013,Checking,Open,"April 20, 2007",,2627.95,GBP,,0,0,677798447699
ACC3990014,CUST004585,BR037,CHK,Active,05-06-2002,,2084.66,GBP,4.7383,,15,593225039269
ACC4068148,CUST004595,BR015,Checking,Frozen,12/10/2005,,3727.42,$,1.4247,0,0,983090707419
ACC6322410,CUST000669,BR003,Business,Frozen,30/05/2008,,2311.05,$,1.3844,USD 500.00,10,756546650971
ACC7954504,CUST002553,BR030,Savings,open,22-11-22,,USD 10877.06,GBP,5.1171,250,25,387409405236
ACC2106242,CUST000818,BR020,Money Market,active,99/99/9999,,3060.63,,,0,10,201846354000
ACC3672868,CUST000538,BR028,Checking,Frozen,03/02/2011,,4733.1,GBP,3.615,250,5,665348928576
ACC5423527,CUST000526,BR021,Biz,Inactive,07/02/2017,,9072.17,USD ,5.0311,1000,12,611787008479
ACC3578846,CUST004639,BR024,money market,open,2008-12-21,,635.38,,1.2291,,5,133219469035
ACC8588817,CUST003912,BR015,check,N/A,05/06/2017,03/01/2020,1044.08,USD ,,1000,12,001422272923
ACC8028693,CUST004947,BR006,Money Market,closed,12/21/2018,,454.1,usd,2.3265,,15,040699106790
ACC8694108,CUST000891,BR018,Business,ACTIVE,2006-07-28,,601.61,US Dollar,0.6681,0,12,861109678948
ACC6718529,CUST001119,BR017,Biz,Frozen,NULL,,2874.55,GBP,,1000,5,024177797084
ACC9864260,CUST004322,BR013,Checking,Open,07/10/2007,,1549.59,GBP,2.1479,100,0,830231347967
ACC6601635,CUST001916,BR035,Checking,Closed,07-09-12,,2200.85,,3.2326,USD 0.00,10,715988674208
ACC4950588,CUST001010,BR036,Checking,Suspended,30/12/2016,,16179.89,EUR,0.3956,500,25,314930427381
ACC5832279,CUST003455,BR028,Buisness,closed,NULL,,681.75,usd,0.9059,100,15,015212448003
ACC6743570,CUST001997,BR024,Checking,Inactive,99/99/9999,,3113.18,US Dollar,5.0066,500,25,866105206258
ACC4076761,CUST004375,BR028,money mkt,Frozen,25-05-2015,,USD 416.43,GBP,0.0998,500,10,803008532123
ACC4442355,CUST003018,BR036,money market,Closed,20/04/2018,,1533.81,,2.6684,0,12,058865937039
ACC2704762,,BR022,Saving,closed,02-03-30,,"2999,09",$,3.5895,1000,10,447964520354
ACC5013240,CUST003060,BR042,Saving Acct,ACTIVE,09-11-22,,11722.16,US Dollar,1.3843,,25,807265023351
ACC4215136,CUST002572,BR041,Buisness,closed,NULL,,1985.25,USD,4.192,1000,0,169521777277
ACC4292350,CUST000990,BR032,Current Acct,closed,05/14/2020,,268.44,US Dollar,4.7961,0,12,082068991815
ACC4748600,CUST002096,,Buisness,open,"December 08, 2019",,1965.15,US Dollar,5.0189,,15,333118182974
ACC3421318,CUST002109,BR044,svgs,Suspended,02/02/2002,,630.08,,4.4033,500,25,263073735095
ACC5749158,CUST003533,BR001,Money Market,closed,20-10-22,,1045.41,usd,3.178,USD 250.00,12,464452268965
ACC6972974,CUST002525,BR021,Business,CLOSED,"March 27, 2013",,"3850,29",USD ,2.7649,,12,534303566478
ACC5496657,CUST001902,BR045,Business,ACTIVE,03/07/2018,,279.22,USD,1.3047,1000,15,260492136021
ACC7202556,CUST000230,BR012,MONEY MARKET,Open,21-08-2008,,"$2,499.89",US Dollar,1.1857,500,12,595735837701
ACC3776715,CUST003383,BR014,Money Market,active,11-11-2016,2017-07-12,3760.92,EUR,2.9668,1000,15,364522932333
ACC6254748,CUST001790,BR029,Business,Active,22-10-2001,99/99/9999,2191.75,usd,0.1143,250,5,566193724814
ACC6289100,CUST001110,BR011,CHECKING,Frozen,99/99/9999,,77.25,GBP,5.4164,500,25,826180115882
ACC9994036,CUST002800,BR029,Money Market,Open,2001-01-11,,16939.77,GBP,4.216,0,0,997837641472
ACC5030459,CUST004732,BR035,Business,Open,99/99/9999,26-09-2019,,USD,3.1771,USD 100.00,0,386361351062
ACC3981067,CUST003568,BR021,Chequing,Open,31/12/2011,,"$6,030.72",USD,,500,5,312049407082
ACC8973137,CUST003516,BR019,Savings,Suspended,2006-01-23,,"$1,576.00",USD ,3.6801,250,0,240851889637
ACC8680946,CUST001059,BR017,Chequing,Suspended,16-06-21,,2577.56,usd,0.654,500,0,158482322238
ACC8145326,CUST003013,BR047,Checking,Frozen,2016-01-17,,1967.12,USD ,4.3712,250,15,105805581990
ACC6349862,CUST001009,BR011,SAVINGS,ACTIVE,14-07-08,,1677.48,USD ,0.9014,500,0,405908574575
ACC8188921,,BR019,Money Market,Open,08-09-2002,,88.37,$,5.0362,500,5,576157640510
ACC3374552,CUST003024,BR027,Money Market,closed,01/11/2021,,1785.28,USD,0.1865,250,25,890359924007
ACC4145006,CUST003610,BR030,Money Mkt,ACTIVE,30/03/2017,,8810.6,US Dollar,3.7607,250,5,257892994841
ACC4765905,CUST004172,BR004,Money Market,closed,,,4689.81,USD,2.5196,100,15,585452190268
ACC3232608,CUST003654,BR048,Money Market,open,04/17/2001,,628.59,EUR,0.1894,100,10,393946664999
ACC9407663,CUST004201,BR033,Business,ACTIVE,"July 25, 2013",,3577.68,$,1.8446,1000,25,789902126280
ACC3721244,CUST001241,BR012,Checking,Suspended,06/07/2023,,8911.06,USD ,4.7557,0,12,157183731788
ACC3341254,CUST002912,BR018,Money Market,active,26/08/2014,,4816.35,,0.9252,500,10,947400638645
ACC2948154,CUST004151,BR023,BUSINESS,N/A,"November 15, 2005",10/03/2017,643.89,,0.3063,1000,25,300087975792
ACC2374884,CUST002326,BR028,Business,ACTIVE,04-07-2007,2007-10-09,8094.74,EUR,5.1147,,0,295701629401
ACC7112969,CUST003369,BR021,Business,closed,07-10-2018,,1435.53,US Dollar,2.6876,1000,0,086143721628
ACC8596023,CUST001215,BR042,BUSINESS,ACTIVE,"March 15, 2005",,2421.1,usd,1.973,25000,15,735938481579
ACC6760993,,BR035,Business,Open,,,2987.4,USD ,4.9962,0,5,838353872904
ACC8243715,CUST004031,BR009,Business,Suspended,16-11-2006,,7602.01,,3.1297,1000,0,764383798768
ACC9025743,CUST002893,BR025,Savings,closed,13-09-24,,10729.97,usd,4.812,1000,25,912147585400
ACC4988627,CUST002555,BR023,CHK,ACTIVE,05/13/2021,,10617.25,GBP,1.8077,1000,25,841813008684
ACC2887554,CUST004196,BR041,Business,Open,2004-11-25,,31.94,US Dollar,1.1449,,0,482917396051
ACC7410131,CUST000892,BR017,BUSINESS,Active,NULL,,10198.47,GBP,0.5822,250,25,131580124168
ACC5622327,CUST003092,BR016,Savings,Open,,,22369.0,,2.2461,,15,655436637285
ACC2893399,CUST004973,BR026,Business,CLOSED,2014-04-14,,1235.75,$,2.6532,,0,403577430539
ACC2529439,CUST000864,BR037,MoneyMarket,CLOSED,2014-05-10,,2894.33,EUR,0.8683,1000,5,895339486405
ACC1616734,CUST002061,BR028,Business,ACTIVE,25-05-2012,,2615.13,USD ,4.3744,500,25,121701801240
ACC1314222,CUST001012,BR014,money market,CLOSED,06/15/2009,,3712.54,,3.1212,,0,284667144502
ACC8725894,CUST004000,BR043,check,active,10-08-17,,2611.45,US Dollar,0.4203,100,12,001960399425
ACC5226236,CUST003294,BR018,Savings,Open,02/29/2008,,10895.24,USD,4.4013,100,5,585318725529
ACC4106094,CUST001564,BR011,BUS,closed,11-08-2017,,1100.64,EUR,5.4009,0,15,071212633045
ACC8347046,CUST000615,BR035,business acct,Open,18-08-24,"November 20, 2022",1280.96,USD ,0.0865,,5,116447929859
ACC2235123,CUST003796,BR004,Savings,ACTIVE,26/04/2000,,10139.98,usd,2.2798,1000,0,901643321315
ACC8278316,CUST002605,BR021,Business,Suspended,28/06/2016,,,GBP,3.2399,1000,12,997089993080
ACC8747791,CUST003815,BR012,money mkt,ACTIVE,"June 19, 2023",,"3761,93",US Dollar,4.5483,250,0,895739806140
ACC8982859,,BR010,Checking,Frozen,07-10-2007,,4579.5,USD ,2.0222,500,0,537059871695
ACC9316801,CUST003321,BR044,Savings,ACTIVE,01-03-06,,2817.17,,4.8781,,0,855476571472
ACC3556932,CUST002835,BR040,Savings,Frozen,06-11-2001,2020-07-11,4739.71,EUR,4.7998,100,10,351446760690
ACC6974301,CUST000721,BR010,Buisness,N/A,09/12/2006,,758.62,$,2.2874,250,15,121637468215
ACC8103936,CUST002705,BR022,Money Mkt,Open,02/24/2012,2015-11-30,7659.3,US Dollar,5.1912,500,15,353901417835
ACC5123303,CUST003440,BR006,Buisness,Inactive,01/07/2018,,603.41,$,0.4856,1000,10,339509439059
ACC1842630,CUST001094,BR037,Money Market,Frozen,2000-08-13,,2048.72,EUR,1.8645,500,0,762295736262
ACC1235856,CUST001451,BR020,Biz,Suspended,14-02-2006,,$312.96,usd,3.2099,500,15,084408834719
ACC3059037,CUST000116,BR014,business,closed,99/99/9999,,3151.69,GBP,1.0903,250,5,324805343849
ACC5806328,CUST003769,BR024,chk,CLOSED,"October 10, 2010",,4431.57,USD ,3.9009,100,25,475537491772
ACC1986309,CUST004266,,Money Market,CLOSED,2009-12-07,,11335.93,GBP,4.5843,250,0,871868332031
ACC1353971,CUST001666,BR002,MoneyMarket,CLOSED,10/01/2013,,5378.1,GBP,1.195,250,25,002468494356
ACC3435596,CUST003411,BR016,Business,Inactive,09-05-26,,3115.72,,5.1626,500,10,654747035508
ACC5922858,CUST004998,BR028,Business,CLOSED,09/09/2000,,10789.45,,5.2261,0,12,606183952869
ACC8188400,CUST000788,BR021,Savings,N/A,"March 17, 2010",,2603.7,EUR,3.9469,500,15,871898190314
ACC8436402,CUST004790,BR037,Current Acct,open,2022-11-17,,3294.9,USD ,5.0167,100,5,964456587091
ACC8255531,CUST002052,BR047,Savngs,open,11/01/2022,28-12-2023,3626.34,US Dollar,4.3426,500,15,750952332215
ACC7981327,CUST001639,BR048,SAV,Closed,00-05-06,,2110.39,,1.3808,250,10,194975883777
ACC5539232,,BR002,money market,open,13/06/2004,,,USD ,1.4942,0,25,395199970659
ACC7737076,CUST004377,BR013,Checking,active,99/99/9999,,,USD ,5.3189,250,10,203026108665
ACC7316365,CUST003873,,SAVINGS,ACTIVE,09-01-2020,25/05/2022,3237.31,USD ,5.4806,500,5,394119643734
ACC3194887,CUST001864,BR002,MoneyMarket,closed,2004-06-18,,"$5,123.89",USD,1.5418,$100.00,12,124462281266
ACC7846607,CUST004067,BR004,Money Market,Suspended,"December 20, 2014",,9372.64,USD ,3.6427,1000,10,856274599301
ACC3658917,CUST004914,BR040,CHECKING,Suspended,12/19/2000,,8613.85,,1.816,0,5,228625533401
ACC8926255,CUST001919,BR008,Business,ACTIVE,00-01-22,,2843.13,$,4.2515,100,25,193994506562
ACC8245311,CUST003033,BR026,Savings,Inactive,22-10-2018,,4121.89,usd,3.5084,,12,771533560597
ACC9570031,CUST001517,BR003,CHECKING,active,30-05-2006,,2005.07,USD ,5.0036,1000,10,681020468136
ACC4545286,CUST002794,BR050,MM,CLOSED,99/99/9999,11-05-09,2525.78,usd,4.2653,500,15,539075482304
ACC8131147,CUST001297,BR009,Business,ACTIVE,10-07-2023,,9469.17,USD ,5.0004,1000,25,213039975295
ACC1309549,CUST002758,BR002,Money Market,N/A,07/19/2001,,10677.47,usd,3.4111,0,5,884288543369
ACC7945505,CUST003474,BR039,savings,Active,"February 02, 2018",,9030.98,$,5.0921,,5,303229966059
ACC5241748,CUST003248,BR039,Savngs,CLOSED,"February 13, 2023",,595.72,$,1.3773,250,10,743332924757
ACC3277612,CUST001440,BR037,MoneyMarket,Open,03/31/2003,,7590.72,US Dollar,2.4848,250,25,496708672212
ACC1757056,CUST001847,BR033,chk,CLOSED,2005-04-14,,11854.12,EUR,3.7574,0,10,255807927607
ACC3708221,CUST003739,BR034,Money Market,CLOSED,"November 30, 2000",,1792.97,usd,3.0673,100,10,082698820111
ACC6531323,CUST003786,BR012,sav,ACTIVE,29-09-2019,,2924.61,,3.4785,500,25,336118266305
ACC1650813,CUST003790,BR027,Biz,active,08/07/2007,,"$6,040.09",EUR,3.6306,0,25,875044206600
ACC6569914,CUST002792,BR012,CHK,CLOSED,03-06-04,,3302.86,,5.285,1000,10,886009590398
ACC1014081,CUST004192,BR004,check,open,19-06-2012,,20133.68,US Dollar,3.0608,250,25,177679117168
ACC3150819,CUST001607,BR025,MONEY MARKET,Frozen,"July 08, 2010",,USD 2433.12,USD ,3.6763,100,12,745717873350
ACC6168084,CUST000938,BR006,Checking,closed,04/05/2021,2023-04-21,5006.25,usd,0.7998,100,15,026688126202
ACC9527730,CUST000192,BR015,Business,Inactive,03-12-14,2012-08-19,6292.25,USD,,250,12,375495105562
ACC2068555,CUST001999,BR033,Business,active,04/01/2002,,272567.0,US Dollar,3.5872,0,0,909790507428
ACC8510421,CUST003306,BR045,Business,Closed,15/10/2013,,,US Dollar,2.4222,1000,12,433513254873
ACC8017921,CUST002558,BR030,savings,active,"August 31, 2007",,3159.99,EUR,0.5528,100,5,608015367935
ACC6493203,CUST000870,BR022,Savings,Active,25-07-2002,,2121.74,EUR,1.9133,1000,15,381722792347
ACC4438273,CUST001071,BR025,Savings,Closed,99/99/9999,,-45637.0,,1.5711,100,25,181236822865
ACC5106116,CUST003030,BR046,Savings,active,2023-02-07,,1999.63,USD,2.9098,100,15,768479476003
ACC1682414,CUST004680,BR041,Checking,Open,20-03-2008,,5296.08,usd,4.8984,USD 100.00,0,588274776155
ACC3704784,CUST002616,BR045,Money Market,Suspended,"February 26, 2002",,"$10,167.76",,2.5681,250,0,443625399712
ACC3875065,CUST001636,BR028,Savings,Active,"December 12, 2013",,USD 1159.70,GBP,1.9954,,15,612872056017
ACC2551007,CUST004265,BR033,Money Market,ACTIVE,"June 06, 2007",99/99/9999,1755.48,usd,0.3004,0,0,137608640574
ACC5830179,CUST004484,BR046,Money Market,Active,08/03/2018,,668.76,USD ,0.7784,0,25,700469549753
ACC5127067,CUST004897,BR037,Money Market,N/A,2001-02-19,01-03-05,4694.07,USD ,,100,12,102205076701
ACC9359173,CUST001712,BR035,savings,Suspended,07-09-02,,12894.39,usd,0.4231,0,10,850170372033
ACC7255412,CUST000514,BR028,Money Market,CLOSED,03/30/2019,,4097.2,GBP,5.0715,250,5,818422788724
ACC9686321,CUST003866,BR047,Checking,open,06/30/2010,,3839.68,US Dollar,3.2421,100,10,626722174138
ACC9726407,CUST003242,BR033,Savings,N/A,08/08/2009,,3225.17,US Dollar,1.7399,1000,5,028643097928
ACC5356000,CUST002129,BR049,business,Closed,,,USD 370.46,$,3.7276,1000,5,548201711469
ACC7661136,CUST004095,BR021,Money Market,closed,"October 04, 2001",,"$5,229.99",usd,1.0893,0,0,534439807120
ACC1997240,CUST002494,BR021,Business,open,NULL,,3685.71,GBP,3.7869,100,12,988774054959
ACC7833000,CUST004429,BR020,Checking,closed,2001-11-27,,4332.65,USD ,3.848,0,10,717079413983
ACC8900345,CUST004762,BR028,Checking,CLOSED,01/11/2009,,9163.06,EUR,1.6999,100,12,555737279968
ACC3012157,CUST000523,BR044,Checking,Suspended,99/99/9999,,6129.18,$,2.8312,500,5,189747526696
ACC4311720,CUST000013,BR023,Money Market,open,2001-12-04,,,usd,3.0189,500,10,527509014028
ACC5916532,CUST000245,BR012,Money Market,Closed,"January 31, 2003",,10479.27,EUR,2.0447,100,0,492169591653
ACC5615643,CUST001265,BR028,Checking,Closed,2017-02-06,,18394.75,,0.0223,0,12,772801933018
ACC3965242,CUST000384,BR026,Chequing,N/A,2023-05-25,,3482.24,USD ,1.2603,500,25,712543765233
ACC9463967,CUST002019,BR021,svgs,active,2014-08-28,,461.11,USD,4.9656,250,10,272048366367
ACC1212073,CUST000213,BR032,Checking,Closed,,,2458.3,EUR,0.9314,0,10,720863061062
ACC5018888,CUST004571,BR045,money mkt,CLOSED,06/07/2023,,6197.16,USD ,1.6189,,0,481492349383
ACC4598423,CUST003146,BR032,Biz,Active,2008-03-18,,112.47,,2.6603,100,12,791023333033
ACC2393958,CUST002239,BR030,Money Market,closed,28/05/2013,,234.28,usd,0.6196,500,12,331648493937
ACC2319870,CUST002196,BR048,Checking,active,00-01-12,,,US Dollar,1.1592,500,10,858351938130
ACC7848991,CUST004382,BR017,MM,Active,"May 29, 2011",,5252.71,$,5.3029,250,10,613139458826
ACC3340476,CUST003310,BR017,savings,Inactive,29-04-2020,,2781.93,USD ,1.9004,500,12,417041249346
ACC8016374,CUST000598,BR038,Business,active,10-10-2016,,1841.15,GBP,2.9409,500,0,002205135797
ACC6297565,CUST000985,BR003,Business,open,30/10/2002,,446.48,USD,,500,10,405593319596
ACC1395386,CUST004166,BR048,Checking,closed,23/09/2017,,"$5,270.66",USD,1.7277,250,5,597887803917
ACC6738877,CUST002976,BR021,Checking,ACTIVE,17-02-2007,,1548.65,usd,2.3359,500,5,275831244808
ACC7105422,CUST002097,BR004,Business,Closed,2011-10-22,,USD 1233.30,US Dollar,4.9951,,25,934640387057
ACC3308469,CUST004757,BR010,Money Market,Frozen,"December 09, 2015",,"$4,225.88",,2.5026,0,5,624220641458
ACC9524814,CUST000402,BR040,Savings,N/A,10-06-08,06-07-2014,3274.94,,3.1895,0,15,235725773702
ACC2399883,CUST002543,BR038,Checking,N/A,16/11/2012,,1800.24,USD ,5.078,0,10,401903821106
ACC9156138,CUST004596,BR042,Checking,Suspended,15-09-2004,,4103.17,usd,2.6164,0,5,113330797652
ACC4987917,CUST002819,BR013,Money Market,Frozen,04/20/2011,,1265.54,GBP,,250,12,093532697877
ACC9395213,CUST003212,BR019,business acct,Inactive,19-03-2010,,6335.67,US Dollar,4.4561,1000,0,585422007950
ACC7511171,CUST002736,BR030,Checking,N/A,10/03/2020,,1041.92,usd,4.021,100,15,669028520933
ACC5577748,CUST000775,BR008,Savings,Active,2020-12-10,,691.88,$,3.4368,500,15,109127075423
ACC5461589,CUST000540,BR019,Checking,CLOSED,13/02/2005,,"$6,101.11",,,100,12,913284809516
ACC2899407,CUST002857,,MoneyMarket,ACTIVE,22-09-2013,,4922.53,,0.785,100,0,129432389433
ACC7554227,CUST001118,BR038,chk,open,10/03/2001,,806.7,USD,0.1046,,10,463332819662
ACC7259685,CUST001214,BR044,sav,Active,2008-07-12,,494.31,$,2.1245,1000,10,622996650318
ACC1120260,CUST001633,BR028,Savings,active,05/23/2020,,-7290.5,,0.6067,,5,032687252887
ACC7968383,CUST003466,BR034,Chequing,CLOSED,04-10-2003,,5995.14,$,3.2993,1000,25,712687495455
ACC6839829,CUST004277,BR038,Checking,ACTIVE,"September 21, 2006",,1585.57,US Dollar,0.2903,1000,0,650114203281
ACC5842580,CUST000773,BR027,checking,Open,19/02/2005,,"$4,294.09",USD ,3.3174,USD 1000.00,5,454021742969
ACC9204580,CUST001829,BR047,Business,closed,09/06/2004,,,EUR,1.1541,1000,5,420592933626
ACC4863452,CUST001560,BR050,Checking,Inactive,12-02-2017,,2829.37,EUR,2.2403,100,5,954847959786
ACC7193161,CUST001006,BR046,Savings,closed,21/04/2011,,75.63,,0.193,0,12,879568912312
ACC3331649,CUST000957,BR004,checking,N/A,10/05/2001,,1987.7,USD ,2.7537,,0,750768203791
ACC7948619,CUST000803,BR037,Checking,N/A,04-05-2013,21-05-2023,311.17,US Dollar,1.1582,1000,12,752704853520
ACC7229646,CUST001306,BR049,Business,ACTIVE,NULL,,2578.55,,,250,15,097434542264
ACC7038094,CUST003950,BR042,savings,Closed,2022-08-28,,2190.52,EUR,5.0006,,5,724213740790
ACC2997862,CUST004937,BR026,Money Market,Inactive,16/03/2014,,2350.72,USD,1.9923,,5,759170506099
ACC8496043,CUST004745,BR021,SAV,N/A,05/11/2019,,185.56,US Dollar,4.4114,1000,12,494542305723
ACC7565229,CUST002730,BR017,Savings,Frozen,19/01/2008,,1795.26,$,4.1733,0,0,906810099474
ACC5180658,CUST002903,BR009,Business,Active,23-10-2003,,5650.29,EUR,3.8837,,10,865729758090
ACC1803758,CUST002002,BR039,CHK,active,19/08/2022,"September 11, 2023",1841.25,usd,5.2851,250,10,661997176815
ACC5964280,CUST001427,BR010,Checking,CLOSED,20/08/2002,,5023.48,usd,1.1969,0,0,687239718619
ACC3919038,CUST002012,BR047,Money Market,ACTIVE,10/23/2002,,1844.83,,2.3252,0,0,223895641912
ACC1347198,CUST002761,BR042,savings,Active,02/08/2016,,2201.31,,1.6888,"$1,000.00",5,366675636110
ACC5658790,CUST002387,BR026,business,open,16/06/2023,,3319.46,usd,1.145,500,15,115943465003
ACC4949162,CUST000032,BR003,Saving Acct,open,2018-05-02,,,$,0.4654,250,0,122955284770
ACC7085533,CUST001439,BR028,Checking,ACTIVE,29-12-2017,,,usd,2.4232,,10,813056744575
ACC4540868,CUST003544,BR050,Buisness,active,07/05/2021,"March 15, 2023",133.87,USD ,0.8965,1000,0,649142425180
ACC7850417,CUST000368,BR044,Savings,Closed,,2009-02-06,3745.54,EUR,3.0843,$100.00,0,089267915315
ACC2296737,CUST002838,BR043,money market,open,"April 05, 2007",05/02/2018,11911.34,usd,,,0,403972759251
ACC7809871,CUST002051,BR048,Money Market,ACTIVE,01/04/2012,,18311.44,$,1.5242,500,12,665480321597
ACC7037694,CUST002198,BR026,Saving,Suspended,02/14/2021,,2647.87,US Dollar,2.483,1000,5,232707625410
ACC8967155,CUST001457,BR024,Money Market,Inactive,,,2525.06,US Dollar,5.4323,1000,15,994427464152
ACC8871362,CUST000045,BR050,Savngs,open,2008-07-23,,4142.14,,1.2158,500,10,677164132414
ACC9794918,CUST001479,BR049,Saving,open,19/07/2004,15/11/2004,3244.43,$,1.5758,500,25,199665889080
ACC4672440,CUST002990,BR042,Business,Open,2021-07-24,,4021.45,USD ,4.2372,0,25,998116739002
ACC6603678,CUST001008,BR026,Savings,Closed,11/12/2004,,8285.88,,2.3439,0,10,107205207022
ACC6576097,CUST001962,BR041,Money Market,Open,23/06/2015,,USD 5486.51,USD,1.4814,250,15,108100952169
ACC7735366,CUST004628,BR041,Chequing,N/A,,,USD 2747.69,GBP,4.1386,,5,492507844842
ACC6295471,CUST003654,BR023,Checking,closed,10/03/2005,,2478.58,EUR,1.681,100,10,614596308951
ACC7591830,CUST004356,BR008,BUSINESS,closed,02/15/2022,2023-12-30,4082.18,USD ,3.6297,0,0,730236551684
ACC8754200,CUST003491,BR016,MoneyMarket,open,10-04-2008,,2433.07,EUR,2.7729,,15,742040074317
ACC6395858,CUST000294,BR008,savings,Suspended,11/19/2023,,2448.33,USD,3.1684,500,5,402272472950
ACC2287813,CUST002000,,Savings,open,,,6576.000000000001,US Dollar,1.5561,1000,0,790112888642
ACC5030955,CUST000556,BR015,Savings,closed,10-12-03,,-764.95,,1.4859,$0.00,0,605572406642
ACC3502527,CUST004085,BR008,Buisness,Frozen,2018-07-31,21/04/2020,2681.74,EUR,0.751,100,5,990625354087
ACC7934367,CUST003617,BR038,Business,Active,01/16/2006,2018-11-06,6918.6,EUR,3.5365,0,12,629649214032
ACC8306254,CUST003812,BR047,CHK,open,21/03/2020,,1306.95,$,4.7004,0,25,113527176393
ACC3821383,CUST002853,BR005,Buisness,Suspended,"July 02, 2004",,2957.97,EUR,3.4726,,25,128932511782
ACC8260610,,,Money Market,N/A,29-10-2009,,1692.25,,3.7658,1000,10,015445429691
ACC4040157,CUST002897,BR027,CHK,open,12/29/2009,,442.85,usd,3.0819,0,5,745895681700
ACC7926738,CUST000562,BR011,svgs,Inactive,11/11/2000,,12708.87,USD ,3.6075,0,25,484191737121
ACC5545234,CUST003029,BR003,money mkt,CLOSED,02-09-15,,7715.1,EUR,0.2216,0,0,129226003282
ACC5284334,CUST003026,BR036,Business,ACTIVE,01/31/2019,,326.98,USD ,1.0466,1000,0,204080612346
ACC1936940,,BR002,BUS,N/A,11/14/2014,,"$5,088.82",US Dollar,1.4704,100,15,829328650764
ACC1587245,CUST001922,BR011,MoneyMarket,Suspended,15-09-09,,1708.27,US Dollar,1.6981,10000,0,901303760260
ACC5402742,CUST004837,BR007,BUS,CLOSED,"January 01, 2019",15-01-2020,21074.88,GBP,2.0842,500,10,031449613146
ACC3665044,CUST003104,BR008,Money Market,ACTIVE,25-04-2021,,1440.43,EUR,4.5615,100,10,183600267052
ACC1821715,CUST004792,BR033,Savings,Frozen,20/07/2014,,1091.11,$,1.604,500,10,613081025311
ACC6352600,CUST004612,BR026,Money Market,Open,"August 20, 2019",,3356.31,$,,250,0,995587179129
ACC3215188,CUST004861,BR029,savings,closed,18-02-12,,7210.3,,5.3594,,15,102023639127
ACC2754251,CUST003316,BR002,Money Mkt,N/A,05/13/2014,,855.34,GBP,0.1319,,15,058086534482
ACC4668374,CUST001767,,Checkng,Frozen,"December 10, 2011",,4943.27,$,4.4832,,15,930233120412
ACC6455441,CUST000781,BR002,sav,active,2009-05-07,,253.49,,2.5965,,12,558602520393
ACC6709988,CUST004153,BR038,Money Market,closed,20/10/2020,,10050.0,USD,4.9638,1000,10,929654428788
ACC7464924,CUST001372,BR015,Checking,Active,2021-02-21,,338.2,usd,1.1831,100,15,691563206397
ACC2189463,CUST000449,BR030,savings,Frozen,03/18/2008,,-9824.41,EUR,2.2394,1000,10,118356416788
ACC1681309,CUST002950,BR049,Checking,ACTIVE,09/15/2018,,2699.71,GBP,,,0,020299313738
ACC4684213,CUST001290,BR007,business acct,N/A,,17-02-2021,2377.49,USD ,4.0511,1000,5,165014694053
ACC1688895,CUST002049,BR033,Money Market,Closed,2014-05-01,,14493.43,,1.9603,100,0,736799993898
ACC3300311,CUST003943,BR001,Business,N/A,03/12/2004,,18577.38,usd,2.5906,250,12,713166440128
ACC9481930,CUST004969,BR036,Money Mkt,N/A,"May 28, 2000",22-08-05,4201.32,USD ,4.9886,100,25,423858216906
ACC1218132,CUST001205,BR025,Money Mkt,open,"August 30, 2012",,543.83,EUR,4.7838,0,5,076209975545
ACC8307000,CUST002685,BR001,svgs,Frozen,12/05/2012,,2822.26,GBP,,100,0,616248983585
ACC8327532,CUST003968,BR025,money mkt,open,26-08-2007,12/24/2007,3012.97,GBP,3.256,,25,437079913934
ACC4278284,CUST004259,BR040,Savings,Closed,"April 26, 2010",,2889.86,GBP,,250,15,710808113438
ACC4457641,CUST003086,BR033,Savings,Closed,30/05/2016,,3371.16,USD ,1.9056,$0.00,25,483283597950
ACC6740418,CUST003256,BR046,check,Frozen,28/08/2005,12/06/2014,75.61,USD,5.3182,100,0,600638907745
ACC1151949,CUST001031,BR026,Business,N/A,11-04-2002,"May 14, 2016",4968.46,EUR,,1000,25,892084068878
ACC1736259,CUST000420,BR016,Checking,Open,2007-02-18,,4984.66,$,1.4546,100,10,380113626147
ACC9729901,CUST003014,BR027,Checking,Frozen,17-12-02,,490.79,GBP,2.9182,100,15,577418366322
ACC3242188,CUST002031,BR028,MONEY MARKET,Open,"December 10, 2018",,USD 3378.11,,,"$1,000.00",10,673702276011
ACC4932135,CUST003623,BR021,Money Market,open,2009-12-13,,3360.66,$,2.7802,100,25,244970736891
ACC6962785,CUST002558,BR002,Savings,Closed,2013-12-18,,4588.49,GBP,0.4913,0,25,494404907268
ACC7575784,CUST002174,BR048,svgs,active,99/99/9999,03-01-2013,357.06,$,,,5,775650193397
ACC7829497,CUST001770,BR016,Checking,Frozen,05-12-14,,3939.38,USD,4.5168,100,25,468950582948
ACC3449229,CUST004626,,Money Mkt,CLOSED,04/24/2022,,,,4.7272,0,12,393374062618
ACC8148699,CUST001179,BR025,Money Market,Open,10-05-2020,08/06/2022,2829.01,US Dollar,2.7765,100,12,002431253596
ACC5905724,CUST004716,BR006,Business,CLOSED,02-07-06,,5936.93,US Dollar,3.0537,250,15,029201094437
ACC3388184,CUST000576,BR027,Savings,Suspended,NULL,,4891.89,,1.4734,0,10,058419141805
ACC7577285,CUST002598,BR007,Biz,Active,2000-02-04,,506.35,US Dollar,4.1737,500,5,819887716532
ACC8811259,CUST004954,BR043,Savings,Active,30/10/2015,,3577.97,US Dollar,3.3305,250,12,350612190256
ACC8403443,CUST004284,BR047,Savings,active,2009-10-28,,13910.14,usd,5.3796,250,0,806703957849
ACC6839344,CUST004255,BR028,BUSINESS,CLOSED,,,,US Dollar,4.1792,500,12,569451604712
ACC4860573,,BR006,CHK,Frozen,17/06/2015,"October 18, 2020",7666.76,USD ,0.7635,250,10,249835617328
ACC8934528,CUST004415,BR025,Checking,closed,11/22/2016,,4850.01,$,0.8291,0,10,359085946962
ACC3721476,CUST002991,BR015,Saving Acct,Open,08-03-15,,5948.94,USD ,4.5405,100,5,029572026091
ACC6471329,CUST004157,BR009,Savings,N/A,2012-11-08,,,EUR,5.3566,0,0,859943387786
ACC5364830,CUST002705,BR007,BUSINESS,Active,12/29/2022,,1358.09,$,3.7604,500,15,997357540872
ACC3040806,CUST004194,BR026,Money Mkt,Frozen,2000-12-13,,9458.67,GBP,0.732,1000,5,066994522798
ACC8583596,CUST003961,BR039,Savings,N/A,99/99/9999,,USD 1784.10,,4.6289,250,12,187318500601
ACC1658869,CUST000648,BR008,Savings,Open,08/03/2011,,260.35,,2.4328,100,25,464910421028
ACC5816231,CUST003262,BR020,Saving,CLOSED,99/99/9999,,3671.13,EUR,2.8632,,15,887567104275
ACC8717245,CUST004586,BR014,Checking,N/A,"October 22, 2010",,,usd,3.3055,0,15,291490792525
ACC9567049,,BR037,Money Market,CLOSED,10/25/2005,2010-08-23,6370.25,GBP,0.7065,500,25,144096334365
ACC1335212,CUST003078,BR027,sav,Closed,99/99/9999,30-11-2023,4106.06,USD ,3.2701,1000,15,243263295594
ACC4101077,CUST004385,BR036,checking,open,06-04-24,,8309.02,USD ,1.0493,0,25,377242118590
ACC1799977,CUST003700,BR037,Money Market,CLOSED,07-07-10,,6145.44,EUR,0.2933,250,15,652614473315
ACC7444412,CUST003347,BR017,Business,Open,2009-10-26,,475.65,GBP,2.302,250,15,873475881507
ACC7041078,CUST003267,BR005,Checking,Frozen,2023-03-05,,,usd,1.9475,100,12,869194059583
ACC9043112,CUST002957,BR039,Biz,Active,07-10-2014,,5958.81,US Dollar,0.5448,1000,12,753956443258
ACC8489215,CUST000993,BR008,CHK,CLOSED,99/99/9999,,2160.62,,0.5864,100,25,226960535062
ACC9349673,CUST002500,BR045,Checking,Closed,2022-02-07,,14354.76,USD ,1.3813,$0.00,25,310039307560
ACC3494113,CUST004884,BR005,Money Market,open,"November 25, 2007",,532329.0,USD,2.8539,$500.00,15,608741307000
ACC3894348,CUST001840,BR019,business,closed,12/21/2007,,62.49,GBP,4.2033,,15,640945607715
ACC3847799,CUST003976,BR016,CHECKING,Active,2006-12-12,,8480.58,,1.2215,500,10,573528591205
ACC6340587,CUST003000,,Checking,open,99/99/9999,,425.02,usd,3.3343,500,10,000074673585
ACC1087997,CUST001711,,Money Mkt,active,07-09-08,,605.73,,5.2844,0,12,687980721324
ACC2815313,,BR016,Money Market,Open,08/26/2011,,5304.45,US Dollar,2.1567,1000,10,078969432581
ACC9776797,CUST000190,BR042,Savngs,N/A,17/07/2020,06/04/2023,8008.99,USD ,2.5979,250,25,931482578618
ACC1920084,CUST004943,BR018,Savings,N/A,09-05-2004,,3074.5,,2.0394,1000,0,913109222836
ACC9725257,CUST004884,BR004,Checking,N/A,00-02-14,,1364.61,GBP,1.031,500,5,396661513904
ACC6300117,CUST002911,BR040,business acct,open,08/10/2005,,1731.24,GBP,2.3364,500,5,288713711726
ACC5465258,CUST002206,BR011,savings,Inactive,NULL,,1679.61,USD ,0.2754,500,25,963409262667
ACC9141900,CUST003477,BR025,Money Market,Frozen,13-04-2021,,"1582,13",$,0.8237,100,25,987973047673
ACC3015750,CUST004160,BR027,business,Open,NULL,,"$1,113.09",,4.3065,25000,10,793457286528
ACC5704583,CUST000839,BR035,savings,N/A,11/14/2000,11/30/2012,3754.83,$,2.4824,,5,475863046136
ACC7442718,CUST001858,BR031,SAVINGS,Open,07-10-2002,,9226.59,GBP,1.7705,0,12,521673371334
ACC7382056,,BR041,CHK,Open,2001-04-05,,,USD ,0.372,250,15,468426674812
ACC6573544,CUST004780,BR007,Money Mkt,active,2010-07-27,,826.59,EUR,2.8287,500,10,725897591023
ACC2938519,CUST001115,BR018,Money Market,open,03/14/2022,,7294.92,US Dollar,2.7511,1000,0,242087498471
ACC5358574,CUST000300,BR049,money mkt,Frozen,"November 13, 2006",03/07/2019,5415.82,USD ,3.167,250,0,494167829486
ACC7803715,CUST000324,BR010,Business,open,10-02-18,,10685.16,usd,0.0851,0,15,405259212067
ACC9149718,CUST004222,BR040,Savings,ACTIVE,"September 20, 2011",,,$,3.1782,500,5,355806886495
ACC1769977,CUST000858,BR006,SAVINGS,active,"November 30, 2013",,623.11,EUR,3.0976,100,5,227015463983
ACC7760912,CUST002699,BR023,Savings,open,,,3118.56,USD ,0.1233,0,5,775294797240
ACC7154342,CUST003670,BR018,Money Mkt,N/A,99/99/9999,,,USD ,5.2015,0,12,011034408460
ACC6784885,CUST002207,BR018,money market,ACTIVE,22-07-03,,"$2,617.04",USD,0.25,500,5,069743076236
ACC6754028,CUST001196,BR015,CHECKING,ACTIVE,27/08/2010,,365484.0,US Dollar,2.5617,USD 250.00,10,358959859217
ACC9178622,CUST000574,BR011,Business,Inactive,14/12/2016,,795.66,$,,0,25,280305304761
ACC1208334,CUST004714,BR034,Savings,Frozen,12-09-2001,,2612.74,GBP,5.3743,100,15,349265045506
ACC6577433,CUST002861,BR046,Savings,ACTIVE,24/06/2003,,429285.99999999994,USD ,4.5683,500,12,656604019000
ACC6333943,CUST003475,BR033,Buisness,active,02/22/2008,,2267.51,USD ,4.4689,1000,12,927179590842
ACC9781334,CUST004132,BR029,Money Market,Closed,2020-11-21,,4550.83,EUR,2.5519,500,15,475695671658
ACC9617401,CUST003653,BR044,Chequing,Closed,07/27/2013,,,USD,1.2296,1000,15,505670316029
ACC6975978,CUST000204,BR040,Money Market,active,,,1623.46,USD ,1.4851,500,25,577877233741
ACC6334079,CUST004845,BR035,sav,Active,"March 05, 2018",,"1447,35",usd,2.2696,250,10,461665599666
ACC1218356,CUST000089,BR050,Money Market,open,"September 09, 2002",,2116.65,USD,0.9515,250,0,249051029331
ACC7944337,CUST004062,BR022,Checking,active,2013-04-29,"August 02, 2017",USD 93.44,USD,4.7586,0,15,083903819732
ACC4225487,CUST001867,BR003,Money Market,N/A,2014-05-09,,4416.81,EUR,0.6001,USD 250.00,0,553004543822
ACC4573319,CUST000470,BR034,Checking,N/A,01-05-20,,USD 7460.05,,4.5887,"$1,000.00",12,391130954225
ACC3718172,CUST002911,BR034,MM,Closed,2013-05-08,,1751.71,EUR,2.9627,,15,522516255624
ACC6305051,CUST004719,BR012,MONEY MARKET,closed,19-11-2015,,,USD,0.5886,,10,912302163342
ACC1656732,CUST002599,BR037,CHECKING,Suspended,05-02-2004,,17302.77,US Dollar,4.4243,0,10,710542573822
ACC1707725,CUST004677,BR031,Business,CLOSED,2023-04-26,,"$1,224.46",GBP,2.2809,250,5,275226755700
ACC1296710,CUST000234,BR041,Money Market,CLOSED,03-02-2022,,541.54,usd,0.9861,1000,0,675368248464
ACC7171654,CUST001566,BR040,Savings,Active,2015-03-07,,1846.57,,0.6146,1000,5,963401185874
ACC4828245,CUST002497,,Money Market,Suspended,01-02-23,,5366.16,GBP,4.9026,100,0,226399027890
ACC5649133,CUST000853,BR007,Current Acct,Suspended,"April 19, 2011",,1392.09,USD ,3.2838,500,5,351535962835
ACC8281777,CUST002123,BR009,Business,active,2021-09-29,,3419.87,,3.6166,10000,12,898606624002
ACC8261474,CUST001081,BR003,Business,Active,12/08/2019,,2148.4,USD ,4.8625,25000,25,573100425194
ACC9392098,CUST004994,BR016,Money Market,N/A,06/13/2004,12-04-2005,,usd,1.2755,1000,12,134992287332
ACC3567416,CUST000897,BR038,Checkng,active,"May 07, 2006",,1603.62,usd,1.0006,0,10,113748296564
ACC1314934,CUST003759,BR025,SAVINGS,active,01/03/2014,,5162.05,USD,3.3995,500,12,235007332732
ACC7181911,CUST001160,BR009,Money Market,CLOSED,12/08/2023,,3787.04,EUR,2.4311,100,0,981047209172
ACC8732497,CUST002037,BR026,Savings,closed,06/12/2018,,510.33,USD,4.2382,500,5,384717135865
ACC5813532,CUST003233,BR037,Checking,open,04-07-01,,713.27,usd,1.4814,0,15,962999353071
ACC1624872,CUST001377,BR038,Checking,open,11-12-15,,4094.76,USD,3.0254,250,10,603576172204
ACC1341307,CUST001951,BR032,Business,Active,23/06/2013,,6715.48,USD,2.8562,0,5,918714021282
ACC9642877,CUST003982,BR021,Savings,Frozen,2010-11-21,,1719.9,USD ,3.9117,100,10,978026702650
ACC5622175,CUST001640,BR006,Savings,Inactive,2015-06-23,,3618.54,US Dollar,4.7533,250,5,474922203493
ACC4280307,CUST000682,BR017,Savings,Suspended,2002-12-13,,748.42,USD,1.1081,1000,0,442018391460
ACC9963422,CUST002580,BR016,money market,Frozen,12-12-2017,,1492.24,US Dollar,3.8484,500,15,723065987115
ACC8870951,CUST003068,BR047,Savings,Suspended,2015-02-19,25/11/2018,81.91,GBP,5.1336,USD 1000.00,10,375808725650
ACC7957049,CUST004746,BR020,Business,Active,21-02-2023,,5848.83,EUR,3.4895,1000,25,367261819730
ACC5500058,CUST000904,BR025,Money Market,open,"December 22, 2002",,2050.04,US Dollar,2.1289,,15,972484461113
ACC1434973,CUST002154,BR015,CHK,Frozen,14-07-18,,6774.01,$,,500,10,862312668011
ACC5490233,CUST004313,BR042,BUS,Suspended,"July 05, 2017",,4929.12,USD ,0.4363,250,5,646421903521
ACC3331455,CUST002912,BR022,Money Market,ACTIVE,03/09/2001,,7058.39,,5.2312,100,5,442017944057
ACC6618454,CUST001412,BR036,business acct,Open,16-01-2002,2014-09-13,1345.58,EUR,,100,15,737462711938
ACC1068182,CUST001114,BR004,Money Market,Open,09/18/2023,,,,1.8032,1000,12,721770793397
ACC3785711,CUST004161,BR004,Savings,closed,10-01-21,,14288.75,US Dollar,2.2782,100,12,809090872568
ACC1101191,CUST001844,BR025,business,closed,,,5053.87,USD,2.3634,100,0,131785118236
ACC3113368,CUST002556,BR025,Savings,closed,16/11/2021,,7184.09,GBP,2.9811,100,25,752994580833
ACC5336821,CUST003381,BR013,Business,Suspended,"May 07, 2007",,,EUR,4.6867,1000,10,190346461284
ACC5150314,,BR016,Checking,CLOSED,21-04-10,,1750.68,GBP,3.96,0,25,989855959943
ACC6250383,CUST000824,BR030,Checking,closed,10-07-12,,5431.86,$,1.9643,0,0,311110466723
ACC5224777,CUST000985,BR038,Money Market,Closed,"November 22, 2009",,324.77,usd,2.7861,250,25,644283035021
ACC2539135,CUST003952,BR042,savings,active,17/01/2004,,3351.21,EUR,4.1075,,5,001866572923
ACC5769493,CUST003299,BR023,Savings,N/A,16-05-26,,2241.97,,,0,5,668945376356
ACC9672493,CUST000701,BR014,business acct,ACTIVE,99/99/9999,,71.09,USD,2.076,1000,15,638780775402
ACC8997440,CUST003700,BR048,Business,Frozen,20/08/2021,,1076.62,EUR,5.4024,1000,25,398531292739
ACC5600213,,BR046,Money Market,Open,09-11-2009,,,GBP,2.0623,250,12,167025576899
ACC9789600,CUST002187,BR012,svgs,closed,2000-12-30,,474.5,USD,3.1614,0,0,567303514539
ACC9401632,CUST001427,BR036,Checking,Open,25/01/2023,,3993.66,$,2.0283,100000,10,061829783035
ACC6040265,CUST004979,BR050,Savings,closed,"January 01, 2021",,1110.39,USD,,1000,5,136605263589
ACC9470623,CUST003072,BR043,Savings,N/A,17-02-05,,1300.81,USD ,3.7665,250,15,358708302348
ACC5333351,CUST004066,BR003,Business,Inactive,11-04-15,,USD 9140.50,GBP,4.8101,250,10,694002399698
ACC7927963,CUST004130,BR012,SAV,ACTIVE,"February 25, 2016",,2517.86,usd,1.4192,1000,0,692593806526
ACC9090672,CUST000318,BR039,Savings,Closed,05/29/2003,,1991.16,,1.0941,0,0,084336923401
ACC1318351,CUST002583,BR043,Business,CLOSED,01/05/2005,,,US Dollar,3.9856,100,0,455465505346
ACC9544411,CUST002047,BR013,chk,Inactive,2022-03-30,,9614.65,GBP,2.4375,,25,875979311037
ACC3420890,CUST001384,BR009,business,ACTIVE,01-09-2010,,101.42,GBP,2.6442,100,0,625058789729
ACC9904935,CUST000268,BR017,BUSINESS,Suspended,"November 12, 2000",,2378.56,,0.5637,0,15,455916370257
ACC2852996,CUST003881,BR028,Checking,Open,"February 09, 2000",,3774.46,usd,0.6321,500,0,795058888448
ACC6285959,CUST003111,BR006,Savings,Suspended,2004-06-24,,1534.21,USD,0.5099,,0,157939716633
ACC7034176,CUST002033,BR011,Savings,Inactive,11/24/2015,,5920.8,$,5.4717,0,0,204413934563
ACC3387202,,BR037,Savings,open,12-07-30,,14228.19,EUR,,,15,388228035352
ACC7952415,CUST002142,BR045,Buisness,CLOSED,14/11/2000,,USD 11488.92,USD ,1.3707,1000,0,934244648870
ACC2452894,CUST000654,BR022,savings,Frozen,2007-07-14,,1236.89,GBP,4.6866,0,15,838554954076
ACC4796238,CUST002432,BR050,Checkng,open,2019-09-16,,1026.48,US Dollar,5.3887,$500.00,25,035897240828
ACC5371546,CUST002513,BR017,Money Market,Closed,10-12-23,2011-06-24,USD 12632.11,GBP,0.2351,250,12,623560793150
ACC6016949,CUST000062,BR028,BUS,active,01/05/2003,2020-03-07,2454.6,EUR,4.7486,100,10,878836179679
ACC7353520,CUST004864,BR013,Business,Inactive,25-08-2003,,934.28,USD,4.0265,,0,212281605519
ACC1191318,CUST001324,BR026,business acct,Active,17-11-25,"August 14, 2020",4910.29,USD,5.1294,1000,10,403087439182
ACC3175179,CUST003297,BR016,Business,Inactive,02/06/2009,,,$,0.4001,500,0,121368186603
ACC5228851,CUST002000,BR008,Saving Acct,active,06/08/2002,,1243.79,US Dollar,1.2485,,25,859529627735
ACC9111215,CUST000292,,Business,CLOSED,23-10-30,,8456.1,GBP,0.4442,0,25,211796715889
ACC8474525,CUST003245,BR023,savings,Active,"March 25, 2020",,709.24,EUR,0.1322,500,0,700198633298
ACC1711960,CUST002057,BR029,sav,active,"August 15, 2019",,266.24,US Dollar,5.0328,1000,15,310194506857
ACC2077239,CUST001085,BR003,SAVINGS,N/A,"January 21, 2010",,1254.39,$,1.5494,,0,579771725007
ACC3620002,CUST000854,BR047,MM,CLOSED,"November 28, 2009",,,,5.4953,1000,15,919285090196
ACC7086330,CUST002298,BR035,MONEY MARKET,Frozen,"January 19, 2008",2020-01-21,525.39,$,2.176,1000,5,142319067624
ACC6606861,CUST002078,BR018,Savings,active,NULL,,"$2,551.57",USD ,2.8209,0,12,817390651915
ACC8712339,CUST001171,BR041,Savings,Inactive,"November 15, 2020",,,GBP,5.4895,,12,266192634159
ACC7249736,CUST002586,BR046,Savings,N/A,2022-02-27,,7554.94,usd,3.5583,0,0,815152226102
ACC2671756,CUST004948,BR050,money market,Closed,2010-10-10,09/01/2016,1044.78,USD ,0.5372,250,12,593804445564
ACC8609035,CUST003601,,business,Inactive,17/05/2015,23-11-23,6800.65,$,0.3322,250,5,755573021712
ACC4089933,CUST001956,BR019,Business,active,2000-11-06,12/10/2018,1071.03,usd,0.4264,100,25,912963833055
ACC2252902,CUST000866,BR043,Money Market,Suspended,"September 10, 2002",25/05/2012,4517.52,$,4.5843,100,5,393266280970
ACC7137921,CUST001093,BR043,Savings,Suspended,21/03/2010,,,,0.6145,1000,25,981358799451
ACC9948429,CUST001267,BR045,Money Market,CLOSED,17/12/2004,22/08/2022,48723.0,USD ,3.9372,,10,513515085690
ACC9069422,CUST001024,BR005,Saving,Suspended,06/01/2005,,"5010,74",EUR,2.9096,500,25,445520589091
ACC5059293,CUST003696,BR037,sav,ACTIVE,99/99/9999,,982.39,GBP,2.3457,,10,945142803540
ACC6156354,CUST003050,BR045,Business,open,18-07-23,,777.37,EUR,1.1492,50000,25,855765485877
ACC9570166,CUST004098,BR040,Savings,active,26-05-2009,,"$1,774.68",$,2.0816,250,0,381907939966
ACC7541869,CUST002413,BR023,Business,Open,11/19/2006,"October 17, 2013",,USD,,500,5,384690444006
ACC4216943,CUST002362,BR007,Money Market,CLOSED,02/22/2006,,,US Dollar,2.6462,0,10,390039728708
ACC8221338,CUST002234,BR009,Business,Closed,"April 02, 2015",,811.7,,,250,15,874031279997
ACC5417098,CUST003302,BR006,sav,CLOSED,2003-12-26,,40.01,US Dollar,2.1747,,0,574914422462
ACC2020019,CUST003430,BR013,Business,CLOSED,08-05-23,,2551.93,$,5.2221,100,15,531991564041
ACC1181181,CUST004484,BR026,Savings,open,08/05/2010,,2238.98,GBP,2.5546,1000,12,642386566246
ACC7496515,CUST002188,BR033,Business,open,25/11/2010,,1065.6,USD,4.5158,250,15,755169229441
ACC2737135,CUST003989,BR024,money market,N/A,02-08-29,,220.58,$,3.9228,100,12,213610585191
ACC7659445,CUST004840,BR030,Money Market,Suspended,17-12-2022,,2243.26,USD ,2.1831,250,15,297742163730
ACC2378427,CUST003614,BR017,Checking,Suspended,04/30/2012,,6208.55,$,1.105,250,25,965988823967
ACC4907941,CUST003363,BR043,business,Frozen,09/06/2013,12/01/2016,5025.03,EUR,3.9089,250,0,131794873990
ACC6073863,CUST000982,BR018,Money Market,Active,19-12-2005,,USD 7887.23,USD ,1.4536,250,12,013497857423
ACC4953952,CUST003842,BR031,Saving Acct,N/A,,"February 08, 2020",-38.52,USD ,1.9532,,25,306948971692
ACC4445544,CUST004785,BR027,Checking,active,28-11-2005,,13575.22,,0.5368,USD 500.00,0,954639428613
ACC3038261,,BR039,BUS,closed,99/99/9999,,,USD,1.3962,100,12,566378932987
ACC4668838,CUST004718,BR038,Business,open,"March 17, 2016",,18583.05,USD,4.9108,250,25,257719036674
ACC9833338,CUST002326,BR004,MM,N/A,04-08-29,,1164.72,usd,0.3786,500,15,850796703613
ACC2649012,CUST002002,BR003,Savings,Frozen,"October 09, 2004",,-2551.13,usd,1.9344,0,0,118784437520
ACC1952840,CUST002785,BR016,BUS,ACTIVE,04/06/2021,2023-01-28,1747.38,,3.7815,100,15,709718664785
ACC5581994,CUST001758,BR032,BUS,N/A,01-06-2002,,1758.74,usd,5.3223,1000,15,281723495733
ACC1753413,CUST000367,BR031,MONEY MARKET,Active,27/09/2015,,USD 7387.79,$,0.06,1000,10,189018704906
ACC5289280,CUST001897,BR031,Business,active,,,,,4.6812,1000,5,981180193193
ACC6549906,CUST003025,BR030,Current Acct,ACTIVE,22-01-2022,,19389.7,$,2.9804,1000,10,075563454048
ACC3348614,CUST000341,BR026,Business,closed,99/99/9999,,3802.65,USD ,4.2491,1000,25,549006619284
ACC1704072,CUST003582,BR025,money market,Suspended,06/14/2019,,2488.94,GBP,0.2323,250,10,832137145053
ACC5666833,CUST000094,BR009,savings,Active,03-02-19,,377.57,$,1.1035,500,25,485563185074
ACC8895341,CUST002389,BR012,Savings,Inactive,14-06-2010,,22690.79,$,3.5976,100,15,175728966287
ACC9528883,CUST002963,BR024,Business,ACTIVE,01-12-2002,,"$3,207.66",GBP,2.792,,10,926514818632
ACC3629086,CUST002538,BR010,BUS,open,2019-07-11,,4822.26,usd,2.9315,250,0,478639708085
ACC8183673,CUST002504,BR039,Checkng,ACTIVE,"April 26, 2002",,2088.51,$,0.8577,1000,5,083589729419
ACC3112961,CUST000556,BR006,check,ACTIVE,2012-02-06,,3173.78,$,5.4266,0,12,528922288934
ACC2525355,CUST004054,BR025,Money Market,Open,04-11-2019,,11429.29,,2.1563,1000,5,815506028966
ACC3351971,CUST001492,BR020,CHK,CLOSED,25/05/2009,,728.1,,1.9175,1000,10,091346907424
ACC8360711,CUST002040,BR040,Savings,ACTIVE,05/22/2007,,USD 1383.35,GBP,4.6288,500,25,909356621570
ACC5583919,CUST004037,BR046,svgs,open,99/99/9999,,659.78,GBP,3.5079,500,5,997977838964
ACC9718371,CUST003703,BR004,MoneyMarket,Closed,15-09-2007,,6285.02,usd,1.1745,0,5,273555990293
ACC5858091,CUST002993,BR012,Savings,Frozen,09/04/2009,2015-07-31,256.21,USD ,2.1008,0,0,809633553345
ACC1782126,CUST004318,BR031,Savings,CLOSED,13-02-19,,340.63,GBP,0.9988,100,10,501602318766
ACC5402598,CUST003211,BR028,Money Market,CLOSED,,,1418.1,USD,1.6213,500,12,214513834154
ACC2579665,CUST000970,BR002,CHECKING,Inactive,29-01-2003,,2887.74,EUR,0.4721,,0,266411207094
ACC8587874,CUST001833,BR050,Saving,ACTIVE,99/99/9999,,2085.35,usd,2.1593,500,12,027032503258
ACC1450269,CUST004097,BR043,Business,CLOSED,"February 27, 2011",,183.41,GBP,0.6909,250,12,467214861358
ACC6204704,CUST004690,BR007,money mkt,Suspended,10/27/2010,NULL,12632.21,USD ,5.1573,0,15,431324912069
ACC8361397,CUST003688,BR030,Checking,CLOSED,09/07/2001,,12219.34,GBP,4.423,$500.00,12,541933900090
ACC8550562,CUST002762,BR021,money mkt,Suspended,02/06/2012,,1310.44,,4.3831,1000,15,467433448634
ACC3365741,CUST000279,BR040,Current Acct,closed,27/11/2006,,5260.0,USD,,500,12,269823048749
ACC9982006,CUST001069,BR002,check,CLOSED,2018-07-18,,USD 3456.46,$,5.2368,,0,326795462485
ACC4913698,CUST004790,,Business,N/A,19/12/2009,,1084.49,usd,3.5416,1000,5,787017216267
ACC9805621,CUST000212,BR006,Money Market,Suspended,,,,usd,1.1964,1000,15,996714947691
ACC7241520,CUST003210,BR017,Checking,open,08-09-2002,,2702.43,US Dollar,1.0695,0,25,811875311569
ACC2251029,CUST002220,BR002,Savings,ACTIVE,09-08-2021,01-10-2021,2173.65,,2.0736,100,0,306465448248
ACC9429886,CUST003421,BR048,Savings,Frozen,2017-12-06,,"1376,89",$,0.535,1000,25,063797356757
ACC5541923,CUST003583,BR035,Checking,Closed,99/99/9999,,6590.88,GBP,2.9373,100,10,113183169168
ACC9308115,CUST002852,BR013,Money Market,ACTIVE,"March 20, 2015",,2626.97,USD,2.9838,,12,573167570268
ACC9869623,CUST001001,BR002,MONEY MARKET,active,06/29/2015,,4255.08,EUR,0.4338,250,15,970836447060
ACC6339406,CUST001949,BR034,CHK,ACTIVE,99/99/9999,15-03-2022,839.3,EUR,0.9481,1000,15,950350390746
ACC2932317,CUST000121,BR002,Money Market,active,04/28/2008,2013-01-26,3050.05,USD,1.8631,250,12,155448795762
ACC4050344,CUST001480,BR031,Checking,ACTIVE,2013-05-29,,"1530,76",USD,2.4042,1000,0,935055295329
ACC3175993,CUST001699,BR028,BUS,ACTIVE,"June 18, 2013",22-09-08,2989.68,$,0.4462,$0.00,15,364509941155
ACC4506706,CUST003485,BR049,Biz,Suspended,05-08-11,,"$6,071.55",GBP,5.3036,,0,945548076316
ACC5658247,CUST001270,BR021,Business,closed,99/99/9999,,,USD,1.2335,500,15,703862336606
ACC4216493,CUST003486,BR046,Savings,Closed,"January 16, 2013",2023-05-28,1749.19,US Dollar,1.7311,0,25,413264212893
ACC5598924,CUST001858,BR034,Savings,CLOSED,2013-12-02,,4740.3,usd,0.5716,250,12,010883318769
ACC6226540,CUST003398,BR007,Money Market,Closed,"March 23, 2021",,11340.58,GBP,3.8032,500,0,973459110494
ACC4051206,CUST002564,BR008,Savings,active,04/25/2002,,-3930.46,usd,4.2826,100,5,698194283491
ACC3375823,CUST001847,BR034,Money Market,Frozen,09/16/2023,,642.6,US Dollar,5.0117,0,25,851955086596
ACC6219933,CUST003013,BR048,Chequing,Inactive,06-08-16,,4554.1,US Dollar,5.264,100,25,813230866613
ACC1874346,,BR024,money market,Closed,,,443.3,USD,1.0349,0,5,050063361276
ACC7195495,CUST001362,BR026,Savings,ACTIVE,13/07/2006,,8226.35,USD ,3.8901,1000,15,621590291839
ACC7141673,CUST004957,,money mkt,open,05/19/2017,02/14/2021,2908.14,US Dollar,1.8496,100,10,353947124096
ACC6637301,CUST002620,BR038,Business,CLOSED,06/30/2011,,1945.45,US Dollar,2.8086,100,5,616466804710
ACC1948668,CUST000573,BR048,Checking,Open,99/99/9999,"December 10, 2020",234.78,EUR,1.7672,250,25,628071275086
ACC3308385,CUST000033,BR025,Money Market,Inactive,"March 04, 2000",,1917.2,EUR,4.251,25000,15,787446032814
ACC2920739,CUST003950,BR036,Checking,Inactive,99/99/9999,12/01/2014,9340.71,GBP,3.8959,250,15,082098159352
ACC4782987,CUST002483,BR045,Money Market,N/A,31-10-2023,,84.83,EUR,2.1459,250,0,697614896058
ACC5816064,CUST003181,BR024,CHK,active,04-05-30,"September 28, 2008",2574.75,,0.9307,100,15,113375341949
ACC3961915,CUST003770,BR037,Saving,Open,06/13/2006,,10703.77,US Dollar,0.8135,1000,0,032977620198
ACC6209919,CUST000500,BR048,Checkng,closed,"October 03, 2013",,2009.06,,0.4909,100,5,494203293750
ACC5133354,CUST003754,BR047,business,Closed,2022-10-13,,2235.69,EUR,1.882,0,12,494355062018
ACC6800789,CUST003933,BR040,Saving,CLOSED,08/14/2006,,3456.31,usd,0.2783,1000,10,332017201184
ACC2083550,CUST003162,BR048,Checkng,Suspended,08-12-13,,2486.56,$,2.0363,250,25,281523721385
ACC5819749,CUST004347,BR035,Money Market,Frozen,"March 14, 2010",,738.59,EUR,0.4739,,0,719653785481
ACC9340411,CUST002314,BR016,Checking,closed,02/06/2000,,74.92,US Dollar,5.4483,1000,15,493877963424
ACC2151553,CUST000961,BR050,business acct,Frozen,08-11-23,,3764.5,$,1.4369,0,0,499873952667
ACC4982983,,BR012,Savings,Frozen,21-10-2005,,1014345.0000000001,usd,0.8545,,5,125405739564
ACC8053304,CUST000032,BR041,Savings,open,20-05-27,,449.83,$,0.5986,250,12,965515952689
ACC9717178,CUST002262,BR039,Business,Suspended,99/99/9999,,947.72,USD,4.0909,,25,378509257014
ACC5652441,CUST001041,BR050,Savings,ACTIVE,11/14/2017,,1849.6,$,2.9985,100,15,114635457090
ACC8788708,,BR024,Money Market,Active,2013-02-18,,6616.53,US Dollar,4.1214,0,15,845559634601
ACC9076907,CUST003378,BR013,Money Market,N/A,19-04-2023,99/99/9999,1254.79,GBP,1.8548,250,5,168973519154
ACC8471101,CUST003541,BR023,Money Market,CLOSED,"January 20, 2022",30-09-2023,8550.13,USD,1.3393,1000,5,851251321491
ACC4500519,CUST002713,BR037,Business,Inactive,2004-10-12,,USD 226.10,US Dollar,4.3771,100000,15,081741630114
ACC3591880,CUST000731,BR043,savings,Suspended,"February 14, 2023",,11317.93,GBP,1.9273,0,15,766469383190
ACC1748138,CUST001784,BR039,Business,Suspended,05/02/2008,23/04/2021,3290.72,USD,3.9088,0,0,453594979969
ACC9924991,CUST004726,BR039,Savings,Open,99/99/9999,,4300.88,USD,,1000,0,472523219368
ACC7079789,CUST004139,BR013,Business,Suspended,11-12-13,,1833.5,$,2.6445,,25,779009313938
ACC5447364,CUST004710,BR001,Money Market,Active,"November 16, 2015",,6092.94,$,4.9795,500,15,340026992754
ACC1316535,CUST002596,BR027,Savings,CLOSED,25-12-2002,,728.8,usd,5.1605,0,0,278062736813
ACC5896762,CUST004348,BR036,checking,ACTIVE,"August 14, 2000",,200.59,,,100,25,941873560405
ACC6544695,CUST002762,BR045,Chequing,Open,15-06-25,,2013.53,GBP,0.6204,1000,10,131503566825
ACC2821179,CUST003275,BR008,Buisness,Inactive,24-08-2007,,7688.27,usd,2.3262,0,12,297068418405
ACC7664271,CUST000445,BR011,Checking,Active,07/11/2010,,5624.79,usd,3.085,500,10,939180362184
ACC7318496,CUST003363,BR040,svgs,Inactive,19-08-2015,,2912.25,$,,50000,10,034603083497
ACC3047266,CUST004232,BR021,Savings,Open,28-02-2013,,3395.82,USD,3.8281,0,0,582873348354
ACC5794129,CUST004263,BR050,Checkng,Inactive,2022-03-12,23-02-15,"556,56",EUR,0.0672,100,10,738684927198
ACC5235360,CUST004366,BR010,Savings,open,18-12-2019,,7347.4,USD,4.5247,,0,292315285778
ACC3260467,CUST002758,BR032,Business,Active,13-02-2002,,6185.1,US Dollar,0.8245,,10,724581733692
ACC6806108,CUST001059,BR038,Checking,N/A,2007-12-07,29/01/2013,4273.93,US Dollar,3.1924,1000,5,001622698314
ACC4843004,CUST000499,,Checking,closed,"March 17, 2021",,2510.87,,1.4548,500,10,095244008119
ACC3305918,CUST003234,BR004,SAV,Open,23-08-04,,13348.3,,4.6629,250,10,717183741060
ACC1151302,CUST004671,BR012,MONEY MARKET,Suspended,2006-10-03,,8448.92,usd,1.8473,100,0,791073599042
ACC2242379,CUST004954,BR015,Buisness,closed,17/07/2017,,4136.14,USD,,100,25,632987867303
ACC5074014,CUST004531,BR040,Business,Open,06-08-2009,,1859.59,,0.4786,0,25,136241762489
ACC2695057,CUST000939,BR003,Business,ACTIVE,"January 29, 2022",,3849.57,USD,3.1407,1000,0,124514262303
ACC8501305,CUST002196,,Biz,closed,,,3426.82,usd,2.4997,,0,861748915727
ACC9519870,CUST001675,BR025,Savings,open,NULL,,2005.1,EUR,0.6285,500,5,930026178773
ACC4331635,CUST001956,BR042,Money Market,Active,30/07/2011,,USD 1465.02,$,2.1551,500,15,087668338001
ACC2225736,CUST000895,BR044,svgs,Active,26-01-2018,,2090.32,USD,3.2245,$100.00,15,647482029598
ACC8038447,CUST003149,BR049,Checking,Inactive,09/05/2022,,3412.43,US Dollar,5.2485,0,0,121086372858
ACC1121829,CUST000364,BR018,Money Market,Open,10-10-2009,15-06-2023,,usd,0.5809,USD 0.00,5,771624541957
ACC7832792,CUST002506,BR009,Money Market,ACTIVE,2000-03-06,2010-12-30,,usd,3.6262,,5,861251819657
