customer_id,first_name,last_name,date_of_birth,gender,email,phone,address,city,state,zip_code,annual_income,occupation,credit_score,customer_since,branch_id,is_high_risk,kyc_status,nationality,referral_source
CUST000001,Manuel,Garcia,,F,marksteele@example.com,196-880-7154,85977 James Plaza,West Samuel,UT,64033,87385.0,Teacher,416,2002-12-06,BR037,1,Not Verified,British Virgin Islands,Branch
CUST000002,Anthony,  Mccoy,90-01-24,F,jennifercollins@example.org,166-163-1712,7378 Patrick Rapid Apt. 146,Sarahhaven,KY,00837,65160.75,,598,"June 18, 2001",BR015,1,VERIFIED,Finland,N/A
CUST000003,Jessica,monroe,02-03-1960,M,cgrimes@example.net,8552886753,766 Tyler Camp Apt. 895,Port Meganville,NC,60391,"$92,669.10",Designer,534 pts,2000-12-05,BR012,False,pending,American Samoa,Referral
CUST000004,Jennifer,Ortiz,07/06/1992,F,charlesharrington@example.com,6965158657,1172 Berger Cape,Lauraport,MI,49632,123306.04,Engineer,723,07/06/2002,BR004,FALSE,verified,Jersey,Walk-in
CUST000005,Dustin,Schmidt,79-04-22,F,georgemiller@example.com,(163) 749-2374,5946 Bryant Hollow,South Melissa,CT,31592,61804.63,Contractor,820,"February 14, 2006",BR033,1,Verified,Hong Kong,Walk-in
CUST000006,Ashley,Andrews,27-08-1992,F,andrew64@example.org,001.509.6743,104 Johnson Lakes,North Renee,MD,98474,61805.21,Lawyer,814 pts,14-11-22,BR001,TRUE,,Israel,Referral
CUST000007,  Gregory,Anderson,46-09-17,F,alyssa42@example.com,,5496 Rodriguez Fort,,NJ,03781,125272.45,Nurse,329,"January 23, 2002",BR034,True,Pending,Niger,Branch
CUST000008,  Nicole,Hoffman  ,"September 05, 1994",F,deborahreid@example.com,+10014468120,8692 Pena Village Suite 964,Lake Mitchellmouth,NV,31448,96860.22,Nurse,602,99/99/9999,BR026,1,Verified,Timor-Leste,Online
CUST000009,Michael,Pollard,05/27/1994,F,amy50@example.com,+15313713900,335 Kristina Ranch,West Micheleberg,DC,71308,53568.4,Accountant,674,"October 24, 2023",BR019,0,Not Verified,El Salvador,Branch
CUST000010,Lauren,Rodriguez,"August 17, 1952",m,  andersonmichael@example.org  ,+1-001-350-3240,5891 Gordon Ridges Apt. 847,North Yolandafurt,NE,90429,88989.6,Officer,775,2013-07-22,BR032,No,Not Verified,Botswana,N/A
CUST000011,Tracy,Browning,03/03/1952,F,lammarc@example.org,,18367 Robert Views Suite 661,Ronaldview,MN,20507,53780.38,Driver,425,2020-05-25,BR022,FALSE,Pending,Poland,Marketing
CUST000012,Sandra,Jones,NULL,M,daviscolin@example.net,+12286098851,1983 Diane Fork Apt. 585,Port Joshuabury,AS,56745,53699.46,Lawyer,365,"May 12, 2021",BR040,Yes,verified,Tanzania,Online
CUST000013,Ann,Saunders,45-06-16,Female,lynchdiane@example.net,000-000-0000,83667 Moore Inlet,Kimberlyshire,PA,11636,78468.68,Contractor,762,01/04/2010,BR028,0,verified,Turks and Caicos Islands,Referral
CUST000014,Brian,MOORE,2001-08-13,F,craigjoseph@example.net,+1-979-676-4381,69003 Dougherty Trafficway,Port Jonathan,MD,16227,3035.19,Self-Employed,529,08-11-2004,BR028,,Verified,Albania,Walk-in
CUST000015,Tyler,Jordan,06/08/1942,M,omarpadilla@example.net,175-186-0607,641 Smith Islands Apt. 975,South Meganbury,NE,77685,9627.88,Lawyer,383,"March 16, 2012",BR049,,Not Verified,Iran,Branch
CUST000016,alexandria,Foster,,F,julie35@example.org,+15813883552,3292 Gregory Trail,Marshallshire,WV,76453,50319.94,Driver,343,99/99/9999,BR021,True,,Kiribati,ONLINE
CUST000017,Erin,  Macias,"December 21, 1965",M,michelle52@example.com,N/A,0054 Deanna Walk Apt. 998,Fordside,WY,97352,34550.91,Driver,451,08/07/2010,BR042,No,Pending,Ukraine,branch
CUST000018,Blake,Stout,15-08-1981,F,marcalvarez@example.org,9719518203,5466 Shelton Center,Cameronville,OH,89417,"$80,998.66",Developer,392,29/09/2022,BR029,FALSE,N/A,Hungary,N/A
CUST000019,Justin,Cummings,1953-07-14,MALE,mathewaguilar@example.org,000-000-0000,54235 Lee Dam Apt. 141,Lake Matthewberg,PA,49878,38219.16,Nurse,558,29-09-2006,BR042,True,Pending,Cape Verde,Branch
CUST000020,francis,Guerra,67-10-10,0,jenniferwilliams@example.com,+1-193-799-4738,,Kimberlyhaven,NC,55375,20569.37,Self-Employed,839,01-09-10,BR011,TRUE,Pending,Central African Republic,Online
CUST000021,Lisa  ,Solis,11/10/1976,F,moniquewilliams@example.com,,5060 Shaw Freeway,Vangstad,IN,04195,121297.71,Manager,556,2002-05-04,BR034,No,verified,Ghana,Referral
CUST000022,Sarah  ,combs,"June 21, 1964",f,lacey20@example.com,N/A,41036 Brown Villages Suite 980,Lake Douglas,ZZ,00706,62097.83,Lawyer,305,99/99/9999,BR010,,,Nicaragua,Walk-in
CUST000023,Michael,Duncan,61-04-26,F,elizabethmiller@example.com,288.888.8067,0515 Jessica Road Apt. 952,West Amyburgh,US,90243,72363.49,Self-Employed,320,07-07-2017,BR002,0,Not Verified,Kyrgyz Republic,Branch
CUST000024,Tina,Mendoza,15/03/1992,F,lisabrown@example.com,+18439030548,34505 Martinez Land Suite 676,Terrifort,UT,65712,,Teacher,707,27-03-2021,BR004,0,verified,Heard Island and McDonald Islands,online
CUST000025,Sandra,Stone,79-03-15,F,acostachristian@example.net,(984) 851-1544,757 Jessica Knoll,Hillton,CA,88474,50946.6,Retired,661,2019-07-06,BR026,0,Pending,Northern Mariana Islands,Referral
CUST000026,Richard,Palmer,07/04/1994,F,stephaniethomas@example.net,+1-177-072-1355,92856 Banks Gateway Apt. 027,Mcintyreville,KS,34617,73882.29,Contractor,756,"August 16, 2009",BR009,No,pending,Romania,branch
CUST000027,Sean,Davies,16/11/1947,F,heather73@example.org,+1-617-627-1551,258 David Flats,East Kristy,AK,47804,"$29,715.22",Driver,432,"November 13, 2003",BR050,True,Not Verified,Micronesia,online
CUST000028,Ashley,Mcdonald,08/17/1997,M,cherylmiller@example.com,778-466-9125,68018 Kevin Estates,Sarahbury,MI,68513,83149.43,Manager,428,13-08-01,BR010,TRUE,N/A,Ukraine,
CUST000029,Justin,Miller,43-09-11,M,cynthiapierce@example.org,000-000-0000,09439 Montgomery Burgs,Smallside,LA,84637,48977.65,Manager,626,15-06-29,BR016,False,Not Verified,Zimbabwe,Marketing
CUST000030,Kevin,Sanchez,21-08-1952,M,eevans@example.net,427.767.7359,562 Robertson Coves Suite 371,Shannonberg,CT,07133,"$59,790.72",Self-Employed,661,08/03/2002,BR019,,Verified,French Guiana,ONLINE
CUST000031,Sonia,Lin,52-01-06,FEMALE,kwright@example.com,000-000-0000,8733 Williams Haven,Harperfort,LA,70846,48940.27,Manager,341,99/99/9999,BR031,,pending,Algeria,N/A
CUST000032,Melanie  ,Jordan,52-07-16,F,jessica65@example.org,6093835841,65585 James Pass,,MO,66047,134829.74,Analyst,533,02-04-21,BR025,TRUE,VERIFIED,,Branch
CUST000033,Billy,Williams,"February 11, 1957",M,linda87@example.org,198-265-9526,55169 Robles Stream Apt. 974,Lake Brett,NJ,22850,69527.6,Analyst,552,07-07-2012,BR046,FALSE,pending,Malta,online
CUST000034,Cristina,Harvey,04/14/1990,female,rhernandez@example.org,(891) 530-7562,970 April Points Suite 786,Suemouth,PW,70379,32980.12,Clerk,843,14/02/2010,BR044,TRUE,Verified,Guam,Referral
CUST000035,Amy,Lowe,07/03/1976,F,chelsea33@example.com,174-364-4375,98665 Kelly Heights Apt. 574,Lewisside,KY,74165,98789.07,Developer,409 pts,"January 11, 2015",BR009,,pending,Qatar,Branch
CUST000036,Joseph,Rodriguez,99/99/9999,M,johnsantiago@example.net,230.416.5712,773 Morris Rue Apt. 193,East Robertburgh,PW,05264,27270.47,Sales Rep,0,10-07-25,BR001,1,N/A,Taiwan,Online
CUST000037,Randy,Simpson,1999-11-29,M,nancy04@example.net,+1-151-534-7887,74205 Bradley Throughway Apt. 296,Robertsonland,MO,88221,77310.23,Manager,383,23-07-28,BR036,,VERIFIED,Bhutan,Referral
CUST000038,Jack,Taylor,"October 05, 1954",F,shari04@example.com,000-000-0000,174 Richard Parkway,Hannahport,MN,81061,"$1,411.55",Engineer,346,2019-01-02,BR031,Yes,verified,Cyprus,Referral
CUST000039,Jeffrey,Anderson,21/07/1997,F,  spencerzhang@example.com  ,+1-387-283-3918,822 Bond Mills,Lake Jamieshire,NM,12420,23513.49,Consultant,553,29/08/2020,BR003,True,Verified,United Arab Emirates,Branch
CUST000040,William,Stokes,49-01-19,M,aanderson@example.com,0015083740,5180 Valerie Mountains,West Robertberg,WI,84586,76890.14,Consultant,479,01/03/2019,BR034,0,,Saint Lucia,Walk-in
CUST000041,Debbie,Fisher,1973-10-09,M,ywest@example.com,000-000-0000,47868 Morrow Gateway,Reedview,ID,95531,95846.33,Chef,374,06/09/2008,BR022,1,Verified,Serbia,Marketing
CUST000042,Daniel,Pacheco,11-07-1950,F,bmendez@example.org,+1-211-890-7903,83028 Young Street Suite 995,West Nancy,TN,68822,75997.89,Teacher,449,"September 22, 2000",BR013,0,VERIFIED,Cyprus,Marketing
CUST000043,Robert,Hill,17-10-1984,0,conniesimmons@example.com,+18564856624,34270 Faulkner Point Apt. 634,West Deborah,NV,49138,,Teacher,536,,BR024,Yes,pending,Bermuda,Online
CUST000044,Amanda,Calderon,"November 15, 2021",F,adamsemily@example.net,(613) 298-3735,17393 Herman Plaza,Kimberlyfurt,NH,70447,59461.37,Sales Rep,382,2001-06-03,BR045,TRUE,Not Verified,Pakistan,ONLINE
CUST000045,Michael,  Green,09/11/1997,F,zowens@example.net,853-655-6093,53693 Pierce Spur,Jonathanfort,VA,84609,"18251,73",Lawyer,707,"June 14, 2003",BR035,0,,Saint Vincent and the Grenadines,Referral
CUST000046,Tracy,Jackson  ,01-11-03,M,gary87@example.org,+1-150-830-1006,,North Jeffery,NH,49417,44805.45,Officer,375,09/06/2003,BR021,0,Not Verified,Bahamas,Walk-in
CUST000047,CHRISTINE,Estrada  ,1979-11-25,F,bhopkinsATexample.org,+1-128-680-0848,18233 Ochoa Grove,,WY,52523,53877.64,Accountant,804,"July 18, 2006",BR024,1,VERIFIED,Belgium,branch
CUST000048,NATHAN,Sullivan,09-04-1993,M,veronicaperez@example.net,+12014666870,6591 Jerry Ways,Nelsonland,TX,37250,106999.28,Sales Rep,702,16-05-16,BR050,,Verified,United Arab Emirates,branch
CUST000049,Amy,Barrett,20/07/2003,M,sarahedwards@example.org,+10018267142,218 Brown Mews Apt. 159,Novakmouth,AK,83616,82026.64,Driver,387,26/11/2004,BR037,True,N/A,Faroe Islands,ONLINE
CUST000050,Kristen,Hayes,"July 03, 1949",M,michaelpugh@example.com,000-000-0000,265 Rodriguez Avenue Suite 754,East Christopherchester,NV,73506,8293.59,Manager,399,2019-08-27,BR008,Yes,N/A,Moldova,Referral
CUST000051,William  ,Garcia,18/11/1961,M,gomezchristopher@example.net,460.646.6183,7212 Hill Hills Suite 154,Lake Colleen,XX,81329,81342.94,Designer,801,"September 03, 2023",BR023,0,pending,Congo,Walk-in
CUST000052,stephen,taylor,95-02-16,MALE,rushmartin@example.net,,7935 Ramirez Turnpike Suite 519,New Wendy,HI,89854,56522.12,Driver,499,22/03/2017,BR046,False,pending,Seychelles,
CUST000053,  Andrea,Benton,42-10-08,M,nhahn@example.com,9168724342,058 Daniel Gateway Suite 290,Rasmussenmouth,WY,56921,,Contractor,553,2013-05-09,BR008,FALSE,VERIFIED,Botswana,
CUST000054,Alex,Green,2001-10-28,F,seanmyers@example.net,000-000-0000,4573 Bailey Court,Bowenmouth,MD,09305,91408.67,Consultant,429,14/12/2005,BR010,1,,French Southern Territories,Branch
CUST000055,Bradley,Page,96-11-04,1,sweeneydeborahATexample.net,,226 Johnson Ridges Apt. 796,Smithborough,IL,36984,106084.98,Contractor,796,02/06/2015,BR030,Yes,Not Verified,Sao Tome and Principe,Referral
CUST000056,Jane,Flynn,06-08-2019,female,lloydamanda@example.com,+1-737-714-7859,249 Emily Island Apt. 341,West Heather,ny,51417,10259480.0,Lawyer,755,99/99/9999,BR008,True,Pending,Italy,Marketing
CUST000057,Candace,Andrews,05/14/1974,M,olopez@example.net,(001) 728-2274,36887 Cohen Mall Suite 721,,OK,04545,40627.39,Doctor,426,03/23/2017,BR006,FALSE,verified,South Africa,Online
CUST000058,Kathleen,Carter  ,01/25/1999,F,JEFFREY42@EXAMPLE.COM,,361 Kenneth Bypass Suite 451,Grimesville,WI,00000,59177.57,Accountant,374,,BR004,True,verified,Sudan,N/A
CUST000059,  Joel,Cochran,04/08/1977,F,michelle96@example.org,+1-172-363-0958,481 Sydney Turnpike Suite 042,East Dustin,MD,32948,81594.22,Consultant,356,2013-11-15,BR045,Yes,Pending,Senegal,online
CUST000060,Megan,Long,02-12-1986,F,barbaraadams@example.com,(371) 916-8457,86363 Adams Village Suite 589,New Melissa,WY,45555,104144.08,Clerk,821,"February 12, 2000",BR010,TRUE,Verified,Uganda,ONLINE
CUST000061,Felicia,Williams,1960-02-21,f,simsmary@example.org,N/A,541 Beck Run,North Randy,ME,95657,USD 53228.90,Clerk,548,10/22/2020,BR035,FALSE,Pending,,ONLINE
CUST000062,Holly,Young,99/99/9999,M,padillaaaron@example.com,N/A,1361 Dakota Land,Derrickberg,SD,89254,63501.94,Sales Rep,681,07/25/2020,BR026,No,Verified,Cambodia,Referral
CUST000063,Casey,Elliott,03/29/1961,Female,  scottbowen@example.net  ,(001) 826-7973,41389 Maxwell Spurs,Port Melanieport,IL,68363,31278.28,Accountant,341,08/23/2009,BR026,,Verified,New Caledonia,Walk-in
CUST000064,William,Adkins,08/07/1955,M,debbie37@example.com,437.891.8055,8271 Brenda Bridge Suite 300,Hunterhaven,WI,54952,28132.77,Retired,639,05-06-30,BR047,True,pending,,ONLINE
CUST000065,Rodney,Morales,03/07/1955,FEMALE,joshuacollins@example.net,,61799 Kyle Streets,North Alexander,DC,92447,98438.4,Driver,652,22-07-15,BR050,1,Verified,Algeria,branch
CUST000066,Frank,Benton,01/07/1987,Female,gary24@example.net,N/A,507 Michael Glens Apt. 913,North Micheletown,IA,06527,117468.4,Clerk,492,2022-01-29,BR015,Yes,pending,,
CUST000067,Thomas,Reyes,,M,haroldhorne@example.org,(176) 335-3654,38061 Cline Trail,Markside,NH,01545,67479.65,Consultant,624,07-10-25,BR015,TRUE,,Heard Island and McDonald Islands,Walk-in
CUST000068,James,Elliott,1951-06-04,male,jodi37@example.com,001.573.7832,0641 Alyssa Freeway,Vasquezton,FL,93778,105123.65,Designer,555,2003-01-15,BR047,True,Pending,Fiji,branch
CUST000069,Christopher  ,Morse,"December 22, 1973",F,xhaynes@example.com,+1-001-519-6182,6557 Hall Flats Apt. 912,East Shannonmouth,MT,16326,82657.26,Student,468,06/23/2019,BR036,,verified,Mauritania,Walk-in
CUST000070,Michael,Townsend,23-04-1961,M,qparker@example.org,,044 Anthony Lodge Suite 883,,CT,61061,47420.81,Doctor,679,"February 09, 2017",BR018,Yes,Pending,Bosnia and Herzegovina,Branch
CUST000071,Linda,Taylor,47-09-09,F,brownkimberly@example.org,,721 Martinez Mountain,East Sandrachester,GU,95453,"$82,648.85",Self-Employed,450,05/24/2005,BR013,TRUE,Verified,Indonesia,ONLINE
CUST000072,Tyler,Reyes,11-02-1958,M,nthompson@example.org,947-220-9993,6263 Crystal Unions,South Kimberlystad,NJ,71872,123831.28,Clerk,848,15-06-04,BR003,TRUE,verified,Slovenia,
CUST000073,Todd,durham,09-08-1994,female,paul20@example.com,,039 Kelly Villages Apt. 239,Lindastad,PW,78038,68746.09,Doctor,716,21-09-24,BR005,1,,Antarctica (the territory South of 60 deg S),N/A
CUST000074,Jade,BELL,07/01/1991,male,annalopez@example.com,000-000-0000,59325 Samantha Vista Suite 002,Port Daniel,NC,48327,124762.53,Analyst,591,03/25/2001,BR042,FALSE,VERIFIED,Barbados,ONLINE
CUST000075,Nathaniel,Mcmahon,1986-01-18,m,vwillis@example.com,6226675289,09690 Carrie Valleys,Lake Ariana,NM,18935,0,Clerk,683,05-09-2012,BR018,1,verified,Greenland,N/A
CUST000076,Julie,Young,23/07/1961,M,gary15@example.com,N/A,626 Macias Keys Suite 179,East Shannon,AS,04880,98766.59,Driver,485,13-03-06,BR012,0,Not Verified,French Polynesia,Marketing
CUST000077,Andrew,Green,20/07/1967,F,jonesgeorge@example.com,(818) 415-9970,01533 Terry Stravenue Suite 443,North Philipside,MP,64850,73046.65,Clerk,446,11-03-2014,BR012,0,Verified,,Walk-in
CUST000078,Eric,Ward,"October 14, 1958",M,qmiller@example.net,187-391-0324,,Jacobsonview,CO,00000,59534.74,Driver,815,24-09-2013,BR034,,N/A,Norway,Referral
CUST000079,Amy,Lopez,30/09/1970,f,cwood@example.org,+1-877-543-4902,8687 Thomas Common,Orrton,NY,75371,73211.63,Teacher,689,17/07/2005,BR001,1,,United Arab Emirates,N/A
CUST000080,Zachary,Duncan,"March 21, 1964",Male,davidtodd@example.org,000-000-0000,116 Arnold Walks Suite 870,Rodriguezberg,FL,74765,435.09,,805,09/09/2006,BR017,FALSE,pending,Namibia,Walk-in
CUST000081,Brandi,Hanna,"September 11, 1963",F,buckleyannaATexample.org,885-464-6799,,Williamsmouth,UT,31640,62311.48,Nurse,578,04/20/2017,BR045,Yes,Pending,Australia,
CUST000082,Julie,Mccall,99/99/9999,F,andrew44@example.com,+15138247546,508 Cameron Station Suite 289,East Jamesborough,MP,08054,USD 82498.94,Self-Employed,529,"March 05, 2015",BR016,False,N/A,Egypt,ONLINE
CUST000083,Antonio,Williams,09-07-2013,male,N/A,761.403.5797,140 Williams Walk Apt. 333,Denisehaven,AK,89918,121726.29,Engineer,300,04-01-29,BR042,False,N/A,Algeria,Online
CUST000084,Thomas,Anderson,1959-12-31,F,carolynsmith@example.com,+1-184-436-6574,589 Evans Coves,Brownview,SC,43117,51860.54,Consultant,492,06/01/2005,BR007,True,Verified,Tokelau,
CUST000085,Joshua,Douglas,,F,jacob83@example.org,N/A,875 Bruce Ville,West Connor,DC,97614,41702.72,Designer,554,04/09/2012,BR039,,verified,Eritrea,N/A
CUST000086,Jessica,Hansen,02/29/1968,M,staceylam@example.net,+1-635-934-6554,0999 Thomas Fields,Port Erinhaven,ME,54647,52438.5,Consultant,325,01/31/2017,BR044,1,Pending,Austria,Walk-in
CUST000087,Monica,Hernandez,20/04/1958,M,matthewbenitez@example.com,2529175250,29271 Christina Roads Suite 667,Smithside,ID,96269,102039.07,Retired,676,10/23/2008,BR005,TRUE,Pending,Holy See (Vatican City State),Branch
CUST000088,Stephanie,  Mcclain,,M,andrewsmith@example.net,635-442-1689,44789 Hamilton Spur,West Wendy,nm,47588,81506.29,Sales Rep,817,02/24/2007,BR043,0,N/A,Sao Tome and Principe,Marketing
CUST000089,Jacob,Vaughan,99/99/9999,F,osmith@example.net,830.698.2150,010 Hannah Mall,Jamesside,KS,62681,51458.39,Driver,798,2001-12-19,BR011,,Verified,Reunion,Marketing
CUST000090,Eric,  Neal,"February 20, 2000",M,turnerdorothy@example.net,+15495926189,,Marieborough,ZZ,92701,87964.36,Chef,421 pts,99/99/9999,BR005,Yes,Not Verified,Ireland,N/A
CUST000091,KENNETH,Williams  ,07/09/1949,F,  slozano@example.com  ,N/A,7012 Melissa Lake Suite 611,North Melissaburgh,MA,47362,73397.71,Engineer,426,99/99/9999,BR035,,Not Verified,Uganda,online
CUST000092,Samuel,howell,12/30/1958,F,watsonmatthew@example.org,867-946-7621,96590 Timothy Oval Apt. 670,West Dianatown,VT,89358,103902.57,Designer,540,"June 27, 2004",BR040,1,Pending,Malta,online
CUST000093,Katrina,Ray,18/05/1968,F,tiffanysantiago@example.com,,17535 Williams Fork Suite 631,Wallaceshire,NV,12037,45428.14,Doctor,819,05/26/2001,BR036,1,pending,Togo,Referral
CUST000094,Vernon,Stewart,"October 26, 1972",F,,960.788.0199,37589 Moran Lakes Suite 113,West Michaelport,OH,68918,58531.82,Student,799,05/24/2010,BR024,True,pending,Holy See (Vatican City State),Online
CUST000095,Jacqueline,Williams,43-07-31,0,travisunderwood@example.net,(001) 361-8493,917 Barrett Parkways,South Adam,WA,06867,56276.21,Lawyer,826,05/08/2012,BR043,FALSE,,Micronesia,Branch
CUST000096,Savannah,Roberson,83-03-14,0,xglass@example.org,+10015926216,4722 Morrison Summit Suite 858,East Jason,VT,38587,USD 18776.98,Developer,782,21-08-09,BR012,,verified,Poland,online
CUST000097,Michael,chambers,09/06/1980,M,williambenson@example.com,001-315-2879,00342 Vega Drive Apt. 438,West Lisaville,RI,89043,"80364,21",Consultant,344,"October 07, 2023",BR048,No,,Saint Vincent and the Grenadines,branch
CUST000098,Anna,Walker,60-11-09,M,yyoung@example.net,N/A,347 Tonya Club,East Jill,DE,49941,79136.93,Analyst,508,18-07-15,BR017,1,N/A,Armenia,ONLINE
CUST000099,Roy,Hawkins,21-05-1952,M,eugenesingleton@example.org,372-702-5909,81826 Davis Forges,Lake Martin,ZZ,38980,70178.97,Chef,833,11/06/2012,BR029,Yes,VERIFIED,Cuba,N/A
CUST000100,Stephanie,Montgomery,08/28/1965,M,wbarajas@example.net,(715) 873-9930,4840 Robertson Pass,Tuckerport,MH,85898,61789.45,Contractor,583,10-02-24,,TRUE,,Congo,N/A
CUST000101,  Luke,Miller,29/06/1946,F,jacksonstephanie@example.net,,75011 Gregory Glen,New Lorraineview,MT,51361,USD 20462.02,Doctor,525,10-04-25,,1,VERIFIED,Korea,ONLINE
CUST000102,Crystal,Hamilton,09/06/2000,F,pricedavid@example.org,,0728 Derek Lock Suite 245,New Nancyberg,DE,05976,55277.41,Doctor,306,01-11-23,BR032,TRUE,verified,Albania,
CUST000103,Ashley,Long,99/99/9999,M,torreskaitlin@example.net,+14362822239,814 John Flat Suite 552,North Justin,CA,25863,,Chef,565,08-05-24,BR012,False,,Ghana,online
CUST000104,todd,Murphy,10/01/1972,F,heather29@example.net,756.920.5336,5478 Gregory Rest Apt. 428,West Jessica,SC,10523,41920.3,Student,348,14-11-2017,BR041,No,pending,Saint Lucia,Walk-in
CUST000105,Charles,SMITH,72-05-20,f,hessbeth@example.net,000-000-0000,78816 Shaw Shore Apt. 928,South Erik,OK,74663,64355.0,Lawyer,645,2018-12-03,BR022,FALSE,N/A,Palestinian Territory,Walk-in
CUST000106,Monica,Thomas,03-09-26,F,ccrosby@example.org,+10012732145,84498 Nicholas Lane Suite 918,Nicholasbury,NC,53695,84141.78,Student,706 pts,07/03/2023,BR025,1,VERIFIED,Guinea,Walk-in
CUST000107,Lisa,Reed,"October 04, 1979",M,aeaton@example.net,4724318432,136 Cortez Orchard Suite 739,Lake Martha,AK,32439,136016.51,Contractor,532,07-01-2004,,,Pending,Aruba,branch
CUST000108,David,Vargas,88-01-03,M,crystalwilliams@example.net,202.642.8699,79772 Maria Rapid,Port Brandi,WI,24340,76110.22,Officer,591,11/11/2023,BR008,False,pending,Nigeria,
CUST000109,  Donna,BAKER,1984-02-20,Male,,866.421.0388,79908 Christopher Shoals,New Amber,AL,89441,79014.26,Chef,496,21/03/2011,BR050,False,VERIFIED,Pakistan,Online
CUST000110,Ryan,Fisher,13-11-1957,0,,000-000-0000,09818 Nicholas Ford,Robertville,FL,56347,67394.39,Accountant,705,99/99/9999,BR045,False,Pending,Pakistan,Branch
CUST000111,Brenda,Green,25/04/1962,M,NCUNNINGHAM@EXAMPLE.COM,,137 Craig Pass,Hartmanside,RI,91865,2843.01,Teacher,601,25/12/2021,BR039,,Pending,Poland,Referral
CUST000112,Jasmine,Martin,1980-04-25,F,brockmadeline@example.com,166.121.4351,770 Melissa Unions,Jameshaven,NC,92048,69072.01,Designer,368,12/18/2001,BR013,No,Verified,Djibouti,ONLINE
CUST000113,Christina,Craig,NULL,F,john02@example.org,(665) 766-9380,3937 Andrews Green Apt. 681,New Kellyville,AS,67778,72108.06,Doctor,521,04/21/2023,BR043,FALSE,Pending,Zimbabwe,N/A
CUST000114,Jonathan,Medina,03/31/1977,M,heather69@example.com,+10017358779,804 Justin Locks Suite 182,Edwardsborough,MH,75698,156213.47,Designer,519,"October 28, 2016",BR026,Yes,Verified,Ethiopia,
CUST000115,Ian,Reese,18/06/1941,M,victorgonzalez@example.net,000-000-0000,790 Melanie Landing,Travisshire,VI,36510,63267.37,Doctor,522,18/06/2003,BR007,1,Verified,Liechtenstein,
CUST000116,Ian,Duran,03/25/1974,M,raymond92@example.org,267-280-8562,9155 Lopez Greens,West Thomas,N/A,45471,80554.16,Chef,816,01/15/2004,BR031,Yes,,Haiti,ONLINE
CUST000117,ivan,Coleman,85-01-07,F,xhaynes@example.com,847.529.2931,270 Robert Dale,Kristenport,KS,74181,68785.09,Engineer,658,11/02/2019,BR024,TRUE,Not Verified,Togo,Online
CUST000118,Ashley,Ross,21-10-1961,m,briancervantes@example.com,000-000-0000,982 Kelly Spring,Hamptonmouth,FM,10778,USD 29096.27,Self-Employed,9999,2002-09-11,BR001,No,,Hong Kong,online
CUST000119,Christina,Ford,05-09-1949,M,mirandadavidson@example.com,(899) 661-1253,9876 Ivan Brooks Apt. 341,East Randy,CT,08862,,Self-Employed,460,10/28/2000,BR033,1,Verified,Vietnam,ONLINE
CUST000120,Natasha  ,Kelley,42-08-23,F,wisealexandria@example.org,N/A,82005 Lin Mountain,Amyberg,UT,71186,96317.66,Lawyer,836,24/01/2006,BR011,0,Not Verified,Christmas Island,Branch
CUST000121,BRITTANY,Bryant,"July 08, 1956",F,omills@example.net,2572831745,4780 Arroyo Neck,Albertchester,AS,00000,97686.12,Engineer,788,05-01-2006,BR025,False,pending,French Guiana,Marketing
CUST000122,Carla,Robles,04/19/1960,M,N/A,,3122 Rodriguez Motorway Suite 497,West Andrew,AR,70620,38171.44,Officer,849,2023-07-24,BR003,FALSE,,Angola,Online
CUST000123,Jacob,Garcia,12-01-1990,F,david70@example.org,720-973-5647,1204 Jones Mountains,East Paula,KS,50515,119097.8,Chef,483,"May 08, 2020",BR021,TRUE,Not Verified,Switzerland,branch
CUST000124,Alexander,Villegas,96-11-19,F,paulproctor@example.org,+1-001-303-6718,435 Michelle Forge Apt. 365,East Laurashire,DE,52380,20935.21,Accountant,507,"February 27, 2000",BR001,False,VERIFIED,Somalia,branch
CUST000125,John,  Novak,09/15/1980,Female,N/A,+1-001-413-9271,,West Tina,WY,84996,90540.0,Officer,481,04-06-2020,BR025,No,,Saudi Arabia,Branch
CUST000126,Michael,  Snow,1966-04-09,0,andrewgray@example.net,000-000-0000,7498 Casey Drives Suite 448,Shawnhaven,MS,96662,146665.95,Driver,808,23-04-24,BR019,FALSE,Verified,Colombia,branch
CUST000127,  Nicole,Harvey,11/02/1996,1,kimberly35@example.net,6867387829,511 Bradley Curve Apt. 031,Leeton,OK,84616,35331.23,Accountant,790,14/04/2021,BR035,0,pending,Taiwan,ONLINE
CUST000128,Paul,Burns,99/99/9999,F,brandon39@example.net,+1-803-771-7058,480 Mary Club,New Colton,VA,30780,50179.58,Developer,332,"March 06, 2012",BR020,FALSE,verified,Martinique,online
CUST000129,Paul,Lee  ,"May 10, 1943",M,ashleymeza@example.net,+1-001-786-4195,5855 Duran Meadows Suite 939,South Katie,WA,33804,73487.8,Engineer,389,13/12/2014,BR002,1,VERIFIED,Guyana,Marketing
CUST000130,Suzanne,West,65-09-16,F,CSMITH@EXAMPLE.COM,000-000-0000,5224 Preston Gateway,West Lisa,CO,75275,52378.35,Lawyer,,01/10/2004,BR038,False,N/A,Iran,Marketing
CUST000131,Ashley,Robinson,"December 16, 2003",male,cummingslaura@example.org,,906 Kevin Canyon,Amberberg,MD,66351,15726.78,Designer,786 pts,23-01-2005,BR009,,Not Verified,Qatar,Branch
CUST000132,Jeffrey,Williams,"March 27, 1969",M,wmaddox@example.net,N/A,086 Miller Parkway Suite 227,South Randall,OK,26204,72399.7,Clerk,399,2019-12-21,BR039,True,N/A,Monaco,Online
CUST000133,Christina,Fitzgerald,,Male,johnadams@example.com,4917166553,270 James Landing Apt. 110,New Sara,VI,38208,32819.37,Driver,822,18-02-17,BR001,,N/A,American Samoa,Walk-in
CUST000134,Matthew,Brock,10/18/1942,M,shannon05@example.org,001.283.6388,43940 Pena Branch,South Donnastad,VI,14642,"86575,74",Lawyer,747,"February 02, 2006",BR045,True,Pending,Andorra,ONLINE
CUST000135,Kelly  ,Ware,89-07-11,f,yhall@example.net,001-215-2798,457 Garner Brook,Gabriellestad,SC,40127,37820.15,Analyst,390,2010-12-31,BR035,1,Verified,Dominica,N/A
CUST000136,Wendy,Irwin,19-12-1940,F,lisa46@example.org,1543825621,264 Cole Curve,Lake Dillon,ND,90160,124247.7,Doctor,584,2011-04-22,BR039,TRUE,Pending,South Georgia and the South Sandwich Islands,online
CUST000137,james,Taylor,09/26/1955,F,russellstout@example.org,,4231 Jack Track Suite 999,New Jesse,TX,03919,42586.13,Nurse,0,17-11-20,BR044,True,pending,Guinea-Bissau,N/A
CUST000138,Christopher,Chan,1979-01-01,M,waynejacobs@example.net,N/A,331 Sara Mill,Wattsmouth,FM,32847,58727.85,Clerk,484,2014-01-19,BR034,No,pending,Japan,Walk-in
CUST000139,Richard,  Williams,07/08/1962,M,zcortezATexample.net,+10018992880,034 Sanders Hollow Suite 726,Christieton,UT,68261,98473.1,Retired,737,2014-07-04,BR022,Yes,verified,United Kingdom,Walk-in
CUST000140,Douglas,Gallegos  ,"December 18, 1955",0,GDAVIS@EXAMPLE.ORG,,1452 Christopher Squares,Waltersland,NC,93205,26919.75,Chef,700,"March 01, 2000",BR047,No,VERIFIED,,branch
CUST000141,PATRICK,Moody,15-11-1950,FEMALE,nicholasjames@example.org,4925222064,407 Foley Plains,New Nicolebury,00,77684,77961.1,Retired,497,2001-02-19,BR042,1,pending,Palestinian Territory,branch
CUST000142,Thomas,ORTIZ,21/06/1941,M,burkeadam@example.net,698.730.2205,16224 Tammy Summit,,OR,47711,115750.0,Teacher,399,2020-06-18,BR039,FALSE,Not Verified,Venezuela,ONLINE
CUST000143,Barry,Mack,1970-04-07,F,miguel61@example.com,(181) 457-2145,019 Timothy Spurs,Ronaldmouth,KS,69365,13738.09,Chef,798 pts,99/99/9999,BR006,1,,Morocco,branch
CUST000144,Wanda,Gomez,2002-02-11,M,christinacrawford@example.net,(157) 782-9343,55830 Hannah Glens Apt. 448,Katieville,TX,00000,76462.19,Contractor,513,"May 25, 2012",BR011,Yes,Verified,Grenada,Walk-in
CUST000145,Matthew,Ramsey,58-10-20,F,collierjames@example.com,(167) 770-2727,95512 Pittman Junction,Simsburgh,OK,79889,79095.9,Sales Rep,684,"November 24, 2009",BR040,False,Pending,Iceland,Referral
CUST000146,Jacob,wilson,99/99/9999,M,janet50@example.com,(517) 335-7438,078 James Orchard Suite 521,East Jenny,NH,51302,97363.8,Contractor,834,"December 11, 2021",BR047,True,VERIFIED,Rwanda,ONLINE
CUST000147,Michelle,  Wilson,"December 26, 1991",M,sarah91@example.com,N/A,1422 Wilson Road Apt. 385,Josephport,OK,32590,"26706,73",Manager,392,00-09-17,BR002,False,pending,Chile,ONLINE
CUST000148,Charles,Austin,1956-08-04,female,amber02@example.org,000-000-0000,81792 Lisa Square Suite 174,Ruizbury,FL,81364,23784.02,Chef,674,08/06/2016,BR009,0,VERIFIED,Eritrea,branch
CUST000149,Roberta,Myers,17-01-1992,M,kristina57@example.com,000-000-0000,1581 Patel Locks,Allenbury,OH,21344,88267.95,Doctor,389,2003-08-06,BR018,No,Pending,Liberia,Marketing
CUST000150,Patrick,Peterson,17/09/1986,Male,N/A,983.421.9719,1919 Murphy Rue Apt. 132,Port Dwayneberg,NV,70133,80394.46,Retired,613,14-09-2007,BR004,TRUE,N/A,French Guiana,Referral
CUST000151,peter,Lane,07/02/1995,male,jamierich@example.com,,58008 Rodriguez Haven Apt. 369,Garrettfurt,MO,50513,78767.25,Engineer,448,20-07-18,BR022,1,pending,Jordan,
CUST000152,Amy,Bates,1999-10-30,m,JTAYLOR@EXAMPLE.COM,462-342-2010,679 Hanson Motorway,Arnoldmouth,MS,47071,,Clerk,584,99/99/9999,BR029,No,,Czech Republic,online
CUST000153,Jacob,Jacobs,NULL,M,pbradford@example.net,,8189 John Roads Apt. 894,West Amandatown,NJ,60012,46199.13,Consultant,388,11-06-2006,BR038,True,Not Verified,,Walk-in
CUST000154,William,Harrison,77-03-09,M,robert44@example.org,2946940792,7128 Melissa Harbors,Davidview,KY,34180,,,783,"July 27, 2005",BR042,FALSE,Verified,American Samoa,Walk-in
CUST000155,Judith,Munoz,26/03/1984,M,donnawood@example.org,837-828-0512,723 Brown Greens,North Garyfurt,US,40001,80257.54,Teacher,378,23-01-19,BR035,0,N/A,Lebanon,Walk-in
CUST000156,Julie,Goodwin,99/99/9999,F,noahthornton@example.com,,4414 Murray Spring Apt. 938,Ericaburgh,MD,72277,44997.7,Contractor,416,2018-09-20,BR020,0,Pending,Algeria,
CUST000157,Emily,Decker,12/06/1986,F,jenkinsalicia@example.net,(553) 344-3009,92692 Heather Glen,Stevenland,SC,00000,135302.11,Student,367,13-07-13,BR013,TRUE,N/A,,Referral
CUST000158,Shawn,Carney,64-11-19,F,qschwartz@example.com,921.340.6650,96271 Amber Meadows Apt. 917,Dakotaland,CA,00000,86584.15,Accountant,485,"December 01, 2015",BR021,No,pending,Montserrat,Referral
CUST000159,Jessica,Waters,24/06/1984,F,mosleyeduardo@example.net,,1830 Finley Viaduct Suite 198,Mathewport,MO,07735,28304.38,,705,"August 26, 2019",BR038,No,Pending,Norfolk Island,Marketing
CUST000160,Wendy,Holland,70-05-19,M,amanda51@example.com,N/A,30937 Brown Plains,Victormouth,AK,05356,92979.38,Lawyer,,,BR039,0,Pending,Guadeloupe,
CUST000161,Brian,French,48-08-22,male,sullivanjason@example.net,000-000-0000,20417 Mary Circles,North Tylerbury,00,27061,35886.14,Developer,741,06-01-12,BR043,,pending,Japan,Referral
CUST000162,Matthew,Huff,16-06-1985,m,,+1-132-563-0925,2582 Sanchez Prairie,East Craigfurt,wi,21178,97547.96,Developer,367,2013-09-04,BR028,,,Andorra,branch
CUST000163,Nichole,Miller,01/10/1992,MALE,whitechristopher@example.net,+1-001-946-8723,90927 Courtney Tunnel,Michaeltown,OH,31386,110550.85,Developer,531,15-02-2004,BR034,False,,Congo,Branch
CUST000164,David,Moreno,"June 14, 1998",F,montgomerymichelle@example.net,237-734-0312,64597 Dan Center Apt. 207,North Pattymouth,OR,76491,41276.12,Consultant,361,05/06/2023,BR020,True,,Greece,Branch
CUST000165,Robert,Burgess,1996-11-14,M,jerry15@example.org,9362363179,39726 Taylor Stravenue Apt. 543,Davidshire,AR,37280,,Lawyer,-1,2007-11-23,BR006,0,verified,Burkina Faso,ONLINE
CUST000166,Daniel,Owens,1972-08-09,M,vjackson@example.org,000-000-0000,63356 Patricia Ramp Apt. 906,North Vickiehaven,AZ,56298,84447.33,Consultant,519,"April 25, 2012",BR045,No,N/A,Marshall Islands,branch
CUST000167,Phillip,Pacheco,2001-04-01,M,chavezjohn@example.net,001-206-9325,62570 Paul Spurs Suite 804,Mullinsside,OK,27652,98772.11,Nurse,753,99/99/9999,BR017,1,Not Verified,Solomon Islands,Marketing
CUST000168,Gail  ,Oliver,1966-09-06,M,jill08@example.net,,3817 Karen Trace,West Michael,KY,66504,136387.75,Officer,634,05/01/2020,BR042,TRUE,Verified,Pitcairn Islands,Walk-in
CUST000169,Rodney,Brown,23/02/1968,M,michael78@example.net,,62411 Joshua Square,South Edward,IL,68748,61411.42,Clerk,534,12/28/2003,BR040,True,verified,Zambia,online
CUST000170,Courtney,Carter,17/10/2021,male,thomasfisher@example.net,,9242 Perez Landing Suite 025,Stephenburgh,RI,21576,43619.23,,761,2011-02-20,BR021,True,VERIFIED,Rwanda,ONLINE
CUST000171,Amanda,white,29/07/1993,F,maryschwartz@example.net,623-710-5927,,East Anna,AZ,87736,38866.99,Student,435,2004-01-08,BR009,False,verified,Ghana,ONLINE
CUST000172,Tiffany,Hernandez,"May 19, 1965",F,kfernandez@example.net,,297 Norris Street Suite 028,West Angelbury,NV,47345,41446.64,,796,2020-07-13,BR014,1,Pending,Bermuda,N/A
CUST000173,Mark,Franklin,"June 21, 1964",M,brandywalker@example.com,901-787-1863,562 Wood Landing,West Michaelport,NV,74036,67301.44,Student,305,11-10-2014,BR047,TRUE,VERIFIED,Benin,Walk-in
CUST000174,Jason,Barron,"December 28, 1968",Male,slara@example.org,N/A,64628 Page Throughway,East Jacob,MS,38441,81940.32,Nurse,801,"December 25, 2019",BR028,0,Pending,Micronesia,ONLINE
CUST000175,Tracy,Carson,48-05-03,M,mary47@example.net,0019735002,47195 Cunningham Ways,Courtneyfort,UT,16175,79684.18,Contractor,410,22-11-27,BR023,1,Not Verified,Holy See (Vatican City State),Online
CUST000176,William  ,Johnston  ,"March 22, 1950",F,francisco02@example.com,3255204565,92855 Nelson Square,Codyshire,MI,19338,98951.41,,788 pts,20-08-22,BR020,0,,American Samoa,Branch
CUST000177,Derrick,Campbell,,M,kjenkins@example.org,328.833.8988,12075 Vazquez Dam Suite 985,Lake Kevin,WA,16045,70455.07,Retired,760,2010-11-19,BR007,True,,Cyprus,
CUST000178,David,Benson,"June 15, 1993",F,kyleclark@example.org,N/A,40119 Briana Flats,Lake Michael,CO,19579,120873.69,Accountant,652,27-08-2019,BR046,False,Pending,Tanzania,ONLINE
CUST000179,Julie,Ramirez,25/05/1977,F,michael89@example.org,+15919190833,927 Henry Knoll Suite 638,South Daniel,MD,16703,"60737,01",Driver,815,06/07/2001,BR015,False,verified,Lao People's Democratic Republic,online
CUST000180,Daniel,Taylor,"March 09, 1944",F,janet80@example.org,(571) 364-7947,520 Powers Locks Suite 811,South Richard,OR,13833,165205.92,Driver,752,10-09-2022,BR009,No,VERIFIED,Saint Vincent and the Grenadines,ONLINE
CUST000181,Sara,levine,03-08-1940,M,coxjames@example.org,000-000-0000,427 David Overpass Suite 320,Lake Brianland,NM,89381,91898.36,,829 pts,02/14/2003,BR026,Yes,Pending,Anguilla,Online
CUST000182,Teresa,Reyes,30-08-1996,female,eric99@example.org,+10012182773,67567 Johnson Fall Suite 276,West Jennifer,NM,14837,39999.49,Manager,850,15-01-02,BR019,FALSE,Not Verified,Montenegro,Walk-in
CUST000183,EMILY,Keller,09-10-1986,F,kalvarez@example.net,(764) 279-6954,025 Pacheco Prairie,Port Patriciamouth,MS,13260,32518.76,,846,28/06/2010,BR009,True,VERIFIED,Japan,N/A
CUST000184,Michael,Howard,"March 31, 1992",M,brian33@example.org,,0790 Gray Loaf Suite 917,Lake Emilymouth,NM,66399,86886.53,Student,466,22/06/2006,BR034,No,VERIFIED,Sudan,Online
CUST000185,Kathy,Morgan,01/26/1954,female,michael63@example.com,1318734404,98763 Flynn Run Suite 846,,TN,71273,62178.8,Engineer,345,24-09-2018,BR031,TRUE,Pending,Germany,branch
CUST000186,James,  Morales,"May 13, 1980",F,,,7232 Richard Loop,Michelleland,SC,27181,94990.02,Manager,354,2023-05-28,BR035,TRUE,Verified,Tanzania,Marketing
CUST000187,Robert,  Colon,"January 02, 1962",F,jonathanburke@example.com,+1-812-830-3477,24204 Hopkins Fall,Lake Toddtown,AR,11501,86563.32,Teacher,327,16-08-2002,BR008,Yes,VERIFIED,Germany,
CUST000188,Carolyn,Camacho,"July 29, 1992",M,qmosley@example.net,662.931.9818,91559 Shaffer Summit,,IA,55927,67450.99,Self-Employed,682,07-07-18,BR001,False,verified,Cuba,Referral
CUST000189,Drew,Thompson,18/01/1940,m,scott49@example.org,+17856158673,900 Johnny Lights,Daniellestad,MH,90317,40362.22,Designer,567,04/22/2020,BR039,0,Verified,British Virgin Islands,Referral
CUST000190,AMANDA,Young,"December 29, 1997",M,zprice@example.com,(913) 843-2756,612 Hunter Knoll Suite 985,Nealton,SD,84595,16980.35,Engineer,497,99/99/9999,BR049,1,N/A,Colombia,
CUST000191,Crystal  ,Gibbs,99/99/9999,F,aarongonzalez@example.com,691.412.3829,,Laurenborough,CO,54829,54371.98,Officer,431,02-12-01,BR018,FALSE,Verified,Heard Island and McDonald Islands,N/A
CUST000192,Hunter,Walter  ,15-02-1995,F,andrewjohnson@example.net,1693417342,2910 Ayala Motorway,Wilsonborough,ID,35392,,Teacher,759,99/99/9999,BR006,Yes,VERIFIED,France,ONLINE
CUST000193,JULIE,Reyes,46-09-05,M,mgates@example.org,7369262044,72563 Erickson Street,Charlesside,AR,07331,77493.28,Nurse,387,21/09/2002,BR009,Yes,pending,,
CUST000194,Marvin,Young,"March 05, 1996",f,wendy90@example.org,689-464-6528,7215 Thomas Crescent Suite 027,Juliechester,LA,35001,26399.14,Nurse,369,07-09-2008,BR047,False,Pending,New Zealand,Online
CUST000195,Maria,Mcintosh,06/05/1945,male,ryan25@example.net,4289703203,70758 Ellis Creek Apt. 151,,IL,37740,,Contractor,500,12/26/2008,BR045,False,N/A,Cocos (Keeling) Islands,
CUST000196,Mary  ,Brady,10/02/1970,Female,anna93@example.net,789.226.1371,165 Mary Drives Apt. 177,Fullerview,PA,86747,83486.11,Engineer,750,2008-09-20,BR019,TRUE,VERIFIED,Albania,Referral
CUST000197,Mark,WILLIAMS,99/99/9999,M,unguyen@example.net,(001) 823-3045,2361 Melissa Estates Suite 642,West Travischester,WA,41146,39064.99,Doctor,433,08-07-04,BR041,FALSE,Verified,United Kingdom,
CUST000198,GAIL,Anderson,56-12-18,F,collierwilliam@example.com,(867) 849-9616,85732 Rose Rue,West Taylorland,PW,63102,75380.38,Driver,806,21-04-02,BR014,FALSE,VERIFIED,French Southern Territories,Marketing
CUST000199,Edgar,Anderson,07/08/1975,M,mckenzie86@example.com,000-000-0000,945 Richards Trafficway Apt. 172,Port Phillip,CO,55059,72037.31,Accountant,377,16-02-09,BR018,FALSE,Not Verified,Turkey,online
CUST000200,Janet,Edwards,08/06/1943,M,  ctodd@example.net  ,000-000-0000,27769 Turner Via,,RI,47782,29996.04,Self-Employed,707,10-03-17,BR036,False,pending,Portugal,Branch
CUST000201,Emily,Vaughn,02/01/1968,M,  fballard@example.org  ,403-510-3037,831 Carrillo Drive Suite 601,East Joanne,NV,64077,82522.56,Clerk,457,14-10-24,BR025,FALSE,,Latvia,ONLINE
CUST000202,Andrew,Cole,56-11-23,0,jameshudson@example.com,650-216-6799,7899 Hall Circle Apt. 695,West Patriciachester,FM,62542,89627.46,Consultant,432,10/08/2018,BR014,1,,Brazil,branch
CUST000203,Troy,Mcmillan,,F,shane60@example.org,637.857.3839,572 Justin Summit Apt. 722,East Catherine,CT,55024,107906.79,Developer,479,"August 14, 2018",BR043,TRUE,Not Verified,Western Sahara,Online
CUST000204,Victoria,TORRES,"July 03, 1961",M,angelakidd@example.com,(352) 528-0156,5508 Kemp Walk Apt. 077,North Kimberlyville,GU,74225,106883.07,Retired,499,99/99/9999,BR046,TRUE,N/A,Armenia,branch
CUST000205,William,Jackson  ,06/28/1983,F,pittsrhonda@example.org,+10018472871,5482 Joseph Stravenue,Wardbury,FL,99225,21781.57,,348,"June 15, 2023",BR029,Yes,Verified,,ONLINE
CUST000206,KAREN,FISHER,05/02/1958,M,devinpatterson@example.com,+18854072081,60290 Barnes Springs Suite 550,Rachelberg,UT,53445,37176.12,Sales Rep,477,"September 02, 2000",BR043,1,N/A,,Marketing
CUST000207,Sean,Harris,76-11-17,F,zterry@example.net,N/A,200 Allen Trail Suite 681,Port Nathanhaven,MI,16729,88026.23,Officer,823,NULL,,No,verified,Australia,ONLINE
CUST000208,Katherine,pugh,06/11/1961,M,vevans@example.org,+1-453-899-8935,58935 Garcia Station,Pooleland,CO,08652,87982.51,Designer,554,"December 23, 2009",BR005,False,Not Verified,Jamaica,Online
CUST000209,pamela,Alvarez,1996-11-28,M,rmiller@example.net,+14984864976,728 Heather Motorway Suite 028,Sandraville,PA,54059,88026.67,Driver,751,"December 17, 2018",,True,,Bouvet Island (Bouvetoya),Walk-in
CUST000210,David  ,Armstrong,1993-05-24,M,millsdavid@example.com,544.470.2296,18510 Olson Inlet Suite 567,Port Dillon,N/A,60916,204845.6,Developer,718,09/28/2001,BR028,1,N/A,Senegal,branch
CUST000211,Shannon,Cole,19-12-1996,F,christopher99@example.com,+13363580741,890 Karen Parkway,North Dominiqueside,HI,02987,"89981,17",Chef,382,"April 05, 2023",BR020,,,Falkland Islands (Malvinas),ONLINE
CUST000212,Kristin,Sanchez,12/04/2005,M,imiller@example.net,+16693070562,82422 Tate Drives,,ME,53883,109744.8,Manager,412,19/03/2020,BR049,FALSE,verified,Philippines,ONLINE
CUST000213,Gary,MENDEZ,"July 16, 1979",M,howard04@example.com,552-565-4610,8861 Brown Mountain,Jonestown,N/A,83540,,Engineer,572,18-10-2021,BR022,0,VERIFIED,Djibouti,ONLINE
CUST000214,Robin,Smith,99/99/9999,M,sanchezangela@example.org,+18969718325,,North Lisaport,SD,22440,92798.69,Manager,-1,29/09/2000,BR029,FALSE,pending,Afghanistan,
CUST000215,Brian,Weeks,20/04/1947,F,carla65@example.net,+16983402891,128 Johns Fords Suite 547,Johnmouth,MA,28107,,Doctor,778,07-07-16,BR014,TRUE,Not Verified,Kuwait,Online
CUST000216,Susan,Murphy,17/05/1954,f,deborahsmith@example.com,,156 Hughes Villages Apt. 175,South Albert,WA,03093,96563.92,Chef,747,2010-06-20,BR038,FALSE,Not Verified,Senegal,Referral
CUST000217,JUAN,Morse,11-02-1968,F,james94@example.net,+12375504793,49872 Donna Port Apt. 192,East Jordanshire,PR,30380,42951.12,Retired,335,12/05/2014,BR041,FALSE,pending,Turkmenistan,ONLINE
CUST000218,Alexandra,Casey,04/11/1945,F,melaniejohnson@example.net,1989948706,030 Hull Place Suite 506,West Christopher,OK,03826,61711.35,Self-Employed,499,2017-08-30,BR046,1,pending,Saint Pierre and Miquelon,
CUST000219,jeremiah,Norris,NULL,F,starkjames@example.com,+15117076095,8319 Duran Road,Rileyland,AR,04871,,Student,827,"March 08, 2015",BR008,FALSE,,Honduras,
CUST000220,Lawrence,Abbott,"June 23, 1955",0,pattonbryan@example.com,649-861-1080,96399 Shawn Mountain Suite 991,Debratown,NH,68293,"$72,865.59",Clerk,396,15-02-2008,BR007,0,Not Verified,Greenland,N/A
CUST000221,  Briana,Rodriguez,56-08-02,F,larsoncarlos@example.org,(001) 428-5456,02496 Collins Plains,East Terrance,PA,45445,USD 151013.05,Designer,511,2007-03-26,BR033,1,N/A,French Guiana,Referral
CUST000222,  Miguel,Smith,"December 14, 1977",M,brianhunter@example.net,+1-965-933-3153,959 Barnes Estates Apt. 707,North Danielle,UT,30683,,,520,01/07/2006,BR028,No,verified,Lao People's Democratic Republic,Referral
CUST000223,Claire  ,Allen,22-11-1975,F,lindsay63@example.com,405.601.5081,95003 Justin Forges Suite 258,East James,HI,34814,94019.11,Sales Rep,412,31-03-2018,BR010,FALSE,verified,,ONLINE
CUST000224,Renee,  Smith,"December 08, 1959",female,nicholascobb@example.org,4345735528,655 Rowland Gardens,Port Christinaborough,PR,70685,13554.94,Officer,430,99/99/9999,BR010,TRUE,Pending,French Polynesia,Walk-in
CUST000225,  Kristine,Murphy,"September 28, 1944",F,sotojoshua@example.org,N/A,587 Wells Prairie Suite 903,East Shannon,IA,52392,53482.38,Doctor,469,2002-07-29,BR028,,Pending,Cuba,N/A
CUST000226,Kevin,Oneal,19/06/2001,M,selenabrooks@example.net,000-000-0000,7766 Ballard Island Suite 602,Hallland,MI,11303,108113.27,Driver,688,08/25/2007,BR050,No,verified,French Polynesia,Walk-in
CUST000227,Megan,Hunt,2024-02-27,M,hartmansara@example.org,,92840 Campbell Key Suite 690,,NJ,86234,7224980.0,Manager,457,04/06/2018,BR031,True,N/A,Malaysia,ONLINE
CUST000228,Veronica,Lynn,05-05-1956,F,uperez@example.net,(373) 789-8775,6377 Nicholas Ports,West Sherry,AL,66010,32278.93,Consultant,430,28/07/2014,BR025,TRUE,Not Verified,Sudan,Online
CUST000229,Donna,Gomez,1951-04-25,M,robertjennings@example.com,,1863 Rodriguez Port,Fowlerport,CO,22969,44964.37,Consultant,405,14/07/2022,BR015,No,Pending,Bosnia and Herzegovina,Walk-in
CUST000230,Emily,THOMPSON,03/29/1957,MALE,mjohnson@example.org,000-000-0000,12867 Paul Way Apt. 234,Meyersfort,GA,79630,93785.92,,592,05-03-2021,BR024,0,verified,Morocco,Online
CUST000231,Sheila,Matthews,09/04/2001,m,ahill@example.org,(216) 393-8597,754 Austin Valleys Apt. 632,Ellisburgh,UT,75030,44437.17,Contractor,785,"January 22, 2009",BR017,,N/A,Bhutan,branch
CUST000232,Phillip  ,Bautista,04-07-1996,M,  nicolemoore@example.net  ,134-133-7681,7243 Steven Cliffs Suite 656,South Benjamin,KS,15532,77576.05,Self-Employed,710,,BR038,Yes,pending,Russian Federation,N/A
CUST000233,Sally,Murphy,1963-03-22,F,ewashington@example.org,1337427422,86210 Hernandez Knolls Apt. 308,South Heather,MP,83704,"71595,01",Officer,570,2005-12-29,BR001,0,VERIFIED,Sudan,Walk-in
CUST000234,Alexandra,Bates,09/11/1955,F,myerskyle@example.org,1200263353,13122 Robert Coves Suite 583,New Randall,NE,16335,47193.99,Sales Rep,451,06/27/2021,BR032,TRUE,verified,,Referral
CUST000235,jesse,rodriguez,11/12/1955,F,glenn65@example.org,937-331-4950,1956 Martin Roads,Tiffanyfort,CA ,00000,145038.04,Officer,,2004-10-08,BR031,False,Pending,Grenada,branch
CUST000236,Andres,Barr,11-11-1953,MALE,oreyes@example.net,589.803.0914,,New Christopher,DC,49590,92187.17,Accountant,588,2016-01-11,BR039,TRUE,Pending,Luxembourg,online
CUST000237,Kenneth,Hernandez,17-10-1993,M,dawnyoung@example.net,1775724508,80339 Boyd Falls,Sotoland,VI,00000,0,Student,737,"June 28, 2012",BR032,True,pending,Liechtenstein,ONLINE
CUST000238,Chad,Lee,"December 25, 1993",F,shawnamartinez@example.org,N/A,2934 Ray Roads,West Michelle,NJ,10988,76525.9,Driver,412,09/03/2002,BR010,,,Zambia,Marketing
CUST000239,Teresa,Sanders,99/99/9999,M,thomashenderson@example.net,(001) 462-6706,4746 Jones Dale Suite 323,North Michellestad,NM,53526,,Doctor,726 pts,06-09-18,BR020,False,,Uzbekistan,branch
CUST000240,Robert,Foster,"November 07, 1997",M,patrick49@example.org,000-000-0000,70502 Jacobs Springs,West John,OR,87349,99835.17,Manager,701,2008-03-28,BR030,False,N/A,Tajikistan,ONLINE
CUST000241,Evan,Wilson,18-02-1974,male,newmansabrina@example.com,(001) 891-6836,119 Olsen Grove Apt. 640,Port Travis,CT,09655,42261.77,Clerk,349,10-02-2014,BR033,FALSE,N/A,Singapore,online
CUST000242,Heather,Warren,"August 15, 1951",M,jessica22@example.com,523-472-8179,23467 Miranda Expressway,West Christopherville,KY,08924,65984.22,Accountant,835,15-04-25,BR028,Yes,,Guam,
CUST000243,Anthony,Young,,M,gchambers@example.org,(840) 690-1380,5965 Maldonado Junctions Suite 356,Bishopstad,VI,43788,87674.55,Student,752,20-04-2006,BR026,True,Pending,Sri Lanka,N/A
CUST000244,Craig,Bryant,96-01-14,F,N/A,121.874.3579,505 Hall Oval,Stevensonland,MI,56588,100301.43,Driver,776,"November 22, 2004",BR013,True,N/A,Wallis and Futuna,online
CUST000245,Sarah,Galvan  ,99/99/9999,FEMALE,navarrokelly@example.org,001.428.9980,8333 Karen Shoals,,UT,12223,27989.63,Consultant,385,11/05/2006,BR027,,VERIFIED,Botswana,Walk-in
CUST000246,Ryan,Baldwin,"July 06, 1956",M,sarahnguyen@example.com,+10013437471,686 Jeffrey Crescent Suite 111,Joyborough,WA,15719,58292.46,Lawyer,624,20-08-2000,BR044,True,verified,Montserrat,Online
CUST000247,Michael,Castaneda,99/99/9999,M,aray@example.com,000-000-0000,87524 Vincent Motorway Apt. 942,New Lukehaven,UT,16683,53376.91,Developer,811,"June 15, 2020",BR049,0,Not Verified,Falkland Islands (Malvinas),branch
CUST000248,Wendy,Mccarthy,"June 07, 1978",F,nwelch@example.com,(260) 852-3302,7566 Allison Haven Suite 386,East Marcusshire,VI,07595,47133.48,Retired,596,2018-11-13,BR031,No,N/A,Thailand,branch
CUST000249,Sarah,Torres,"May 28, 2018",F,,N/A,,,MI,62612,131790.9,Contractor,702,25/04/2002,BR047,TRUE,,Christmas Island,N/A
CUST000250,Sierra,WILSON,19/03/1954,F,brittney26@example.org,+13139674926,7501 Christopher Overpass Apt. 099,Hillville,WY,78210,USD 84174.36,Doctor,433 pts,08/05/2020,BR020,FALSE,VERIFIED,Cocos (Keeling) Islands,ONLINE
CUST000251,Patrick,Cooke,"May 15, 1963",M,  ievans@example.org  ,+13185260688,92087 Martinez Crossroad,Lake Evan,OH,34155,25869.06,Doctor,621,NULL,BR037,Yes,Not Verified,Thailand,online
CUST000252,Karen,Miller,,m,huntermichael@example.net,960.434.0848,585 Hailey Shore Apt. 303,West Melissa,IL,18091,102125.17,Driver,778,29-03-2022,BR044,1,,Netherlands,
CUST000253,Andrea,Vargas,15-12-1967,M,david96@example.org,N/A,43598 Robert Drives,Victoriachester,MS,03897,144275.47,Self-Employed,484 pts,06/22/2014,BR024,TRUE,N/A,Netherlands,online
CUST000254,  John,Nelson,01-09-30,Male,SUTTONRICHARD@EXAMPLE.COM,1315354234,497 Allison Squares,Andreaville,MH,06787,106136.28,Teacher,581,18-11-23,BR037,Yes,verified,,
CUST000255,George,Potts,01/06/1940,FEMALE,zwhiteATexample.net,N/A,539 Mann Falls,Andersenmouth,NY,38095,16822.05,Nurse,405,24-04-2001,BR047,True,VERIFIED,Falkland Islands (Malvinas),Marketing
CUST000256,Stephanie,Meyer,2004-12-17,female,N/A,+1-251-811-3129,7881 Smith Field,Lake Ronaldside,WA,45728,53051.81,Consultant,834,01-09-2023,BR047,False,VERIFIED,Ecuador,Walk-in
CUST000257,Virginia,Guerrero,"October 27, 2003",M,lawsontami@example.net,,381 Evans Hill Suite 309,Robinsonport,SD,68072,114341.89,Lawyer,433,09-10-24,BR050,True,VERIFIED,Sweden,ONLINE
CUST000258,Patricia,Walls  ,"September 24, 1954",F,abrown@example.net,000-000-0000,88261 Smith Trafficway,Jeremyfurt,MN,39728,45231.57,Nurse,0,15-12-2018,BR032,,,Haiti,Online
CUST000259,ROSS,White,26-12-1997,m,daniel77@example.org,N/A,5023 Moyer Grove Apt. 678,Marshberg,MD,98947,85533.68,Engineer,788,11/09/2013,BR012,0,pending,Serbia,Online
CUST000260,Kimberly,Ross,NULL,F,ganderson@example.org,225-880-3056,4716 Christina Stream Apt. 341,Virginiabury,TN,56751,97112.19,Nurse,643,20/04/2020,BR024,False,Verified,Congo,Walk-in
CUST000261,Thomas,Patton,17/09/2003,F,hayneswayne@example.org,+15924312604,93106 Warren Squares Apt. 356,Brownchester,SD,07271,37557.43,Manager,410,"April 14, 2012",BR034,TRUE,verified,Gabon,online
CUST000262,Daniel,cox,69-09-17,FEMALE,jennifer35@example.org,+1-300-805-3474,7554 Collin Bridge,West Michael,AS,47868,67916.61,Developer,764,"November 01, 2001",BR028,0,Verified,,Referral
CUST000263,Julia,Chapman,06/02/1971,F,john43@example.net,(711) 629-1093,82023 Pierce Glen Suite 571,,PW,57664,0,Officer,630,06-03-30,BR020,No,verified,Bangladesh,branch
CUST000264,Timothy,Mills,19/12/1988,M,jacksonjoshua@example.org,N/A,432 Ernest Forge Apt. 878,Kevinbury,LA,93333,,Doctor,609,10-11-19,BR004,True,Pending,Ethiopia,Online
CUST000265,Andrea,Jackson,09-07-1981,F,fergusonkelly@example.net,242-740-3381,1842 Villanueva Hill Suite 005,Lake Tammy,HI,34053,61160.11,Lawyer,306,10/02/2021,BR008,,Not Verified,Andorra,Branch
CUST000266,Amanda,IRWIN,07/02/1982,M,sharphailey@example.net,,2717 Stephen Via Apt. 397,Lake Julian,ME,21855,26327.59,Student,402,2022-02-10,BR028,TRUE,Verified,Turks and Caicos Islands,Branch
CUST000267,Gregory,Long,10/16/2016,F,chadjones@example.org,2612820916,,East Kayla,KY,19196,127134.4,Clerk,443,2012-06-26,BR042,False,,Wallis and Futuna,
CUST000268,Courtney,Smith,99-02-13,M,rosariodaniel@example.net,N/A,18418 Thomas Fork,,AK,30211,19945.05,Sales Rep,693,2018-11-04,BR005,False,N/A,Japan,Online
CUST000269,Paul,Gomez,"August 13, 1955",F,jeremiah61@example.com,+13137145195,92268 Greene Springs,Hernandezport,RI,38119,,Nurse,305,17-02-2016,BR047,,pending,Guernsey,Marketing
CUST000270,Nancy,Nelson,03/03/1991,F,N/A,(302) 325-2677,421 Cooley Falls Suite 557,Olsonchester,PA,83941,,Engineer,557,06-07-2017,BR037,FALSE,verified,Grenada,Online
CUST000271,Devon,Raymond,12/23/1988,M,patrickdunn@example.net,+11578383619,0305 Rosario Creek,West Michaelberg,LA,60845,120444.57,Teacher,726,13/08/2003,BR003,False,VERIFIED,Cambodia,ONLINE
CUST000272,Mary,ARNOLD,99/99/9999,F,osanchez@example.org,N/A,2131 Ashley Via,Hernandezburgh,NJ,97960,19744.82,Officer,498,15-05-23,,True,Verified,Burundi,Online
CUST000273,kaitlin,Hale,07/30/2004,M,  theodore57@example.net  ,N/A,498 Fletcher Manors Apt. 418,Spenceberg,WA,28270,110710.73,Developer,599,10-12-15,BR023,True,pending,Iran,Marketing
CUST000274,Christine,Robinson,20/04/1952,M,lynndaugherty@example.net,(877) 556-6205,,Danielland,MN,79562,70358.16,,529,24/03/2009,BR035,0,Verified,Slovakia (Slovak Republic),online
CUST000275,Melanie,Johnson,1963-07-21,M,francisco11@example.org,1204938303,51405 Benjamin Parkway,West Karen,VA,47141,35647.2,Lawyer,580,03-11-02,BR040,1,N/A,Bulgaria,Walk-in
CUST000276,Jacqueline,Davis,NULL,M,gmosley@example.org,,288 West Curve,Kellychester,AZ,93924,86173.62,Analyst,532,2007-10-29,BR012,,pending,Singapore,Online
CUST000277,Felicia,Allen,99/99/9999,M,rubioashley@example.com,000-000-0000,14955 Charles Station Suite 474,Santosberg,DE,75046,76967.09,Consultant,589,99/99/9999,BR024,0,,Libyan Arab Jamahiriya,online
CUST000278,BENJAMIN,trevino,,F,nortiz@example.net,000-000-0000,038 Eric Cove,Nicholasshire,MO,10066,48992.41,Doctor,529,22-08-02,BR034,Yes,pending,Czech Republic,N/A
CUST000279,Paul,ford,07/26/1979,F,baileytaylor@example.net,(711) 921-6636,714 Johnson Drives,Thomasborough,MD,74976,72443.07,Consultant,428,12/27/2010,BR019,0,N/A,Antigua and Barbuda,ONLINE
CUST000280,Vanessa,Schroeder,NULL,male,mayermichael@example.com,,768 Elizabeth Green Apt. 016,Tabithaport,00,00000,56514.02,Lawyer,600,05-05-04,BR047,Yes,Not Verified,Congo,online
CUST000281,Michael,Barnes,09/04/1980,F,ynichols@example.org,000-000-0000,27275 Laura Spring Suite 480,Hardingberg,SC,59395,73973.11,Nurse,349,"March 22, 2023",BR025,0,Pending,Northern Mariana Islands,Online
CUST000282,  Tara,Davis,"November 27, 2005",Male,julielopez@example.net,1229763533,44817 Gutierrez Knoll Suite 868,Danielburgh,NH,56650,93174.57,Contractor,800,"February 26, 2001",BR034,TRUE,pending,Holy See (Vatican City State),Branch
CUST000283,Gregory,Larson,04-04-2004,M,qjames@example.net,136.499.1111,463 Kimberly Plaza,Wilsonfort,DE,46456,125510.59,Consultant,833,30/03/2014,,Yes,VERIFIED,South Africa,ONLINE
CUST000284,Robin,Gutierrez  ,59-10-03,M,xsmith@example.org,744-744-6306,638 Lee Row,Pooleshire,NE,17392,,Officer,657,09/20/2021,BR043,False,pending,Wallis and Futuna,ONLINE
CUST000285,daisy,Madden,08/20/1993,F,RICHARDFLORES@EXAMPLE.ORG,,92098 Ashley Burg Apt. 752,Lake Rachael,ME,25906,144656.17,Engineer,718,"September 23, 2002",BR029,True,,Mauritania,Online
CUST000286,Mary,Barber  ,01/27/1964,F,QTOWNSEND@EXAMPLE.ORG,+1-612-609-1179,17536 Travis Brooks,Jonesland,IL,00000,1676.93,Teacher,503,16-01-2007,BR024,0,,Poland,Marketing
CUST000287,Robert,Preston,22-03-1941,M,lstokes@example.com,229.490.1557,,Saraborough,PA,04374,64687.52,Consultant,9999,04-04-14,BR021,True,Verified,Mauritania,branch
CUST000288,Andrew,Hunt,58-03-07,male,javierdiaz@example.org,000-000-0000,847 Graham Locks Apt. 423,Suzanneville,OR,77516,90591.1,,788,2004-11-20,BR011,FALSE,pending,Georgia,Branch
CUST000289,Gabriel,Harris,05-09-1952,F,chamilton@example.com,+11345991966,,North Susan,KS,77423,79834.72,Sales Rep,826,08/27/2003,BR011,,Not Verified,Ireland,branch
CUST000290,Kelly,Serrano,"March 13, 1950",M,raymond12@example.com,N/A,538 Paul Rapids Apt. 831,Jenniferland,OK,85208,48205.52,Officer,557,06/03/2021,BR009,TRUE,pending,,ONLINE
CUST000291,Robert,Avila,29-01-1956,m,lisa33@example.org,+15702461172,90742 Johnson Place Apt. 501,Davischester,VA,39953,,Developer,613,16-06-22,BR013,No,Pending,Falkland Islands (Malvinas),Marketing
CUST000292,Logan,Reed,65-02-12,M,hawkinslawrence@example.net,,21563 Christopher Stream,,MH,48850,5274497.0,Teacher,735,21-02-27,BR050,True,pending,Suriname,N/A
CUST000293,Rebecca,Mayo,"June 08, 1968",M,greenkristen@example.org,4419459642,52967 Aimee Garden,Stanleyview,MD,96296,,Retired,734,08/03/2009,BR012,Yes,VERIFIED,Liberia,N/A
CUST000294,Jeremiah,Baker,,1,jennifer58@example.org,,7281 Jeffery Lakes Suite 798,Port Ricardo,CA,36917,,Engineer,765,21-12-29,BR003,0,Verified,Jamaica,Referral
CUST000295,Frank  ,Parker,22-04-2003,m,thomasnancy@example.net,930.772.4078,81563 Randy Meadows Suite 074,Coreyfurt,VA,55890,82495.54,Engineer,362,30-11-2002,BR029,Yes,verified,Congo,N/A
CUST000296,Kelly,Powell,"September 18, 1976",M,alyssa78@example.com,,143 Myers Courts,Lake Madison,UT,35663,USD 45748.16,Engineer,383,01/25/2011,BR048,TRUE,verified,,Walk-in
CUST000297,tyler,Jackson,20-12-1955,F,michaelroberts@example.net,,07650 Terri Club Apt. 095,Aguilarfort,VI,32942,101486.0,Clerk,655,12/12/2012,BR006,,VERIFIED,Latvia,branch
CUST000298,Daniel,Fuentes,63-05-27,M,mary88@example.org,001-921-2145,5897 Joseph Path Apt. 263,West Tyler,IA,76206,80755.48,Accountant,322,"September 10, 2019",BR031,FALSE,verified,Saint Vincent and the Grenadines,
CUST000299,heather,Jordan,24-04-1970,F,julielee@example.com,161-468-7824,98591 Pope Port,Keithtown,NM,90354,98450.17,Teacher,444,NULL,BR012,1,verified,Cameroon,Marketing
CUST000300,Steven,Hernandez,,F,cindy24@example.com,N/A,004 Michael Haven Apt. 142,South Brenda,CO,38617,92037.01,Designer,734,17-08-31,,TRUE,VERIFIED,Cyprus,online
CUST000301,Antonio,Fitzpatrick,12/26/1984,M,lisawalshATexample.com,N/A,344 Kenneth Road Suite 826,Davishaven,NV,91482,"$40,985.17",Consultant,829,2004-10-09,BR026,Yes,Pending,Germany,
CUST000302,William,Jennings,25-06-1985,F,TAYLOR67@EXAMPLE.COM,,2607 Combs Corner,West Mariaville,MA,78402,50393.66,Doctor,564,"November 11, 2008",BR019,Yes,Not Verified,Bhutan,branch
CUST000303,Lynn,Cunningham,07-12-1972,male,michelle19@example.net,,29181 James Mountains,Port Williamfurt,AR,16467,,Sales Rep,429,"June 27, 2006",BR016,,pending,,online
CUST000304,Kevin,Webb,1973-06-11,M,loriskinner@example.net,5979916202,4197 Contreras Lock Suite 176,,GU,56184,91362.96,Analyst,549,"March 11, 2002",BR045,TRUE,verified,Cameroon,Online
CUST000305,Anthony,Bryant  ,30-03-1994,f,tsmith@example.org,+1-159-770-5277,122 Rios Port Suite 724,Sandraland,PW,85060,69268.44,Contractor,312,"May 20, 2015",BR032,FALSE,Pending,Liberia,Walk-in
CUST000306,Nicholas,Ruiz  ,76-02-24,M,barbarapennington@example.net,+1-542-359-9599,7533 Rachel Extensions,Camposchester,CA,08617,74106.46,Student,850,"November 27, 2005",BR008,1,Pending,New Zealand,ONLINE
CUST000307,  John,Johnson,07/05/1989,F,alexandernicholas@example.net,000-000-0000,7433 Ryan Pines Apt. 190,East Arthurberg,MH,01187,114718.27,,476,"May 29, 2004",BR002,FALSE,Pending,Guyana,N/A
CUST000308,kim,Carroll,23/03/1947,F,petersonfaith@example.net,N/A,619 David Path Suite 117,North Carolyn,MA,03455,49295.0,Developer,772 pts,08/06/2020,BR033,No,N/A,Czech Republic,Referral
CUST000309,Lori,Roberts,"December 19, 1961",FEMALE,peter51@example.org,000-000-0000,005 Green Isle Apt. 238,Sandraton,IA,65192,,Teacher,340,"April 19, 2016",BR008,No,Pending,Barbados,
CUST000310,Linda,elliott,10/01/1950,M,reedchad@example.com,,4300 Kim Valleys Apt. 896,New Timothyfurt,WI,49945,62923.26,Self-Employed,679,16-04-08,BR031,False,verified,Qatar,Referral
CUST000311,david,miles,NULL,F,darrellwilson@example.net,000-000-0000,301 David Falls,Bradleystad,PA,86380,62381.16,Accountant,795,99/99/9999,BR022,FALSE,verified,Tuvalu,Referral
CUST000312,John,Carter,64-12-19,M,hmendoza@example.net,+1-614-783-7537,384 Wolfe Parkway Apt. 056,Ramirezborough,PW,18475,108457.19,Teacher,550,06/27/2011,BR046,False,Pending,,
CUST000313,Maureen,Meyer,11/04/1963,f,judy31@example.com,,49670 Cruz Cape,East Nicolas,TN,57004,98889.57,Manager,309,12/04/2019,BR041,False,Verified,Martinique,ONLINE
CUST000314,  Brett,Torres,93-12-13,female,sharon95@example.com,000-000-0000,67320 Marsh Harbor Apt. 384,Ashleyton,RI,36450,98472.84,Consultant,753,2015-05-12,BR014,1,verified,Guyana,N/A
CUST000315,Joseph,King,05/02/1982,M,martinezashley@example.com,+15278707070,149 Ashley Mill,West Katie,KY,34519,115691.76,Driver,662,"February 22, 2014",,True,Verified,Trinidad and Tobago,online
CUST000316,Troy,Perez,08-12-1997,MALE,dylanwilliamson@example.org,+1-510-228-7950,0580 Michael Club Suite 181,East Mark,MN,89763,70735.13,Clerk,347,30-06-2017,BR038,True,Verified,Israel,online
CUST000317,Charles  ,Simmons,10/06/1964,F,douglas59@example.com,365.574.9025,895 Nicholas Prairie Apt. 261,East Arianashire,SC,72358,93868.35,Designer,756,20-08-2009,BR046,1,verified,Saint Martin,Online
CUST000318,Robert,Quinn,52-08-01,M,lawsondonna@example.net,754-339-4353,6515 Robin Shoal,Jacobsmouth,WY,55400,59140.66,Nurse,389,05/01/2021,BR018,False,pending,Denmark,Referral
CUST000319,Ashley,  Serrano,1998-05-09,F,sarasanchez@example.com,N/A,,South Alexis,DE,55371,81345.82,Clerk,456,2008-06-21,BR003,TRUE,N/A,Estonia,online
CUST000320,kathy,Dawson,15-04-1968,MALE,  inewton@example.org  ,N/A,,Phyllismouth,OR,80292,,Manager,427,04-03-01,BR049,FALSE,Not Verified,Nicaragua,
CUST000321,DANIEL,Bowen,"February 25, 1972",FEMALE,rodgersmichael@example.com,N/A,7289 Duffy Court Apt. 475,New Zacharyhaven,OR,67115,73394.86,Chef,581 pts,2014-07-02,BR010,TRUE,pending,Tanzania,Online
CUST000322,Sarah,Mitchell,93-06-27,M,lflores@example.org,+17366849951,44773 Keith Green,East Elizabethberg,CT,00000,90830.5,,,99/99/9999,BR027,Yes,,Costa Rica,N/A
CUST000323,andrea,ROMERO,55-03-25,M,anthonyorr@example.net,183-097-0534,4117 Snyder Corners,West Jessica,DE,46863,41362.28,Clerk,432,"May 25, 2006",BR040,No,VERIFIED,Spain,Referral
CUST000324,Christian,Mcguire,06/29/2005,F,murphywilliam@example.com,+12815506185,633 Harrison Oval,Lake Tyler,DC ,26528,,Accountant,,"September 01, 2010",BR013,True,pending,North Macedonia,branch
CUST000325,Nancy,Tapia,09/28/1995,FEMALE,aaronjones@example.net,,7769 Daniels Hill,East Danielport,MT,59112,34789.39,Retired,602,2005-08-31,BR033,TRUE,,Greece,N/A
CUST000326,JOHN,Coleman,57-06-25,M,stevenflores@example.org,+1-562-877-9630,545 Myers Mills,Rosston,KY,64137,27503.4,Lawyer,734,25-01-2009,BR034,True,pending,Saint Lucia,Referral
CUST000327,Jeffery,Fields,2015-08-21,FEMALE,parkerrobert@example.net,,55810 Michael Flat Apt. 863,Lauriestad,MA,54685,110533.88,Doctor,443,01/03/2018,BR010,1,N/A,,Branch
CUST000328,Jason,Quinn,86-09-15,F,johnsonandrew@example.net,(586) 570-2440,1662 Atkins Club,New Jenniferchester,AK,02433,97708.19,Accountant,798,13-01-21,BR024,FALSE,pending,Samoa,ONLINE
CUST000329,Maria,Jacobs,30-10-1977,M,codychapman@example.com,+1-994-556-8044,9764 Davis Lodge,Timothyside,NY,32563,91844.19,Contractor,831,28/02/2017,BR037,No,Not Verified,Hong Kong,Marketing
CUST000330,Andre,Crawford,72-05-11,FEMALE,wbean@example.net,N/A,11823 Watkins Corner Apt. 697,,NC,00000,91992.09,Analyst,660,26/02/2011,BR017,TRUE,VERIFIED,Saint Kitts and Nevis,N/A
CUST000331,Mary,Hodges,28-02-1998,F,saundersjohnathan@example.com,001.952.7059,7788 Samantha Manors,South Davidtown,GA,68650,69571.36,Student,670,07-02-21,BR033,,verified,San Marino,N/A
CUST000332,DAVID,  Gonzalez,12/17/1955,F,williamsroger@example.org,N/A,48395 Kennedy Fords,Saraberg,GA,69232,38596.1,Teacher,580,03/07/2001,BR029,FALSE,Pending,,Marketing
CUST000333,Jennifer,Wells,41-11-11,F,robert27@example.org,N/A,58350 Joshua View,Silvaport,MN,82355,72653.16,Lawyer,552,10/10/2005,BR021,No,VERIFIED,Seychelles,N/A
CUST000334,Richard,Scott,02/03/1960,FEMALE,chrishernandez@example.net,842-749-1289,973 Aaron Fort Apt. 192,East Thomas,AL,42881,46299.34,,436,10/10/2017,BR015,,,Belarus,N/A
CUST000335,Paula,Williams,01-02-14,FEMALE,ecoleman@example.com,381.538.6667,426 Henry Turnpike,Ginaside,MH,57571,104129.19,Clerk,717,2017-02-07,BR012,True,verified,Pakistan,Referral
CUST000336,Michael,Johnson,16-05-1963,f,N/A,000-000-0000,54809 Johnson Harbor Suite 604,Colleenshire,GU,04489,"$64,852.99",Engineer,683,02/10/2003,BR023,No,Pending,Tokelau,
CUST000337,Jennifer,ruiz,55-11-15,F,ehenry@example.net,(128) 190-5092,1843 Marvin Spring,Rachaelburgh,MH,77420,41107.6,Designer,698,02/03/2020,BR016,False,VERIFIED,Saint Helena,Online
CUST000338,Sheryl,Black,1972-02-23,M,qbutlerATexample.net,+1-213-682-4127,862 Larry Points,Davidmouth,OK,91765,58751.5,Consultant,802,"January 25, 2001",BR050,1,Verified,Benin,Online
CUST000339,Ashlee,Ford,56-11-14,male,hardinian@example.org,+1-359-502-0357,324 Nicolas Heights Apt. 429,Robertborough,KY,26613,84452.6,Nurse,526,14/05/2014,BR003,True,VERIFIED,Christmas Island,Branch
CUST000340,Tiffany,Green,01/21/1966,M,fbaker@example.com,001-455-5872,4358 Davis Trail Apt. 437,Anthonyville,NC,86789,50269.64,Analyst,723 pts,"November 30, 2016",BR001,True,Verified,Norfolk Island,branch
CUST000341,jacob,Taylor,25/07/1951,1,nathan69@example.org,N/A,9799 Simon Mountains,West Jennifer,PA,44787,41222.29,Manager,780,06/23/2021,BR045,No,VERIFIED,Liberia,online
CUST000342,Erika,Evans,21/04/1979,M,kathrynsantana@example.net,+14666496902,225 Tara Inlet,Port Michael,MO,22172,78529.05,Accountant,749,01-02-18,BR011,TRUE,N/A,,Branch
CUST000343,Steven,Hopkins,"October 10, 1976",M,nicoleturner@example.org,(233) 961-3285,1786 Roberta Skyway,Guerrabury,N/A,13060,78573.83,Retired,802,03/20/2011,BR024,FALSE,Pending,Iceland,Referral
CUST000344,David,Hines,74-11-06,F,ricardomurphy@example.com,+11769768157,099 Melendez Rue Apt. 273,East Kevinland,MA,50841,52256.99,Chef,551,24/09/2009,BR040,0,pending,Palau,ONLINE
CUST000345,HECTOR,Hernandez,73-08-16,F,paul70@example.com,+1-422-868-1715,76604 Green Roads Apt. 978,Kimberlymouth,PR,70627,53513.66,Clerk,502,10/04/2006,BR032,0,Verified,Haiti,Branch
CUST000346,DANIEL,White,2011-03-09,M,yschmidt@example.net,,4017 Richardson Rapid,Johnnymouth,TX,39317,78121.75,Accountant,587,"March 10, 2011",BR003,TRUE,,Seychelles,branch
CUST000347,Lori,Daniels,1955-04-17,M,kellybutler@example.com,+1-440-491-5086,4579 Samantha Village Suite 015,Benjaminville,MS,67692,19317.05,Manager,385,NULL,BR027,TRUE,N/A,Saint Kitts and Nevis,Marketing
CUST000348,Christian,Pennington,22-01-1986,FEMALE,roberto02@example.net,2167139449,64248 Cassandra Falls Suite 406,North Kimberly,TN,17509,20738.77,,689,99/99/9999,BR045,True,N/A,Falkland Islands (Malvinas),N/A
CUST000349,Joseph,George,"January 31, 1978",F,colton30ATexample.net,+1-231-794-9796,5727 Clark Square Apt. 646,Lake Melissaland,XX,64272,44854.45,Doctor,,21/04/2015,BR030,0,Not Verified,Monaco,Online
CUST000350,Traci,MILLER,04/03/2003,M,kevin57@example.net,N/A,8269 Collin Forge,North Ashley,HI,21356,62529.35,Teacher,381,07-11-21,BR045,No,Not Verified,Seychelles,online
CUST000351,Kimberly,Navarro  ,05-06-1960,M,wpierce@example.org,9946551588,26408 Hines Shoal Apt. 169,Mccannchester,ID,83917,80881.76,Retired,,13/04/2014,BR005,1,N/A,Antarctica (the territory South of 60 deg S),branch
CUST000352,Christine,Taylor,26/03/1973,F,greenejessica@example.org,,327 Marcus Hill Apt. 039,Stevensmouth,IA,23684,121637.47,Lawyer,452,12/01/2017,BR012,FALSE,Not Verified,,branch
CUST000353,Teresa  ,Porter,"June 12, 1953",F,laramary@example.org,N/A,819 Samuel Views Apt. 460,Reginaldhaven,SC,85649,100018.09,Student,313,13-10-25,BR008,TRUE,verified,Kazakhstan,online
CUST000354,Roy,Martinez  ,08/10/2001,male,melaniechang@example.net,,5475 Lyons Port,Brookeberg,FL,68891,64402.15,Clerk,555,2021-12-01,BR010,0,Not Verified,France,branch
CUST000355,Anthony,Beard,1994-01-22,F,jennifer42@example.net,124-757-4222,90458 Woods Extension Suite 298,Alexandrafurt,VI,64103,69334.43,Manager,423,13-04-05,BR025,True,Verified,Oman,Marketing
CUST000356,Gary,Fox,12/03/1952,F,timothyjames@example.net,+13535433249,7908 Judith Lakes Apt. 615,West Angelaside,PR,97659,34911.47,Nurse,-1,21-05-26,,True,N/A,Mauritania,online
CUST000357,Monique,Waller,01/01/1995,M,griffinalexandra@example.org,+15233372094,403 John Trace,Marshallside,FM,07196,69352.04,Contractor,705,12/14/2006,BR017,FALSE,VERIFIED,,N/A
CUST000358,Luis,Walters,03/04/1942,M,timothyramos@example.com,N/A,,Lake Oliviaborough,OR,83722,59896.95,Engineer,676,22-11-02,,1,verified,Nicaragua,N/A
CUST000359,Karla,gay,05-11-1974,M,karen94@example.com,000-000-0000,70587 Martin Circles,Chambersville,VI,58591,81295.15,Manager,669,20-10-2020,BR002,1,Verified,Guam,Referral
CUST000360,Dana,Ryan,"December 16, 1969",M,jamesrodriguez@example.org,548.445.8714,36229 Mark Path Suite 964,West Thomas,ZZ,40296,41046.92,Accountant,495,25/12/2018,,Yes,Not Verified,Heard Island and McDonald Islands,Walk-in
CUST000361,Dustin,Cook,12/28/1980,M,maria57@example.com,,0566 Grant Streets Apt. 398,Gatesville,CA,32369,88177.13,Engineer,0,2020-11-21,BR050,1,verified,Central African Republic,Marketing
CUST000362,Mark,Castillo,,M,ccrane@example.net,N/A,72156 Morgan Radial Suite 938,South Johnshire,ND,87099,123645.86,Driver,449,"May 21, 2014",BR023,1,Pending,Eritrea,branch
CUST000363,Angela,Roth,"August 14, 2000",F,taylorkayla@example.net,+10015556732,021 Simmons Valley Suite 080,Allenchester,AZ,66589,66193.39,Manager,729,05-01-07,,,Pending,Tunisia,online
CUST000364,Lauren,Tyler,11/20/1983,M,vcampbell@example.net,(319) 918-1828,64772 Jones Rue,Shawnchester,FM,03316,84059.91,Doctor,715,08/02/2013,,Yes,verified,Iran,Referral
CUST000365,Autumn,Smith,,M,osmith@example.com,+1-424-539-5873,10890 Amber Cliff Suite 533,West Frank,KY,31038,94155.04,,692,24/05/2004,BR002,True,Verified,Vietnam,Branch
CUST000366,Samantha,Barton,08-08-1982,FEMALE,,8605736077,9112 Frank Fords,South Joystad,WA,42035,55957.28,Doctor,697,03/09/2002,BR019,TRUE,Verified,Israel,online
CUST000367,James,Galloway  ,,M,timothy81@example.com,+13068661554,16704 Williams Vista Apt. 290,New Eric,UT,62080,77843.24,Nurse,324,26/08/2019,BR045,0,Not Verified,Serbia,Online
CUST000368,Benjamin,Carlson,65-01-08,F,michelleguerrero@example.com,+11262962282,6549 Johnson Burg,Anthonyfort,AZ,96832,70440.73,Accountant,340,"June 02, 2010",,Yes,Verified,Tunisia,Walk-in
CUST000369,Drew,russell,"July 14, 1992",M,ufarmer@example.net,+13219053161,8729 Larry Mountains Suite 258,Summerville,NJ,65093,73418.66,Doctor,723,"March 23, 2016",BR021,True,Verified,San Marino,online
CUST000370,Mariah,Duncan,"January 21, 1975",F,jeffreyanderson@example.org,+16114649133,7988 Wolf Curve Suite 652,Lake Rebeccafurt,SC,06794,42944.66,Teacher,775,26-04-2015,BR031,,pending,South Africa,
CUST000371,James  ,White,16/05/2002,male,cynthiaconley@example.org,000-000-0000,9487 Julie Shoal,Matthewburgh,KS,45194,70857.86,Officer,442,13-03-26,BR030,,Pending,Sri Lanka,Walk-in
CUST000372,Monica,Ingram,04/16/1997,M,qalvarado@example.com,,7681 Raymond Pass Apt. 230,Lake Julie,NC,79266,"87429,94",Analyst,583,"December 05, 2022",BR032,No,pending,Slovakia (Slovak Republic),online
CUST000373,Edward,Heath,50-09-18,M,  mcbridemichael@example.org  ,(001) 882-5521,64686 Mcdonald Dale Suite 014,Jasonland,AR,99482,"$120,790.03",Officer,546,10-05-04,BR016,TRUE,Verified,Isle of Man,online
CUST000374,Donald,  Castillo,99/99/9999,m,kathyroman@example.org,3264693351,2450 Abigail Pine,Port Courtneyfort,IN,87063,103574.48,,695,05/01/2020,BR010,True,,,Walk-in
CUST000375,Samuel,SHORT,58-05-27,Female,whernandez@example.net,N/A,76601 Kirby Street Suite 485,Estradaview,MI,11392,145361.39,Clerk,763,"December 24, 2000",BR029,True,Not Verified,American Samoa,online
CUST000376,Craig,Shaffer,60-07-03,F,brendawalker@example.com,134-137-8996,59966 Michael Turnpike,Phelpsshire,VI,69020,43142.84,Retired,746,06/29/2012,BR015,No,Verified,Argentina,Referral
CUST000377,Shelby,Li,1965-11-10,Female,bcaldwell@example.org,,3470 Ellis Roads Suite 238,Joystad,WI,23052,100531.22,Self-Employed,438,07-06-29,BR037,1,pending,Tanzania,Referral
CUST000378,  Vincent,Davis,NULL,M,christina35@example.com,N/A,7522 Smith Field Suite 884,South Christine,CA,26534,76416.97,Analyst,815,01-06-2022,BR008,True,,Bermuda,online
CUST000379,Christopher,Harper,21/02/1942,female,jphelps@example.net,+12855626149,,Lake Victoria,AK,65315,146643.1,Lawyer,602,11/10/2016,BR005,1,N/A,Czech Republic,N/A
CUST000380,Martha,Lucero,10/20/1982,M,nancyalexander@example.org,000-000-0000,969 Francis Squares,,WY,48207,,Officer,591,"July 03, 2016",BR028,,Verified,Spain,N/A
CUST000381,Laurie,Reynolds,15-05-2005,Male,rachel35ATexample.net,N/A,583 Adams Villages,South Christinefort,ZZ,57672,40609.74,Analyst,367,2007-05-01,BR011,False,Not Verified,Bahrain,branch
CUST000382,Stephanie,  Jackson,30/09/1970,F,dhansen@example.com,000-000-0000,8453 Thomas Plains Suite 090,Brianaland,RI,08840,49021.26,Chef,-1,07/23/2011,BR016,False,Pending,Marshall Islands,N/A
CUST000383,Robert,Martin,19/05/1985,female,johnguzman@example.org,807-815-1169,725 Cody Knoll Apt. 647,East Jorgeborough,IN,46533,,Nurse,803,11-10-2017,BR011,0,Pending,Oman,
CUST000384,Cynthia,  Morgan,22/10/1973,M,warrenandrew@example.net,280-751-2080,0995 Stephanie Field Suite 283,,MI,13210,51598.57,Developer,384 pts,10/09/2001,BR032,No,verified,Tunisia,
CUST000385,FELICIA,Moore,87-03-13,m,audrey72@example.net,3707908144,,New April,MH,13571,43430.36,Sales Rep,634,2009-06-11,BR008,TRUE,Not Verified,Luxembourg,Referral
CUST000386,James,Moore,25/05/1953,M,sharon86@example.com,5818535237,0791 Elizabeth Islands,Shermanborough,LA,42485,75263.78,Accountant,707,07/07/2014,BR021,TRUE,Verified,Burkina Faso,Referral
CUST000387,Seth,GONZALEZ,25-06-1962,F,ypowell@example.org,N/A,,,CO,40755,81961.46,Lawyer,817,12-04-07,BR013,True,Verified,Uganda,
CUST000388,Briana,Mccullough,99/99/9999,F,daniellestevenson@example.net,(404) 763-5806,17235 Jennifer Park,New Danielle,AL,06429,135665.98,Teacher,560,"September 16, 2017",BR001,True,Verified,Uzbekistan,Walk-in
CUST000389,Patrick,Mccullough,24-05-10,F,glassadam@example.org,(185) 266-3560,460 Colon Lane,Meganborough,GU,64492,USD 103264.83,Designer,321,17/06/2004,BR017,True,Pending,El Salvador,Marketing
CUST000390,Carol,  Sims,06/01/2005,M,xwilliams@example.com,731-411-2712,648 Mitchell Port Suite 116,North Angela,NM,26818,49808.37,Contractor,584,09/26/2003,BR017,Yes,Not Verified,Brunei Darussalam,Referral
CUST000391,April,Johnson,1953-01-29,F,orodriguez@example.org,N/A,90254 Michael Flats Apt. 662,Williambury,HI,82711,38555.49,Sales Rep,806,2020-07-15,,FALSE,Verified,Congo,Online
CUST000392,Matthew,Griffith,1999-08-15,F,savagechad@example.org,(128) 448-2285,0213 Patrick Port Apt. 691,Port Courtney,OK,72011,87217.17,Contractor,409,18/06/2002,BR025,TRUE,verified,Barbados,ONLINE
CUST000393,Andrew,Holloway,99/99/9999,Female,ppineda@example.com,+17965737945,2642 Singh Meadows,Douglasmouth,MT,93652,23791.84,Doctor,381,"May 01, 2013",BR003,1,,Turkmenistan,online
CUST000394,  Amber,Perez  ,1964-02-20,m,omartinez@example.com,766.767.7767,628 John Station Apt. 939,Rachelside,VI,54005,USD 134101.06,Lawyer,821,,BR018,FALSE,pending,Holy See (Vatican City State),Online
CUST000395,Dawn,Lewis,"July 21, 1978",M,theodoredaniels@example.com,996.203.3582,9249 Danielle Ports,East Robert,NH,32705,"$111,280.40",Clerk,431,04/08/2008,BR003,FALSE,VERIFIED,Trinidad and Tobago,Branch
CUST000396,JOANNA,Farmer,2001-05-15,F,wstewart@example.net,,9597 Morgan Extensions,Kevinside,GA,20426,53578.85,Lawyer,548,2021-12-22,BR011,Yes,Verified,Central African Republic,N/A
CUST000397,Robert,Patel,65-12-07,MALE,jmoore@example.net,443.212.7102,9927 Tara Skyway Suite 515,East Dennisport,TX,52093,10040.29,Student,821,28/06/2006,BR043,,verified,United States Virgin Islands,Online
CUST000398,Edward,Haney,45-08-25,M,suzanneflores@example.net,000-000-0000,,New Juan,NC,03573,USD 117385.53,Nurse,735,"April 08, 2011",BR039,0,Not Verified,Liechtenstein,
CUST000399,Lucas,Jackson,"August 10, 1957",M,,(804) 571-5802,6046 Richardson Passage Suite 652,Jenniferside,ID,64572,65991.11,Retired,519,NULL,BR008,1,pending,Finland,Branch
CUST000400,Joseph,Gentry,1970-07-29,M,trujillorobin@example.net,+14025131251,00591 Brandi Well,Welchmouth,WY ,87655,113323.57,Clerk,657,04/01/2016,BR041,Yes,verified,Botswana,Referral
CUST000401,cheyenne,Brown,01/04/1961,1,jamesreese@example.org,811.706.3301,3792 Roberts Springs,South Jacksontown,CO,23550,14195.03,Teacher,730,"November 13, 2004",BR015,TRUE,verified,Congo,N/A
CUST000402,  Jose,Humphrey,00-09-30,F,hollywarner@example.org,+1-825-632-6949,4538 Diana Springs,Juanburgh,CA,08577,,Chef,393,04/03/2005,BR008,,pending,Bahrain,
CUST000403,troy,Orr,03-12-01,M,harveylisa@example.org,000-000-0000,7583 Brenda Canyon Suite 677,Sandrafurt,NH,61369,70183.53,Sales Rep,451,04/11/2019,BR030,TRUE,verified,Korea,online
CUST000404,Eric,Rojas,1942-09-08,M,bbarnes@example.org,(862) 965-0622,5307 Moore Village,Jeremyfort,PA,95361,71644.32,Lawyer,417,2022-08-10,BR010,,pending,Luxembourg,N/A
CUST000405,Ryan,Valentine,46-11-15,M,,915-579-4238,,Henryport,SC,21289,54247.71,Sales Rep,823,22-03-2010,BR037,True,Verified,Guadeloupe,Online
CUST000406,Crystal  ,Sutton,1996-01-27,F,mcarr@example.org,000-000-0000,7485 Hale Crossroad,Kimberlyshire,PW,30506,91799.75,Engineer,481,"March 31, 2021",BR013,,Not Verified,Russian Federation,Marketing
CUST000407,Brittany,Young,22/11/1953,M,tracyharrison@example.org,+19818629518,,Port Kayla,VT,19255,32633.28,Retired,598,27-06-2017,BR003,TRUE,,Haiti,online
CUST000408,Melanie,Brown,99/99/9999,MALE,jeffreysmith@example.com,1378624575,388 Wright Lane,Haynestown,ME,34709,"$65,016.72",Nurse,812,04/09/2023,BR045,Yes,N/A,,Online
CUST000409,James,Phillips,20/02/1966,1,pearsonkathryn@example.org,+19726768297,974 Brenda Islands,North Brianmouth,OH,63035,74210.35,Doctor,521,"January 16, 2006",BR047,No,Not Verified,Heard Island and McDonald Islands,
CUST000410,Donald  ,  Decker,85-04-18,F,,+11256425904,12218 Shelby Freeway Apt. 555,,CO,54586,88005.36,,809,02/11/2011,BR001,FALSE,,Guam,online
CUST000411,Karen,Vasquez,1952-01-06,M,warrendarlene@example.com,N/A,0033 Stephanie Dam,Marcusfurt,XX,67380,94906.52,Doctor,645,05/10/2018,BR019,TRUE,,Serbia,Online
CUST000412,Keith  ,Johnson,72-11-28,M,CPIERCE@EXAMPLE.ORG,+10017034397,28094 Hawkins Pass Suite 239,Matthewmouth,MH,34624,30637.53,Engineer,374,05/16/2014,BR022,0,Verified,India,N/A
CUST000413,David,Mitchell,89-05-14,m,griffintammy@example.net,6637210613,39438 Kyle Forge Apt. 537,Cortezmouth,MO,79381,,Retired,543,21-05-23,BR003,FALSE,VERIFIED,Sao Tome and Principe,
CUST000414,Frederick,Vasquez,09-12-2004,M,laura31@example.net,(900) 890-0404,05336 Jones Mall,West Kayleeville,ME,00000,114718.69,Officer,684,18/04/2013,BR044,False,Not Verified,Cambodia,Walk-in
CUST000415,Jose,Conrad,53-01-09,F,davidfields@example.net,672.601.1379,971 Jason Locks,Johnsonfort,NE,61541,81630.99,Teacher,784,2006-12-14,BR012,FALSE,verified,Isle of Man,Marketing
CUST000416,Gregory,Smith,26/08/1986,M,douglassusan@example.com,0018479340,045 Carly Motorway,Stephensstad,TN,49164,43802.97,Lawyer,450,19-06-23,BR027,No,VERIFIED,,branch
CUST000417,Jessica,fernandez,1978-03-19,Male,jill56@example.org,N/A,94255 Hayes Plains Apt. 058,New Matthew,SC,98122,124290.32,Sales Rep,0,2017-07-10,BR049,True,VERIFIED,Cayman Islands,Marketing
CUST000418,Melissa,BERRY,1994-11-23,f,N/A,+1-488-508-1904,1558 Mills Viaduct Suite 395,Wattsville,IN,84448,74048.61,Sales Rep,807,07/10/2019,BR009,True,,Norway,
CUST000419,Shawn,Flowers,2012-01-25,F,jenniferbarry@example.net,(372) 514-3643,04132 Carl Mission,South Shirleyfurt,AL,91965,111275.4,Designer,507,2015-06-19,BR014,TRUE,Not Verified,Nepal,Referral
CUST000420,Kevin,  Hughes,40-01-16,F,kevinharvey@example.com,(139) 980-7075,706 Sydney Trace Apt. 748,North Johnville,NH,50288,72363.15,,344,"March 28, 2004",BR017,No,,San Marino,Branch
CUST000421,Matthew,Munoz,19/09/1952,FEMALE,tjohnson@example.net,000-000-0000,968 Jon Crest Suite 274,North Kelly,MA,56433,142126.18,Officer,537,25/11/2010,BR027,Yes,N/A,Bouvet Island (Bouvetoya),branch
CUST000422,Gloria,Schmitt,"January 20, 1942",F,N/A,,99077 Bauer Meadows,Lake Aliciastad,SC,71736,USD 131436.93,Doctor,529,01/09/2015,BR024,Yes,N/A,Botswana,branch
CUST000423,ROBERT,Johnson,05/30/1949,F,bgrant@example.org,,92378 Grant Neck,Port Dianashire,MT,15685,61286.25,Accountant,638,01-07-09,BR047,1,verified,Monaco,Walk-in
CUST000424,Bernard,Harris,01/05/1994,F,dean60@example.com,680-418-4980,73377 Lewis Extensions Suite 881,Lake David,NY,19559,104004.98,Engineer,689,"July 01, 2003",BR035,False,,Tokelau,
CUST000425,Kathleen,Woods,20/07/1991,0,knightjohn@example.com,000-000-0000,,Lake Rebecca,NJ,81096,92588.16,Chef,767,99/99/9999,BR018,,Pending,Zambia,online
CUST000426,Krystal,Oneal,73-08-07,0,johnboyd@example.com,+10016169906,8954 Dixon Lights Apt. 751,Hesterside,NC,81289,117902.1,Nurse,381,"September 15, 2014",BR022,True,Pending,Norfolk Island,Referral
CUST000427,  Bryan,Soto,76-03-18,1,nancy98@example.org,+1-853-593-5435,,Port Kayla,LA,25400,USD 36227.68,Student,567,99/99/9999,BR040,No,Not Verified,Poland,Branch
CUST000428,Gina,Marquez,04-03-1983,female,james79ATexample.net,7145339527,4978 Thomas Rest Apt. 416,Smithborough,AS,33899,94011.8,Self-Employed,758,03/26/2014,BR042,No,verified,Vanuatu,Branch
CUST000429,Troy,Donovan,43-02-27,0,william63@example.com,,,North Michael,AS,07644,107044.86,Consultant,818,21-08-2018,BR009,False,N/A,Armenia,Walk-in
CUST000430,Melanie,Ramirez,25-07-1988,Female,david16@example.org,(890) 501-5944,99948 Randall Drive,New Breannabury,GA,50737,8444.12,Sales Rep,374,2010-08-09,BR021,No,VERIFIED,,online
CUST000431,James,Jensen,09-02-1983,M,christopheryang@example.com,N/A,469 Griffin Fort,Port Christophermouth,NV,20212,28585.95,Developer,306,10/26/2005,BR019,FALSE,Not Verified,Saint Vincent and the Grenadines,Referral
CUST000432,PAMELA,  Jefferson,NULL,M,wjohnsonATexample.com,N/A,2196 Kristin Fords,West Michael,KY,33107,0,Chef,766,09-12-2007,BR024,,verified,Saint Barthelemy,ONLINE
CUST000433,Kelly,Hall,19/11/1953,M,ryu@example.net,N/A,761 Scott Forks Suite 547,East Jeffrey,OR,85043,60570.76,Manager,490,01-04-24,BR014,True,Pending,Maldives,ONLINE
CUST000434,  Carol,patrick,69-05-01,M,wernermichael@example.org,+1-621-998-0418,2642 Robert Expressway,East Monicaton,OK,86303,95113.98,Engineer,559,"May 06, 2022",BR038,False,Verified,Slovenia,Referral
CUST000435,Kristen,Mckay,1979-06-27,1,keithharrison@example.com,+1-430-339-1114,522 John Branch Suite 248,New Williamton,MO,18189,"$122,582.50",Nurse,355,08-06-14,BR044,False,pending,Chad,Marketing
CUST000436,Brandon,  Moore,2002-03-14,female,johnlynch@example.com,001.247.3372,04787 Pierce Stream Suite 878,Kristinshire,VT,98718,72593.32,Clerk,323,06-09-10,BR043,Yes,Not Verified,Iraq,branch
CUST000437,Karen,Mills,12/11/1964,M,fjacksonATexample.org,(831) 895-4196,0573 Jason Trail Apt. 792,Randyberg,AK,30263,127001.54,Lawyer,,03/14/2005,BR040,Yes,pending,United Kingdom,online
CUST000438,  Scott,Tucker,"May 14, 1999",F,xmarquez@example.org,+18268032145,458 Williams Ways,Jonesmouth,ID,41178,21696.45,Chef,645,00-05-23,BR009,Yes,VERIFIED,Uzbekistan,online
CUST000439,William,Smith,99/99/9999,F,thomasjennifer@example.com,+1-708-938-5076,545 Laurie Prairie Apt. 776,Lake Kimberlyshire,NY,00000,10381.61,Designer,433,05/07/2009,BR002,TRUE,pending,Bangladesh,ONLINE
CUST000440,Yolanda,Hernandez,"January 17, 1951",F,trivera@example.com,N/A,69362 Payne Glens,North Vickie,GA,05411,68055.83,Accountant,307,2009-12-13,BR040,0,,Estonia,
CUST000441,Jessica,BUCHANAN,27-05-1997,F,taylorzavala@example.net,+17114759574,330 Webb Isle Suite 760,Laurieview,CT,19895,USD 83442.29,,,24/01/2023,BR036,FALSE,Not Verified,Moldova,Walk-in
CUST000442,Jeffrey,Logan,"January 27, 1948",f,,(001) 488-9566,0666 Robert Burgs,Sharonville,ME,31392,,Sales Rep,9999,24-11-2014,BR018,False,verified,Libyan Arab Jamahiriya,ONLINE
CUST000443,  Natasha,Vasquez,"September 12, 1955",M,zchapman@example.com,8433925295,10286 Mosley Underpass,North Aaron,HI,04785,0,Retired,703,19-08-05,BR009,False,Verified,,Walk-in
CUST000444,Dennis,Terrell,99/99/9999,F,N/A,,7149 Gilbert Pine,Port Cheyenneberg,CA,00000,66880.8,Analyst,367,14-03-16,,1,pending,Kyrgyz Republic,ONLINE
CUST000445,Catherine,  Green,94-05-17,F,crawfordjeffrey@example.com,N/A,45337 Jacqueline Camp Apt. 091,North Whitney,DC,20073,24343.57,Consultant,827,"December 19, 2012",BR005,1,Pending,Saint Kitts and Nevis,Referral
CUST000446,Charles,Townsend,1942-05-12,M,beth76@example.com,889-543-7052,00462 Ford Locks Suite 725,Barrettshire,VI,92232,93438.54,Officer,759,2006-07-29,BR035,,verified,Colombia,N/A
CUST000447,Adrian,Logan,"September 27, 1942",M,robert75@example.org,000-000-0000,559 Rogers Cove,Ingramhaven,ID,28165,USD 82830.94,Engineer,785,05/13/2014,BR006,1,,Cameroon,Branch
CUST000448,Marvin,Hopkins,02/27/1954,F,alyssa89@example.net,,176 Sloan Rest Apt. 593,Bakerton,US,30578,37104.21,Student,481,21-11-13,BR047,True,N/A,Paraguay,branch
CUST000449,Rebecca,King,92-02-16,F,adam30@example.org,6362060148,388 Chan Walk Apt. 685,New Diana,AL,90296,52014.66,Driver,716,12-05-06,BR050,FALSE,verified,Japan,N/A
CUST000450,Christopher,Lucas,02-07-03,M,ismith@example.net,N/A,,East Morgantown,IA,09149,32927.53,Officer,509,2018-04-10,BR016,Yes,verified,Slovakia (Slovak Republic),N/A
CUST000451,Kaylee,blake,"June 20, 1948",F,tammy17@example.com,N/A,2638 Swanson River,,AS,11828,,Chef,795,02-12-06,BR035,Yes,Verified,Bahrain,branch
CUST000452,Francis,Peterson,12-06-1989,M,timothymiddleton@example.net,N/A,787 Morris Land,North Benjamin,ID,00988,103429.98,Self-Employed,392,06/09/2014,BR008,TRUE,Pending,,branch
CUST000453,Ashley,Smith,31/05/1972,M,deborah60@example.com,000-000-0000,534 Carter Walks,North Sheilaberg,UT,34354,35499.59,Officer,0,05-05-2000,BR020,,verified,Suriname,Walk-in
CUST000454,Noah,Hernandez,05-10-1973,F,melissa18@example.com,474-346-0045,991 Wilson Greens,Lucasville,HI,76052,87641.63,Designer,818,18-04-2001,BR025,TRUE,Pending,Croatia,online
CUST000455,Brandi,  Miller,NULL,F,hillmckenzie@example.net,+10013817898,021 Stacy Radial Apt. 170,Pachecofurt,ND,14511,51440.98,Designer,406,19-07-2003,BR033,1,,Estonia,Online
CUST000456,Erik,Ayers,02/29/1988,M,christopherjackson@example.net,+1-001-810-2732,378 Brian Forest Suite 384,Derekshire,MT ,76304,42249.45,Lawyer,354,"February 22, 2009",BR028,0,,France,N/A
CUST000457,Joseph,Jensen,24-04-1944,0,mannjonathan@example.net,401.269.3429,01623 Chung Ports,Lake Jasonville,MP,91756,66253.94,Retired,501,10/06/2003,BR019,,pending,American Samoa,
CUST000458,Robert,Peterson,19/10/2005,M,uthomas@example.net,455-566-8473,3377 Kim Glen Apt. 672,Port Pamelaton,WA,60629,"33766,52",Doctor,552,"November 14, 2001",BR015,0,Pending,Malta,Marketing
CUST000459,Keith,Gutierrez,1969-09-11,M,donald42@example.com,,3720 Deanna Lights,New William,FL,14895,50622.27,Teacher,847,"March 21, 2016",BR036,No,Verified,Ethiopia,online
CUST000460,Jennifer,Boyd,61-08-12,M,nelsondominique@example.com,000-000-0000,05869 Smith Fields,North Jessica,VA,56186,28074.27,Analyst,559,16-11-26,BR025,1,Pending,El Salvador,Marketing
CUST000461,heather,Nelson,12/12/1989,M,,+10017952167,7385 Perez Points Apt. 119,East Robert,AZ,27365,138765.38,Nurse,9999,,BR025,False,,Lao People's Democratic Republic,Online
CUST000462,  Robert,Ferrell,1942-09-03,F,garciaveronica@example.net,000-000-0000,15391 Linda Turnpike Apt. 074,Lake Katherine,VA,01334,71234.22,Contractor,616,2018-05-01,,FALSE,Verified,Vanuatu,ONLINE
CUST000463,Megan,Montoya,1956-05-12,M,lauraclay@example.org,789-939-4065,19043 Lynn Fort,Lake Harryborough,ID,17884,"$45,509.61",Driver,392,,BR021,No,,French Polynesia,
CUST000464,Steven,Stanley,02/14/1964,Female,christinejohnson@example.net,N/A,12312 Rodriguez Forks Apt. 488,Oliviaburgh,MP,78393,77489.3,Student,331,2016-08-22,BR025,Yes,VERIFIED,Martinique,Branch
CUST000465,Donna,Lewis,11/27/1951,F,ncoleman@example.com,(354) 393-0364,38187 Blankenship Prairie,,VT,97181,66068.52,Nurse,392,2006-03-10,BR044,,Pending,Svalbard & Jan Mayen Islands,
CUST000466,Derek,holmes,2003-12-12,F,laurenallen@example.org,7984138815,67323 April Road,Jonesside,CO,97198,62266.06,Self-Employed,444,31/08/2005,BR047,Yes,Not Verified,Senegal,Marketing
CUST000467,Marc,Martin,"March 03, 2003",F,victoria50@example.org,000-000-0000,902 Edwards Spring,Port Robinport,WV,38792,,Self-Employed,763,10-10-13,BR050,0,Verified,Eritrea,Online
CUST000468,Erik,Gardner,1971-07-12,M,carolineray@example.com,+1-278-812-2489,09004 Nicholas Roads Suite 158,Alyssafurt,MS,74294,96512.77,Teacher,621,99/99/9999,BR045,No,verified,British Virgin Islands,online
CUST000469,Joe,Hernandez,09/20/2002,F,william55@example.net,+19542296080,36998 Montgomery Turnpike Apt. 982,North Bruce,AS,06659,51432.46,Manager,384,25-07-2009,BR010,0,,Vanuatu,Referral
CUST000470,David,Myers,03/01/1946,F,zamorarose@example.net,N/A,164 Eric Circles,Lake Ricardo,TX,39187,,Manager,557,06/09/2013,BR015,True,verified,Saint Kitts and Nevis,Referral
CUST000471,George,Duncan,88-06-18,M,rickey20ATexample.org,N/A,4026 Jennifer Land Suite 824,Port Rhonda,AK,00000,,Designer,616,2001-03-27,BR007,False,,Paraguay,Online
CUST000472,Christopher,Bennett,07/10/1952,0,sconner@example.net,001.488.6031,279 Emily Junctions Apt. 404,East Sabrina,IL,47039,0,Clerk,310,2007-01-31,BR008,0,VERIFIED,Congo,Referral
CUST000473,Maria,Scott  ,"February 18, 1971",F,nicole16@example.net,,91373 Richard Islands,North Nicole,PR,05056,16968.31,,521,,BR038,No,Verified,Saint Kitts and Nevis,Referral
CUST000474,Chase,Miller,26/10/1942,M,uchangATexample.com,578.268.8002,156 Andrea Villages,East Haleymouth,NJ,83972,117840.6,Lawyer,0,99/99/9999,BR032,Yes,Verified,Reunion,ONLINE
CUST000475,Tyler,Daniel,"February 12, 1989",M,hornerebecca@example.org,+11336659520,433 Moreno Junctions,New Donaldchester,ID,22861,127573.87,,460,2014-12-28,BR014,True,N/A,Suriname,ONLINE
CUST000476,Jennifer,DAVID,06/22/1956,Female,charleshayes@example.com,(761) 514-0428,6608 Darren Crossroad Suite 003,New Nicolestad,ZZ,52645,61283.74,Contractor,548,"August 16, 2000",BR009,Yes,verified,Turks and Caicos Islands,online
CUST000477,Catherine,Meyers,12/15/1980,f,hughesgail@example.org,N/A,8293 Roberts Canyon Apt. 348,Port Allisonmouth,WI,25938,"90179,49",Retired,379,11-06-23,BR029,No,Not Verified,Guam,Referral
CUST000478,Kenneth,Woods,03/30/1960,m,ricklewis@example.net,000-000-0000,207 Aguilar Expressway Suite 999,Wangshire,US,49766,80893.76,Doctor,774,21-02-06,BR004,0,VERIFIED,Trinidad and Tobago,
CUST000479,Kimberly,Phillips,59-05-17,male,hdavis@example.com,(385) 696-9325,499 Stephanie Field,East Marybury,LA,19020,,Manager,534,25-01-2006,BR018,FALSE,Pending,Singapore,N/A
CUST000480,Tanya,Powell,NULL,1,russellholly@example.net,+15267176072,,Debrahaven,dc,86649,109185.12,Nurse,342,"November 10, 2005",BR013,Yes,Verified,Ukraine,
CUST000481,Ann,Smith,1960-09-15,F,maria56@example.net,(829) 796-5082,4186 Cooper Roads,Port Jayside,NJ,56331,65522.88,Self-Employed,329,29-10-2011,BR025,True,Pending,Bolivia,Branch
CUST000482,EMILY,Jennings,"March 19, 1958",M,katieaguirre@example.com,001-551-6434,002 Goodwin Alley Apt. 869,Solomonfurt,CA,07729,36556.08,Analyst,741 pts,07/24/2017,BR037,True,N/A,,
CUST000483,darryl,Petty,10/25/1973,MALE,egordon@example.org,+1-133-975-0016,6283 May Road,North Jessica,IN,84059,13774.38,Officer,717,13/08/2006,BR039,True,verified,Fiji,N/A
CUST000484,Joseph,Huang,25-05-1970,M,sramos@example.com,707.226.6292,776 Tina Port,Port Kimberlytown,MO,69180,77121.23,Chef,-1,02/08/2016,BR018,False,N/A,Peru,ONLINE
CUST000485,Amanda,Jones,"August 24, 1992",F,jameschavez@example.org,3559235617,21192 Noah Forges,Younghaven,TN,42149,43527.72,Driver,,23-11-2014,BR022,TRUE,,Bulgaria,online
CUST000486,Taylor,Payne,,F,nicholas33@example.com,784.244.9029,4801 Hill Center,South Jamie,KS,13819,20221.12,Clerk,461,20-08-2018,BR004,False,,Indonesia,branch
CUST000487,Thomas,  Rodriguez,60-04-10,M,rebeccafigueroa@example.com,+11682821021,857 Hall Meadow,Port Lynn,IA,15572,47369.95,Accountant,771,"August 26, 2011",BR032,FALSE,Pending,Thailand,Online
CUST000488,Zachary,Stephens,02-01-14,F,ricky53@example.net,N/A,50682 Donna Extension,East Crystal,MD,88828,32145.82,Contractor,676,2014-08-07,BR031,TRUE,Pending,Cayman Islands,Referral
CUST000489,Christopher,LONG,1968-09-08,F,alexis58@example.com,N/A,9089 Young Road Suite 802,North Melissa,AS,04945,129049.96,Chef,490,21-09-27,BR043,FALSE,VERIFIED,Zambia,Referral
CUST000490,Cassie,Blair,"May 30, 1997",F,mproctor@example.net,001.348.6424,8870 Davis Fall Apt. 867,Woodsside,WI,86579,100857.39,Teacher,809,06/02/2005,BR007,Yes,pending,Colombia,ONLINE
CUST000491,Anthony,Gilbert,13/12/1948,F,omar19@example.org,,8937 Krystal Place,Erintown,MO,84852,69720.96,Lawyer,521,2006-11-07,BR049,1,verified,Colombia,online
CUST000492,Faith,Sparks,"April 05, 1990",Male,brett40@example.net,+1-466-795-7900,4286 Watkins Flat Apt. 594,Lake John,DC,90092,121798.04,Contractor,0,NULL,BR015,,verified,Martinique,N/A
CUST000493,Jodi,Bradford,20/10/2024,M,ogreer@example.org,,56292 Shah Forges Apt. 589,Curtishaven,CT,73892,72707.89,Doctor,574,25-03-2003,BR002,No,,Russian Federation,Marketing
CUST000494,Peter,Diaz,1993-01-05,FEMALE,ystone@example.net,309-357-4430,720 Adrienne Squares Suite 934,North Maryborough,MO,40816,39855.05,Officer,764,99/99/9999,BR031,FALSE,Not Verified,Benin,branch
CUST000495,Mark,Chavez,1983-05-30,M,maria31@example.org,000-000-0000,14105 Stephen Ridges Apt. 987,New Jessicaberg,WV,63155,123309.34,Developer,691,01/10/2014,BR041,0,Pending,Albania,Referral
CUST000496,Joseph,Anderson,44-02-05,M,richard25@example.net,0014669059,548 Quinn Manors Suite 594,New David,00,16053,88861.85,Retired,391,30/10/2018,BR017,0,Verified,,Marketing
CUST000497,Tammy,Burnett,09/02/1971,F,bduke@example.org,(300) 524-5393,155 Jared Islands,Timothyhaven,IL,83524,33696.38,,841,03/24/2007,BR021,1,N/A,North Macedonia,online
CUST000498,Ronald,Rojas,04/09/1965,F,campbelljustin@example.net,(896) 469-9727,58254 Stephanie Cliff,Port Lisa,VT,71720,63338.15,Clerk,576,22/05/2018,BR011,TRUE,VERIFIED,,online
CUST000499,Lindsey,Rodriguez,25/11/1984,F,jamesbrown@example.org,1820649106,38750 Katie Lodge Apt. 722,Timothymouth,KS,98389,39353.36,Student,831,07-08-2015,BR038,TRUE,Pending,,Online
CUST000500,Teresa,HART,1943-11-07,0,timothy62@example.net,(552) 391-8768,82717 Bryan Spur Apt. 373,Port Sara,MD,24328,21602.01,Student,740,16-07-2003,BR036,1,VERIFIED,China,online
CUST000501,  Eric,Moses,07/30/1975,F,joycekeith@example.org,+10017655914,,West Angela,ME,35468,102416.21,Consultant,705,99/99/9999,BR042,0,Pending,Israel,Walk-in
CUST000502,David,Hardy,"March 21, 1974",M,fmclaughlin@example.org,+1-964-330-9544,9970 Ashley Mill,East Brianbury,TN,78606,136829.58,Accountant,463,12/03/2008,,Yes,Pending,Lao People's Democratic Republic,
CUST000503,KATHLEEN,Lozano,1949-09-02,M,lewisjean@example.com,,083 Benjamin Cape Suite 879,Stonehaven,VI,75070,21050.13,Accountant,357,03-07-05,BR017,False,Pending,Kazakhstan,Marketing
CUST000504,Michael,Clark,1964-04-19,1,elizabeth52@example.org,+11786300304,52391 Kimberly Row Apt. 950,West Jamesview,US,96828,89703.92,Nurse,807,14-05-28,BR012,1,Verified,Malawi,N/A
CUST000505,James,Salazar,05/26/1960,F,,+1-239-471-9126,32176 Goodwin Dam,North Catherineland,DE,15274,47227.51,Doctor,386,03-11-09,BR045,0,,Hong Kong,
CUST000506,Richard,Anderson,44-06-26,M,bobbywilliamson@example.org,5258873393,3802 Curtis Shores Suite 812,Gregoryland,LA,03477,52950.61,Analyst,486,99/99/9999,BR010,TRUE,Not Verified,Somalia,ONLINE
CUST000507,Angela,Foster,2000-12-04,F,sandraheath@example.net,135.222.9462,995 Kimberly Prairie,Colonville,IN,59972,,Self-Employed,638,,BR024,True,N/A,British Indian Ocean Territory (Chagos Archipelago),online
CUST000508,Donald,Lee,56-12-30,F,andrea85@example.com,7234041202,87402 Scott Stravenue Apt. 669,South Jeremyberg,VI,37384,39760.32,Doctor,328,18-07-2016,BR021,True,VERIFIED,,
CUST000509,Amanda,Landry,07/03/1968,F,petersonjose@example.org,1903740301,9157 Watson Manors Apt. 347,East Maryview,00,57410,USD 71698.26,Designer,409,02-01-2010,BR015,TRUE,Not Verified,Afghanistan,Branch
CUST000510,Daniel,Peters,1955-11-10,M,robleswillie@example.org,N/A,8080 Lisa Skyway,Sethberg,OR,04496,,Nurse,850,16/08/2002,,True,Pending,Trinidad and Tobago,N/A
CUST000511,Jennifer,Mccann,29/08/1984,F,fordjames@example.org,N/A,2130 Annette Falls,Amandahaven,TX,47075,79465.99,Lawyer,317,16-09-2013,BR008,1,pending,Kiribati,
CUST000512,Ronald,Jordan,02-10-20,1,tyler31@example.net,+18538396274,15918 Mariah Squares Suite 000,Richardchester,CT,00000,68241.67,Teacher,9999,2007-03-27,,Yes,N/A,Georgia,Walk-in
CUST000513,Tammy,Sims,11/30/1961,M,fischerlaura@example.org,397-671-4004,3152 Jonathan Rest,Port Brittanyfort,PW,52274,61636.82,Manager,694,2009-02-21,BR041,No,,Slovenia,branch
CUST000514,Catherine,FRITZ,05/25/1949,M,deborahgonzalez@example.net,+15169698416,77943 Mariah Track Suite 623,Brandiville,RI,58968,38235.27,Engineer,804,19/04/2017,BR038,TRUE,Verified,Sri Lanka,N/A
CUST000515,Alexis,DAWSON,"November 21, 1986",m,frederick62@example.org,+1-870-287-8211,041 Joe Spur,Lesterville,CO,58756,49813.0,Lawyer,708,23-12-12,BR009,0,pending,Angola,
CUST000516,Jessica,Medina,,M,sarah80@example.org,+11764548221,570 Bryan Burg Suite 806,Floresland,MP,24071,96438.69,Clerk,303,06-07-2020,BR037,1,,Tajikistan,N/A
CUST000517,Jacob,Elliott  ,12/05/1957,F,caitlin11@example.org,(279) 642-9688,531 Conway Corners,Rodriguezchester,AZ,00000,"$87,532.10",Self-Employed,634,"September 01, 2007",BR030,Yes,,Lithuania,N/A
CUST000518,  Rachel,May,22-03-18,M,tonycraig@example.net,188.345.6517,096 Conley Lane Suite 834,Johnsonmouth,NY,41447,35785.57,Nurse,542,2000-08-26,BR014,Yes,N/A,Canada,ONLINE
CUST000519,Calvin,Smith,"February 18, 1949",F,curtis22@example.com,0015366488,839 Nicole Dam Suite 672,Guzmanland,NE,03391,"$73,476.63",Student,335,26/05/2001,BR015,1,verified,Nigeria,Walk-in
CUST000520,Marissa,Davis,19-10-1951,M,lewismaria@example.net,+10014355923,5881 Cook Village,East Michaelview,WV,40096,96298.55,Officer,9999,2009-08-31,BR020,False,,Lithuania,Walk-in
CUST000521,Duane  ,MARTINEZ,06-06-2001,F,pattersondebra@example.org,0014446096,806 Whitaker Drive,West Christopherview,MT,68261,USD 11570.82,Lawyer,369,"March 09, 2021",BR028,1,VERIFIED,Thailand,N/A
CUST000522,  Wanda,Cobb,18-10-1968,F,cindy66@example.com,+1-196-968-9396,415 Chapman Island Apt. 119,Lake Carol,HI,08180,89017.61,Retired,674,09-08-20,BR047,1,Not Verified,Tanzania,branch
CUST000523,Grace,Woods,50-09-07,female,john60@example.com,000-000-0000,3621 Murphy Rapid Apt. 670,North Brookeshire,ME,18311,46808.17,Accountant,785 pts,2022-09-12,BR012,False,pending,French Southern Territories,Walk-in
CUST000524,Alyssa,CARPENTER,11/10/1989,female,brandonknapp@example.com,,7758 Ashley Tunnel Suite 533,South Davidstad,N/A,53511,89970.95,Student,466,10/30/2017,BR009,1,,Turkey,ONLINE
CUST000525,Patrick,Anderson,99/99/9999,F,kayleerogers@example.com,000-000-0000,12242 Patterson Neck,Collinsberg,XX,41920,43285.93,Developer,601,27-06-2017,BR043,False,N/A,New Zealand,N/A
CUST000526,Carlos,  Johnson,73-04-11,Female,N/A,,867 Frey Crossroad Apt. 129,Scotttown,AS,36309,6829.13,Retired,636,2023-09-26,BR014,True,pending,Kiribati,Referral
CUST000527,dennis,Higgins,"December 05, 1986",F,MELISSA61@EXAMPLE.ORG,(001) 812-2038,525 Gould Extensions Suite 218,New Mark,KS,47952,"13036,01",Officer,470,09/22/2004,BR028,True,VERIFIED,South Georgia and the South Sandwich Islands,online
CUST000528,Karen,Dodson,09/01/1948,F,  johnsonshirley@example.com  ,N/A,,South Samuelfurt,WV,27538,"$71,682.97",Contractor,785,10/15/2013,BR003,Yes,N/A,Ecuador,Branch
CUST000529,elizabeth,Newman,22/01/1985,M,tracyjohnson@example.net,136.281.7508,45306 Mark Plains,West Claudia,IN,43888,79090.29,Officer,641 pts,"June 07, 2014",BR041,1,pending,Thailand,Branch
CUST000530,Jerome,Torres  ,1998-05-16,female,hodgemichelle@example.net,001-418-6167,5446 Margaret Fords Suite 179,South Janet,OH,14545,"$38,348.92",Officer,687,99/99/9999,BR019,TRUE,Not Verified,American Samoa,Walk-in
CUST000531,Darlene,CURTIS,02-01-1963,M,john91@example.org,000-000-0000,5792 Garcia Villages,Beckerview,MS,30981,,Nurse,,"January 26, 2006",BR028,TRUE,Not Verified,Argentina,Walk-in
CUST000532,Lisa,Hensley,00-09-07,F,lpage@example.com,N/A,87062 Tonya Path,Lake Belindaborough,GA,19598,"11846,8",Self-Employed,821,18-05-2020,BR046,FALSE,N/A,British Virgin Islands,branch
CUST000533,bradley,Wilson  ,1952-03-07,F,jerrysmall@example.org,9868766100,81435 Robles Heights,Lake Joeside,US,42355,67687.21,Driver,539,14-08-2009,BR046,Yes,Verified,Pakistan,Branch
CUST000534,John,Harding,99/99/9999,M,hartmanjoshua@example.net,+1-192-385-4695,54596 Flowers Isle,Lake Brandonchester,US,88115,27614.43,Retired,586 pts,99/99/9999,BR032,1,Not Verified,Iceland,Referral
CUST000535,  Robert,Davis,1964-04-15,F,steinphillip@example.com,+16119340785,905 Russell Plaza,West Angela,MS,70532,47185.74,Manager,807,NULL,BR045,FALSE,Pending,Saint Kitts and Nevis,Branch
CUST000536,  Ashley,Howell,11/14/1987,M,paulstevens@example.org,+17382688891,625 Anthony Port Suite 609,East Andrew,CO,17894,71658.95,Driver,331,2000-06-12,BR016,TRUE,N/A,Jersey,
CUST000537,Nicole  ,Gallagher,1941-02-07,m,shawn89@example.net,460-341-8095,5851 Tucker Highway Apt. 274,Guzmanland,CT,71517,39885.53,Analyst,807,2004-12-22,BR001,False,verified,Peru,ONLINE
CUST000538,Laura,Newman,1944-10-28,M,,+1-926-242-2297,542 Madeline Key Suite 570,Ryanhaven,DC,00879,"56540,56",Retired,484,09/11/2016,BR021,No,VERIFIED,Tanzania,branch
CUST000539,Becky,  Martinez,99/99/9999,M,  tyler09@example.org  ,+1-001-601-9635,289 Clay Turnpike,Adamland,NM,68680,,Clerk,849,29/01/2004,BR039,,,Pakistan,N/A
CUST000540,Sierra,Montoya,"May 24, 1978",f,eugenegreen@example.com,,8011 Villegas Ridge,Port Steven,AS,14815,49808.78,Teacher,841,01/16/2009,BR015,1,verified,Suriname,Walk-in
CUST000541,  Diane,Edwards,14/04/1980,M,cmiller@example.net,+17372092300,4189 Hoffman Islands,Jeremyberg,AS,74882,99249.22,,0,"February 26, 2011",BR008,Yes,Verified,Mali,
CUST000542,Taylor,  Watkins,20/12/1990,M,michellejenkins@example.org,+11644371619,104 Williams Knoll,Walkerburgh,CA,61878,30460.26,,-1,13-06-19,BR017,True,VERIFIED,,Online
CUST000543,PATRICIA,Lewis,1993-07-14,F,samuel83ATexample.com,(868) 906-4860,834 Galvan Parkway,New Kevin,HI,42171,88543.15,Analyst,370,"April 13, 2016",,0,,South Georgia and the South Sandwich Islands,
CUST000544,Jeremy,Morse  ,1993-07-31,F,richard28@example.org,750-877-4065,92090 Barrera Islands,North Trevorport,VA,04112,120454.9,Engineer,444,05-07-2001,BR009,False,VERIFIED,Papua New Guinea,online
CUST000545,veronica,Garcia  ,99/99/9999,Male,corymiller@example.org,000-000-0000,9535 Hale Corner,North Patricia,TN,18226,0,Engineer,707,02/17/2005,BR028,True,Verified,,Referral
CUST000546,Ian,Santana,05/19/1990,M,monica00@example.org,N/A,71732 Larson Causeway Suite 950,Lake Karen,US,06811,"$42,108.67",Consultant,564,30/12/2013,BR010,False,,Algeria,Walk-in
CUST000547,toni,Roberts  ,06/05/1974,M,taramejia@example.org,8912045203,18491 Veronica Junction Apt. 855,West Gina,MA,19704,90197.52,Retired,763,"March 03, 2000",BR045,True,Pending,Aruba,Walk-in
CUST000548,Michael,Jones,14-11-1946,F,russelltommy@example.net,+18069968018,0378 Benson Crossroad Apt. 394,Biancastad,VI,29995,62893.41,Lawyer,578,25/05/2009,BR036,TRUE,Not Verified,Angola,online
CUST000549,Aaron,Henry,1997-03-01,F,kblake@example.com,4036250173,8429 Courtney Shore,East Kristina,ME,43889,82990.11,Sales Rep,0,22-06-2010,BR033,TRUE,Not Verified,Togo,Walk-in
CUST000550,Cody,Smith,,F,duncandawn@example.com,130-583-0886,3290 Kemp Isle Suite 598,Morrisshire,VI,24889,48860.52,Chef,0,09/03/2000,BR033,True,Verified,Benin,Marketing
CUST000551,  George,Mclaughlin,1954-08-21,male,,436-320-2755,7092 Rebecca Crescent Apt. 523,East Jaimeburgh,CT,85309,73030.64,Consultant,,27-05-2017,BR040,Yes,verified,South Africa,Walk-in
CUST000552,Cathy,Keller,25-01-1997,f,gomezrenee@example.org,(797) 705-9161,,Lake Briannamouth,OK,98755,USD 64551.30,Retired,532,20-12-27,BR008,False,Pending,Kyrgyz Republic,Marketing
CUST000553,Hannah,ruiz,"September 20, 2000",F,JAMESZACHARY@EXAMPLE.NET,853-478-9318,84540 Wendy Dam Apt. 720,East Andreaport,nd,17207,11087237.0,Developer,518,"September 23, 2017",BR025,True,N/A,Niue,Walk-in
CUST000554,Sara,Krause,04-12-2019,F,elainemoore@example.com,+13448743281,930 Jill Street Apt. 203,West Sharonberg,IN,17697,7890473.0,Teacher,835,29/07/2011,BR008,,VERIFIED,Bulgaria,Walk-in
CUST000555,JENNIFER,JIMENEZ,1988-08-10,F,heathergarcia@example.com,+10015302281,9377 Kelly Prairie,New Amandaberg,WI,09812,81816.09,Sales Rep,637,NULL,,No,verified,Poland,ONLINE
CUST000556,Andrew,Martin,04/15/1963,M,perrynicole@example.net,(001) 617-5469,96622 Laurie Flats Apt. 670,West Richardstad,MP,55247,55584.31,Designer,346,NULL,BR019,True,N/A,Tajikistan,ONLINE
CUST000557,Tara,Long,99/99/9999,f,reyesjackie@example.org,+1-698-665-5049,076 Petty Spur Suite 933,Cooperport,SD,79736,52933.78,Sales Rep,752,19-04-2013,BR043,TRUE,,,
CUST000558,Nicholas,Chavez,55-07-01,F,meghancruz@example.com,714-624-3625,88087 Jodi Lodge,Lake John,ME,93721,54860.46,Designer,710,05/06/2021,BR028,,pending,Belize,ONLINE
CUST000559,Diane,Duncan,2000-04-09,M,mbaker@example.net,532.247.2505,15876 Nathaniel Stravenue,Mitchellmouth,N/A,95890,83805.82,Officer,563,"May 24, 2000",BR048,False,pending,Iceland,online
CUST000560,Sabrina,Elliott,19-11-1970,Female,victor76@example.net,N/A,3421 Matthew Land,New Heiditown,OK,44022,55265.54,Retired,801,02/08/2019,BR019,TRUE,N/A,Uzbekistan,Walk-in
CUST000561,Mary,MONTGOMERY,NULL,F,william52@example.com,+11225959664,,Derrickstad,WI,94532,80142.12,Analyst,732,2001-02-18,BR006,True,VERIFIED,Namibia,Online
CUST000562,vanessa,Baker  ,"September 20, 1970",M,smartinez@example.org,,731 Anthony Rue,South Shelbystad,PW,22391,"$142,639.03",Clerk,0,01/08/2014,BR036,0,Not Verified,Cambodia,Marketing
CUST000563,Sarah,Miller,94-04-02,MALE,jdavis@example.com,923-554-2687,086 Hutchinson View,East Rebecca,NH,59872,100489.36,Accountant,510,2021-12-11,BR001,,,Bulgaria,Online
CUST000564,Barbara,Ross,99/99/9999,F,richard37@example.org,(240) 705-2781,800 Samantha Orchard Apt. 214,West Steven,PR,26042,58589.18,Officer,-1,07/20/2001,BR012,Yes,Pending,British Indian Ocean Territory (Chagos Archipelago),Branch
CUST000565,Ronald,Munoz,27/08/1943,male,tammyschwartz@example.org,001-736-4817,09297 Maurice Stravenue Suite 953,East Gary,SC,91363,112042.49,Accountant,467,19-02-21,BR035,FALSE,Not Verified,Sierra Leone,Walk-in
CUST000566,Lisa,Perez,64-03-29,M,  patriciamorrison@example.org  ,845-873-5323,507 Davis Causeway,Williamsburgh,MS,80079,55717.36,Officer,395,2009-02-10,BR012,True,pending,Luxembourg,Marketing
CUST000567,Kristin,Martinez  ,16/12/1948,F,mariagonzalez@example.org,N/A,6484 Mendoza Islands,Molinaberg,FL,28002,0,Accountant,575,23/02/2014,BR023,FALSE,N/A,Cuba,online
CUST000568,Tina,Haas,48-06-10,F,stephaniegillespie@example.net,,560 White River,Jasonton,MH,51568,34716.98,Analyst,412,08-02-02,BR003,True,pending,Ecuador,
CUST000569,Marissa,Reid,57-10-15,M,plin@example.org,,852 Pamela Cliffs,Port Paul,MO,87152,4522.28,Contractor,747,NULL,BR026,False,Pending,Azerbaijan,Referral
CUST000570,William,Mitchell,"July 06, 1972",Female,uperez@example.com,+1-135-671-5470,,South Tiffanyview,CA,10658,57697.03,Consultant,484,07/27/2000,BR006,1,Pending,Mongolia,Online
CUST000571,Katie,Nunez,27-04-1994,F,N/A,+1-996-793-9578,70204 Ryan Estate,North Cindyfort,CT,18320,,Officer,386,11/07/2009,BR020,False,Not Verified,Saint Lucia,
CUST000572,Dorothy,Hernandez,99/99/9999,F,everettashley@example.net,496-878-9760,3192 Samuel Loaf Apt. 759,Wongchester,MI,31595,128675.31,Self-Employed,315,2014-08-09,BR028,TRUE,VERIFIED,Tajikistan,Marketing
CUST000573,Dana,Clark,13-10-1957,Female,james91@example.net,N/A,0576 Kaiser Port,Marshport,NJ,01403,81442.46,Consultant,732,2009-05-07,BR028,No,pending,Rwanda,online
CUST000574,Brendan,Taylor,12/10/2011,Female,tfoster@example.net,176.786.4979,5006 Michael Square,South James,OR,97378,62331.48,Clerk,311,04/06/2007,BR049,TRUE,,Hungary,Online
CUST000575,Theresa,Cunningham,1965-03-13,F,sydneyalexander@example.org,+1-129-542-9635,1282 Gutierrez Ford Suite 431,Christinahaven,RI,73847,99029.2,Teacher,846,26/06/2003,BR048,No,verified,Tajikistan,N/A
CUST000576,Ashley,Rogers,17/11/1986,F,sbailey@example.com,N/A,449 Mitchell Ports,Natalieview,AK,69421,0,Developer,681,03/20/2023,BR045,TRUE,Not Verified,,N/A
CUST000577,Katherine,Copeland,,F,dustinwilliams@example.com,N/A,,Andersonburgh,DE,63250,78246.51,Manager,0,02/15/2021,BR012,True,,Senegal,branch
CUST000578,Bradley,Murphy,07/21/1991,F,james65@example.com,892-320-3004,939 Mackenzie Divide,Danielville,IL,96686,96980.28,Chef,-1,14-06-22,BR008,False,Verified,Tonga,N/A
CUST000579,Steven,Garrison,99/99/9999,M,allison96@example.org,695-570-8619,566 Christopher Fork Suite 034,East Maria,GA,88417,18249.48,Self-Employed,849,02-03-2007,BR050,FALSE,VERIFIED,Saint Vincent and the Grenadines,branch
CUST000580,Derek,  Hodge,40-07-18,F,kylecarter@example.com,731.404.3796,9021 Kim Heights Apt. 743,West Jaredmouth,AR,20838,"110031,39",Clerk,327,17-01-23,BR001,0,verified,Denmark,N/A
CUST000581,Amanda,Moody,27/07/1954,0,stacey22@example.net,(144) 656-5275,02569 Jason Wells,East Andrewborough,KS,54016,81847.37,Designer,353,04-08-13,BR043,TRUE,Not Verified,Lao People's Democratic Republic,Marketing
CUST000582,  Scott,Gross,1980-04-05,m,santiagoronald@example.com,407-662-7995,01239 Cabrera Extension Apt. 034,North David,LA,60591,55464.92,Developer,634,,BR033,0,Pending,Bangladesh,branch
CUST000583,Stacey,  Marsh,"August 21, 1996",F,davisjennifer@example.org,,99240 Ward Plains Apt. 872,Fullermouth,NY,08901,92147.37,Consultant,570,02/08/2012,BR042,1,N/A,Cocos (Keeling) Islands,branch
CUST000584,Eric,George,11-07-1940,m,,(482) 337-3379,18780 Heidi Spurs,Aguirreton,TN,10191,,Analyst,360,03/18/2011,BR019,FALSE,,Korea,Walk-in
CUST000585,Melissa,Roy,"October 09, 1943",F,ccarter@example.net,7924519994,171 Gregory Park Suite 433,Whitetown,MN,38415,76365.32,Retired,678,05/26/2012,BR015,True,Verified,Canada,branch
CUST000586,Drew,Bennett,20/03/1994,F,  rshelton@example.com  ,001-663-6308,48878 Smith Mountain Apt. 205,Cannonstad,CA,80727,78687.72,Clerk,653,16-11-28,BR010,,VERIFIED,Seychelles,N/A
CUST000587,Nancy,Lopez,"December 03, 2005",F,ncrawford@example.net,000-000-0000,7522 Bradley Brook Suite 165,East Lisaberg,AK,86237,53922.37,Officer,712,99/99/9999,BR019,1,Verified,Heard Island and McDonald Islands,branch
CUST000588,Ashley,Pennington,10/15/1975,M,brittanywilson@example.com,(001) 463-8029,420 Bennett Isle,Cindytown,SD,88164,40255.45,Contractor,692,04/30/2013,BR001,0,Pending,,Referral
CUST000589,Andrea  ,Davis,13-12-1960,F,jenniferwalker@example.net,+10013007498,158 Molly Plains Suite 876,Patriciaville,WV,76896,99061.75,Engineer,551,00-02-15,BR022,False,Pending,Bouvet Island (Bouvetoya),Walk-in
CUST000590,Alyssa,Baker,1940-08-08,F,pricevanessa@example.org,+1-170-086-2987,6419 Ramsey Forge Suite 219,Lake Sarah,00,19484,40037.07,Clerk,346,06-07-30,BR005,FALSE,pending,Christmas Island,branch
CUST000591,Charles,White,43-08-14,male,hannah04@example.org,194-843-1478,999 Johnston Pine Apt. 283,Lake Andreaton,IN,57122,72504.82,Designer,373,19-02-2021,BR045,FALSE,Pending,Jamaica,
CUST000592,Robert,Mclaughlin,99/99/9999,M,jasminbrown@example.com,+1-228-753-8631,2438 Andrea Alley,Angelaburgh,MT,81234,53281.99,Chef,419,2017-11-13,BR038,FALSE,Verified,Chile,online
CUST000593,Donna,Cunningham,12/20/1967,m,,927.863.3283,518 Thompson Motorway,East Ryanport,WI,14743,86764.29,Analyst,321,,BR011,0,Not Verified,Afghanistan,ONLINE
CUST000594,teresa,Lee,05/05/1965,F,jamesperez@example.net,3189835279,067 Cruz Run Apt. 659,North Cynthia,ND,69005,81678.17,Teacher,420,27-02-2004,BR006,No,VERIFIED,Bolivia,Referral
CUST000595,Melissa,Li,12/20/1974,F,KAYLAHOWELL@EXAMPLE.COM,N/A,,Donnaburgh,WA,89047,"$106,313.90",Student,579,2016-04-19,BR044,TRUE,VERIFIED,Andorra,Branch
CUST000596,Vicki,Short,"December 13, 1965",F,jacquelinebennett@example.net,+14867295912,94607 Tanner Prairie Apt. 747,Port Christina,NE,77868,"$52,149.43",Engineer,847,99/99/9999,BR036,False,Verified,Gabon,ONLINE
CUST000597,Bryan,kim,1986-05-17,F,  jwashington@example.org  ,000-000-0000,83984 Robert Gardens Suite 785,South Jessica,ND,70390,,Nurse,9999,18/12/2001,BR002,TRUE,N/A,Botswana,
CUST000598,Wendy  ,Carter,1963-07-13,F,bakerleslie@example.net,N/A,,Williamsfurt,LA,72967,35743.27,Analyst,440,19-12-2001,BR022,FALSE,Not Verified,Netherlands,Online
CUST000599,Rachel,Smith,29-07-1996,M,josephbass@example.com,N/A,185 Joyce Freeway Apt. 275,North Aaronton,TX,45709,54449.74,Consultant,442,NULL,BR041,TRUE,,Saint Helena,ONLINE
CUST000600,Peter,  Shelton,09/06/1941,MALE,vargasmolly@example.net,(630) 856-4184,087 Desiree Pines Suite 260,North Crystalborough,NE,49307,83205.52,Clerk,571,16-07-2002,BR044,0,pending,Tuvalu,online
CUST000601,Hailey,Williams,"October 31, 2004",F,samantha44@example.org,N/A,21559 Brennan Dam Suite 622,North Chelsea,MA,31422,96494.6,Chef,779 pts,16/03/2002,BR031,No,verified,Cuba,Online
CUST000602,  Sarah,Holland,08/18/1997,M,scott04@example.com,,350 Rivas Dam,Masonstad,IL,13821,37724.21,Accountant,771,11/13/2016,BR016,TRUE,VERIFIED,Chad,online
CUST000603,jacqueline,ATKINS,98-06-20,Male,smithjohn@example.org,1521717327,585 Henry Skyway Suite 252,Craigville,NY,43452,100436.21,Doctor,650,09-09-2005,BR045,No,VERIFIED,Liechtenstein,Marketing
CUST000604,Micheal,Miller,"October 28, 2018",M,brownsabrina@example.net,+11705549147,47841 Wilson Prairie Suite 973,Keithborough,AZ,44196,117447.33,Developer,753 pts,2000-02-26,BR021,TRUE,verified,Djibouti,Walk-in
CUST000605,Tracy,FERGUSON,NULL,M,jamesmoreno@example.com,+1-913-438-9260,2787 Alec Views,Whiteland,MD,24295,84470.22,Chef,665,06/02/2018,BR037,False,verified,British Virgin Islands,branch
CUST000606,Sean,Torres,97-12-04,M,marie35@example.net,(878) 901-8915,4671 Ramos Lane,New Lisa,OR,09060,"135687,85",Manager,746,13-04-21,BR025,No,Pending,Georgia,N/A
CUST000607,Jeffrey,Cervantes,1992-07-18,M,brianajohnston@example.com,,083 Martin Squares,New Brookehaven,LA,38182,42917.38,Accountant,465,"April 19, 2015",BR033,,Pending,Chile,Referral
CUST000608,Debra,Price,1958-05-24,F,,(372) 285-7595,17978 Lori Hills,Lake Charlene,VI,59726,26437.09,Analyst,632,"February 11, 2023",BR044,,VERIFIED,United Arab Emirates,
CUST000609,Christopher,  Smith,"November 26, 1979",M,,N/A,8119 Chelsea Overpass Apt. 459,Port Andrewshire,SC,22380,7744.79,Driver,476,NULL,BR029,0,,Syrian Arab Republic,Referral
CUST000610,Daniel,Mcdonald,14-02-1966,m,wooddylan@example.com,,119 Kristin Common,,AL,33088,122361.55,Designer,365,99/99/9999,BR013,Yes,verified,Togo,Walk-in
CUST000611,Amanda,Farrell,21/10/1953,M,,3132609085,0243 Clark Cliff Suite 873,Toddberg,PW,00000,92902.8,Clerk,579,06-02-2015,BR018,,Verified,Kazakhstan,Online
CUST000612,Christian,Vaughn,1981-08-18,M,ncarroll@example.com,790.605.8561,315 Hoover Garden Suite 925,Kristyville,CT,50286,6805453.999999999,Analyst,345,06/18/2010,BR018,Yes,pending,French Guiana,Walk-in
CUST000613,John,Huber,11-10-1953,M,kellermary@example.org,(572) 670-2896,164 Jones Squares,Jonesville,RI,91801,79798.9,Lawyer,832,17-10-13,BR016,FALSE,Pending,Kyrgyz Republic,ONLINE
CUST000614,Susan,Morris,17-10-1942,F,matthewbrennan@example.net,,76362 Jose Green Suite 718,,WV,76393,30607.88,Doctor,601,06-07-31,BR040,,Verified,Denmark,Referral
CUST000615,Brittany,Bauer,02/18/1961,M,johnstonbarbara@example.org,976-649-0922,,Karenstad,DE,93157,155601.32,Contractor,757,"June 27, 2014",BR021,FALSE,Not Verified,Dominica,N/A
CUST000616,Mariah,Wang,88-07-07,m,ftaylor@example.org,000-000-0000,881 Harris Mountains,Pearsonstad,NY,29657,74522.74,Lawyer,708,07/22/2003,BR041,Yes,N/A,Saint Martin,N/A
CUST000617,Jim,Sullivan,1989-01-21,M,  qcole@example.org  ,809-209-1538,262 Baker Expressway,West Carlosburgh,VI,30994,73828.82,Student,447,21/05/2017,BR028,1,pending,Uganda,Marketing
CUST000618,Christopher,Johnson,01/16/2004,F,shannon20@example.com,+1-001-541-3007,794 Stephanie Divide,,FL,98890,95401.83,Designer,625,2019-09-26,BR040,FALSE,verified,Falkland Islands (Malvinas),Walk-in
CUST000619,Amy,Owens,"August 19, 1963",M,yhernandez@example.com,(001) 463-4225,43261 Amanda Road Apt. 034,Foxville,UT,50502,86835.32,Contractor,748,03/14/2020,BR020,1,N/A,Cuba,Walk-in
CUST000620,Brent,Smith,"August 19, 1963",F,pwest@example.org,(420) 309-5366,68900 Marshall Rapids Suite 001,Sanchezmouth,AS,74305,77835.94,Retired,450,13/09/2019,BR003,TRUE,Not Verified,American Samoa,online
CUST000621,Anthony,murray,08-04-2003,female,wdavis@example.org,1372821138,21045 Paul Turnpike Apt. 719,New Lindsey,CA,00000,42333.39,Accountant,665,17/09/2012,BR040,No,,Lebanon,Online
CUST000622,Mary,Gibson,16-03-1970,M,john02ATexample.org,0016443225,094 Harmon Mission,Warefurt,RI,03463,86501.39,Lawyer,428,03/03/2018,BR002,TRUE,,Cote d'Ivoire,online
CUST000623,  Emily,Fisher,26/08/1942,F,leslie32@example.com,N/A,11915 George Meadows,,ND,53533,135870.86,Lawyer,525,01/19/2012,BR028,,VERIFIED,Saudi Arabia,branch
CUST000624,Jacqueline,Oconnor,"February 15, 1972",male,,+12625376008,819 Ashley Overpass Suite 992,South Kevinton,MO,75379,117089.7,Teacher,801,02-10-2005,BR042,True,N/A,Saint Pierre and Miquelon,Referral
CUST000625,Jessica,Rice,1997-05-11,m,philliphayden@example.net,+16359348486,213 Flores Meadows,East Jennifer,AL,22543,125761.53,Contractor,846,04/04/2010,BR024,1,,Bahrain,Branch
CUST000626,Whitney,GONZALEZ,73-07-14,F,vparks@example.org,+1-255-803-3000,6739 Cheryl Alley,North Johnnyfurt,AS,00848,52107.45,Teacher,814,04/25/2002,BR014,No,N/A,Angola,Branch
CUST000627,Bethany,CHASE,,M,N/A,,85481 Castillo Green Suite 300,New Lisashire,NY,36851,35363.83,Engineer,502,18-12-2010,BR048,FALSE,Verified,Poland,Online
CUST000628,Jeffery,Hamilton,26/07/1956,male,sharpjohn@example.com,+16187151985,420 Cynthia Valley,North Michaelmouth,WV,31849,,Teacher,627,99/99/9999,BR026,True,VERIFIED,Fiji,N/A
CUST000629,ROBERT,Johnson,13/08/1952,male,nicholas99@example.net,449-646-6720,81822 William Ranch,Tammyberg,MH,51760,71950.37,Sales Rep,829,12/28/2016,BR017,0,,Cambodia,online
CUST000630,Arthur,Reed,04/29/1951,m,crawfordhaley@example.org,635.336.4235,182 Rodriguez Crescent,Maysburgh,WY,83279,108296.7,Sales Rep,669,2007-12-15,BR012,True,,Greece,online
CUST000631,Michael,Smith,90-06-26,MALE,cwilson@example.org,(592) 430-4660,01232 Jones Corners Apt. 048,Alexanderchester,NE,98992,10763.74,Chef,538,"March 01, 2015",BR041,,N/A,Greece,Referral
CUST000632,Jeffrey,Briggs,25-12-1965,M,larry04@example.net,,57347 Jordan Keys,Millerchester,ND,22662,123534.26,Designer,326,10-07-2018,BR038,FALSE,Not Verified,Central African Republic,online
CUST000633,Shelby,Sherman,1960-02-24,M,margaretbarnett@example.org,+19708866656,494 Mcdonald Common Apt. 903,Alexischester,CT,67381,,Contractor,319,04/11/2006,BR019,True,VERIFIED,Gabon,Walk-in
CUST000634,Vincent,Webb,"August 28, 1979",F,teresa23@example.com,N/A,525 Andrews Extensions Apt. 644,Port Davidfort,WI,26134,55059.16,Clerk,381,04/12/2004,BR030,No,,Mayotte,Online
CUST000635,ANDREA,Schmidt  ,1976-12-07,1,qwright@example.com,3436594882,066 Cline Brook Suite 110,,HI,12442,34576.35,Manager,402,16-08-2012,BR004,No,,Central African Republic,Marketing
CUST000636,Lisa,Watson  ,99/99/9999,1,dianaramirez@example.net,(830) 216-0498,2186 Vanessa Flats,North Yvonne,ID,14268,12080.02,Nurse,333,03/31/2003,BR050,FALSE,verified,Nepal,online
CUST000637,Sean,clayton,15/02/1967,f,millerlindseyATexample.org,000-000-0000,162 Sutton Ridges,Lake Williamville,OR,85437,98810.97,Clerk,316,01/26/2006,BR034,,Not Verified,Finland,Branch
CUST000638,megan,Fields,11/21/1951,F,michelle01@example.org,000-000-0000,072 George Centers Apt. 716,South Anthonyhaven,DE,81184,72566.13,Nurse,593,2007-08-06,BR016,No,N/A,Latvia,Online
CUST000639,THERESA,Moore,13-11-1976,0,ericakoch@example.net,1864377183,48085 Owens Parkway,,AZ,02431,24851.37,Self-Employed,736,17-07-06,BR004,Yes,N/A,Chile,online
CUST000640,Denise,Caldwell,10/26/1978,F,james23@example.com,(721) 969-0696,7067 Jones River Apt. 395,North Marc,WA,15631,"$24,672.24",Engineer,384,03/10/2013,,True,,Taiwan,Walk-in
CUST000641,RICHARD,Evans,1943-08-20,F,paulsmith@example.org,(335) 508-4243,8481 Andrew Hollow,Lake Ronaldland,00,02528,58247.54,Contractor,458,99/99/9999,BR021,TRUE,VERIFIED,Germany,
CUST000642,MICHELE,Williams,01/09/1993,F,richardsoncharles@example.com,(001) 358-3646,0147 Green Drives,Wagnershire,WY ,56139,128415.75,Self-Employed,307,03-08-2019,BR036,Yes,pending,Togo,Online
CUST000643,Susan,Flores,14-06-1951,male,andreaflores@example.org,+17819775123,5426 Kathryn Valleys,Martinfurt,AK,20621,60914.3,Contractor,,"November 15, 2022",BR023,False,Verified,French Polynesia,Marketing
CUST000644,Kristin,Graham,09/07/1981,M,kelsey67@example.com,205-917-1073,6478 Timothy Stream,East Connormouth,ME,30420,17390.0,Accountant,729,04/14/2019,BR035,True,Verified,Marshall Islands,Online
CUST000645,Allen  ,Lopez,08-11-1974,FEMALE,ephillipsATexample.com,457.926.0292,840 Butler Glen,North Sean,MH,49947,,Engineer,708,18-03-2007,BR032,TRUE,N/A,Pitcairn Islands,Online
CUST000646,jamie,Mendoza,NULL,F,heathjasmine@example.com,+15868762592,060 Holmes Pike Suite 932,Lake Matthewstad,WI,31344,60454.68,Engineer,687,09/01/2000,BR014,FALSE,Pending,Eritrea,online
CUST000647,Adam,Kramer,00-08-12,F,,759-876-4053,78977 Cooper Estate Suite 190,Port Kimberly,KS,19789,0,Officer,609,2003-11-26,BR016,TRUE,,Tanzania,Marketing
CUST000648,Henry,Clark,08/07/1982,M,ibrady@example.com,0019328022,1620 Moore Plains,Danielview,MP,72916,,Clerk,9999,"December 03, 2010",BR004,Yes,Verified,Iraq,Referral
CUST000649,Barbara,Hall,"August 01, 2003",0,gregory16@example.net,2393220269,,Jackfurt,KY,65441,"$61,917.29",Driver,439,"July 06, 2010",BR035,No,verified,Switzerland,Walk-in
CUST000650,Chris,Henderson,07/28/1979,F,oneillshannon@example.org,(616) 537-0500,67244 Lane Walk,Port Lindseyburgh,OK,37022,94367.22,Consultant,463 pts,2003-11-18,BR005,Yes,Pending,Slovenia,Branch
CUST000651,Scott,Werner,28/07/2000,M,fernandezsusan@example.org,+10015655402,2728 Ernest Ports,Port Paulstad,SD,06760,134713.46,Driver,385,2003-09-23,BR048,FALSE,pending,French Southern Territories,Marketing
CUST000652,Theresa,hart,91-02-13,M,bbrown@example.net,776.252.7284,088 Turner Alley Suite 756,East Bradleytown,TN,94200,109429.78,Designer,442,2001-11-06,BR023,TRUE,,Uzbekistan,Referral
CUST000653,Dakota,Moyer,03-09-1978,F,brookemartin@example.org,443.490.4489,33202 Michael Canyon Apt. 555,North Christinebury,MA,37683,60588.9,Consultant,594,,BR009,0,Verified,Greenland,
CUST000654,Laura,VEGA,08/18/1951,F,perezrichard@example.net,,96208 Michael Summit Apt. 124,Christophershire,AR,58740,31271.59,Lawyer,680,"March 12, 2000",BR045,Yes,verified,Slovakia (Slovak Republic),branch
CUST000655,MATHEW,George,11/12/2004,f,rebecca99@example.net,(901) 923-7631,542 Rebecca Lights Apt. 941,South Matthew,WY,13318,160067.59,Clerk,365,"September 14, 2017",BR041,FALSE,Pending,Namibia,N/A
CUST000656,David,Foster,,M,,000-000-0000,20961 Stokes Forks Apt. 099,Lake Judy,ND,35704,72072.65,Clerk,821,"June 19, 2007",BR041,No,VERIFIED,Germany,online
CUST000657,Nancy  ,Nelson,,F,gabrielrodriguez@example.com,0013356505,087 Lowery Mountain,West Steven,DC,49569,70487.53,Engineer,598,24/07/2017,BR046,Yes,Verified,Puerto Rico,N/A
CUST000658,Joyce,HEATH,05-10-29,M,tarashaw@example.org,+1-001-245-8819,693 Nicole Throughway Apt. 998,Gomezstad,VI,81439,69155.62,Engineer,625,"February 09, 2017",BR003,No,Verified,Western Sahara,branch
CUST000659,Brian,Peterson,"December 12, 1998",male,susan40@example.net,N/A,2925 Bradshaw Wall Suite 519,Jacksonburgh,HI,24561,76932.97,Manager,367,16-05-2021,BR035,FALSE,N/A,Trinidad and Tobago,online
CUST000660,Michael,Fischer,09/28/1997,M,michaelflynn@example.net,000-000-0000,1499 Brooke Turnpike,New Jacquelinechester,MO,22814,64947.39,Analyst,796,99/99/9999,BR013,Yes,Pending,Switzerland,online
CUST000661,Heather,Williams,05/07/1958,M,qross@example.com,295-263-2174,101 John Track,New Christine,DC,21514,USD 49921.83,Manager,783 pts,08/11/2005,BR046,TRUE,pending,French Southern Territories,branch
CUST000662,Mary,Davis,"November 24, 1980",m,N/A,,4385 Alexis Islands,South Glenn,XX,56030,50859.94,Driver,757,24/01/2021,BR008,False,Not Verified,Bermuda,
CUST000663,Sean,Coleman,"December 24, 1978",F,meredithnunez@example.org,6614094416,165 Yoder Heights,,DE,98656,68853.64,Driver,505,05-03-2008,BR040,Yes,pending,,Walk-in
CUST000664,James,White,26-11-1982,1,ybarrettATexample.net,(676) 806-3494,5518 Smith Corners,Harveyshire,ID,00000,50980.13,Retired,508,24-11-2009,BR006,TRUE,Not Verified,China,ONLINE
CUST000665,Kevin,White,"May 06, 1982",M,justinrobinson@example.com,841.672.3456,025 Mejia Land Apt. 626,,OH,74926,45050.4,Lawyer,570,2007-06-20,,Yes,Pending,,ONLINE
CUST000666,Blake,Watts,99/99/9999,M,jameshamilton@example.net,+1-410-309-5385,435 Mary Bypass Apt. 781,Emilyton,ME,64559,73725.06,Designer,522,2017-02-08,BR004,Yes,Verified,Tanzania,N/A
CUST000667,Deborah,JENKINS,1993-05-25,1,carterstanley@example.net,643.870.6618,63681 Hopkins Square Apt. 858,North Edwardfort,UT,22381,61075.8,,754,09/17/2018,BR042,Yes,Not Verified,Morocco,Referral
CUST000668,Megan,Smith,02-07-2000,F,matthew78@example.com,+1-543-556-6050,6983 Anthony Orchard Suite 306,Haynesville,OH,18279,122639.75,Engineer,507,20-02-02,BR008,1,Pending,Cocos (Keeling) Islands,
CUST000669,Jessica,Fisher,99/99/9999,F,ppruitt@example.com,,96342 Archer Burg Suite 504,East Maria,UT,60192,0,Sales Rep,666,06/02/2001,BR026,TRUE,Pending,Bahamas,ONLINE
CUST000670,Jose,Gates,"January 09, 1979",F,whubbard@example.org,+11367806632,073 Katie Pass,Lake Wandaside,GA,64796,"$108,202.74",Clerk,848,"October 05, 2004",BR021,False,,British Indian Ocean Territory (Chagos Archipelago),N/A
CUST000671,Anna,BARNES,"November 11, 1956",FEMALE,tammy33@example.com,000-000-0000,39831 Susan Hollow,North Justinshire,RI,55360,113612.98,Doctor,615,2023-07-30,,TRUE,verified,Korea,Referral
CUST000672,Anthony,James  ,11/27/1986,F,,(630) 554-9824,217 Robert Parkway,South Cynthiaview,TN,29571,0,Chef,452,02/16/2008,BR041,,Verified,Philippines,Online
CUST000673,daniel,Ware,"March 22, 1941",0,garciadebra@example.com,,70308 Zachary Way Apt. 726,New Gabriel,MT,72625,58005.93,Analyst,676,20/04/2018,BR032,FALSE,N/A,China,Walk-in
CUST000674,Denise,Townsend,"June 07, 1973",M,megan50@example.net,972.688.9592,68069 Jennifer Lights,East Laurenfurt,MO,17859,56999.57,Accountant,521,06/23/2019,BR043,False,pending,American Samoa,branch
CUST000675,Angela,Moreno,29/05/1940,Female,allendavid@example.org,N/A,20424 Diane Landing,South Candice,OR,12300,,Developer,332,2007-11-05,BR013,1,Pending,Wallis and Futuna,
CUST000676,Sara,Frye,06-08-1957,male,adiaz@example.org,194-927-6039,3652 Williams Knoll,Lake Kathryn,KS,66198,42776.42,Developer,489 pts,03/23/2004,BR039,1,VERIFIED,Sao Tome and Principe,branch
CUST000677,Christian,Patel,95-08-30,Female,xclarke@example.com,+11703664882,2323 Johnson Lodge Suite 998,Campbellland,DC,49368,31129.85,Student,658,"August 20, 2015",BR039,No,VERIFIED,Mozambique,Branch
CUST000678,Lance,Velasquez,"October 05, 1982",Female,denniswilliams@example.com,(498) 262-2699,6179 Thompson Key Suite 999,New Robin,PA,96709,131329.47,Accountant,403,,BR008,,pending,Mexico,Online
CUST000679,  John,Flores,92-11-08,M,zgrimes@example.net,N/A,315 Carrie Summit Apt. 912,South Alejandro,AL,09217,102748.74,Consultant,402,07-10-09,BR034,Yes,verified,French Guiana,Branch
CUST000680,Kenneth,Pearson,29/12/1998,Female,jspears@example.net,001.914.7304,872 Brittany Plains,Newmanfurt,ME,21442,114504.43,Engineer,498,10/25/2003,BR040,0,VERIFIED,Samoa,Branch
CUST000681,Kristi,Case,NULL,m,KENNETHSMITH@EXAMPLE.NET,,962 Deborah Walks Suite 682,North Thomasstad,IA,82807,95258.52,Officer,815,21-12-10,BR026,No,N/A,Vietnam,branch
CUST000682,aaron,Gilbert,14-01-1979,F,hgarcia@example.com,(001) 957-6240,253 Diane Orchard,Melissaville,AL,07294,,Engineer,833,12/12/2010,BR020,0,Verified,Luxembourg,online
CUST000683,Tracy,Gonzalez,,F,charlesewing@example.com,3365192025,37034 Lisa Walk Suite 474,Port Josephchester,AK,58687,51641.79,Doctor,435,2020-01-09,BR018,True,Verified,San Marino,Walk-in
CUST000684,Susan,Perry,15-04-10,M,kimedwards@example.org,(776) 351-9170,328 Miller Knoll Suite 340,New Laurahaven,AL,45630,87128.11,Doctor,551,23/01/2017,BR032,True,pending,Guatemala,Online
CUST000685,Amy,MILLER,"January 28, 1942",f,morrismary@example.com,296-653-9160,304 Orozco Crest,Tracibury,PA,93803,27225.53,Doctor,611,03/24/2016,BR023,0,,Mayotte,
CUST000686,Edward  ,Miller,56-09-09,F,beckerbrianna@example.com,N/A,2951 Campbell Mews Apt. 335,Andersonton,ID,79786,94954.95,Student,837,07/06/2021,BR044,1,,Lao People's Democratic Republic,Walk-in
CUST000687,Kevin  ,horn,99/99/9999,F,GILLMARY@EXAMPLE.COM,,11326 Garcia Isle Suite 858,West Frankfurt,IA,24942,61588.61,Consultant,568,99/99/9999,BR021,True,,Palestinian Territory,branch
CUST000688,David,Wheeler,99/99/9999,Male,djohnson@example.net,162.290.5397,231 Christensen Highway,Reeseshire,MA,96078,56881.27,Nurse,359,12-03-2017,BR048,TRUE,Not Verified,Ecuador,branch
CUST000689,BARBARA,Fisher,99/99/9999,M,alara@example.org,N/A,7870 Rebecca Path,Williamston,MO,31500,94883.6,Developer,358,2014-02-28,BR035,True,N/A,Armenia,online
CUST000690,Randy,ALLEN,12/05/1986,M,watsondavid@example.net,+1-131-644-0989,302 Taylor Rest,Matthewborough,WI,60803,85549.22,Consultant,720,09-10-10,BR014,,Verified,Saudi Arabia,Referral
CUST000691,Nathan,MCDONALD,05/08/2002,M,JESSE19@EXAMPLE.NET,960.709.8602,5449 Bradley Heights Suite 453,North Angelaside,DE,94658,57366.18,,357,19-11-2010,BR050,0,VERIFIED,Mexico,ONLINE
CUST000692,Caitlin,Bailey,11-01-1961,M,alyssa44@example.com,(862) 829-5217,61624 Johnson Branch,Shaneberg,WV,55760,110576.54,Analyst,483,"October 07, 2004",BR008,,,United Arab Emirates,
CUST000693,Sandra,Smith,"June 05, 1963",F,michaelgamble@example.com,750-815-3017,8790 Anderson Glens,Charlesbury,OR,43282,32162.78,Driver,775,30/01/2006,BR012,No,pending,Gambia,Marketing
CUST000694,Scott,baker,"June 25, 1969",M,uschmitt@example.net,+18318579057,693 Rivera Crossing Apt. 359,Bakerside,NH,52403,91557.75,Analyst,535,10/01/2002,BR020,Yes,Not Verified,Mexico,Branch
CUST000695,Stephanie,Brooks,17/03/1998,0,lwilliams@example.org,+1-001-777-8184,,Allenborough,PR,19330,90758.54,Consultant,591 pts,04-08-15,BR013,False,Verified,Portugal,Referral
CUST000696,Jasmine,Hale,1966-12-03,F,kristianderson@example.net,(444) 602-8253,,South Thomas,IA,82021,59165.87,Chef,733,07-10-09,BR037,1,Not Verified,Venezuela,N/A
CUST000697,Jenna,Walker,03/19/1957,MALE,denise02@example.org,+11620691401,47199 Pamela Branch,Riveramouth,VI,11524,81414.66,Nurse,690,"July 26, 2019",BR024,1,Pending,Greenland,N/A
CUST000698,Megan,Vaughn,1955-11-04,F,peggybrown@example.com,000-000-0000,62277 Owens Ford,South Oliviahaven,UT,04927,26211.02,Consultant,732,"September 16, 2012",BR003,1,pending,Zimbabwe,N/A
CUST000699,Raymond,mcfarland,11-04-2023,M,zjohnson@example.com,N/A,41074 David Park Suite 067,Williamchester,NH,55583,102340.95,Engineer,743,2002-04-23,BR049,FALSE,verified,Burundi,branch
CUST000700,Nathan,Howe,,F,agreer@example.org,000-000-0000,9793 Alexandra Forge Suite 984,,MP,78902,63528.43,Driver,745,13-03-2023,BR002,0,,Somalia,
CUST000701,Chris,George,"July 28, 1960",0,vjohnson@example.net,+16508493266,12898 Donna Cove,Christinaside,MA,30382,51704.69,Student,685,06/30/2013,BR019,FALSE,,El Salvador,Online
CUST000702,Allen,Lyons,,Female,ginakim@example.net,N/A,787 Melanie Trail Apt. 237,Brownside,PR,38528,,Self-Employed,801,08/14/2020,BR027,TRUE,Verified,Bangladesh,ONLINE
CUST000703,Paul,Williams,06/05/1959,F,archerjames@example.net,000-000-0000,496 Nicole Plains Apt. 097,East Randall,DE,07145,45347.97,Nurse,665,09/04/2020,BR026,False,N/A,Taiwan,N/A
CUST000704,Amy  ,Berry,08/02/1995,female,robertcruz@example.org,+1-616-755-5786,865 Walton Knolls Suite 512,Thomasview,AL,01398,20703.85,Retired,325,,BR027,False,N/A,Austria,
CUST000705,Paul,Griffin,79-12-08,F,istokes@example.com,160-531-6654,0233 Barr Meadow Apt. 835,Camacholand,00,03106,15517.98,Designer,551,05/04/2015,BR028,Yes,Verified,Ecuador,Online
CUST000706,Ricky,Williams,63-05-07,F,lisa42@example.org,N/A,909 Little View Suite 979,Taylorview,MA,20536,91210.35,Designer,758,"May 30, 2012",BR006,,,Moldova,Online
CUST000707,Joseph,Clark,03/06/1965,F,,+1-950-573-5674,059 Donald Meadows Apt. 294,Dylanton,AS,31075,25184.97,Sales Rep,9999,04-05-2008,BR031,FALSE,,Bermuda,Referral
CUST000708,MICHAEL,Moreno,01/07/1946,f,martinramirez@example.org,8349203197,514 William Manors Suite 823,New Alejandraberg,MP,79979,131417.8,Engineer,470,18-02-2010,BR035,True,,Ghana,branch
CUST000709,kristin,Meyer,NULL,F,zhorton@example.com,7968233260,76748 Corey Mills Apt. 066,Port Brittany,TN,84680,0,Nurse,651,06/08/2002,BR005,TRUE,,United States Virgin Islands,N/A
CUST000710,Erin,  Watson,03-12-1949,F,harrisonvincent@example.com,(001) 526-4559,237 Shannon Parkway Apt. 223,Sheltonshire,ZZ,05208,129375.97,Accountant,678,2020-10-12,BR048,No,Pending,Russian Federation,online
CUST000711,LISA,Hines  ,18/11/1953,F,rstewart@example.net,167-038-4779,7553 Vanessa Wells Apt. 737,West Brandymouth,ZZ,79475,77385.61,,669,05/08/2013,BR028,FALSE,verified,Azerbaijan,Walk-in
CUST000712,Angela  ,Turner,1950-09-26,M,jjackson@example.org,(448) 587-6380,,Maldonadoburgh,DE,83285,"66615,04",Self-Employed,556,"January 04, 2006",BR009,TRUE,Not Verified,Solomon Islands,branch
CUST000713,Elizabeth,Johnson,71-12-04,female,joanna88@example.org,(998) 286-1820,9010 Willis Forges Suite 298,,FL,51307,50927.83,Contractor,506,"January 31, 2007",BR018,,N/A,Micronesia,Referral
CUST000714,Catherine,Hall,1962-10-17,M,rebecca86@example.net,897-503-5067,5707 Young Courts,Port Linda,MH,29077,,Developer,486,99/99/9999,BR020,False,verified,Bolivia,ONLINE
CUST000715,Marcus,PETERSON,18-02-2002,F,maldonadokatrina@example.com,1205621879,831 Larry Inlet Suite 012,Lake Laura,PR,06952,68682.79,Retired,735,"August 29, 2010",BR009,Yes,Not Verified,Congo,Marketing
CUST000716,Richard,Mooney,16-04-08,F,nguyenkaren@example.net,161-069-7797,8446 Andrews Hill Apt. 366,Lisaland,NE,29065,108615.57,Clerk,424,24-08-2011,BR029,TRUE,VERIFIED,Wallis and Futuna,Branch
CUST000717,Dennis,Flores,"December 23, 2005",F,katherinehunter@example.org,9595757292,683 Derrick Village,West Angieport,SD,21954,73997.97,Accountant,847,28/04/2008,BR001,No,VERIFIED,Swaziland,online
CUST000718,Jeremy,  Thompson,"October 23, 1958",M,bennettvictoria@example.com,000-000-0000,,West Kelly,MS,62228,75260.56,Lawyer,505,22/08/2003,BR041,TRUE,pending,Russian Federation,branch
CUST000719,Jonathan,  Thompson,"October 19, 1964",M,reedcrystal@example.com,(194) 127-4916,22181 Cunningham Cliffs Suite 134,Elizabethfurt,UT,08178,57273.57,Developer,751,2023-09-30,BR014,0,Pending,Romania,Branch
CUST000720,Brittany,Roth  ,07/12/1975,male,heathercochran@example.com,229.428.6433,509 Mann Ferry Apt. 836,Chavezville,PA,98314,68006.9,,818,04-07-2001,BR005,0,VERIFIED,Honduras,Marketing
CUST000721,Veronica,Gutierrez,14-08-1973,Female,smithwendy@example.net,234-320-2223,768 Patricia Oval,Christinatown,CT,62675,80773.06,Manager,606,28-10-2002,BR048,TRUE,N/A,Tonga,Referral
CUST000722,Shaun,Jones,1947-09-02,F,cynthiahill@example.com,+1-344-909-2335,5642 Li Creek Suite 372,Robinsonshire,OR,98862,10144.11,Chef,,21-07-21,BR007,,Not Verified,Guinea-Bissau,online
CUST000723,Jill,DAY,03/22/1973,M,michael22@example.com,1776741490,344 Golden Locks,Taylorside,PW,70748,22813.51,Chef,337,99/99/9999,BR047,1,VERIFIED,Denmark,Walk-in
CUST000724,Ashley,Turner,22/12/1959,f,suejones@example.com,661-957-4932,531 Nancy Branch Suite 095,Johnfort,SD,57575,96014.24,Nurse,558,27-09-2020,BR005,1,pending,Jamaica,online
CUST000725,Cody,Lee,08-10-1972,f,wayne01@example.net,+1-001-687-5314,8621 Todd Plaza Apt. 871,New Emilyhaven,MD,55976,75980.29,Clerk,797,09/07/2013,BR003,TRUE,verified,Gabon,Branch
CUST000726,David,Juarez,NULL,F,russellamy@example.org,,02302 Sawyer Rue Suite 052,West Joyce,CT,38416,63560.58,Driver,342,31/03/2023,BR003,No,pending,,
CUST000727,Kristina,Johnson,99/99/9999,1,,N/A,822 Melissa Harbors,North Vickiebury,VI,77454,70645.19,Lawyer,542,01/11/2019,BR032,FALSE,N/A,Bulgaria,online
CUST000728,jack,  Thompson,02/02/2003,F,nicholas01@example.net,001.590.5113,2861 Eric Street,Matthewchester,TX,37634,82165.36,Sales Rep,723,23-10-2019,BR002,FALSE,Verified,Grenada,branch
CUST000729,David,Torres,2000-06-04,M,zevans@example.com,+1-147-620-2498,67734 Thompson Mountains Apt. 561,Haleyfurt,MO,49119,51108.41,Self-Employed,406,12/20/2003,BR041,TRUE,N/A,Suriname,ONLINE
CUST000730,Marvin,Boone,47-05-30,M,tony62@example.com,+1-980-796-6414,69524 Waters Groves,Hamiltonmouth,TN,31083,42759.33,Nurse,845,15-05-15,BR044,0,Pending,,N/A
CUST000731,Matthew,Hoffman,20-02-1998,M,omartinez@example.net,1453624367,7127 Tapia Summit,West Joseph,ZZ,38068,76854.58,Retired,698,"July 06, 2000",BR030,False,Verified,Isle of Man,Online
CUST000732,Amy,Porter  ,"November 03, 1977",F,ksanchez@example.org,(816) 382-4979,81168 Heather Corners Apt. 307,South David,AR,62305,35756.95,Chef,531,"April 05, 2007",BR028,False,verified,Portugal,
CUST000733,Gabriel,Greer,23-06-1947,F,hahnjoshua@example.net,,6254 Kaitlyn Village Apt. 645,Harrisborough,PA,14772,84288.85,Driver,706,NULL,BR008,0,VERIFIED,Kuwait,Marketing
CUST000734,Dillon,galvan,,FEMALE,alexander69@example.com,811-526-6497,3910 Stephanie Coves,West Kristen,OK,04110,,Officer,676,10-05-09,BR001,True,N/A,Brazil,online
CUST000735,Richard,Higgins,1947-07-30,F,jessica01@example.org,6343437673,,Brandonshire,ND,91118,106020.45,Clerk,647,"May 09, 2020",BR013,Yes,N/A,Estonia,branch
CUST000736,Christopher,Brown,02/10/1945,F,hancocktristan@example.org,+1-314-281-1604,2028 Castaneda Crest,Moonton,WA,09984,86540.91,Engineer,632,2020-05-30,BR031,FALSE,Verified,Turkey,Referral
CUST000737,Christine,Williams,14-09-1963,F,drew34@example.net,001-954-3842,138 Brown Islands Suite 117,East Natalieville,OR,89871,78961.04,Driver,596,07-04-11,BR024,1,pending,Georgia,Branch
CUST000738,Sara,Montoya,08/06/1949,M,kevinmarshall@example.org,,71936 Sweeney Land Suite 646,New Charles,OH,10946,104394.18,,819 pts,26/07/2011,BR028,True,Pending,Argentina,ONLINE
CUST000739,Samantha,Porter,"January 26, 1946",M,sandovalnicholas@example.net,+1-723-221-5401,626 Richard Glen Suite 525,Port Diana,WA,41380,128291.61,Retired,356,19-08-21,BR012,TRUE,Verified,Uganda,Referral
CUST000740,Charles,Taylor,14-10-1965,M,justin17@example.net,169-954-8856,51956 Bailey Shore,Clarkstad,WI,66674,105502.95,Designer,630,04/22/2006,BR004,Yes,,French Polynesia,Walk-in
CUST000741,Olivia,Christian,62-10-08,F,shaneramsey@example.com,+1-866-225-6504,01441 Adam Viaduct Suite 862,Billyhaven,NV,13949,5569.4,Engineer,734,11/10/2023,BR015,TRUE,Pending,Turkey,Branch
CUST000742,Adam,Schmitt,83-02-10,M,mortiz@example.org,000-000-0000,32822 Angela Haven,New Joshuamouth,VI,20888,25214.81,Developer,477,27-01-2005,BR001,FALSE,VERIFIED,Malta,N/A
CUST000743,JAMES,Cooke,1989-12-11,M,anthony41@example.org,+10017845791,2289 Sandra Avenue Suite 415,Hawkinston,pa,61365,48131.35,Doctor,-1,15/03/2018,,No,N/A,Malta,
CUST000744,John,Anderson,17-02-1980,f,yorkandrew@example.com,494.353.4195,7867 Oconnor Road Apt. 802,Lake Williamside,RI,29765,70913.19,,,08/24/2011,BR005,1,N/A,Angola,Branch
CUST000745,PAUL,Avila,09/03/2018,f,  jzavala@example.net  ,(001) 603-5789,905 Tran Key Suite 599,Heiditown,ND,36972,88118.07,Engineer,502,2021-05-18,BR041,0,N/A,Colombia,Branch
CUST000746,Barbara,  Doyle,,M,bmorrison@example.net,,3374 Wallace Cape Apt. 652,Perrybury,MT,87517,44598.97,Lawyer,543,"February 22, 2003",BR016,True,pending,Monaco,Walk-in
CUST000747,Cesar,Matthews,66-08-26,M,taylorjeffrey@example.org,,84232 Thompson Hollow Apt. 041,Fletcherport,DE,94892,76536.84,Teacher,846,"November 03, 2000",BR041,Yes,Verified,Greenland,Online
CUST000748,Matthew,Dunlap  ,14/12/1993,M,uburke@example.net,+14577490627,33329 Lowe Highway Suite 231,Danielleberg,NC,51209,43561.6,Teacher,451,"December 08, 2020",BR012,True,verified,Czech Republic,Walk-in
CUST000749,Brandon,SMITH,84-01-30,F,cassielong@example.net,+1-129-167-2174,7821 Cohen Ramp,South Patrick,IL,62739,48596.88,Designer,792,21-05-19,,TRUE,Pending,Togo,Referral
CUST000750,Veronica,Smith,NULL,0,N/A,7132928048,06190 Barbara Row,East Nathaniel,IN,64648,20766.86,Teacher,554,09/08/2005,BR048,True,pending,Netherlands,Walk-in
CUST000751,tony,Munoz,,M,brownandrew@example.net,+10016569162,559 Smith Mission,East Aaron,WY,45606,37686.84,Sales Rep,538,06/08/2012,BR015,True,verified,Saint Lucia,Referral
CUST000752,Linda,  Robinson,09/07/1953,Female,christophercruz@example.net,+1-278-314-5647,3911 Dickson Meadow Suite 650,Gregoryfort,SD,55300,22691.04,Student,-1,07/05/2002,BR022,True,verified,Bangladesh,
CUST000753,David,Bowers,"September 06, 1995",M,N/A,(978) 906-1902,7635 Derek Flat,Martinezstad,OR,20858,35844.44,Doctor,412,"December 11, 2014",BR026,True,VERIFIED,Barbados,N/A
CUST000754,Misty,Gray,1996-09-05,M,deborah56@example.org,+1-711-542-9430,13246 Greene Road,Jamesborough,DC,63251,"$106,877.46",Doctor,356,07-02-2014,BR027,False,pending,Saudi Arabia,Walk-in
CUST000755,Tamara,Reeves,1957-01-11,male,henryangela@example.net,N/A,66426 Glenn Wells Apt. 512,Whiteview,MD,45776,36771.04,,417,17-04-23,BR035,0,Not Verified,Cyprus,online
CUST000756,Suzanne,Browning,77-09-20,M,xclements@example.net,+14564976487,451 Kurt Road Apt. 506,,OR,17489,"$162,133.37",Contractor,597,"January 26, 2020",BR030,,VERIFIED,Montenegro,Online
CUST000757,Robert,Reyes,87-11-10,M,michele20@example.com,+1-001-627-6672,29146 Santana Ferry,Port James,MH,65175,87266.13,Consultant,645,"January 16, 2022",BR043,0,,Kyrgyz Republic,Walk-in
CUST000758,Andrea,Vincent,NULL,male,mitchellmichael@example.com,+1-001-497-3251,8233 Brewer Drives Apt. 945,Lake Sandrafort,MO,96163,76469.26,Contractor,464,08/24/2018,,No,Pending,Kenya,Online
CUST000759,Alexander,GONZALEZ,52-06-04,F,emilyallison@example.net,000-000-0000,36796 Stacey Pass,Lake Amber,MO,65875,39957.48,,554,23-08-08,BR015,0,Pending,Saint Kitts and Nevis,
CUST000760,Jody,Miller  ,11-04-1960,M,patrickchristian@example.net,N/A,9519 Neil Views,North Danielmouth,LA,51816,94510.85,Chef,9999,18-09-2005,,True,pending,Bouvet Island (Bouvetoya),Branch
CUST000761,Thomas,Cobb,19/07/1956,f,fernandezbrandon@example.net,001-789-8044,513 Lee Roads Apt. 483,Collinsmouth,MI,66782,49852.68,Analyst,690,08-09-08,BR036,1,verified,Australia,Online
CUST000762,  James,  Weber,12/26/1952,M,garciarichard@example.com,(947) 317-7840,883 Miles Mews Apt. 158,Colemanhaven,NE,15288,74270.34,Nurse,554,99/99/9999,BR017,False,Not Verified,Belize,
CUST000763,Ashley,Harrison,19/02/1951,M,lgonzales@example.net,0015837326,5819 Henderson Mill,New Mike,MN,31881,159602.96,Self-Employed,406,99/99/9999,BR006,FALSE,Pending,Egypt,Branch
CUST000764,Beth,Watkins,1979-12-01,M,justinhughes@example.net,,793 Lisa Trail Apt. 028,Jamesmouth,HI,63283,66637.9,Designer,456,2020-07-13,BR018,Yes,VERIFIED,Saudi Arabia,branch
CUST000765,Patrick,Watkins,,F,jonathanjones@example.com,(001) 902-5528,972 Danielle Track,New Michelle,PR,22379,11022457.0,Sales Rep,761,2015-09-23,BR026,FALSE,Not Verified,Zambia,Online
CUST000766,Timothy,Alvarez,04/15/1947,M,wgillespie@example.org,5842252786,,North Scottland,FL,10093,45388.83,Clerk,371,99/99/9999,BR026,No,Verified,Australia,branch
CUST000767,Margaret,Moran,82-01-12,M,donald44@example.com,305.977.7196,5965 Powell Motorway,Phillipsfurt,NC,31241,68775.4,Teacher,395 pts,09-01-2012,BR038,True,pending,Congo,Marketing
CUST000768,Keith,Adams,60-12-05,F,gilbertmichael@example.org,626-553-7932,0547 Robert Track,West Trevorshire,DE,11329,131978.02,Chef,695,"January 03, 2005",BR030,FALSE,verified,United States of America,Referral
CUST000769,shirley,Johnson,"June 30, 1964",F,williamsrandy@example.org,900.580.2658,4883 Vasquez Corners,North Justin,MO,62366,48056.15,Clerk,793,NULL,BR042,No,pending,Montenegro,online
CUST000770,Christopher,King,81-06-29,M,tarapage@example.com,+1-146-443-2031,8549 Vanessa Parks Apt. 400,Lake Nicoleberg,AK,72079,USD 133435.70,Designer,536 pts,2010-08-24,BR026,True,Pending,India,Referral
CUST000771,Elizabeth,MILLER,99/99/9999,M,utyler@example.org,(001) 808-5543,335 Kirk Forge,Georgeborough,AS,02187,94771.32,Officer,389,99/99/9999,BR036,,Pending,Benin,Marketing
CUST000772,Rebecca,Brown,17/08/1987,F,lawrencealicia@example.net,,4158 Colleen Causeway,North Sandra,VT,29418,50313.66,Sales Rep,671,2014-03-21,BR034,,Pending,North Macedonia,Online
CUST000773,Scott,Coleman,03/11/1976,M,kaylalong@example.net,160.891.2268,3110 Becker Forest,North Michelle,NE,65669,92134.27,Clerk,744,99/99/9999,BR015,No,VERIFIED,Venezuela,online
CUST000774,James,West,52-07-20,m,tiffany18@example.net,+1-242-369-3765,6718 Mendoza Ways Apt. 883,Mcintoshchester,ND,69440,104039.41,Consultant,745,03-10-2022,BR015,FALSE,Verified,United Kingdom,Online
CUST000775,Elizabeth,Howard,11/04/1994,1,chandlerrandy@example.net,+18769292266,376 Stefanie Viaduct,Garyside,PW,84495,"91763,35",Chef,419,02/07/2018,,TRUE,VERIFIED,Netherlands,Walk-in
CUST000776,Erica,Klein,02/07/1946,M,fordbeverly@example.org,998.812.5597,83858 Logan Cliffs Suite 171,Riveraside,OR,25204,15042.13,Doctor,521,17-07-24,BR023,True,pending,Montserrat,Branch
CUST000777,Chad,Morrow,49-04-11,MALE,michelle51@example.net,177-121-4860,924 Wheeler Route,New Stacie,OH,64893,44550.2,Accountant,783 pts,05/27/2023,BR023,1,N/A,Guernsey,Online
CUST000778,Danielle,Riddle,2023-11-04,M,dawnschroeder@example.net,,2906 Hernandez Falls Apt. 336,Port David,OH,02555,61336.85,Engineer,-1,99/99/9999,BR020,,verified,Hungary,Referral
CUST000779,gary,Williams,1978-07-06,1,bfowler@example.org,226-762-4975,144 Shah Ranch Suite 674,Lake Omarfort,WY,27800,67394.83,Consultant,330,"January 06, 2005",BR028,True,pending,Guyana,Walk-in
CUST000780,Debbie,King,,MALE,jeffery51@example.com,,,Sotochester,MP,65319,"$91,723.52",Nurse,722,2007-08-16,BR021,Yes,,Cuba,ONLINE
CUST000781,Ryan,Myers,11/08/1948,M,zachary32@example.org,157-765-8708,69580 Johnson Stream Suite 505,New Gregoryview,MO,61250,76219.54,Developer,648,2008-11-25,BR050,TRUE,N/A,Chad,ONLINE
CUST000782,Jessica,Smith,15-04-1956,F,,001.539.2077,,South Devinside,MI,14910,23262.95,Doctor,616,20/11/2005,BR045,1,N/A,Guinea,Referral
CUST000783,Benjamin,Anderson,1944-01-20,Female,evansmatthew@example.net,000-000-0000,79531 Daniel Garden,Barbaraview,VI,22372,83306.92,Chef,-1,2023-10-20,BR043,TRUE,Pending,Iran,Marketing
CUST000784,Michael,Dyer,99/99/9999,F,edward66@example.org,N/A,609 Brenda Islands Apt. 174,Mariamouth,WV,90188,"91370,5",Student,419,"January 20, 2011",BR039,TRUE,pending,Cyprus,online
CUST000785,Haley,Hale,02-06-08,F,ltaylor@example.net,+14673337461,5626 Andrade Extensions Suite 084,New Theresamouth,MO,21444,89592.67,Clerk,352,20-05-2000,BR040,1,verified,American Samoa,Walk-in
CUST000786,Brianna,Fitzpatrick,10/14/1967,F,fduncan@example.net,+1-730-439-9516,673 Stacey Trace,West Kimberly,GU,70102,107827.33,Clerk,828,10/10/2014,BR039,True,N/A,Uruguay,online
CUST000787,Angela,Bernard,80-05-30,M,wayne14@example.net,2024593645,313 Anderson Lake,Scottmouth,HI,79980,99187.28,Nurse,497,NULL,BR014,True,Pending,New Zealand,Marketing
CUST000788,caleb,Higgins,10-03-2004,F,,+13832436953,977 Erika Coves,Alfredberg,TX,77118,86071.3,Designer,761,12/28/2006,BR031,False,Not Verified,Brazil,
CUST000789,Stacy,Mayer,07/31/1969,MALE,PETERCASEY@EXAMPLE.COM,3732281629,92219 Randy Club Suite 737,Stricklandville,WI,04027,67544.2,Contractor,395,"August 13, 2006",BR029,True,Not Verified,Guinea-Bissau,Referral
CUST000790,Derrick,Palmer,05/28/1953,M,cfreeman@example.net,+1-459-291-5304,683 Peters Bypass,Lake Shelby,SC,45880,11866.37,Contractor,521,05/30/2010,BR039,Yes,verified,Turkmenistan,ONLINE
CUST000791,Brian,Wheeler,03/04/1943,M,zchavez@example.org,704-609-3467,236 Bradley Gardens,South Gerald,AR,98849,USD 85036.64,Officer,0,2001-01-24,BR004,FALSE,VERIFIED,Germany,
CUST000792,Craig,SANCHEZ,12/22/1942,F,ibrown@example.com,520.413.8825,316 Jennifer Route,Walkertown,IA,70948,77269.07,Sales Rep,,07-02-28,BR010,,VERIFIED,Mongolia,branch
CUST000793,Erica,Frazier,"February 04, 1965",M,vmooney@example.com,+11207789476,41070 Wilson Garden,Anntown,WY,86249,USD 79505.26,Accountant,354,13-01-21,BR048,1,pending,Paraguay,
CUST000794,Amanda,Obrien,28-05-1977,MALE,whitestephen@example.net,000-000-0000,5619 Shawn Parks Apt. 377,Lake Karinahaven,NY,54931,25313.8,Retired,744,"November 16, 2003",BR010,,verified,Sao Tome and Principe,N/A
CUST000795,Donald,Coleman,"July 01, 1945",MALE,,+1-001-978-6305,23461 Phillips Lock,Thompsonchester,IL,95858,,Chef,506 pts,01-05-2003,BR037,0,Not Verified,Cuba,
CUST000796,Aaron,Bean,12/25/1986,M,jonesstephen@example.org,1542815248,0465 Ryan Port Suite 987,East Nicholasside,N/A,30821,"106860,35",Nurse,709,"October 17, 2021",BR007,Yes,pending,Afghanistan,Online
CUST000797,Anthony,Weaver,07/26/1965,M,pvega@example.org,(731) 559-2291,04062 Christopher Mission Apt. 282,Timothyhaven,ID,03177,68615.57,Driver,9999,00-07-12,BR044,FALSE,Pending,,Online
CUST000798,Christopher,Wilson,"July 08, 2000",M,epearson@example.com,+1-127-879-8497,17114 Gibbs Mall,Zacharyville,OH,81740,93852.52,Officer,469,09/07/2002,BR019,Yes,N/A,Martinique,Marketing
CUST000799,Elizabeth,Cooley,"May 20, 1961",F,reynoldstravis@example.net,,9496 Tony Points,North Audreyborough,NC,90906,70991.14,Developer,671,2023-05-15,BR038,Yes,Verified,Russian Federation,online
CUST000800,Brittany,Carpenter,85-02-25,F,myerstiffany@example.org,+10013018307,361 Chase Ridges,Josephton,WV,06452,71041.46,Self-Employed,372,23-12-18,BR047,0,VERIFIED,Georgia,Branch
CUST000801,Hannah,Davenport,11/10/1961,female,thomasmartin@example.com,000-000-0000,,Jeffersonborough,PA,83353,102839.93,Engineer,467,23-03-12,BR046,TRUE,Not Verified,Cape Verde,Walk-in
CUST000802,Dustin,Morris,"March 17, 1982",F,daniel41@example.net,000-000-0000,863 Howard Courts,Lake Kendra,KS,42226,51938.43,Driver,485,19-01-04,BR040,False,pending,Djibouti,online
CUST000803,Clifford  ,Price,NULL,F,morrisonalan@example.com,+11968459096,089 Jacqueline Mount Suite 351,Moralesland,CA,27527,73364.23,Designer,513,2011-04-08,BR018,,verified,Cuba,branch
CUST000804,Sydney,RUIZ,94-03-11,M,  echavez@example.net  ,+14174340242,98306 Jack Freeway Suite 540,New Coryport,LA,35687,"$53,820.36",Officer,623 pts,"May 30, 2010",BR020,FALSE,VERIFIED,,branch
CUST000805,Gary,Hodges,28/07/2000,male,eric02@example.net,+1-835-309-4765,4099 Garcia Park Suite 398,East Taylormouth,ME,83900,54792.63,Student,704,18-09-01,BR022,,,Burkina Faso,online
CUST000806,  Kevin,Nguyen,11/05/1978,F,N/A,+16614103565,23766 Aguilar Manors,Port Gary,MI,31136,,Officer,838,29/11/2013,BR019,False,Verified,Djibouti,Online
CUST000807,Amanda,  Davis,04/10/1961,M,christopher18@example.org,+11409534242,3348 Stephanie Glens Apt. 751,Grahamview,VA,05387,77774.68,Lawyer,646,2008-05-07,BR010,Yes,pending,Madagascar,Marketing
CUST000808,Ryan,stokes,06/02/1964,F,gregory38@example.org,+1-792-485-5074,470 Ashley Valley Suite 453,Carolynfort,MO,43510,53243.8,Teacher,843,12/28/2015,BR015,TRUE,Pending,Aruba,branch
CUST000809,Jonathan,Martinez,"January 12, 1942",F,adamgill@example.net,842.988.7344,0617 Monica Way Suite 901,Christineland,CO,03950,113951.46,Doctor,592,06-12-2017,BR001,1,verified,Senegal,Walk-in
CUST000810,jason,Mills,17-03-2000,F,zgarcia@example.com,000-000-0000,9234 Tara Land Suite 985,West Mariotown,sd,44426,38688.74,Analyst,332,11/24/2021,BR009,Yes,VERIFIED,Slovenia,Marketing
CUST000811,  Robert,Vincent,09/01/1991,M,toddcollins@example.org,001-342-6861,50385 Patterson Extensions,Baxterport,NY,09852,"$63,459.49",Manager,502,,BR029,False,Pending,Norfolk Island,branch
CUST000812,Robert,Campos,11/05/1946,F,ashley68@example.org,,304 Hernandez Ways,Stevenshaven,MS,62740,,Sales Rep,384,16-11-2019,BR036,FALSE,N/A,Australia,online
CUST000813,Patricia,Hughes,51-10-02,F,mthomas@example.net,+1-334-344-3946,35761 Klein Summit,South Nicoleville,FM,59024,120644.23,Manager,9999,"March 30, 2021",BR033,,Pending,Gabon,Online
CUST000814,Joshua,Howard,30-11-1956,0,lmercado@example.net,926.636.7850,9443 Combs Station Suite 295,South Kara,WY,33760,76879.42,Teacher,468,11/11/2015,,False,verified,Turkey,Marketing
CUST000815,  Margaret,Johnson,20-10-1953,F,thomasowens@example.net,940.742.0767,1157 Denise Fords,New Briannaton,SD,94561,106114.56,Consultant,597,10/05/2005,BR045,FALSE,Not Verified,Aruba,Online
CUST000816,ASHLEY,  Ramirez,48-04-11,F,hogannathan@example.com,N/A,266 Crystal Skyway,Port Susanview,NH,04289,18005.39,Designer,511,21/03/2004,BR004,1,Not Verified,Timor-Leste,Branch
CUST000817,Yvonne,DOYLE,1941-01-06,M,brownjohn@example.com,(001) 856-7119,81583 Cobb Harbor,Simmonsport,VA,40663,79346.76,Doctor,700,22/06/2015,BR046,False,Pending,Latvia,ONLINE
CUST000818,Shane,Mclean,30/09/1958,M,qdixon@example.org,779-866-6829,950 Joshua Expressway Apt. 302,South Roberto,LA,02774,101137.08,Teacher,323,00-08-11,BR026,True,VERIFIED,Germany,Referral
CUST000819,Joshua  ,Olson,62-03-26,M,cindyhenderson@example.org,8402513186,4733 Jon Street Suite 247,Michelleberg,AL,25139,72879.94,Developer,838,23-08-2008,BR001,False,Pending,Greece,online
CUST000820,Catherine,Campbell,88-08-07,M,conradjulie@example.net,N/A,4131 Samantha Club Apt. 025,Jameschester,WI,42218,107291.81,Student,497,09/07/2006,BR017,False,N/A,Martinique,ONLINE
CUST000821,Lisa,Bailey,1977-10-11,FEMALE,dana17@example.net,,167 Chang Fall Apt. 831,West Amanda,OK,12520,,Self-Employed,413,12-01-31,BR020,FALSE,,Mexico,Branch
CUST000822,PATRICIA,Cannon,02/23/1977,F,haneysusan@example.org,+1-963-542-9242,121 Moore Fields,Christopherland,LA,95361,119327.16,Sales Rep,573,23/03/2001,BR018,0,N/A,Iran,ONLINE
CUST000823,CHRISTOPHER,Wright  ,07/28/1942,M,nicole55@example.org,N/A,110 Ward Plaza Suite 557,Figueroachester,IA,98714,150461.43,Self-Employed,356,14-07-28,BR002,No,,South Georgia and the South Sandwich Islands,online
CUST000824,Kevin,Travis,1942-12-22,m,david82@example.net,000-000-0000,191 Robert Cove Suite 691,North Paulahaven,SC,17856,,Accountant,638,15-01-16,BR017,1,,Cayman Islands,online
CUST000825,Elizabeth,Anderson,"May 07, 1966",male,sullivandonald@example.net,821-475-6269,347 Julie Branch,Ashleyberg,TN,83619,54407.41,Retired,626,04/04/2008,BR015,TRUE,,North Macedonia,N/A
CUST000826,Sandra,Valentine,NULL,F,travis28@example.net,+19034220074,87129 Davis Isle Apt. 058,Lake Sarahhaven,MO,02589,120868.46,Clerk,595,10/17/2007,BR023,TRUE,VERIFIED,Sri Lanka,branch
CUST000827,Norman,Roberts,1955-02-28,F,thompsonsavannah@example.org,+1-206-654-7476,898 Graham Spurs,Jamesville,MH,51478,125285.03,Self-Employed,338,2023-05-28,BR037,No,Not Verified,Greenland,Branch
CUST000828,Courtney  ,Gomez,46-10-28,f,jeffreyhansen@example.net,4874656993,13860 Olson Radial,Elizabethmouth,MH,10939,51699.9,Accountant,794,"February 11, 2013",,False,Not Verified,Sao Tome and Principe,online
CUST000829,BARBARA,Smith,09/25/1961,M,clarkdavid@example.net,001-348-6953,053 Alexander Points Apt. 951,Wellston,GU,00000,55293.46,Driver,712,2023-10-04,BR048,False,Verified,Mongolia,
CUST000830,  Mark,Walker,24/11/1941,F,zsnyder@example.net,488.468.6562,801 Eric Landing,North Samuel,NY,67903,,Self-Employed,458,"July 10, 2019",BR012,True,N/A,,branch
CUST000831,Matthew,Nichols,1965-09-10,F,erin67@example.com,000-000-0000,13531 Morris Key Suite 928,Hillmouth,KY,11902,22944.23,Lawyer,483,10/25/2017,BR025,1,N/A,Poland,online
CUST000832,Caleb,Fields,99/99/9999,M,ksutton@example.com,8517199764,56419 Alexander Rapid Suite 300,,OK,27573,37847.18,Nurse,504,2021-08-18,BR023,FALSE,,Guernsey,ONLINE
CUST000833,Jill,Meyers,"November 14, 1993",m,conleyrandy@example.org,+14156972242,9276 Tran Port,Ryanton,CO,83570,34855.07,Student,354,04/23/2000,BR003,FALSE,pending,,Marketing
CUST000834,MORGAN,Arellano,21-02-1957,M,alan33@example.com,(180) 185-3735,55446 Michael Prairie Apt. 609,Washingtonview,WA,53309,,Retired,680,05-02-05,,True,verified,North Macedonia,online
CUST000835,Jackie,Simpson  ,67-07-23,F,sotokara@example.com,001-449-7911,15538 Michelle Spring,Gibsonmouth,OH,18688,68786.03,Lawyer,338,29/11/2009,BR014,FALSE,Not Verified,Benin,Online
CUST000836,Robin,Hughes,09-05-1961,M,mgreen@example.com,378-344-6078,7551 Ashley Spurs,,KY,39683,78197.52,Developer,604,10/11/2023,BR047,Yes,VERIFIED,Bhutan,Referral
CUST000837,Laura,Munoz,06/11/1967,M,matthewchambers@example.com,N/A,5907 Michael Hollow Suite 343,Herrerafort,CT,44578,124267.52,Consultant,503,2003-05-05,BR006,Yes,Pending,Tokelau,branch
CUST000838,Robert,Elliott,04/21/1958,F,jessicagreer@example.com,+10013902763,15477 Katie Ridges,Johnland,GU,86911,3505761.0,Nurse,,24/07/2013,,False,VERIFIED,Estonia,Referral
CUST000839,Heather,Webb,30/01/1977,F,michaeldiaz@example.net,+1-964-513-5474,32855 Tran Village Suite 794,Coxhaven,CT,86172,,Engineer,724,15-02-2013,BR036,No,Verified,Ireland,branch
CUST000840,Richard,Moore,02/25/1962,F,courtney13@example.com,333-647-0407,714 Caldwell Overpass Apt. 418,Jennifershire,MA,05971,62510.39,Contractor,610,20-02-27,BR029,1,VERIFIED,Maldives,online
CUST000841,Jennifer,Porter,11/23/1943,f,nathan60@example.org,N/A,067 Andrews Overpass Suite 928,Leeville,MO,92727,68268.77,Accountant,404,2015-12-15,,,Verified,Cape Verde,Walk-in
CUST000842,Daniel,Yates,23-08-1977,F,elizabethtownsend@example.net,(276) 935-3673,2288 Joseph Corner,East Lauren,GU,14456,93618.68,Designer,718,20/07/2022,BR020,No,N/A,Sao Tome and Principe,Marketing
CUST000843,James,Smith,04/11/1959,M,jake97@example.com,974-893-6635,48030 Robin Spring Apt. 565,,OH,20603,USD 30704.73,Engineer,662,20-11-20,BR048,No,verified,Iceland,
CUST000844,Madison,Palmer,99/99/9999,M,  howard63@example.net  ,(494) 512-8866,42526 Sandra Prairie,Clarkeside,OK,19735,83384.34,Engineer,451,09-02-24,BR024,Yes,pending,Tajikistan,Branch
CUST000845,Mason,Montgomery,04-11-1993,Female,,1346753255,,East Patrickmouth,ID,67506,75825.83,Lawyer,307,06/07/2017,BR048,TRUE,Verified,Andorra,Online
CUST000846,Gloria,Thomas,1974-11-02,F,N/A,(693) 976-8418,6220 Jose Pike,East John,KY,08321,87235.79,Accountant,820,03/21/2022,BR019,0,,United Arab Emirates,N/A
CUST000847,Connor,Lopez,02-11-25,male,amberpruitt@example.org,+1-208-876-4770,1837 Thomas Rapids Suite 076,Barkerland,SC,55031,"$80,120.90",Analyst,313,2011-05-10,BR045,No,pending,Colombia,Walk-in
CUST000848,Susan,  Porter,,M,campbellalexandra@example.net,+1-680-741-8693,9674 Brianna Corner Suite 053,South Kristenview,WY ,75097,155935.5,Contractor,341,06-11-2021,BR040,Yes,verified,Antigua and Barbuda,branch
CUST000849,Tammy,Ball,"May 12, 1998",F,obrewer@example.com,+1-751-397-0181,8296 Best Mountain,Gregorymouth,IA,09280,47679.1,Chef,314,06-01-16,BR025,No,Not Verified,Netherlands Antilles,ONLINE
CUST000850,John,  Valenzuela,52-04-19,F,kimberlypeterson@example.org,N/A,58384 Faith Road,North Rickymouth,IA,43266,51415.11,Student,451,06/16/2014,BR048,True,Verified,,online
CUST000851,Melissa,Castillo,11/15/1986,female,samantha69@example.org,001.751.7021,903 Morton Wall Suite 177,Port Toddtown,ID,04781,USD 48190.08,Officer,548,06-09-14,BR010,1,verified,Guatemala,Marketing
CUST000852,Robert,Hayes,05-02-02,M,barrykevin@example.org,560.551.6483,8418 Gallagher Lodge Suite 760,South Joshuaport,MD,86491,50558.3,Teacher,417,"February 27, 2019",BR037,,Not Verified,Tajikistan,Online
CUST000853,Jennifer  ,Matthews  ,10/29/1943,F,qrhodes@example.org,,4510 Daniels Place Apt. 947,Port Dave,CO,45647,47691.45,Student,618,02-04-2013,BR030,,Pending,Iceland,online
CUST000854,Andrew,Peterson,1944-02-18,M,francis07@example.net,,4565 Hernandez Port Suite 226,West William,KY,89669,111615.58,Lawyer,0,21/01/2014,BR036,0,VERIFIED,Anguilla,Referral
CUST000855,Katherine,Carpenter,16-07-1975,1,sue68@example.com,001-860-9669,777 Carlson Mountain,Port Destinyshire,OK,53751,119717.65,Manager,790,05/03/2004,BR018,False,Pending,Cambodia,
CUST000856,Nicholas,Crawford,81-12-06,M,natashamorton@example.com,000-000-0000,068 Karl Estates,East Gabrielle,WI,32201,50023.88,Lawyer,457,05/22/2022,BR032,1,Verified,Austria,Marketing
CUST000857,Kristin,Lewis,1959-03-27,Male,johnnygray@example.com,0017069943,2941 William Gardens Suite 006,Jonside,MA,38153,40867.55,Retired,0,"April 08, 2017",,False,,Martinique,Referral
CUST000858,Timothy,Valentine,07/16/1954,M,danielnixon@example.net,000-000-0000,5078 Pierce Route,Stephenstown,TX,24149,86499.54,Driver,741,14/06/2007,BR003,1,N/A,Armenia,Branch
CUST000859,Jeremy,Lawrence,56-04-20,m,garywright@example.org,N/A,731 Solis Valley,Ashleychester,HI,76034,50672.19,Developer,530,16/11/2016,BR022,0,N/A,Svalbard & Jan Mayen Islands,N/A
CUST000860,DANIEL,Sexton,02/09/1996,F,hcollins@example.com,N/A,02874 Cohen Drive Apt. 220,Lake Paigestad,ME,48548,92152.61,Manager,797,11-07-10,,,verified,Yemen,branch
CUST000861,Joseph,Sanders,1951-09-08,M,qharveyATexample.net,(304) 766-2750,9744 Marcia Forks,Brownside,US,45282,77102.31,Officer,,13-07-2023,BR046,Yes,verified,French Guiana,
CUST000862,Jessica,Frederick,91-03-14,M,jamesberry@example.com,N/A,67148 Porter Courts,Smithstad,AZ,95183,,Manager,529,07-10-12,BR011,1,N/A,Botswana,branch
CUST000863,Ariana,Crawford,1949-04-16,female,bcaldwell@example.net,(751) 492-0182,29704 Karen Prairie,Williamshire,PW,14019,124162.68,Consultant,730,99/99/9999,BR022,False,VERIFIED,Guam,N/A
CUST000864,Amanda,Hurley,12/15/1973,F,robin11@example.com,7979149207,142 Hoffman Mountain Apt. 962,Andersonland,NC,71989,132855.72,Analyst,696,"April 09, 2017",BR023,0,VERIFIED,Dominica,branch
CUST000865,Heather,THOMPSON,62-09-03,F,pluna@example.net,9774244343,7156 Walker Path Apt. 299,Port Lindaview,ND,85340,48552.4,Analyst,793,99/99/9999,BR014,FALSE,N/A,Andorra,
CUST000866,Danielle  ,Martinez,28-11-1956,M,,180.049.4091,66225 Wheeler Bypass Apt. 693,New Kathleenview,MP,83014,56430.45,Engineer,444,14/04/2018,BR014,FALSE,verified,Bahamas,branch
CUST000867,Rita,Shelton,03/22/1965,Female,stevenrodriguez@example.net,772.826.4147,18429 Jeff Isle,Shaneport,GA,21199,80005.29,Teacher,800 pts,19-07-26,BR026,1,verified,Morocco,branch
CUST000868,amber,Allen,99/99/9999,female,christina67@example.com,+1-653-990-2262,5003 Cassie Brook,Lake Teresaton,NE,39903,81705.99,Accountant,778,"April 20, 2001",BR004,False,Not Verified,Tajikistan,N/A
CUST000869,Shawn,Jones,2001-01-08,MALE,kevin78@example.com,+1-855-940-4231,067 Shepherd Grove,New James,IN,90142,93049.05,Retired,,"December 12, 2021",BR024,No,Verified,Morocco,Walk-in
CUST000870,Ricardo,  Smith,30-08-1943,F,melissa92@example.net,528-578-3573,3453 Brent Forks,Collinsburgh,FL,38920,14035716.0,Analyst,826,02-08-04,BR033,FALSE,,Senegal,Walk-in
CUST000871,Thomas,  King,16-01-1962,M,james72@example.org,+1-535-405-1602,07155 Ferguson Parks Apt. 940,Edwinport,XX,52047,,Driver,650,06/12/2006,BR014,Yes,Pending,Gambia,
CUST000872,  Charles,Wheeler,"January 25, 1999",F,nathanwatson@example.org,353.580.7819,,Rebeccastad,VT,97877,42059.6,Engineer,665,2009-08-23,BR013,No,Pending,Czech Republic,ONLINE
CUST000873,  Jessica,Collins,1986-05-25,M,sarah19@example.net,000-000-0000,06162 Emily Well Suite 635,North Morgan,AL,60558,21723.83,Lawyer,635,10-08-14,BR010,FALSE,Pending,Jordan,Walk-in
CUST000874,Sheila,Edwards,51-10-19,F,eric59@example.net,(126) 825-6977,14610 Carol Oval,New Brittneyton,ZZ,51715,44417.45,Self-Employed,646,01-09-2000,BR008,0,Verified,Palestinian Territory,Referral
CUST000875,Danny,Mays,99/99/9999,F,russellwilliam@example.net,+1-125-188-5690,8826 Thompson Bypass Apt. 727,Port Aaron,SC,73111,68840.56,Lawyer,637,"June 16, 2013",BR037,TRUE,N/A,Bouvet Island (Bouvetoya),Branch
CUST000876,Emily,Acevedo,51-04-28,MALE,N/A,9647078308,454 Robert Common,Paulview,OK,05130,132809.53,Nurse,649,02-12-2018,BR022,Yes,Pending,Western Sahara,ONLINE
CUST000877,Ryan,Rose,01/30/1980,F,ecole@example.net,N/A,073 Allen Bypass,West Allison,MI,56668,51883.6,Teacher,-1,08-05-2016,BR022,0,,Greenland,Branch
CUST000878,Katherine,Lewis,"January 13, 1978",M,ewarner@example.org,+1-431-867-8719,4872 Melissa Divide,Elizabethberg,MN,38521,,Teacher,390,08/15/2016,BR046,False,VERIFIED,Guadeloupe,N/A
CUST000879,Manuel,Barrett,74-06-04,M,kenneth08@example.net,000-000-0000,1630 Lauren Trail Suite 383,North Anthonyland,LA,00000,69425.2,Driver,465,17/03/2018,BR016,FALSE,,Czech Republic,
CUST000880,Lawrence,Gilbert,26/10/1943,M,N/A,000-000-0000,89622 Moore Tunnel Suite 600,East John,DC,29920,111593.76,Analyst,308,06/07/2010,BR026,True,verified,Ukraine,Referral
CUST000881,Stephanie,Williams,"April 21, 2005",F,cmanning@example.org,451.258.9041,66608 Melissa Forge Apt. 788,Kelseyfort,SC,81006,158442.63,Chef,613,11-07-16,BR022,FALSE,Not Verified,Antigua and Barbuda,online
CUST000882,  Brandy,james,1979-03-21,F,robertnguyen@example.com,N/A,13737 Kevin Canyon Apt. 118,Lake Elijahfurt,SC,77461,51419.59,Lawyer,548,2006-02-12,BR014,FALSE,pending,Sudan,Walk-in
CUST000883,  David,Baker,10-10-1944,F,munozjohn@example.net,4067104718,924 Ortiz Plaza Apt. 410,West Christian,CO,26453,52869.62,Driver,694,04/02/2000,BR026,False,,Saudi Arabia,Walk-in
CUST000884,Chad,Garcia  ,99/99/9999,F,collinsstacy@example.com,N/A,560 Sparks Valley,Chavezport,TN,66473,106545.63,Nurse,555,14-08-12,BR043,Yes,N/A,Kuwait,Branch
CUST000885,Alisha,  Jones,02/13/1961,M,danpacheco@example.com,000-000-0000,74499 Smith Forks,New Daniel,IN,52036,93866.2,Manager,711,2001-10-26,BR032,Yes,Verified,San Marino,Referral
CUST000886,Tara,Mendez,"February 09, 1994",M,lopezcrystal@example.com,+1-506-303-2675,7631 Christopher Place,Schneiderport,MT,12903,134634.76,Manager,,2021-09-16,BR028,No,Verified,Chad,Referral
CUST000887,Marc,Foster,"July 21, 1952",Male,,674.686.7948,0361 Vanessa Motorway,Smithland,NV,64239,90437.49,Doctor,647,99/99/9999,BR017,False,N/A,Zambia,Referral
CUST000888,Stephanie,Hensley,10/07/1977,F,tedwards@example.net,330-878-1117,,North Joshuatown,GA,12667,57424.78,Doctor,385,23-06-10,BR012,FALSE,N/A,Ethiopia,Marketing
CUST000889,Justin,Miller,12/07/1991,M,matthew96ATexample.com,N/A,35300 Williamson Union,South Courtney,MI,28608,90672.92,Analyst,642,2014-11-04,BR050,No,N/A,Saint Helena,N/A
CUST000890,  Paul,Rodriguez,"April 02, 1985",Male,,,858 Hodge Shore,Port Christy,VI,63305,"$108,804.63",Developer,569,06/19/2010,BR030,Yes,verified,Palestinian Territory,Branch
CUST000891,Lisa,Tran,02/07/1956,F,greenchristian@example.org,(793) 317-9670,57921 Paul Junction Apt. 698,West Karen,MO,40118,98716.88,Sales Rep,544,15-05-2001,BR038,No,,Iran,N/A
CUST000892,  Jason,Watkins  ,21/12/1956,M,ssmith@example.net,185-587-0393,5290 Johnson Extensions,Mercertown,AR,87901,87754.59,Driver,691,99/99/9999,BR012,Yes,pending,Belgium,online
CUST000893,Kristen,Hogan,02/28/1978,M,contreraskara@example.org,N/A,08823 Wade Lane,Port Erinside,PR,53569,107333.61,Sales Rep,369 pts,,BR042,False,Verified,,Marketing
CUST000894,Timothy,Gonzalez,12/03/1952,F,charlesbaker@example.com,,3186 Martinez Lights,Lake Crystalbury,MP,04309,110925.35,Consultant,710,21/09/2013,BR039,0,,Cape Verde,
CUST000895,Jake,Green,07/12/2001,M,vaughnsamuel@example.org,,252 Nicole Roads,Trujilloville,HI,50378,118375.56,Self-Employed,671,"May 30, 2005",BR029,1,pending,Tuvalu,Marketing
CUST000896,  Carrie,Murray  ,07/15/1973,F,cassidy99@example.com,(625) 529-6444,868 Monica Crescent Apt. 433,South Jonathanhaven,AK,42506,92704.85,Clerk,544,"September 07, 2001",BR003,0,,Monaco,N/A
CUST000897,Victor,Miller  ,04-12-2004,F,logan59@example.net,1206627879,72162 Foster Brooks Apt. 235,Charlestown,HI,82091,64150.87,Accountant,526,2003-09-17,BR037,1,pending,Ghana,Online
CUST000898,Melvin,Harvey,16-05-1968,Female,omcdonald@example.net,693.995.7955,111 Leonard Lock Suite 038,Hernandezstad,MO,86082,75134.98,Retired,827,21-07-2001,BR023,True,Pending,Kyrgyz Republic,Walk-in
CUST000899,Michelle,Garcia,NULL,M,michaelpeters@example.net,533-200-8056,248 William Fork,Port Daniel,FM,62328,112227.81,,785,09/07/2011,BR001,No,Not Verified,Pitcairn Islands,
CUST000900,Jennifer,Warren,16-04-1977,male,jacksonscott@example.net,(254) 685-2207,741 Maldonado Estates,Austinchester,WV,27939,41407.25,Accountant,642,NULL,BR008,FALSE,N/A,Norfolk Island,ONLINE
CUST000901,Randall,Jones,21-11-1995,MALE,michael10@example.org,410-581-9484,36072 John Camp,Lake Destiny,IN,00870,82903.57,Clerk,352,10/21/2019,BR005,1,Not Verified,Romania,Online
CUST000902,Rebecca,Caldwell,"April 17, 1955",M,nataliebowman@example.org,+1-853-891-6928,66968 Acosta Inlet,East Jamietown,KS,49497,56233.14,Doctor,627,24/03/2005,BR011,Yes,N/A,Fiji,Walk-in
CUST000903,Renee,Brown,93-03-02,M,priceryan@example.com,000-000-0000,176 Thomas Loop Apt. 809,West Cody,ZZ,01296,71006.07,Developer,457,2000-04-03,BR020,Yes,Pending,,N/A
CUST000904,Louis,Smith,98-01-03,F,tgilbert@example.com,+14314525523,8837 Fields Freeway,Samanthaton,UT,93969,114745.82,Analyst,620,2008-08-01,BR007,FALSE,Verified,Gambia,Referral
CUST000905,Tyler,Sullivan,59-07-14,1,julie39@example.com,+18114152558,8882 Williams Corner Suite 489,East Andrewstad,AS,70447,76688.47,Lawyer,559,"February 16, 2007",BR002,1,Pending,Uganda,Marketing
CUST000906,Lauren,Smith,98-06-23,F,iwilson@example.com,,5967 Wallace Rapid,North Erinmouth,or,72361,71625.28,,319,02/12/2022,BR012,True,N/A,Czech Republic,Branch
CUST000907,Andrew,Torres,03/12/1979,M,taylor27@example.com,+14114608958,36896 Alan Passage,West Stephen,TX,98586,22405.04,Retired,321,06/12/2021,BR015,0,pending,Barbados,Marketing
CUST000908,DAVID,Romero,04/02/1947,Female,adrianmcneil@example.com,,33878 Khan Drive Suite 898,Huntville,ND,34344,"$96,118.87",Engineer,604,"September 03, 2012",BR023,False,,Singapore,ONLINE
CUST000909,Jimmy,Johnston,28-03-1951,M,dhorton@example.net,0016006737,4441 Shannon Prairie Apt. 626,Justinbury,ME,59735,92591.95,Driver,513,2015-11-24,,True,pending,Switzerland,Branch
CUST000910,Michael,Bradley,02-05-2000,M,zjohnson@example.net,,8375 Wade Union Apt. 678,Wendyborough,ME,89261,145713.92,Teacher,476,2009-09-16,BR034,FALSE,N/A,Argentina,Walk-in
CUST000911,Tracy,moses,"July 14, 2000",F,brianramos@example.net,N/A,223 Jennifer Parkway Suite 403,South Bonnie,PA,45074,59227.76,Contractor,546,02-06-01,BR044,Yes,Verified,Bulgaria,N/A
CUST000912,Stephanie,Cook,1948-07-27,m,lunajeffrey@example.org,(166) 523-2735,23477 Kelly Turnpike,,RI,43720,77670.26,Manager,789,06/25/2000,BR043,False,verified,Turks and Caicos Islands,Marketing
CUST000913,Arthur,SANCHEZ,1967-07-10,female,LEE57@EXAMPLE.ORG,(800) 661-7413,9476 Katie Coves Apt. 912,Rhodestown,MP,55351,78728.43,Sales Rep,775,2005-11-07,BR049,,pending,Greece,branch
CUST000914,Anthony,Moss,1984-01-22,Female,escobargary@example.org,(173) 055-6446,5555 Williams Lodge,Lake Marvin,AL,66000,125210.86,Analyst,719,"November 13, 2022",BR015,1,Not Verified,Luxembourg,Online
CUST000915,Tony,Ryan,25-09-1984,F,sandra33@example.net,(276) 239-9046,369 Le Viaduct,South Pamela,OK,02777,"$66,664.66",Developer,487,"February 05, 2020",BR021,True,pending,,Online
CUST000916,  Isaiah,Jennings,03/01/1982,M,bryanwallace@example.com,120.621.7906,344 Stephen Rapid,Shannonville,MS,24398,79765.75,Self-Employed,468,2006-01-27,BR030,TRUE,Verified,Saint Lucia,Online
CUST000917,Charles,Banks,"June 29, 1995",F,karimeyers@example.net,001-919-3296,60082 William Shoal,Wallaceview,HI,00000,91276.38,Analyst,599,26-06-2013,BR027,False,Not Verified,Korea,Online
CUST000918,kimberly,Stewart  ,07/16/1950,F,,282.306.3228,9804 Perry Manor,Wesleymouth,DC,97579,76531.32,Teacher,358,"September 12, 2011",BR039,,Pending,Turkmenistan,
CUST000919,  Joseph,Ortiz,06-06-1954,Female,bcardenasATexample.net,9479245257,70946 Mendoza Mount Apt. 612,Ashleyberg,ND,40650,54374.82,Sales Rep,771,"February 23, 2012",BR031,1,Verified,Cape Verde,online
CUST000920,Raymond,Brown,1958-11-02,F,WILLIAMZHANG@EXAMPLE.COM,121-674-1700,688 Laura Club Suite 647,,ZZ,76159,76793.15,Developer,734,20-08-2019,BR036,1,Pending,Taiwan,ONLINE
CUST000921,Michael,Brown,04/10/1950,1,maguilarATexample.org,8422853541,919 Hawkins Pike,Smithville,NJ,00654,107577.11,Driver,618,01-05-29,BR015,0,Verified,Puerto Rico,online
CUST000922,WYATT,Ramsey,07/11/1997,M,gtucker@example.com,,8957 Chavez Drive,Robertton,MD,09331,34071.96,Developer,699,13-11-2011,BR004,True,Verified,Bermuda,N/A
CUST000923,Austin,Poole,11/05/1985,M,williamstaylor@example.org,000-000-0000,10297 Conway Turnpike,Adamsmouth,TX,91310,,Nurse,-1,03-02-2001,BR039,True,Verified,Palau,ONLINE
CUST000924,Elizabeth,GILES,03-06-1945,M,mirandahenderson@example.net,(001) 374-8425,53740 Davis Field Apt. 793,Clarkefurt,WA,75661,,Teacher,604,22-01-2011,BR010,False,N/A,Sierra Leone,Marketing
CUST000925,Krista,Franklin,05-05-1978,M,vferguson@example.net,+1-608-855-7174,4990 Jason Viaduct,Wesleyburgh,LA,96769,111826.63,Lawyer,534,2005-12-14,BR039,FALSE,,Aruba,Referral
CUST000926,Emily,Wallace,1982-09-07,FEMALE,mark99@example.net,+1-196-332-4535,10851 Jenkins Manors,Candaceburgh,CA,32320,16688.46,Contractor,788,13-02-04,BR009,False,,Guinea-Bissau,Walk-in
CUST000927,Margaret,Jenkins,05/18/1956,M,  brianhopkins@example.net  ,,5482 Morse Plaza,Lake Chelsealand,PR,99944,50437.74,,563,08/09/2008,BR037,True,N/A,Spain,branch
CUST000928,Julian,BONILLA,,F,chelsea84@example.com,000-000-0000,1727 Nichols Valleys Suite 529,,MP,24215,,Sales Rep,533,23-09-2004,BR048,1,N/A,,Referral
CUST000929,Rodney,Lin,"May 25, 2001",F,,169-799-8877,34019 Jennifer Prairie Apt. 605,Whitemouth,MA,87465,124793.34,Driver,631,20-07-2018,BR050,,pending,Bahrain,Branch
CUST000930,Vanessa,perkins,99/99/9999,F,nicholas38@example.net,512-848-4479,1156 Taylor Curve Apt. 070,Rogersview,NC,04466,67698.74,Engineer,0,21-02-2022,BR035,0,Verified,Tonga,
CUST000931,Leslie,Hall,12-09-1948,F,  tjohnson@example.org  ,+14436303727,5631 David Club Apt. 807,New Rebecca,ND,99892,50568.02,Analyst,347,"August 18, 2011",BR013,1,VERIFIED,South Georgia and the South Sandwich Islands,Walk-in
CUST000932,Brandon,Foster,"July 25, 1949",F,floresnicole@example.com,N/A,2128 Reynolds Canyon,Maryview,MS,77745,135840.5,Teacher,747,2020-07-13,BR040,FALSE,pending,Uzbekistan,online
CUST000933,jennifer,fox,08-06-1959,F,gregory82@example.net,+11547405203,23203 Duffy Pike Suite 427,Gardnerberg,NE,71486,USD 19319.51,,652,03-01-23,BR028,TRUE,Verified,Reunion,Marketing
CUST000934,Elizabeth,Morgan,12/13/1999,M,dthomas@example.net,203.820.8778,,Lake Amanda,GU,29581,0,Designer,307,00-01-14,BR042,Yes,VERIFIED,,Walk-in
CUST000935,Joseph,Schultz,46-07-25,1,timothy56@example.org,,02732 Andrea Via Suite 042,Bobbyberg,MA,00000,85400.51,Analyst,755,2001-05-29,BR043,False,verified,Guam,Walk-in
CUST000936,Matthew,Odonnell,02/09/1957,F,tinaflynn@example.com,(160) 481-1678,86569 Kenneth Harbors Suite 673,East Jennifer,RI,09748,52428.1,Self-Employed,811,10/18/2013,BR017,No,pending,Portugal,Marketing
CUST000937,Frank,stephens,03-08-04,F,michael77@example.org,+16624394599,0760 Clark Corner Apt. 033,Lake Davidhaven,00,12443,34256.85,Self-Employed,729,03/05/2020,BR047,False,,Tonga,Walk-in
CUST000938,Katherine,Thomas,26-04-1968,F,johncoleman@example.net,,3567 David Shoal Suite 728,Jonesmouth,MS,48449,94792.48,Chef,-1,99/99/9999,BR022,TRUE,,New Caledonia,online
CUST000939,  Ryan,Oliver,56-08-07,M,lterry@example.net,+1-557-859-5995,171 Palmer Wells,Priscillaside,IN,82324,78533.02,Contractor,838,"May 15, 2019",BR027,True,VERIFIED,Guatemala,Marketing
CUST000940,SHERI,Norris,07/21/1954,M,jocelynbates@example.com,(307) 388-2165,45744 Hernandez Unions,North Kristine,TN,18262,50257.25,Developer,406,31-05-2015,BR046,,VERIFIED,Lebanon,branch
CUST000941,Crystal,Hubbard,"April 22, 1991",M,steven08@example.net,001.482.5403,40941 Laura Corners Apt. 525,Armstrongshire,OK,08513,25189.35,Contractor,696,2002-01-22,BR048,True,Pending,Russian Federation,ONLINE
CUST000942,Anthony,Buckley,94-01-28,FEMALE,qfranklin@example.org,+1-332-354-6018,3485 Jones Forest,Holtmouth,NE,72179,100536.01,Lawyer,806,03-06-16,BR047,TRUE,Verified,Israel,branch
CUST000943,Christopher,Snyder,02-04-1954,M,lori11@example.org,3296138130,029 Angela Rue Apt. 966,Lisaburgh,ID,15838,,Consultant,541,07-07-2009,BR009,True,Pending,Sweden,N/A
CUST000944,Ashley,Lowe,16/03/2011,Female,N/A,8568831723,41710 Hannah Port Apt. 918,Robertsmouth,GU,04455,"$66,528.84",Officer,488,23-02-14,BR030,Yes,Pending,Bouvet Island (Bouvetoya),Online
CUST000945,John,Harris  ,13-02-1967,M,andrewclay@example.org,+17492560714,5257 Jeremy Views Suite 316,Port Jamesfort,SD,66538,134632.29,Sales Rep,409,"December 03, 2012",BR022,FALSE,VERIFIED,Saint Lucia,
CUST000946,Chase,Pearson,1951-06-11,female,stewartpamela@example.com,939.296.3066,9946 Sanders Rapids,Port Jennifer,WI,32983,32547.03,Retired,371,"November 26, 2005",BR045,No,Pending,Cuba,online
CUST000947,Hannah,Brown,1993-10-11,M,rrodriguezATexample.com,+16005971408,5874 Keith Plains,,UT,69462,16606.62,Manager,701,11-12-24,BR027,No,verified,Micronesia,Online
CUST000948,James  ,Hutchinson,1996-08-28,M,johnrogers@example.net,,5139 Patricia Manor Apt. 348,Port Karen,NE,65461,4578322.0,Teacher,443,"May 07, 2015",BR022,1,,Mauritius,ONLINE
CUST000949,Ann,Harris,"October 26, 1950",F,kgonzalez@example.net,6239800436,466 Holmes Street Suite 416,South Katie,DC,05559,68404.49,Consultant,776,2014-01-08,BR033,0,Not Verified,Iran,branch
CUST000950,Jeremy,Ellis,1975-07-08,F,pamela97@example.com,301.745.8408,81436 Charles Plain Suite 114,Loweryborough,FM,49659,78516.88,Accountant,394,30-11-2011,BR013,False,Pending,Belarus,ONLINE
CUST000951,Christopher  ,LAWSON,1977-01-26,MALE,bgoodman@example.com,000-000-0000,0344 Campbell Junction,,PR,74766,61556.74,Driver,-1,"September 05, 2017",BR043,0,VERIFIED,Guinea,N/A
CUST000952,Emily,French,"December 21, 1981",M,smithvictoria@example.org,N/A,217 Peter Pines Apt. 850,Marymouth,AK,77240,82321.94,Self-Employed,664,25/09/2000,BR037,False,Pending,Congo,
CUST000953,Jonathan,Norman,16-02-1953,M,russellsamantha@example.com,000-000-0000,77006 Lisa Ports Suite 951,Lisastad,KS,37867,26196.12,Analyst,726,03-11-2017,BR048,True,Not Verified,New Zealand,ONLINE
CUST000954,Kaitlyn,Patterson,"January 15, 1986",F,kelly17@example.net,+10013569275,4794 Richards Fort,Emilychester,VT,28400,,Officer,737,14-07-2014,BR036,,VERIFIED,Micronesia,Marketing
CUST000955,  Jeremy,Martin,02/07/1949,M,regina89@example.com,001.610.7017,1304 Hansen Course Suite 235,Kimside,ID,84374,USD 67124.71,Accountant,378,2017-04-17,,TRUE,VERIFIED,Croatia,online
CUST000956,Timothy,Craig,17-08-1953,M,zmarquez@example.net,+13983130265,821 Moyer Spring Suite 107,North Vanessaville,CA,39913,109105.35,Engineer,400,23/06/2020,BR001,Yes,Not Verified,Venezuela,Branch
CUST000957,Richard,Scott,12-07-1981,F,faulkneryvonne@example.net,509.775.4247,77487 Smith Mountains,Lake Dylanbury,HI,44322,81995.39,Teacher,763,2000-06-25,BR004,Yes,VERIFIED,Venezuela,N/A
CUST000958,Cody,Miller,12/11/1940,M,,779.590.9666,571 Parker Trace,North Kayla,AL,02319,85986.36,Teacher,414,06/05/2004,BR048,FALSE,Pending,Comoros,branch
CUST000959,Felicia,Mcgee,"December 21, 2000",M,collierkara@example.org,N/A,098 Joshua Groves Apt. 674,Grimesburgh,US,54220,89941.85,Accountant,606,10/02/2003,BR002,1,Verified,Guatemala,Marketing
CUST000960,Brian,Wells,,female,emily45@example.com,9726676541,9500 Kyle Track Apt. 202,Proctorfurt,RI,30092,8566980.0,Sales Rep,702,12-03-24,BR021,Yes,Not Verified,Azerbaijan,Referral
CUST000961,Jay,Bruce,1979-08-23,1,qalvarado@example.com,657.233.0907,51685 Deborah Groves Suite 675,East Matthewside,ID,63702,92495.3,,672,2001-04-27,BR041,1,pending,Senegal,Branch
CUST000962,Cynthia,Watkins,81-05-07,M,brownlauren@example.org,(769) 833-2763,372 Tyler Fall,West Karen,IL,13871,USD 116520.34,Contractor,833,27-05-2005,BR022,True,pending,Argentina,ONLINE
CUST000963,Jesse,Perez,1981-09-10,F,usummers@example.net,,33188 Amanda Lakes,Waltersland,DC,47693,76878.24,Analyst,535,11/09/2013,BR013,TRUE,Verified,Oman,online
CUST000964,Tommy,Kelley,01/25/1997,M,adamsjeffery@example.org,001.285.8176,5442 Michael Shores Apt. 792,Robertsmouth,IL,93993,94815.13,Self-Employed,841,10/30/2013,BR016,,VERIFIED,Cameroon,ONLINE
CUST000965,CRYSTAL,Cole,09/27/2000,F,xboyd@example.net,942.988.3903,315 John Court,Katherinechester,MI,48054,66859.25,Nurse,394,17-10-2016,BR027,FALSE,,Slovakia (Slovak Republic),N/A
CUST000966,Christopher,Cohen,07/12/1989,0,andersonalexander@example.com,886.506.7347,959 Pamela Alley,New Matthew,ME,19720,120404.1,Developer,844,06/04/2013,BR024,No,Pending,Togo,Branch
CUST000967,Terry,Jackson,76-08-04,F,nguyenashlee@example.com,,38955 Perry Mews Suite 317,New Tracyton,AR,20111,46326.27,Engineer,422,11-09-17,BR018,False,Pending,Saint Vincent and the Grenadines,Marketing
CUST000968,Melissa,Smith,1944-05-15,F,jillduffyATexample.org,9636256732,166 Laura Prairie,North Carrieport,OH,68579,133032.92,Doctor,313,05/02/2019,,True,VERIFIED,Jersey,Walk-in
CUST000969,Randy,Cordova,20/06/1994,male,,(764) 747-8937,76090 Tyler Mall Suite 581,West Michaelfort,GU,32865,68594.47,Teacher,-1,02-05-13,BR033,FALSE,Pending,Saint Barthelemy,Referral
CUST000970,Joseph,Graham,45-05-22,F,jonathan73@example.net,,5183 Daniels Hollow Suite 719,South Joshua,ZZ,35107,1992287.0,Student,846,12/24/2018,BR021,1,pending,Guinea,branch
CUST000971,Bradley,Weiss,2002-07-30,F,christine80@example.com,,243 Hampton Fort Suite 486,Gregoryville,HI,13886,74483.65,Manager,848,08/20/2004,BR016,0,,Poland,Referral
CUST000972,Michael,Johnson,NULL,F,williambrown@example.net,1803254694,037 Green Harbor Suite 691,South Christopherburgh,DE,44807,46163.19,Accountant,592,27-08-2004,BR019,Yes,N/A,Aruba,
CUST000973,Traci,Young,21/10/1996,M,whale@example.net,,601 Zachary Island Apt. 029,Kristenfort,ID,68482,99422.52,Driver,638,30/05/2003,BR019,True,pending,Algeria,Online
CUST000974,Daniel,Liu,05/20/1947,F,jonesmelissa@example.com,N/A,505 Martinez Court Apt. 968,Millerchester,WY,87043,47158.16,Sales Rep,338,99/99/9999,BR049,No,N/A,Lithuania,Branch
CUST000975,Chase,Smith,25/07/1951,F,maychelsey@example.org,,34952 Bobby Well,Blaketon,GU,28445,54383.58,Lawyer,9999,09-03-04,BR032,FALSE,pending,Lesotho,Referral
CUST000976,Monique,Jones,18-05-1998,f,N/A,(862) 474-8066,306 Hahn Meadow,Tracyland,XX,14940,3866.07,Self-Employed,740,06/07/2002,BR031,,Verified,British Indian Ocean Territory (Chagos Archipelago),Branch
CUST000977,Angela,Williams,"October 26, 1942",M,weaverrachel@example.net,+1-001-923-4993,2314 Greene Point,Port Andrewshire,VT,51213,54169.28,Analyst,413,04-11-02,BR014,FALSE,Verified,North Macedonia,Referral
CUST000978,Daniel,Farmer,28/03/1957,M,rasmussenmichael@example.com,311-820-3608,80446 Nancy Squares Apt. 971,Benjaminside,MP,31445,0,Nurse,819,"June 02, 2021",BR036,FALSE,verified,Faroe Islands,branch
CUST000979,Roger,  Nguyen,07/21/2002,F,ashlee50@example.com,+1-795-880-6274,839 Duncan Canyon Suite 429,Christianberg,TN,81590,14563.4,Clerk,607,16-01-26,BR048,1,N/A,Palestinian Territory,ONLINE
CUST000980,Allen,Oliver,NULL,female,pspears@example.com,+12253384766,7286 Taylor Hill Suite 859,East Tammyfurt,DC,80291,"96614,51",Clerk,654,2002-01-08,BR040,FALSE,,Sri Lanka,online
CUST000981,Sean,Hughes,27/12/1943,1,blakepaul@example.net,1666803498,0165 Moore Parks Suite 402,West Lydiafort,DC,27538,USD 97503.01,Officer,389,04/14/2017,BR019,TRUE,VERIFIED,Benin,N/A
CUST000982,Jennifer,Hernandez,"November 07, 1975",F,joshuawoodward@example.com,+1-656-800-8589,2150 Mejia Branch,Rebekahbury,MA,26612,84891.01,Teacher,544,28-05-2017,BR045,True,Not Verified,Seychelles,Branch
CUST000983,Christopher,ball,08/27/1959,M,nathan60@example.com,(149) 364-2322,314 Juan Burgs Suite 834,Lake Megan,NH,63640,36155.83,Chef,838,"August 10, 2021",BR006,True,VERIFIED,,Referral
CUST000984,  Brittany,Stephens,84-05-18,M,brandon21@example.org,+12828313799,2657 Cochran Springs,Michaelfort,NV,37494,USD 68330.10,Manager,392,15/07/2022,,,N/A,Singapore,Marketing
CUST000985,sherry,reed,02-11-1974,M,robertsaunders@example.com,7883237254,8828 Mark Gateway,Matthewbury,OH,96998,69873.91,Student,430,03/11/2013,BR014,0,Pending,Malta,Marketing
CUST000986,Jacob,Hayden,70-08-22,FEMALE,adriangreen@example.com,+1-966-360-8288,75313 Peters Rapids,North Nathan,WV,93476,29457.24,Accountant,796,"May 06, 2001",BR026,1,pending,Burkina Faso,Branch
CUST000987,Randy,  Davis,,1,castillokenneth@example.org,843-601-0614,744 Jason Ranch Suite 115,East Lori,FM,36759,,Driver,502,29-10-2004,BR045,False,N/A,Solomon Islands,Branch
CUST000988,Beverly,Hayes,92-03-20,F,  dwilkinson@example.org  ,N/A,618 Mary Mountains Suite 021,Ashleyberg,NM,80062,100707.68,Self-Employed,304,"April 24, 2003",BR037,No,VERIFIED,Equatorial Guinea,Branch
CUST000989,Jeff,kim,"August 15, 1976",f,zacharyhenry@example.com,0017036312,0473 Tina Street,Port Randy,NH,41087,62266.25,Analyst,791,18-05-11,BR028,0,N/A,,Online
CUST000990,Steve,Sharp,06/07/2003,M,dscott@example.org,+1-866-465-6007,212 David Village,Port Melissa,MT,70910,,Developer,331,08/14/2018,BR046,,pending,Chad,branch
CUST000991,Timothy,Tyler,52-03-08,M,qanderson@example.net,N/A,6048 Hinton Court Apt. 344,West Adriana,VA,36823,77293.4,Chef,771,06/07/2004,BR032,1,VERIFIED,Mozambique,branch
CUST000992,Natalie,Hart,82-11-29,1,levydiane@example.com,9122421063,364 Christopher Loop Suite 955,Ashleyview,GA,10102,0,Nurse,9999,10/29/2014,BR027,TRUE,N/A,Nigeria,branch
CUST000993,John,Berry,"August 10, 1985",male,sandraclark@example.com,,5935 Jones Village Suite 174,,N/A,10065,61348.79,Retired,616,04/03/2022,BR041,Yes,verified,Myanmar,Branch
CUST000994,Michael,schroeder,NULL,0,choidenise@example.com,9678233990,0011 Jeffrey Coves,Kyletown,ME,37602,46130.55,Engineer,589,02-10-30,BR038,Yes,VERIFIED,Cocos (Keeling) Islands,Referral
CUST000995,Kara,Gutierrez,02/24/1962,F,victor21@example.com,+1-001-690-9108,9915 Walker Shore,South Shawnshire,MS,61028,"$34,943.30",Officer,523,12/11/2023,,No,VERIFIED,Papua New Guinea,Referral
CUST000996,Jerry,Hayes,12/14/2001,M,silvapreston@example.org,,45971 Cox Springs Suite 932,Owensville,DE,89799,60161.49,Designer,763,16/02/2022,BR039,TRUE,Verified,Grenada,Online
CUST000997,Kyle,  Montgomery,1954-01-01,F,nlowe@example.net,,597 Shelly Parkway,Downsfort,VI,77985,132919.03,Doctor,724,19/05/2021,BR015,False,N/A,French Polynesia,online
CUST000998,Maria,Rush,10/12/1979,F,victoriajenkins@example.com,602-763-2767,669 Fuentes Roads Suite 715,Meaganbury,KY,58612,92429.5,Contractor,770,11/03/2019,BR043,True,Verified,United States of America,N/A
CUST000999,Johnny,Flores  ,23-02-1958,M,lovedavid@example.org,001.553.6772,37548 Kendra Orchard Apt. 538,East Jessica,MN,53311,50008.74,Driver,762,28-05-2002,BR034,TRUE,,Mozambique,N/A
CUST001000,Jacob,Griffith,"September 04, 1940",m,wrightcarolyn@example.com,N/A,40510 Rick Path,Port Amanda,SC,76709,90040.4,Manager,652 pts,08/07/2012,BR034,No,VERIFIED,Jersey,
CUST001001,Jamie,Macdonald,11/27/1953,1,,N/A,209 Meyers Cliff Apt. 102,Grahamfort,AS,70404,118977.44,Accountant,544,,BR023,True,VERIFIED,,Referral
CUST001002,Daniel,  Russo,99/99/9999,M,danny48@example.com,000-000-0000,4357 Adams Mountains,Port Matthew,AS,45581,102362.18,Driver,0,"September 29, 2007",BR041,FALSE,verified,Paraguay,Online
CUST001003,Katherine,Davidson,22/06/2001,M,robertlopez@example.com,368.375.6707,236 Michelle Port,East Jacobmouth,KS,00000,72087.06,Self-Employed,512,06-03-2018,BR043,False,verified,Haiti,Branch
CUST001004,Carmen,Chapman,99/99/9999,M,N/A,(768) 370-5807,4070 Rose Trace,Scottview,NY,26227,47357.21,Engineer,687,2006-10-30,BR033,1,,Sri Lanka,ONLINE
CUST001005,Alex,King,NULL,F,,(304) 949-2728,643 Ronnie Summit,Juliehaven,MP,35494,94437.82,Analyst,698 pts,01/19/2022,BR010,No,,Yemen,Referral
CUST001006,  Jose,Adams,2001-04-20,F,piercedonna@example.com,001-893-2032,523 Rachel Rest,Jamesbury,AK,79196,USD 83771.99,Engineer,396,05/01/2011,BR032,No,verified,Swaziland,online
CUST001007,  Patricia,Kent,72-01-05,F,melissa65@example.com,+12304799154,20129 Lewis Point Suite 004,East Christian,ND,18855,101331.76,Retired,423,2007-01-31,BR049,Yes,pending,Reunion,Referral
CUST001008,Benjamin,barajas,1964-12-27,M,imahoney@example.org,7819093054,739 Joseph Stravenue Suite 538,West Micheleside,GA,64204,92231.01,Sales Rep,563,10/06/2009,BR023,,Verified,Cameroon,Online
CUST001009,Michele,Lopez  ,1986-11-24,F,samuelhill@example.org,+1-001-851-3852,9030 Barbara Stream Suite 448,Hughesmouth,AL,93379,106734.35,Manager,360,01/05/2002,BR007,No,pending,Serbia,Walk-in
CUST001010,Kelly,Spencer,04-01-29,M,dyermegan@example.net,,6955 Guzman Union,West Michelle,NY,67449,51266.77,Developer,569,08/23/2004,BR039,FALSE,Pending,Belarus,Referral
CUST001011,Michele,Romero,,F,elizabethgriffin@example.com,+1-577-977-4592,9379 Gilbert Brook,Brownport,VI,43877,116108.79,Manager,770,02/18/2014,BR032,True,verified,Uganda,N/A
CUST001012,Michael,Lucero,"December 31, 2023",1,ashley67@example.com,+1-001-716-5623,27674 Nicholas Crossing Apt. 272,Sandersborough,AS,08726,76915.99,Developer,801,2009-01-17,BR038,Yes,,Western Sahara,Branch
CUST001013,Justin,Richardson,94-02-10,F,steelejames@example.org,700-754-5583,16833 Bauer Shoals Suite 668,New Loristad,WV,01520,142634.13,Self-Employed,412 pts,16-04-2022,BR003,False,Pending,Gabon,N/A
CUST001014,Vanessa,Manning,"March 26, 1999",F,johnsonrobert@example.net,743.417.1557,979 Jeffrey Point,Eatonbury,VI,09488,45878.43,Nurse,788,07-03-03,BR011,False,N/A,Paraguay,Referral
CUST001015,Erin,Johnson,63-03-03,M,debbie01@example.org,458.839.1115,09333 Sanchez Radial Apt. 203,Stoneland,OH,70270,130758.73,Engineer,561,14/06/2011,BR001,Yes,verified,,branch
CUST001016,Christina,Rice,1973-02-26,F,stephanie78@example.org,,664 Ramirez Stream,Parkertown,KS,61200,76926.88,Analyst,797,10/09/2006,BR031,FALSE,,Oman,online
CUST001017,Angelica,Miranda,30/09/1964,F,kathleengreene@example.com,,714 Cruz Ridge Apt. 995,North Lisa,MA,57800,47200.37,Student,499,99/99/9999,BR031,1,VERIFIED,Iraq,Walk-in
CUST001018,Larry,Thomas,"June 30, 1945",M,alejandro26@example.net,+10014084964,24687 Jacob Center,South Jared,NM,93169,53064.0,Designer,-1,08-01-02,BR045,1,VERIFIED,Moldova,Branch
CUST001019,Kim,Brown  ,99/99/9999,F,elowe@example.org,(867) 748-5783,657 Hoffman Alley Apt. 551,South Dana,NJ,85915,58787.84,Developer,824,07-01-25,,No,N/A,Jamaica,online
CUST001020,Jose,  Scott,12/11/1942,1,N/A,N/A,18674 Baldwin Way Suite 203,Christophershire,CO,75428,,Accountant,416,23/06/2018,BR033,True,Not Verified,Marshall Islands,Online
CUST001021,Michael,Raymond,"October 22, 1972",M,ballardrobert@example.net,000-000-0000,98766 Jacob Overpass,Port Joshuaborough,IL,72324,88299.24,Student,9999,99/99/9999,BR032,1,verified,Bhutan,Marketing
CUST001022,Aaron,Williams  ,"October 31, 1970",FEMALE,doyletravis@example.org,+1-722-291-8457,70259 Davis Creek Suite 358,North Larry,VI,01318,49920.5,Student,642,10/09/2009,BR017,0,Verified,Niue,
CUST001023,Timothy,Dennis,08-03-1984,0,david06@example.org,N/A,1473 Bradley Gardens,New Davidport,IA,11902,69147.59,Engineer,410,07-07-12,BR050,,verified,Christmas Island,Walk-in
CUST001024,Robert,Jenkins,07/09/1989,M,lchase@example.org,000-000-0000,5526 Bentley Center Apt. 670,South Jennifer,DE ,01512,"144979,46",Engineer,415 pts,01-03-2002,BR034,True,Verified,Albania,Branch
CUST001025,Pamela,Kelly,1961-03-01,male,cpierce@example.com,,932 Michael Underpass Apt. 933,Lake Michelleview,NC,37447,130464.01,Teacher,821,2011-10-26,BR025,Yes,Pending,,Marketing
CUST001026,Jessica,Haynes,"February 02, 1947",F,pittsrobert@example.com,000-000-0000,64685 Stevenson Ports Apt. 204,Port Kimberlyland,MD,93574,85271.33,Nurse,841,18-04-2017,BR009,TRUE,VERIFIED,,Referral
CUST001027,kevin,Gordon,01-05-1964,F,corey93@example.org,N/A,98416 Hall Mission,Lake Deborahville,WY,61111,71330.12,Analyst,785,2023-02-06,BR001,True,,Algeria,
CUST001028,Maria,Francis,08/06/1957,m,lbrown@example.com,+10018923833,9750 Munoz Park Apt. 930,North Ginastad,MH,77789,74201.1,Contractor,333,03/22/2007,BR002,No,pending,Belize,Online
CUST001029,Kim,Obrien,21-09-1977,Male,johnsantos@example.com,001.636.2470,4525 Sarah Land Suite 076,Adamview,MO,24084,91473.13,Self-Employed,737,"January 08, 2021",BR048,1,pending,Trinidad and Tobago,Referral
CUST001030,Alexander,  Medina,44-08-22,M,ronald27@example.org,000-000-0000,93609 Brittany Vista,Port Angelamouth,AR,06922,34202.26,Clerk,437,"October 30, 2011",BR030,False,verified,Tunisia,online
CUST001031,James,Taylor,18-04-1944,M,hestrada@example.org,887-477-7014,95696 Hamilton Overpass,Harrismouth,PA,47951,60991.82,Engineer,592,20-09-23,BR016,0,verified,Iceland,branch
CUST001032,Heather,Hart,01/08/1945,F,N/A,+1-651-435-6397,07516 Burgess Valleys Suite 735,New Davidville,NM,95782,11599.56,Doctor,829,06/29/2019,BR021,1,N/A,Luxembourg,
CUST001033,Jose,Cole,12/02/1952,m,victor93@example.com,199.538.4383,2019 Bryan Light,Ronaldshire,DE,19991,83972.81,Officer,387,06/21/2021,,,Not Verified,,Online
CUST001034,Patrick,Henry,27-09-1948,F,carrollsuzanne@example.net,(935) 530-3138,6828 Brooks Freeway,Meganburgh,NE,90881,92651.86,,571 pts,11/02/2015,BR031,1,,Chile,Referral
CUST001035,BRIAN,George,07/19/1995,F,N/A,511.428.2699,93177 Rogers Branch,New Debra,TX,95032,53088.47,Analyst,433,"May 28, 2017",BR014,No,Verified,Sudan,
CUST001036,Megan,Brooks,79-04-05,MALE,stewarttammyATexample.net,157-779-1743,115 Bell Walks,South Eric,RI,36109,125089.54,Doctor,474,31/12/2012,BR048,Yes,VERIFIED,Malaysia,Marketing
CUST001037,Austin,Cobb  ,15-09-1974,F,xvargas@example.com,000-000-0000,0694 Kim Prairie Suite 410,North Kevinfort,WI,98631,27098.2,Consultant,373,24/03/2008,BR014,True,VERIFIED,Nauru,
CUST001038,Thomas,Dean,1975-06-04,M,N/A,+1-318-518-8969,935 Maddox Islands,New Kristopher,NY,00000,18746.88,Doctor,822,26/09/2020,BR020,,Not Verified,Tuvalu,online
CUST001039,Cynthia,Garcia,13/07/1957,F,jennifer03@example.com,+1-756-601-6426,02135 Mcguire Road Apt. 239,Adamland,WV,58804,77855.81,Accountant,693,"April 23, 2004",,TRUE,VERIFIED,Egypt,Branch
CUST001040,Elizabeth,Perez,,MALE,dreyes@example.net,000-000-0000,52141 Aaron Extension Apt. 417,Reginaldfurt,NY,05954,106648.44,Clerk,387,21-03-19,BR010,FALSE,N/A,United Kingdom,Referral
CUST001041,Catherine,Graham,12/22/2001,F,ricestephanie@example.com,+13137336650,581 Lucas Courts Suite 782,Lake Markport,OR,23868,128937.47,Officer,460,01-06-2018,BR044,0,N/A,,Referral
CUST001042,GEORGE,Olsen,86-08-23,m,daycurtis@example.com,N/A,85699 Beverly Haven,South Marc,AL,16322,"53939,05",Nurse,0,"October 27, 2021",BR038,FALSE,pending,Switzerland,N/A
CUST001043,Francis,Page,04/15/1978,F,colepamela@example.org,8988446988,481 Steven Union Apt. 367,Stacyville,PW,55071,107753.83,Accountant,376,99/99/9999,BR019,FALSE,pending,Georgia,online
CUST001044,Sue,Benson,99/99/9999,F,ferrelltammy@example.org,718-401-1308,56823 White Glen,Lake Davidview,MO,23327,68652.2,Chef,-1,"February 24, 2005",BR015,True,,Western Sahara,
CUST001045,Phillip,Bass,01-08-1979,F,yvettemoore@example.org,000-000-0000,667 Williams Plains Suite 721,South Debraburgh,WY,38788,63958.04,Analyst,542,03-09-2019,BR029,0,,Tajikistan,Branch
CUST001046,Hailey,Smith,12/09/1995,M,hollykhan@example.com,+16094724725,4168 Brittney Oval Suite 398,Hollybury,OH ,00000,,Designer,748,28-04-2010,BR005,FALSE,verified,Palestinian Territory,Referral
CUST001047,Dale,Arnold,01/21/1966,F,rebeccawong@example.net,N/A,995 Chad Common,Maldonadoshire,HI,88904,92831.3,Engineer,460,2022-08-06,BR036,False,N/A,Belgium,N/A
CUST001048,Debra,Flores,98-06-17,M,jasmine05@example.org,000-000-0000,6866 Kayla Freeway Apt. 595,New Kimberlyview,OH,37132,14826.27,Engineer,599,06/11/2012,BR011,Yes,Not Verified,,branch
CUST001049,Jodi,Ramirez,"December 02, 1994",male,frankwood@example.com,(713) 330-5915,96745 Emily Wall,Perezstad,VA,79852,121678.91,Analyst,392,25-08-2020,,0,N/A,Algeria,N/A
CUST001050,Sherri,Rogers,40-03-13,F,,,81281 Brown Turnpike,West Shirley,ME,88941,118303.2,Designer,760,01-04-05,BR015,False,Pending,Kenya,
CUST001051,Judy,York,99/99/9999,F,natalie11@example.org,559-363-7311,862 Brian Meadows,Kimberlyshire,FM,34503,48105.31,Self-Employed,465,2008-12-03,BR031,False,N/A,Peru,online
CUST001052,Maria,Johnson,11/08/1990,F,hicksandrew@example.net,,28461 Walters Mountains Suite 321,Ashleyshire,NJ,00000,,Contractor,366,01-02-26,BR014,0,pending,Tokelau,online
CUST001053,Robin,Smith,99/99/9999,male,N/A,,0104 James Freeway Suite 557,Deanfort,WV,19734,"$87,291.06",Consultant,388,2015-05-26,BR019,Yes,verified,Poland,online
CUST001054,Erin,Shelton,99/99/9999,M,rodney72@example.net,+19769189898,7751 Vincent Mountain Apt. 239,,ND,11514,79123.58,Consultant,818,10/29/2001,BR026,1,pending,Martinique,Referral
CUST001055,Tasha,Walker,23-04-1967,female,zday@example.org,+16487730451,868 Deanna Turnpike Suite 341,South Suzanneshire,TN,53288,50739.32,,-1,30-06-2009,BR047,,,Slovakia (Slovak Republic),Referral
CUST001056,Larry,Byrd,"May 13, 1968",MALE,conniepope@example.com,000-000-0000,9339 Shane Spring Suite 406,New Lee,MT,60281,46493.18,Officer,398,"May 13, 2016",BR010,0,pending,Algeria,Referral
CUST001057,Donald  ,Brown,71-04-29,M,estuart@example.com,7785420555,4078 Bryant Square Apt. 210,South Kimberlytown,KY,03340,69105.61,Designer,734,2001-08-26,BR050,1,pending,Seychelles,ONLINE
CUST001058,KATELYN,Collins,14/11/1969,M,benitezkimberly@example.com,N/A,644 Susan Crossroad,Kevinfort,AR,91688,111045.52,Retired,818,21-10-04,BR029,FALSE,,Eritrea,Referral
CUST001059,Anna,Perry,"January 12, 1968",male,,+19775033257,6689 Sandoval Glens,Port Jasonton,KS,30330,89026.01,Lawyer,561,2005-07-06,BR023,1,Pending,Malaysia,online
CUST001060,Toni,Lang,06/09/1952,F,vweber@example.net,001-292-6469,30186 Sanchez Gateway,Port Josephstad,UT,50171,57028.5,Sales Rep,762,"February 06, 2011",BR028,False,verified,Suriname,
CUST001061,Nathan,Hicks,13-02-1970,M,martinmichael@example.org,6002343743,62512 David View Suite 411,New Marytown,SC,18524,97009.45,Chef,304,26/10/2014,BR049,TRUE,Verified,Antarctica (the territory South of 60 deg S),ONLINE
CUST001062,Nicholas,Burns,51-01-27,M,jillianbanks@example.org,805.922.1442,538 Santiago Island,Wilsonchester,CT,90340,0,,359,07/05/2005,BR040,0,VERIFIED,Germany,online
CUST001063,Elizabeth,Howell  ,64-10-05,M,,N/A,950 Joseph Ridge,,OR,86603,110206.8,Accountant,806,29/11/2005,BR045,TRUE,,Georgia,Branch
CUST001064,Tammy,  White,61-12-14,F,dennisreed@example.com,001-235-7803,5078 Brenda Roads,Stokesstad,KS,39126,9110.02,Consultant,846,14/08/2009,BR008,1,Verified,United States Minor Outlying Islands,Marketing
CUST001065,David,White,04/05/1982,M,evasquez@example.com,+18492649304,,Carrollhaven,DC,51641,"57314,57",Developer,634,20-02-19,BR015,TRUE,pending,French Southern Territories,Branch
CUST001066,Amy,martinez,15-08-1969,M,xdiaz@example.org,279.638.5460,2545 Carrie Cape,Port Ryanshire,MP,81044,30811.55,Officer,358,01/05/2021,BR049,True,VERIFIED,Timor-Leste,
CUST001067,Valerie,Walker,10-12-1986,M,taylor79@example.org,+1-225-517-4316,,Johnhaven,NC,34403,,Manager,397,28/06/2003,BR019,FALSE,VERIFIED,Yemen,online
CUST001068,JOSEPH,Moore,05/28/2000,F,eric36@example.org,+1-394-496-4549,317 Becker Wall Apt. 718,East Melissa,TX,37182,110628.94,Lawyer,532,10-05-14,BR013,No,Verified,United Arab Emirates,Branch
CUST001069,Andrew,Lewis  ,2001-12-31,F,phillipwade@example.org,+1-361-376-4040,,New Nicholas,NY,00000,53630.46,Driver,531,05/12/2016,BR017,No,VERIFIED,Belgium,Online
CUST001070,Susan,Hanna,"June 18, 1953",M,adam22@example.net,+10019928074,4239 Lucas Greens Apt. 373,Lake Scott,IL,80181,82127.64,Designer,807,"February 14, 2022",BR021,,pending,Italy,N/A
CUST001071,Kayla,Lane,1996-01-08,male,summersmelvin@example.org,5266077214,653 Jones Knolls Suite 310,Hunterside,OK,73826,68357.78,Retired,570,"February 23, 2004",BR020,0,Verified,Congo,branch
CUST001072,Cameron,Chavez,1940-06-10,M,ortegaashley@example.com,479.933.7731,1485 Patricia Trafficway,,GA,90201,86696.43,Retired,625,01-02-2021,,No,Not Verified,Portugal,online
CUST001073,Shawn,Gaines,31-01-1966,MALE,catherine08@example.org,380.609.0722,39596 David Fords Apt. 599,Shahville,NH,47788,72688.77,Chef,840,"July 17, 2006",BR019,TRUE,Not Verified,Kiribati,ONLINE
CUST001074,Kristine,Johnson,11-11-1985,F,jamesfuentes@example.net,N/A,8867 Black Tunnel,Nguyenside,MA,01141,25095.27,Analyst,740,2001-07-06,BR014,False,Not Verified,Namibia,Walk-in
CUST001075,Matthew,Mullins,,F,matthew49@example.com,436-869-4627,81420 Mcguire Fork Suite 504,Thomasfort,FM,51103,104869.34,Engineer,630,06/25/2012,BR045,FALSE,N/A,Eritrea,
CUST001076,Eileen,Hickman,21-01-1982,M,N/A,,06672 Roberts Course,Webershire,NV,00000,52718.52,Contractor,318,,BR043,0,Verified,Mauritania,branch
CUST001077,Cheryl,Stewart,03/08/1991,M,ekennedy@example.org,+19932164598,0407 Paul Cliff Suite 569,South Rachel,MH,77766,15519.63,Chef,326,2022-11-25,BR013,No,Not Verified,Burundi,Branch
CUST001078,Katherine,Bass,04/19/1981,F,elizabethfry@example.org,+12352712567,8959 Michael Divide Suite 256,Smithshire,ND,95394,55015.97,Nurse,494,07/11/2012,BR021,False,VERIFIED,Timor-Leste,Walk-in
CUST001079,aaron,Brennan,"February 20, 1956",male,nshepherd@example.com,,977 Jill Unions Apt. 600,Nelsonfurt,CT,36938,122526.59,Sales Rep,302,"May 02, 2016",BR046,FALSE,,Solomon Islands,Referral
CUST001080,john,Wiggins,1983-10-31,Male,haneykristenATexample.net,+1-001-317-8443,762 Rebecca Neck,Marshtown,WA,43103,99757.76,Accountant,585,2023-07-25,BR009,TRUE,Pending,Equatorial Guinea,Referral
CUST001081,Teresa,Whitaker,29/12/1942,F,hpatterson@example.org,(387) 941-4278,3492 Cynthia Dale,,IL,94054,57797.18,Nurse,490,NULL,BR039,FALSE,pending,Cyprus,Branch
CUST001082,Barbara,Richards,01/13/1996,M,davidhart@example.org,6717320448,7154 Jessica Mountain Suite 604,Robertshire,MP,30735,57775.98,Accountant,615,2001-05-25,BR015,0,N/A,Morocco,N/A
CUST001083,Christopher,Garcia,17/07/1986,M,mitchell67@example.net,765.476.6647,529 Collins Islands,North Travis,AR,38186,58742.77,Self-Employed,775,23-02-2003,BR016,FALSE,Verified,Montserrat,Online
CUST001084,Cindy,Stone,1974-03-18,F,brittneymason@example.org,(854) 442-2061,386 Johnson Light Suite 246,Harriston,IA,21764,142686.18,Teacher,379,99/99/9999,BR032,FALSE,Verified,South Georgia and the South Sandwich Islands,N/A
CUST001085,Michelle,Scott,1992-02-05,M,leeamy@example.org,,8855 Flores Dale Suite 529,Garcialand,KY,25779,83367.74,Designer,324,"January 15, 2015",BR008,TRUE,Verified,Isle of Man,Referral
CUST001086,Charlotte,Mayer,,1,shawn83@example.com,+1-779-783-8713,,Moseschester,FM,32933,85051.46,Analyst,757,07/25/2003,,0,verified,,online
CUST001087,Diane,Harris,08/14/1947,0,jennifer86@example.net,,6947 Padilla Extension,South Laurie,TX,70844,"$106,059.92",Analyst,334,"August 29, 2015",,No,verified,Finland,Walk-in
CUST001088,DERRICK,Fox,99/99/9999,FEMALE,mary79@example.com,+1-967-399-0102,952 Jacob Shore,Mooreberg,DE,48385,78357.62,Contractor,588,2017-10-11,BR034,Yes,pending,Northern Mariana Islands,Branch
CUST001089,Charles,Williams,1948-01-01,M,RACHEL62@EXAMPLE.COM,+1-001-546-7220,243 Patrick Islands,Lake Amanda,KY,02400,60933.52,Analyst,696,2008-06-18,BR015,TRUE,VERIFIED,Dominica,branch
CUST001090,Brian,Simpson,24-01-1976,F,sheryl98@example.com,+1-742-202-4843,5093 Shelly Passage Apt. 999,Johnsonview,KY,01013,63127.76,Doctor,547,30/11/2019,BR032,TRUE,pending,Gabon,online
CUST001091,Sarah,  Harris,1991-07-23,M,solomonalexander@example.com,+1-582-935-3277,5476 Samuel Mills Suite 735,Kyleville,LA,61862,67493.96,Self-Employed,788 pts,"December 10, 2010",BR017,False,VERIFIED,Wallis and Futuna,Online
CUST001092,CONNOR,Stout,68-11-08,M,vpatterson@example.net,N/A,0134 Dana Port,South Ericside,RI,84915,,Clerk,673,05/05/2007,BR014,No,pending,Turks and Caicos Islands,
CUST001093,Mark,White,08-07-1984,M,lisa73@example.org,001.491.9299,395 Murray Corners Suite 211,Shepardburgh,HI,04904,95467.03,Nurse,761,29/12/2020,,No,N/A,Syrian Arab Republic,Walk-in
CUST001094,Sara,Myers,21-12-1962,FEMALE,carly00@example.net,843.364.3644,20072 Samantha Mills Suite 835,South William,PR,82709,71818.11,Consultant,578,99/99/9999,BR022,Yes,N/A,Madagascar,Online
CUST001095,Rachel,Mora,"July 12, 2001",F,elizabeth10@example.net,000-000-0000,25867 Dyer Haven Suite 586,South Gabrielport,NH,86251,95642.4,Chef,0,01/02/2019,BR028,1,verified,Antarctica (the territory South of 60 deg S),
CUST001096,John  ,Hill,"August 11, 1965",M,olittle@example.org,000-000-0000,7351 Rodriguez Stream Suite 696,Janeshire,MN,76511,67174.92,Engineer,477,15-05-23,BR028,False,Verified,Ireland,N/A
CUST001097,Mark,JENKINS,24/09/1952,M,floyddanielle@example.org,,25145 Castillo Radial,Maryborough,NH,84540,72752.23,Chef,420,"April 17, 2005",BR003,FALSE,Not Verified,Bulgaria,N/A
CUST001098,Jerry,Sanders,12/19/1953,Female,nelsonjustin@example.com,430-329-7081,352 Stafford Skyway,New Eric,PA,84119,62.98,Contractor,665,11/15/2012,BR031,FALSE,verified,Heard Island and McDonald Islands,online
CUST001099,Antonio,Moran,14-01-08,M,ashley28@example.com,+1-976-595-3908,,Karenfurt,NH,90552,102071.47,Self-Employed,704,11/09/2020,BR043,,verified,Nigeria,Branch
CUST001100,Andrew,Tapia,1955-05-20,F,twagner@example.com,+18664694836,085 Riley Isle Suite 297,South Omar,WV,19682,82127.1,Teacher,570,,BR037,No,Pending,Cote d'Ivoire,Walk-in
CUST001101,Lindsay,Strickland,"May 15, 1962",male,seth27@example.org,(164) 668-9270,6105 Sharon Hills Suite 180,Bergfurt,GA,66319,,Designer,753,2010-02-07,BR047,No,pending,Suriname,Marketing
CUST001102,Ana,Todd,,F,nbender@example.org,,44088 Heather Freeway,New Johntown,DE,52279,0,Developer,378,02-02-2007,,Yes,,Mozambique,N/A
CUST001103,Joyce,Adams,1974-03-16,F,zrichards@example.org,+1-133-787-9398,85200 John Courts,Edwinland,ID,32268,143093.11,Teacher,548,21/02/2003,BR010,False,,Suriname,Marketing
CUST001104,Margaret,Walsh,18-01-2003,f,erikacarter@example.org,+1-001-382-8127,01295 Priscilla Gardens Apt. 775,Strongtown,AL,92140,65114.36,Self-Employed,803,02/20/2015,BR032,No,Not Verified,Albania,N/A
CUST001105,Hannah,DOUGLAS,17-09-1948,F,,+19243483438,54746 Daniel Road Apt. 870,South Donald,HI,04849,108786.4,Lawyer,448,2018-02-20,BR003,No,N/A,Tanzania,Marketing
CUST001106,Jonathan,Williams,1979-04-26,female,N/A,000-000-0000,59324 Amy Dam,Jacobmouth,MS,00000,33603.29,Analyst,783,"November 30, 2006",BR048,No,Verified,Central African Republic,Branch
CUST001107,Michael  ,Rios,1981-03-06,M,hensonchristopher@example.org,467-895-4283,,Frazierville,WA,99782,91447.09,Student,738,11/23/2021,BR015,1,Not Verified,Belize,Online
CUST001108,richard,Wagner,"December 22, 1996",M,prattvanessa@example.com,001-686-4290,3022 Christina Hills Apt. 753,West Soniatown,MN,26372,,Analyst,700,05/12/2023,BR022,True,Pending,Belarus,Marketing
CUST001109,Charlene,Campbell,1977-03-23,M,brownmatthew@example.com,+15509848528,7970 Angie Stream Apt. 076,Donnaton,MA,67339,48168.09,Designer,687,"June 13, 2003",BR023,,,Djibouti,Marketing
CUST001110,Marc,Robbins,1974-08-10,M,millerraven@example.com,2793732829,05112 Margaret Glens,South Paulafurt,ND,04568,136991.1,Contractor,848,2008-12-22,BR041,Yes,,Barbados,N/A
CUST001111,Nina,Carlson,1966-04-10,F,anthony40@example.com,911-874-7117,12407 Kyle Hills Apt. 388,New Bryanville,CT,99206,,Student,550,"February 04, 2021",BR004,0,VERIFIED,,branch
CUST001112,Stacy,Hill,04/28/1941,M,holly76@example.com,261-495-2496,6451 Berg Mountain,East Nicoleborough,OH,01051,77610.15,Contractor,324,2017-03-03,BR023,0,VERIFIED,El Salvador,online
CUST001113,Jane,Bell,19-03-2002,M,kevinwagnerATexample.org,,8727 Christine Wells,East Courtney,MA,92328,,Manager,423,20/10/2023,BR019,No,Pending,,Online
CUST001114,Thomas,Cohen,03/11/1984,Female,martinrachel@example.org,+11639686639,739 Luis Trace,Flynnstad,DC,93576,87348.87,Driver,349,2016-11-03,BR010,1,Not Verified,Dominican Republic,Marketing
CUST001115,Carrie,Tran,"September 14, 1994",F,zstanley@example.org,N/A,6334 Darryl Spurs,North Nicholas,UT,26223,75264.66,Analyst,420,99/99/9999,BR021,No,verified,Equatorial Guinea,Marketing
CUST001116,Nicole,Mercer,04/08/1998,M,  teresaperry@example.com  ,288-662-3357,5514 Joseph Highway Apt. 111,Morganshire,KS,38908,82773.64,,457 pts,99/99/9999,,1,VERIFIED,Montenegro,N/A
CUST001117,MARTIN,May,"January 27, 1979",F,kathymiller@example.net,N/A,64792 Guerrero Heights,New Caitlyn,NY,58455,154119.55,Lawyer,344,99/99/9999,BR038,,Pending,China,branch
CUST001118,Jon,Chandler,,F,jason99@example.net,N/A,9230 Rosario Via Apt. 453,North Jenniferland,DC,33399,67983.34,Engineer,708,08/13/2022,BR004,1,Pending,Iraq,N/A
CUST001119,Tina,  Strong,04/14/2000,F,JULIANICHOLS@EXAMPLE.NET,,637 Lawson Valleys Apt. 187,South Matthewchester,CA,35400,"77038,47",Driver,843,15-06-2020,BR035,FALSE,VERIFIED,Kazakhstan,online
CUST001120,Christopher,Perkins,1988-05-16,F,rodriguezfred@example.org,931-460-0402,321 Brian Lock Apt. 498,Donaldton,PR,61068,106772.9,Engineer,308,29-06-2009,BR016,False,Not Verified,Niger,N/A
CUST001121,Randall,James,1987-04-29,0,qwagner@example.org,(801) 241-4424,72386 Jennifer Knoll Suite 285,Stephenmouth,TN,62175,108693.41,Analyst,808,18/02/2007,BR031,True,,Qatar,N/A
CUST001122,Samuel,Woodard  ,,MALE,mpark@example.net,N/A,6074 Billy Radial Apt. 948,West Adamview,GU,30632,111546.06,Developer,732,2018-01-10,BR011,TRUE,,Montenegro,Walk-in
CUST001123,Brian,young,12/02/1943,F,iharmon@example.net,000-000-0000,5121 Christopher Highway,South Frederick,DC,50267,92355.56,Consultant,491,29-06-2018,BR032,1,Verified,Georgia,Walk-in
CUST001124,Mary,Mitchell,04/01/1958,F,foxnancy@example.org,559-740-8593,3779 Johnson Mission,Morsestad,WI,42803,29994.83,Teacher,306,08/02/2002,BR021,1,N/A,Kuwait,Marketing
CUST001125,Paula,Tucker,"June 23, 1943",M,ann52@example.com,+12223584679,2279 Christine Port Suite 523,,WY,82312,127170.1,Manager,9999,"January 30, 2007",BR007,Yes,pending,,N/A
CUST001126,RAY,Scott,22/11/2000,F,thomaslori@example.net,N/A,575 Mary Plains Suite 139,Brooksbury,MA,21606,29877.91,Lawyer,664,"September 24, 2002",BR017,No,Not Verified,Nicaragua,Online
CUST001127,Justin,Jones,"January 30, 1954",F,jenniferadkins@example.org,000-000-0000,72826 Barajas Village Apt. 380,Curtisland,NJ,11645,80592.24,Accountant,401,30/11/2017,BR009,False,pending,Spain,Walk-in
CUST001128,Nicole,Cruz,97-09-19,F,jamesclayton@example.net,,20931 Thomas Plaza Apt. 210,South Todd,VA,54659,43600.35,Analyst,822,2009-06-20,BR041,No,Verified,,
CUST001129,  Victor,  Ellis,1979-09-06,Female,agibson@example.com,000-000-0000,1102 Weber Ports,Nathanbury,GU,06964,6775516.0,Student,670,20-09-2023,BR023,No,Pending,Mauritania,Marketing
CUST001130,Christine,Potter,24/09/1965,1,hayleylopez@example.org,+1-251-448-5507,0626 Paul Haven Apt. 514,Lisafort,NE,21103,81506.68,Nurse,403,15/03/2003,BR021,1,verified,Botswana,N/A
CUST001131,Sarah,Conway,1985-04-29,M,jhaley@example.org,001-742-9797,2023 Hunter Ford,Murrayville,GA,49553,81247.5,Lawyer,303,2022-04-01,BR040,FALSE,pending,Mayotte,N/A
CUST001132,Henry,  Baker,84-09-29,F,vargaspamela@example.net,0013496516,4464 Thomas Views Apt. 041,Geoffreyberg,FM,97155,84767.23,Lawyer,450,19-10-2000,BR037,0,Pending,Malta,Walk-in
CUST001133,Nicholas,medina,"January 16, 1980",F,jonathan01@example.net,(001) 977-2950,7250 Rebecca Square,North Laurenport,TN,10556,126479.89,Driver,320,30-11-2000,BR050,0,pending,,Online
CUST001134,Steven,Mccullough,1971-06-29,M,,001.460.3316,5752 Reed Rue Apt. 832,Burnshaven,MA,12338,85873.7,Student,694,"May 26, 2008",BR006,No,N/A,Guinea,Walk-in
CUST001135,Erin,Henderson,08/07/1958,0,gmeyer@example.org,(657) 215-5661,3646 Matthew Land,Davidchester,DE,09905,61454.52,Manager,444 pts,"February 13, 2022",BR015,True,N/A,,branch
CUST001136,Jeffery,MATTHEWS,04/10/1945,f,ljoyce@example.org,+13514825696,748 Riley Plaza Suite 879,Stevensonland,OK,56187,103743.05,Retired,394,2014-12-07,BR001,TRUE,,Venezuela,online
CUST001137,Jeffrey,Bailey,10-09-1980,F,qsims@example.net,+16694225916,12746 Daniel Loaf,North Karen,CO,75299,,,455,"October 28, 2010",BR012,No,verified,Sweden,Online
CUST001138,Wayne,Coleman,1977-07-07,M,pferrell@example.org,8559360622,577 Myers Street,Gabrielhaven,ME,09005,27033.73,Chef,790,"January 01, 2005",BR015,True,pending,,
CUST001139,Aaron,Evans,"April 04, 1945",F,MASSEYJENNIFER@EXAMPLE.ORG,0015277303,356 Darren Passage,,UT,99171,,Officer,452,06-09-16,BR032,,verified,Canada,branch
CUST001140,Alexander,Sanchez,"July 11, 1990",M,mcdanielruben@example.net,0013954862,7903 Coleman Lock,South Debra,RI,00000,"$94,541.05",Doctor,640,99/99/9999,BR013,FALSE,,Gabon,Referral
CUST001141,Timothy  ,Hunter,NULL,m,ericlynn@example.com,0012844503,37535 Elizabeth Coves Apt. 245,Port Hannah,UT,43757,59585.28,Teacher,471,19/09/2009,BR035,No,VERIFIED,Israel,
CUST001142,Shannon,Garcia,17-08-1945,F,brandon30@example.com,6873807126,98388 Regina Station Apt. 514,Alexanderchester,KY,75781,118149.74,Lawyer,395,03-04-05,BR002,,,Benin,Online
CUST001143,John,Swanson,17/06/1997,F,cvincent@example.com,(428) 622-6195,434 Ellis Village Suite 613,Coopermouth,AK,97074,64748.05,Designer,652,21/11/2006,BR046,0,pending,Zimbabwe,Online
CUST001144,NICOLE,Johnson,43-01-02,M,terrybrooke@example.net,+16783323959,706 Rodriguez Trail,Emilychester,AZ,92968,74395.18,Manager,338,99/99/9999,BR026,FALSE,VERIFIED,Marshall Islands,
CUST001145,Trevor,Williams,05/01/1952,m,qtaylor@example.org,+1-833-888-1120,3720 Deborah Fork Suite 483,Wardfort,AL,60794,"63942,49",Designer,402,16-08-2016,BR016,TRUE,VERIFIED,Northern Mariana Islands,Online
CUST001146,Craig  ,fuller,03/27/1985,Male,baileydonna@example.com,+15433967705,9095 Huerta Plaza Suite 305,Fergusonton,PR,21581,70545.27,Sales Rep,565 pts,11-08-2014,BR011,1,Verified,Greenland,N/A
CUST001147,Jason,Davis,14/04/1954,F,robertokhan@example.org,+18473800958,700 Chad Prairie Apt. 073,Jonathanmouth,PW,99889,"$31,630.37",Driver,439,2018-10-02,BR030,0,Verified,Russian Federation,online
CUST001148,Jesse,Parker,04-10-1957,M,zcampbell@example.net,+1-790-889-4131,83213 Michael Crossroad Suite 251,North Tammyshire,SD,05986,19598.22,Student,,14-12-05,BR005,TRUE,Pending,Congo,Marketing
CUST001149,Katelyn,Burke,"February 12, 1999",female,lanegabriel@example.net,+19128597999,6062 Kemp Villages Apt. 340,New Cheryl,NJ,72605,,Manager,562,22/01/2012,BR014,,Verified,Cuba,N/A
CUST001150,Amanda,Mitchell,21-10-2000,FEMALE,andrewgarcia@example.org,000-000-0000,4818 Wilson Fork,North Lisahaven,MT,07903,40356.35,Self-Employed,408,26-07-2002,BR022,True,Pending,Guam,Online
CUST001151,samuel,  Cole,2001-08-05,F,lsnyder@example.org,000-000-0000,8923 Jason Bridge,Kimhaven,NJ,15019,USD 35301.27,Officer,509,99/99/9999,BR027,,Verified,Nepal,online
CUST001152,Monica,Jackson,02/03/1990,F,lbates@example.com,,2574 Gregory View Apt. 526,Lake Danielhaven,MN,14162,0,Developer,546,"February 03, 2002",BR050,True,verified,Serbia,N/A
CUST001153,Sara,Fuentes,26/11/1950,M,JILL73@EXAMPLE.ORG,+11251757646,680 William Fords,Port Brandiview,NE,42917,,Manager,840,30/01/2005,BR009,False,N/A,Reunion,N/A
CUST001154,Bruce,Malone  ,30-03-1948,MALE,william60@example.org,N/A,7051 Boyer Well Suite 782,Leeside,AL,84365,USD 23691.86,Doctor,485,07/12/2014,BR042,Yes,Not Verified,Cook Islands,branch
CUST001155,Linda,Ali,1942-11-14,male,stevengray@example.net,N/A,8726 Ashley Ways Apt. 192,Lake Ashley,KY,12333,127470.53,Clerk,509 pts,2015-09-27,BR046,TRUE,,Sierra Leone,Branch
CUST001156,Laura,Mccarty,14-03-1943,F,donaldmolina@example.org,+1-001-362-4539,831 Cannon Center Apt. 563,East Rebeccaburgh,NY,20248,105343.6,Developer,395,14-01-2009,BR037,Yes,VERIFIED,Jersey,Marketing
CUST001157,  Thomas,Nguyen,,f,monica04@example.com,N/A,25086 Melissa Lodge,Paulborough,ME,57943,45914.74,Engineer,679,07-03-2016,BR048,1,Pending,,N/A
CUST001158,PAUL,Jennings,49-06-20,1,,(187) 258-9467,3308 Hughes Cove,Moorefurt,US,20456,148835.25,Engineer,700,26/02/2007,BR013,True,N/A,Malaysia,N/A
CUST001159,kayla,Young,"April 29, 1997",F,jacquelinesullivan@example.net,N/A,031 Jennifer Spurs,South Robertfurt,NE,23952,104361.79,Nurse,748,13-04-02,BR001,,Verified,,
CUST001160,Traci,Maddox,08/28/1941,F,michael54@example.org,2086579622,06600 Michelle Avenue Suite 690,South Josemouth,ID ,67493,58630.9,Consultant,454,2008-11-19,BR001,TRUE,Pending,Switzerland,online
CUST001161,Cynthia,Rodriguez,1968-12-23,M,ivance@example.com,(410) 366-7884,0242 Kim Ports Apt. 544,South Charlesland,00,02507,0,Retired,715,99/99/9999,BR049,,Pending,Poland,ONLINE
CUST001162,Steven,Jackson,"June 20, 1998",F,andrew30@example.com,N/A,9554 George Union Apt. 492,North Lori,HI,67039,150182.99,Developer,458,,BR011,,,Paraguay,Referral
CUST001163,Rachel,jones,27-09-1986,Female,brandonwillis@example.net,000-000-0000,0732 Brady Rapid,East Paigeport,IA,07602,21364.96,Self-Employed,343,2015-03-14,BR035,FALSE,Verified,Egypt,N/A
CUST001164,Loretta,Watts,1965-12-21,M,michaelharmon@example.org,949-862-3838,3999 Moore Street Suite 803,North Alexandra,SC,33879,,Student,613,15-08-17,BR008,1,VERIFIED,Swaziland,ONLINE
CUST001165,CODY,Hawkins,"March 28, 1982",M,mariagarza@example.org,,2109 Timothy Heights Suite 793,Lake Charlesville,NM,33455,105789.97,Manager,380,2001-10-22,BR017,No,VERIFIED,Timor-Leste,Online
CUST001166,Jennifer,  Johnson,80-03-21,0,michael88@example.net,886-257-3744,36604 Baker Drive Apt. 818,East Samuelborough,NY,84309,"$155,391.33",Accountant,546,19-10-20,BR014,No,verified,Cape Verde,Branch
CUST001167,Michael,Mathews  ,1956-11-26,F,adam39@example.org,N/A,16367 Steve Drive,Maryside,CA,33071,118449.55,Designer,727,11/09/2013,BR026,,N/A,Guadeloupe,ONLINE
CUST001168,John,Cruz,76-02-07,M,eric83@example.net,+1-803-295-3952,29873 Bush Burgs Apt. 149,Houstonport,NH,43629,"$89,736.82",Teacher,570,27/01/2003,BR019,True,Pending,Faroe Islands,Referral
CUST001169,Jessica  ,Harris,10/11/1978,m,cchase@example.com,(001) 999-9096,610 Kerri Glen,West Theodorefurt,ND,96091,"90816,4",Sales Rep,9999,"June 07, 2012",BR038,TRUE,pending,Mozambique,ONLINE
CUST001170,Colin,Williams,15/10/1989,M,CARTERDANIEL@EXAMPLE.NET,(956) 394-3072,916 Hunter Falls Apt. 634,North Antonioside,PR,43992,99869.54,Consultant,9999,10-12-17,BR001,TRUE,pending,Kazakhstan,Online
CUST001171,Wendy,  Stark,82-05-09,MALE,hcole@example.org,+17574281829,919 Johnson Pines Suite 158,Nancyborough,NH,93989,96562.5,Contractor,488,20-02-05,BR038,0,VERIFIED,Denmark,ONLINE
CUST001172,Bryan,Norton  ,1992-12-08,M,stephenbutlerATexample.org,N/A,00407 Jenkins Drive Apt. 106,Tanyaton,NV,80096,79841.7,Analyst,386 pts,2012-06-03,BR029,No,Pending,,N/A
CUST001173,Tom,Silva,30/01/1958,F,gregoryhoffman@example.net,(942) 573-4497,5475 Huff Squares Apt. 710,Jacobshire,WA,91708,73647.04,Designer,717,17/03/2002,BR036,1,VERIFIED,Cambodia,ONLINE
CUST001174,Michael,Klein,76-04-21,Male,flynnheather@example.com,,6004 James Courts,Flemingfort,NH,46654,67809.24,Self-Employed,598,13-12-30,BR025,Yes,verified,Cameroon,Walk-in
CUST001175,Timothy,Key,69-02-06,male,jrodriguez@example.com,000-000-0000,99043 Tony Stravenue Suite 762,Port Nicole,AZ,19353,,Consultant,598,11/02/2000,BR020,FALSE,pending,Saint Pierre and Miquelon,Referral
CUST001176,Michael,WRIGHT,99/99/9999,M,fostertracey@example.org,,6782 Evelyn Mews,,RI,03311,60176.37,Accountant,597,"February 23, 2008",BR024,0,N/A,India,N/A
CUST001177,Heather,Rodriguez,1973-11-30,M,antonio26@example.org,+1-240-897-3122,6654 Mark Street Apt. 421,Levineview,IN,44402,10746.51,Chef,368,2015-05-19,BR011,1,verified,Czech Republic,ONLINE
CUST001178,JACQUELINE,landry,93-11-25,F,dmcintyre@example.net,+1-180-598-1380,5552 Rodriguez Crest Apt. 705,Tinatown,MN,00000,66558.11,Self-Employed,617,10/07/2019,BR047,No,pending,Zimbabwe,N/A
CUST001179,ERIC,shah,1989-11-17,1,hartamanda@example.com,812.435.9989,56006 Matthew Key Apt. 517,Nealstad,CA,77182,35399.31,Doctor,502,"April 27, 2012",BR039,Yes,Verified,Cook Islands,online
CUST001180,Thomas,Meyer,12/25/1975,F,jeffery27@example.org,000-000-0000,4615 Sheena Unions,Carrillobury,FL,19000,31374.37,Chef,506,"October 08, 2005",BR030,No,,Brunei Darussalam,online
CUST001181,  Melanie,Gibbs,80-07-05,M,rwilliams@example.net,3016481297,943 Tate Hollow,Port Derekfurt,NY,14914,76296.3,Analyst,818,,BR034,True,VERIFIED,Libyan Arab Jamahiriya,Branch
CUST001182,  Karen,Guzman,24-08-1966,M,lunaadriana@example.org,5886990580,0810 Bennett Station,West Susan,NC,94959,118720.08,Accountant,356,20-06-21,BR017,True,Verified,Swaziland,N/A
CUST001183,Diane,Patrick,55-02-07,M,walterssuzanne@example.org,,7642 Edward Spur Suite 983,,MO,21301,102141.08,Designer,789,2013-08-28,BR031,False,Not Verified,Austria,Referral
CUST001184,Stephen,Stokes,06/14/1976,F,brenda59@example.org,000-000-0000,5716 Gomez Vista Apt. 304,,OK,82240,15032.48,Chef,583,27-10-2021,BR016,1,N/A,Guatemala,Referral
CUST001185,  Melissa,Turner,49-10-09,female,groberts@example.com,+12509862953,8764 Sabrina Loop,East Elizabethshire,MN,48085,35363.02,Self-Employed,340,09/20/2001,BR021,TRUE,verified,,Walk-in
CUST001186,Tracy,Flores,1951-01-07,F,vwilson@example.org,,859 Bridget Bridge Suite 965,Austinburgh,MN,87572,102926.99,Lawyer,-1,2011-07-04,BR046,TRUE,N/A,,ONLINE
CUST001187,Rose,Perry,30/09/2011,MALE,stephaniegraham@example.org,+15366831275,399 Sanford Roads,Conleyton,GA,18091,35612.94,Contractor,765,07-10-14,BR049,,Pending,Uganda,N/A
CUST001188,Willie,Miller,21-12-1993,M,rcrawford@example.org,N/A,439 Anthony Forge,East Jill,DE,69784,"$62,137.84",Self-Employed,818,2012-09-22,BR049,1,Verified,Jersey,Walk-in
CUST001189,Mary,Goodman,25-06-1995,male,ogates@example.org,+1-567-647-7201,782 Smith Corner,Harrisonfort,WY,81880,"$89,251.82",Consultant,657,2020-05-18,BR021,,verified,Sao Tome and Principe,Marketing
CUST001190,Michael,WALKER,NULL,F,douglas53@example.net,992.424.2577,4575 Frederick Coves Suite 211,Aliciachester,AZ,30290,36107.94,,-1,"May 20, 2009",BR022,0,N/A,Rwanda,ONLINE
CUST001191,Nicholas,Schmidt,03/31/1953,F,idawson@example.com,1584720475,7069 Felicia Fall Suite 320,,FL,42081,73688.14,Self-Employed,648 pts,21-08-19,BR013,Yes,Not Verified,Georgia,N/A
CUST001192,Richard,Phelps,09/10/1978,F,svargas@example.com,0017776818,211 Goodman Extensions Apt. 501,Stevenfort,NM,75336,23309.11,Self-Employed,636,05/25/2002,,0,Pending,,ONLINE
CUST001193,Roberto,MORALES,09-07-1992,M,williamcasey@example.com,+12492977917,,North Kristinaville,WA,33992,"$48,952.13",Nurse,300,"June 02, 2005",BR012,No,,Christmas Island,Walk-in
CUST001194,William,Russell,1951-03-30,F,zcarlson@example.org,+1-315-275-9514,45872 Moore Extensions,Hodgeport,FM,94964,81192.37,Engineer,695,04-08-2003,BR037,Yes,Verified,Puerto Rico,branch
CUST001195,Brianna,Long,"June 26, 1966",male,jane29@example.com,630.551.7197,3675 Frazier Parks,Lewisberg,MS,44384,14245.22,Chef,542,01/16/2022,BR008,,Not Verified,,branch
CUST001196,  Amanda,Olson,09/06/1954,M,clarkchad@example.com,N/A,990 Kirby Lock,Claychester,PA,65714,85416.62,Sales Rep,627,2012-07-15,BR049,FALSE,pending,Syrian Arab Republic,N/A
CUST001197,ELIZABETH,Wells,04/03/2004,f,stevenskaren@example.org,+17354668303,,Markmouth,ZZ,96960,69312.68,Officer,391,"January 14, 2019",BR010,FALSE,Verified,Tuvalu,online
CUST001198,Noah,Clark  ,85-06-24,M,N/A,0014078283,9936 Daniel Ports,Thompsonmouth,MA,52204,,Self-Employed,380,24-10-2004,BR015,Yes,,Qatar,branch
CUST001199,KENNETH,Walker,,M,aguilarbryceATexample.net,,8704 Christopher Streets,Kathyborough,VI,90655,77836.99,Doctor,,"September 18, 2017",BR020,No,verified,Saint Lucia,Marketing
CUST001200,Thomas,Welch  ,"May 24, 1971",F,cassandradiaz@example.org,,29969 Mark Squares Apt. 700,New John,WI,91650,117744.92,Sales Rep,330,23-06-2004,BR004,False,Not Verified,Sweden,Branch
CUST001201,Daniel,hooper,09/17/1995,F,mhicks@example.com,(960) 921-3688,291 Thompson Road,Bryanshire,MI,54722,74382.86,Developer,317,27-06-2019,BR047,True,,,Marketing
CUST001202,  Karen,kennedy,25-05-1942,M,N/A,000-000-0000,228 Charlene Fork,West Stephanie,ND,58019,54970.81,Chef,802,07-01-2013,BR041,FALSE,Pending,Malta,Marketing
CUST001203,Cheyenne,Garcia,07/06/2005,0,michaelwhitehead@example.net,000-000-0000,01850 Sarah Neck,Richardport,GU,46457,74280.41,Lawyer,776,NULL,BR040,False,verified,Sao Tome and Principe,branch
CUST001204,Anthony,Byrd  ,1978-02-27,F,santosluke@example.org,,93788 Bennett Village Suite 465,East Jesus,GU,58724,89015.43,Designer,,25/11/2015,BR003,False,,Kenya,N/A
CUST001205,Joshua,andrews,03/27/1981,f,jamesmendoza@example.org,+14625819150,3873 Benitez Causeway Suite 219,Alantown,KS,62529,71710.1,Manager,616,"November 02, 2004",BR017,No,Not Verified,Bulgaria,
CUST001206,Karen,Johnson,1998-10-31,M,plin@example.net,000-000-0000,4736 Diaz Ridges,Brewerhaven,MI,69179,71420.71,Lawyer,407,14-06-06,,No,pending,Korea,branch
CUST001207,linda,Hunter,10/20/2021,0,,N/A,525 King Neck,Ramirezmouth,SC,21185,45430.29,Lawyer,763,"October 22, 2005",BR012,True,Verified,Belgium,N/A
CUST001208,Donald,  Romero,NULL,F,ywallace@example.org,141.849.8755,005 Luis Keys,South Jerrymouth,OH,48253,46798.47,Manager,,"October 03, 2002",BR011,TRUE,VERIFIED,Finland,
CUST001209,Antonio,Daniel,81-12-06,F,N/A,562-571-2393,59759 Ashley Valleys Apt. 821,Hendrickshaven,NM,73919,20908.82,Contractor,543,13-09-28,BR041,,pending,Liechtenstein,Walk-in
CUST001210,  Kathryn,Nguyen,95-03-30,F,jgordon@example.org,+10018738763,97978 Spears Branch Apt. 445,South Janetfurt,GA,80428,131235.19,,799,"May 27, 2016",BR047,Yes,verified,Ukraine,branch
CUST001211,TERESA,  Mayo,21/10/1990,female,parksandre@example.com,000-000-0000,9415 Porter Cliff,Ramosborough,OR,72740,26464.79,Analyst,345,"October 26, 2007",BR035,Yes,pending,Tajikistan,Online
CUST001212,Kelli,Hardy  ,02/01/1945,M,zmartin@example.net,+15812987088,65972 Boyd Ways Suite 070,Christopherborough,PR,06457,45748.32,Analyst,313,01/24/2000,BR025,TRUE,verified,Ireland,Walk-in
CUST001213,Catherine,West,07/09/1995,F,  chanamanda@example.com  ,4833870278,924 Jeffrey Cove Suite 306,New Austin,NC,49257,44855.75,Chef,355,23-11-02,,No,Verified,,ONLINE
CUST001214,Alyssa,Johnson,05/31/1962,Female,frances83@example.com,001-981-9672,9573 Roberts Valleys Apt. 577,West Tiffany,LA,05625,101322.35,Self-Employed,760,"February 22, 2016",BR025,,N/A,,ONLINE
CUST001215,Harold,Barker,"June 30, 1974",F,N/A,+12874235784,04150 Moss Track Suite 931,Grayhaven,TN,16083,59676.76,Self-Employed,593,21/04/2005,BR014,FALSE,pending,,
CUST001216,Ronnie,Becker,15-01-1970,M,millercynthia@example.net,7616340475,892 Connie Brooks,Sawyershire,RI,89862,113670.97,Retired,305,"November 03, 2004",BR013,True,Verified,Argentina,N/A
CUST001217,Sara,Cruz,"December 16, 1995",M,cindy56@example.net,4806363836,8170 Joe Circles Suite 244,Moralesbury,TN,80123,46427.83,Doctor,792,09/08/2020,BR019,FALSE,Not Verified,Argentina,ONLINE
CUST001218,Kaylee,Blair,02-12-1996,F,  michael98@example.org  ,N/A,,New Bethanymouth,IL,10136,79764.8,Driver,752,2018-12-29,BR027,,Not Verified,Luxembourg,branch
CUST001219,Makayla,Farley,1986-07-05,Male,claytara@example.net,1313403846,0164 Green Lodge,Cowanstad,NV,30861,40762.85,Nurse,776,10-02-2012,BR033,True,VERIFIED,Bouvet Island (Bouvetoya),Online
CUST001220,ERIC,Bailey,NULL,M,crodriguez@example.com,001.687.9622,0809 Wilson Fort Apt. 157,South Benjaminview,HI,50656,,Chef,675,17-11-09,BR043,False,Verified,Wallis and Futuna,online
CUST001221,Sherry,Miller,1953-07-10,M,seth65@example.org,N/A,1913 Grant Glens Suite 620,Port Amy,ID,58728,28434.06,Sales Rep,457,23-07-2007,BR016,Yes,,Egypt,Branch
CUST001222,Brooke,Galvan,03/14/2018,m,larrythompson@example.com,+1-156-077-4146,2555 Miller Flat,Port Shirley,VA,20481,80843.72,Self-Employed,514,2019-09-06,BR023,0,pending,Switzerland,Marketing
CUST001223,Christopher,Ferguson,28-02-1958,male,roymichael@example.org,+1-295-742-5275,,Orrhaven,SC,08595,92182.19,Teacher,706,04/15/2022,BR019,TRUE,Verified,Malawi,Online
CUST001224,REBECCA,Holland,1945-06-30,F,heidigonzales@example.com,526.933.4029,326 Moore Gateway,East Natalie,DC,59329,84482.97,Nurse,461,11-06-2018,,TRUE,verified,Kiribati,Walk-in
CUST001225,Ruth,jordan,99/99/9999,Male,ryan95@example.net,519-346-8774,,South Tracy,SC,65369,63514.93,Clerk,538,"January 21, 2015",BR032,True,Pending,Cayman Islands,N/A
CUST001226,Vanessa,Calderon,"August 26, 1964",F,qortiz@example.net,130.583.6678,317 Carlson Junctions,West Blake,XX,00000,65456.28,Student,642,"December 23, 2018",BR050,FALSE,,Micronesia,Referral
CUST001227,Erin,Walker,24/02/1966,F,cristianflores@example.net,001.418.2016,388 Friedman Cliffs,West Joshuabury,OK,63943,71533.4,Doctor,633,2007-12-03,BR032,Yes,verified,Mayotte,Online
CUST001228,regina,ward,06-07-2004,M,jordanmiller@example.com,000-000-0000,46026 Lisa Inlet Suite 892,West Daniel,WY,72624,64854.93,Officer,770,12-06-26,BR047,FALSE,VERIFIED,Qatar,branch
CUST001229,Dwayne,Mullen,99/99/9999,F,gnixon@example.org,9062210840,98109 Day Ferry Suite 866,Brandonside,IL,55387,103735.77,Manager,0,"March 14, 2000",BR020,,verified,Micronesia,branch
CUST001230,Christopher,  Myers,31/07/1965,F,danielwilliams@example.org,000-000-0000,6260 Smith Fall,Travishaven,GU,43278,"147368,31",Lawyer,570,19-08-2004,BR027,TRUE,verified,Uganda,Referral
CUST001231,Denise,Hanson,1977-12-06,F,bryanjackson@example.org,1915422932,0149 Andrea Vista Suite 754,Lake Christopher,ND,53168,50487.79,,530,04/16/2006,BR004,FALSE,pending,Solomon Islands,Referral
CUST001232,  Larry,Greene,2003-10-23,F,dpayne@example.com,+1-179-274-6366,5838 Ward Bridge,Adkinston,RI,76661,22056.9,Retired,748,02/07/2017,,Yes,pending,Austria,Online
CUST001233,Jessica,Wilson,NULL,M,codykoch@example.org,+10016592804,14601 Vanessa Fords,Jacobchester,GA,23327,"$66,910.13",Doctor,363,15-09-2019,BR012,Yes,verified,Sudan,Marketing
CUST001234,Teresa,BROWN,17/06/1941,F,N/A,+1-266-433-1614,01717 Carolyn Prairie,,LA,41976,160289.83,Driver,571,2023-06-07,BR008,1,Pending,Lao People's Democratic Republic,branch
CUST001235,Samantha,Wright,1944-08-22,M,kathryn99@example.com,,3595 Thomas Meadows,West Ian,DE,31933,"$41,871.39",Consultant,560 pts,19/05/2022,,FALSE,pending,Pakistan,Referral
CUST001236,SIERRA,Hernandez,01/23/1953,M,,000-000-0000,4149 Michael Corner Suite 532,Lake Tyler,TX,82295,127369.09,Engineer,543,03/05/2003,BR050,Yes,Verified,Venezuela,
CUST001237,Christine,Huff,04/10/2001,M,frank15@example.net,+17893891683,42412 Miles Parkway,Virginiaport,MT,58120,128719.53,Manager,345,09/01/2006,BR046,True,,Cuba,Walk-in
CUST001238,CHARLES,Chambers,"March 23, 1989",male,scottleblanc@example.com,N/A,40117 Andrade Corners,Johnsonville,IL,85730,USD 50624.41,,355,30/07/2022,BR015,FALSE,Not Verified,Turkey,branch
CUST001239,benjamin,Garcia,09/15/1991,MALE,shannonpatel@example.org,+11281272035,154 Kimberly Stream,Lake Patriciamouth,OH,19972,89914.41,Clerk,389,,BR002,TRUE,pending,Timor-Leste,branch
CUST001240,Kelly,Martinez,30-05-1959,FEMALE,jamie24@example.net,,64211 Knapp Green,Brownhaven,AS,00000,126993.88,Manager,9999,2016-03-06,BR024,True,verified,Zambia,Branch
CUST001241,Shelly,Lamb  ,NULL,0,burtonmatthew@example.org,846-665-2174,31649 Smith Bypass Suite 411,South Tina,SD,14162,56730.53,Analyst,395,2020-03-07,BR050,False,,Venezuela,online
CUST001242,Jeffrey,Craig,"February 02, 1942",M,ynewton@example.org,+11810278907,830 Rodriguez Spring,Cynthiaview,N/A,37657,"$62,874.69",Clerk,0,"March 27, 2022",BR024,FALSE,N/A,Liechtenstein,online
CUST001243,Kirk,Jimenez,62-04-12,F,josephwalker@example.net,179-753-6970,750 Lucero Underpass,South Andrew,PW,98494,49641.17,Sales Rep,714,06-06-2000,BR034,,N/A,Brazil,ONLINE
CUST001244,April,Howell,10/04/1975,M,badams@example.net,N/A,2668 Randy Ford Apt. 416,North Candiceview,AZ,90940,34483.51,,338,,BR034,1,,Saint Helena,online
CUST001245,Jennifer,Roach,16-06-1992,M,fthompson@example.net,199.078.8068,223 Stephanie Ferry,Peterfort,DC,45880,47275.29,Retired,611,15/08/2013,BR029,FALSE,,Afghanistan,Online
CUST001246,Makayla,Erickson,08/31/1995,1,aprilcooper@example.com,4629714134,23573 Roy Falls Apt. 420,Jacobmouth,US,31756,27162.09,Doctor,463,2004-12-29,BR039,True,Verified,Ukraine,ONLINE
CUST001247,Timothy,Rodriguez,"April 29, 1978",F,  tjones@example.net  ,925.905.9253,4273 Richards Motorway,East Abigail,SC,13548,71192.92,Contractor,503,2011-05-20,BR017,1,,Jamaica,Referral
CUST001248,Susan,  Glover,12/04/1994,F,,411-613-3010,484 George Dam Apt. 232,New Timothybury,NC,99146,43050.94,Teacher,531,09/16/2010,BR010,1,N/A,Gibraltar,Branch
CUST001249,Olivia,Dalton,27-07-1985,male,,0017439913,9213 Roger Streets,East Nicholas,XX,68116,78182.51,Designer,628 pts,11/07/2008,BR025,Yes,VERIFIED,Albania,branch
CUST001250,christina,Pacheco,1958-09-30,M,seanwatson@example.net,+15172844988,4738 Cody Underpass,South Bruce,KS,75849,15543.65,Consultant,754,"August 30, 2023",BR004,True,Not Verified,Ethiopia,ONLINE
CUST001251,RANDALL,Torres,24/08/1942,M,lawrence07@example.com,000-000-0000,180 Annette Summit,New Victoria,AR,18363,81580.81,Student,566,2000-01-03,BR008,FALSE,pending,Saint Lucia,Online
CUST001252,Renee,Ramirez,06/16/1951,M,jvargas@example.org,+1-287-953-7156,6670 Lewis Fort,North Ashleyland,VT,56960,"$99,173.51",Clerk,552,20/02/2020,BR011,TRUE,Verified,Qatar,Walk-in
CUST001253,Christopher,Garcia,04/19/1979,M,matthew30@example.net,973-313-4037,37930 Davis Plain Apt. 004,Zacharyton,NJ,19359,219.25,Designer,831,20-03-20,BR042,1,VERIFIED,,
CUST001254,Lindsay,Myers,95-08-12,F,shane42@example.com,000-000-0000,7912 Lisa Estate,New Michaelside,GU,87196,83091.98,,561,2007-10-23,BR029,,pending,Netherlands,N/A
CUST001255,Andrew  ,Young,1947-08-19,f,alex81@example.net,166.864.4565,54051 Leblanc Shores,,MD,55528,112968.41,Consultant,706,"June 13, 2023",BR048,No,Pending,Liberia,branch
CUST001256,Lauren,Ramirez,03/02/1991,M,brandondaniel@example.net,,709 Megan Tunnel Suite 654,Adamton,AL,05770,27662.56,Lawyer,326,06/25/2008,BR018,TRUE,verified,Tuvalu,Branch
CUST001257,Kelly,johnson,15-11-1945,F,wscott@example.com,127-668-3487,6625 Henderson Corner,,ID,70014,128540.03,Developer,497,2017-12-14,BR024,FALSE,VERIFIED,Armenia,Referral
CUST001258,Heather,Morrison,27-09-2005,M,daviswilliam@example.org,+1-161-655-2508,0717 Jones Meadows,Timothyfort,PR,95099,84665.67,Driver,368,"December 03, 2011",BR013,True,pending,Panama,N/A
CUST001259,Paul,Lopez,01/08/2001,M,garretthannah@example.org,(001) 823-6197,,Joshuashire,MT,37575,45324.59,Engineer,601,2006-08-02,BR012,1,pending,Haiti,Marketing
CUST001260,Kathleen,Schneider,08/15/1997,F,  johnparker@example.net  ,(163) 268-1137,929 Goodman Islands Apt. 448,Andrewtown,OK,87080,68048.08,Teacher,676,"September 03, 2015",BR049,Yes,,Georgia,Marketing
CUST001261,Patrick,Rosales,43-06-03,0,penny39@example.org,(164) 898-7807,8053 Gates Keys,New Coryside,NH,16572,,Analyst,410,05-05-15,BR042,TRUE,Not Verified,Jamaica,branch
CUST001262,David,Medina,1993-05-26,male,N/A,N/A,76970 Fisher Walks,Floresville,AK,82860,72660.19,,376 pts,,BR022,FALSE,,,ONLINE
CUST001263,Nicholas,Delgado,03/12/1966,M,lauragross@example.net,N/A,,West Wendy,WA,02895,USD 88856.46,Driver,615,2000-10-12,BR018,,N/A,Qatar,Branch
CUST001264,Christopher,Richardson,15/04/2001,F,jonathan40@example.net,(169) 865-7525,5766 John Junction Suite 205,New Rachelborough,WI,01793,37776.42,Chef,668,17/12/2006,BR025,,Verified,Poland,Marketing
CUST001265,Shannon,Ruiz,94-05-17,F,oanderson@example.net,000-000-0000,0366 Kristin Ferry Suite 644,Lake Rebecca,PA,37918,"$75,927.63",Manager,677,05/15/2018,BR030,1,pending,Congo,Branch
CUST001266,Heather,Williams,10/12/1956,F,zmorrison@example.org,N/A,69507 Matthew Fall Suite 016,West Ronaldfort,US,08624,20519.99,Manager,406,05/17/2000,BR016,True,Pending,Lesotho,online
CUST001267,colleen,Thomas,78-09-12,M,N/A,633-549-0237,9249 Davis Alley,Lake Nicolasshire,SC,46698,66107.09,Sales Rep,338,22/03/2018,BR005,TRUE,Not Verified,United States of America,ONLINE
CUST001268,Cheryl,Wilson,02/01/2004,0,,N/A,9511 Anthony Field Apt. 905,Riggschester,SD,76478,38363.23,Manager,600,10-10-21,,False,verified,El Salvador,Online
CUST001269,Eric,Berry,,M,margaret83@example.net,7542288463,27721 Johnston Via,South Ericton,MP,43755,44256.45,Retired,351,19/09/2016,BR037,,Not Verified,Guinea,online
CUST001270,James,Coleman,03-03-1948,F,joshuawilkinson@example.net,+16833726877,672 Castillo Parks,Calhounland,AR,39110,113263.26,Doctor,476,22/03/2017,BR003,1,N/A,Andorra,N/A
CUST001271,Scott,Bush,12/23/1949,Male,candicecline@example.com,(624) 315-7318,1912 Wright Spurs,,IA,60321,108195.85,Engineer,441,21/12/2005,BR004,1,pending,Azerbaijan,branch
CUST001272,Vanessa,White,12/15/1994,F,samuel14@example.net,N/A,6731 Thomas Square Apt. 174,North Rebecca,NV,47616,91319.83,,589,22/05/2022,BR003,No,Not Verified,Israel,branch
CUST001273,Stephanie,Pham,09/26/1940,f,adamacevedoATexample.net,0016734733,18922 Smith Alley Suite 138,Cookshire,NE,53304,31769.05,Consultant,417 pts,09-01-2005,BR008,No,N/A,Austria,branch
CUST001274,George,Santos,"July 08, 1951",MALE,daughertyjoseph@example.com,160.477.1180,53119 Carr Via,Brownberg,NJ,53746,58925.7,Doctor,808,16/07/2015,BR041,No,Not Verified,Netherlands Antilles,branch
CUST001275,KIMBERLY,Lindsey  ,06/04/1987,Female,laura77@example.net,460.454.8562,4069 Alvarado Square Suite 175,Nicholehaven,US,65859,112458.42,Self-Employed,751,"November 17, 2009",BR034,1,N/A,Singapore,branch
CUST001276,Victor,Leon,"February 01, 1961",M,anna16@example.org,(880) 919-7557,0444 Rachel Harbors Apt. 942,Snydertown,NC,71124,74960.09,Officer,752,06/24/2002,,Yes,Not Verified,Bahamas,Branch
CUST001277,Holly,Charles,10-07-1963,M,murphydavid@example.com,1886326849,07681 Valdez Cape Suite 814,South Michael,NJ,20707,151176.53,Designer,615,25-12-2006,BR048,TRUE,Pending,,Referral
CUST001278,Emily,Perez,08/07/1944,F,vmyers@example.org,(190) 574-1715,800 Gaines Plaza,Haroldport,MN,48026,83766.12,Nurse,499,17-01-2008,BR037,True,Not Verified,Korea,online
CUST001279,Samuel,Moreno,14/07/1988,F,emccall@example.org,+15672219228,,North Michael,NV,23662,76721.72,Nurse,622,05-08-03,BR022,,,Samoa,Branch
CUST001280,MICHAEL,Washington,11/04/1964,MALE,jamesmckay@example.com,+19088912059,22562 Amanda Mall,Lake Alexisside,ND,05521,59180.92,Contractor,797 pts,17-07-30,BR014,,Verified,Canada,Branch
CUST001281,  Michael,colon,07/15/1958,MALE,connermelissa@example.net,7063370355,67616 Hernandez Ports Suite 586,South Melissa,ar,17901,74673.93,,473,03/10/2018,BR030,FALSE,VERIFIED,Slovakia (Slovak Republic),
CUST001282,Michael,Pollard  ,1982-01-22,M,mpalmer@example.org,(292) 825-4508,97873 Pruitt Viaduct Apt. 410,Lake Adamfurt,MD,71268,64663.56,Analyst,333,2007-06-28,BR014,0,,French Guiana,Referral
CUST001283,Zachary,Gay,"April 27, 1961",f,melissafischer@example.net,+1-200-946-0356,4937 Hanson Avenue,Justinton,SC,41773,94783.8,Doctor,803,10/26/2022,BR012,No,,San Marino,Referral
CUST001284,Angela,Sanchez,30-01-1953,M,terry27@example.net,N/A,4738 Amber Falls Suite 406,New Franklin,MD,00850,103484.58,Sales Rep,521 pts,15/07/2010,BR013,False,VERIFIED,Kenya,Branch
CUST001285,Frank,Edwards,,M,alexandersteele@example.net,+1-315-950-1352,505 Jared Way Apt. 841,West Kaitlynport,XX,17170,42490.37,,459 pts,07-08-2001,BR008,FALSE,pending,Angola,Referral
CUST001286,Tammy,Mayer,84-10-01,M,vasquezcrystal@example.org,N/A,3879 Bobby Drive Suite 239,South Tiffanystad,MT,26544,23406.85,Engineer,827,03-11-01,BR043,True,Not Verified,Isle of Man,Online
CUST001287,Lisa,GONZALES,"November 20, 1992",male,kevinhess@example.org,+1-373-594-9125,9436 Clark Meadow Suite 314,Heatherview,MN,55644,5732.81,Lawyer,656,10-09-06,BR013,TRUE,pending,Micronesia,Branch
CUST001288,Kathleen,Richardson,,F,victoria46@example.net,5185798976,30423 Lisa Square,North Doris,MS,01034,87779.7,Designer,715,21/09/2017,BR006,FALSE,Pending,Seychelles,branch
CUST001289,Dustin,Johnson,1953-11-28,M,tylergreen@example.org,N/A,7896 Harris Parkway Apt. 537,New Brian,OH,69426,31382.17,Driver,377,2017-01-02,BR009,FALSE,,Cameroon,Walk-in
CUST001290,James,Andrade,99/99/9999,0,elliottanthony@example.net,+10013828477,09863 Stevens Spur,New Deborah,CA,56025,0,Nurse,434,10/30/2004,BR006,Yes,VERIFIED,Mayotte,Marketing
CUST001291,stacey,Hughes,1949-04-29,F,graynicole@example.com,+17812279042,179 Eric Heights Apt. 997,,PA,58548,83600.25,Developer,750,"June 29, 2003",BR013,0,verified,Algeria,Branch
CUST001292,Jay,Williams,10-12-2002,FEMALE,schmidtjoseph@example.net,+12986544878,46586 Moon Roads,South Brian,CT,28884,157254.98,Accountant,654,02/09/2020,BR049,,Not Verified,Bangladesh,Referral
CUST001293,Elizabeth,Gordon,73-02-12,F,HENDERSONROBERTO@EXAMPLE.NET,540.959.9743,537 David Street,Johnsonland,MA,42448,69787.52,,542,"February 27, 2017",,0,VERIFIED,Libyan Arab Jamahiriya,Referral
CUST001294,Amber,Fields,"September 09, 1949",f,crystalgonzales@example.net,+19426175624,31782 Perez Valley Apt. 597,Grahamton,NC,40990,99347.18,Retired,694,2011-07-26,BR010,0,N/A,Sweden,Branch
CUST001295,Alexis  ,Lozano,23/08/1980,F,jennifer64@example.org,001.715.8774,255 Hernandez Isle Suite 672,New Catherine,NH,21736,72864.03,Lawyer,363,10/26/2015,BR042,0,Pending,Burkina Faso,N/A
CUST001296,  Toni,Fisher,09-09-1956,male,bradley01@example.com,+1-001-441-5382,25468 Lopez Loop Suite 103,Richardfort,KY,84573,66538.86,Lawyer,576,03/01/2010,BR007,No,pending,Micronesia,ONLINE
CUST001297,Brett,sloan,"April 11, 1973",M,tracyhowe@example.net,+1-492-862-7350,6096 Justin Tunnel Apt. 910,New Danielfurt,MI,87795,102167.68,Designer,757,03/02/2009,BR037,No,verified,Nauru,Branch
CUST001298,Monique,Parker,16-12-1971,F,selena30@example.org,+1-278-746-2742,258 Parks Views,,ID ,07906,59840.39,,741,"January 22, 2017",BR043,False,pending,Luxembourg,Online
CUST001299,Kim,Gonzalez,1992-04-13,M,jenkinsrandy@example.com,001.910.3708,402 Johnson Brooks,Nelsonberg,NH,55620,79358.73,Teacher,390,,BR023,Yes,Not Verified,United States of America,Branch
CUST001300,Kristina,Sanchez,05-04-1967,F,kathryn65@example.org,000-000-0000,887 Howard Route,Leblancshire,WA,25050,81259.42,Lawyer,515,07-01-2011,BR027,0,Not Verified,Bahamas,Online
CUST001301,Jorge,Jones,1958-08-02,F,nicole28@example.net,4309164303,444 Jeremy Stravenue Apt. 945,Foxfort,UT,84852,46616.83,Student,499,22/02/2009,BR049,False,Not Verified,Saint Martin,Referral
CUST001302,Justin,Zimmerman  ,1948-12-16,M,wendy77@example.org,000-000-0000,09978 Carter Extensions,New Ashley,CA,00000,104721.48,Chef,306,06-04-19,BR016,0,,Hong Kong,Branch
CUST001303,Cynthia,Anderson,46-03-27,M,wesleyhenderson@example.net,997-302-4891,434 Mcclain Keys Apt. 234,West Joshua,VT,61763,63876.41,Officer,,08-07-30,BR040,FALSE,N/A,Puerto Rico,Branch
CUST001304,Anthony,  Barton,03/15/1942,F,ncastaneda@example.org,001-239-9594,128 Charles Courts,East Phillipberg,CT,87009,43548.92,Accountant,,07/01/2005,BR020,1,verified,Malawi,Walk-in
CUST001305,CHRISTIAN,Scott,2016-01-30,M,gvillegas@example.net,+12777070507,626 Jacob Lodge,West Jennifer,VI,26998,,Analyst,842,,BR012,Yes,verified,Bulgaria,Online
CUST001306,Ronald,chavez,60-08-04,F,rosariotyler@example.net,+1-947-907-8937,39996 Paul Valley Apt. 845,Josephshire,ND,88794,38553.62,Manager,485 pts,07-02-07,BR012,No,Pending,Czech Republic,ONLINE
CUST001307,Tina,Rocha,22-05-1954,M,kdudley@example.org,N/A,8715 Navarro Fields Apt. 179,North Laura,IL,84537,70986.34,Developer,749,07/03/2019,BR012,0,,French Southern Territories,N/A
CUST001308,Lisa,Rivera,"October 01, 1971",F,,(001) 817-6650,700 Martinez Crossroad Suite 380,Leetown,MA,28781,69680.84,Driver,440 pts,11/12/2014,BR025,False,N/A,,N/A
CUST001309,Paige,Davenport,03/23/1944,F,,0019877927,15243 Anderson Shoals,South Markborough,VA,00000,USD 108006.34,Accountant,529,23-07-2000,BR025,TRUE,pending,Bhutan,online
CUST001310,Lance  ,Curtis,07/01/2004,M,destiny41@example.net,0012964459,1573 Rice Avenue Suite 051,West Christopher,PW,16044,86614.44,Developer,368,08/06/2019,BR046,0,Pending,Somalia,branch
CUST001311,Anthony,Lee,08-07-1998,F,bchavez@example.com,(991) 844-5661,50434 Kayla Alley,South Destiny,MA,59955,"$69,124.06",Nurse,302,"August 22, 2012",BR007,False,verified,Honduras,online
CUST001312,Heather,Murray,05/10/1995,0,xrichard@example.com,873-729-7741,233 Cheryl Hills,Hodgesburgh,DE,41214,98621.82,Contractor,335,16-09-28,BR014,False,N/A,Reunion,branch
CUST001313,Todd,Johnson,1940-03-13,F,ymassey@example.com,2739053428,629 Bryan Ports,Rodriguezton,NJ,15122,118657.26,Driver,463,21-09-23,BR009,True,Not Verified,Togo,ONLINE
CUST001314,Megan,  Reynolds,1990-07-16,Female,sandersbrian@example.com,(805) 590-4117,946 Johnson Road,,MS,88725,89523.36,Manager,499,"July 11, 2015",BR033,1,Not Verified,Australia,N/A
CUST001315,Andrea,Nelson,24/12/2005,F,jwilcox@example.org,(148) 360-8788,5968 Medina Meadows,South Valerie,PW,66328,70362.34,Retired,0,"May 29, 2004",BR048,,pending,Colombia,
CUST001316,Sheila,young,12/11/1997,M,hudsonscott@example.com,000-000-0000,7814 Amanda Place Apt. 464,Lake Johnland,MT,43237,24085.73,Driver,335,13-01-18,BR001,TRUE,verified,Azerbaijan,Walk-in
CUST001317,Ashley,Santiago,1948-09-29,FEMALE,elizabethpatton@example.net,359.363.7813,81369 Anthony Mill Apt. 464,Carmenton,WI,45998,32721.02,Sales Rep,833,2005-03-02,BR022,TRUE,pending,Pitcairn Islands,N/A
CUST001318,Linda  ,Brown,99/99/9999,Female,,+12782911926,068 Patricia Village Suite 416,Pittsfurt,CT,13978,59317.14,Chef,419,2010-12-31,BR018,1,,Lesotho,
CUST001319,Katherine,Cohen,69-04-07,male,frank06@example.com,2806585824,9572 Murillo Bypass Apt. 031,Calebhaven,VI,54715,48667.07,Lawyer,669,NULL,BR025,0,Not Verified,Bermuda,Walk-in
CUST001320,Seth,Lawrence,03/14/1963,F,jthompson@example.net,000-000-0000,901 Derek Wall,Hallview,RI,18050,"$63,456.00",Sales Rep,384,21-05-03,BR050,True,pending,Cameroon,N/A
CUST001321,Scott,Walton,18-08-1959,Male,ubrown@example.net,(426) 382-3955,011 Wong Junction,Sullivanview,WI,13562,71982.75,Lawyer,766,"July 23, 2006",BR031,Yes,Verified,Peru,Marketing
CUST001322,Tammy,Berg,06/18/1954,male,clarkamy@example.com,332-937-5083,52324 John Drive Apt. 395,Moodychester,MD,57802,88539.25,Sales Rep,587,29-07-2016,BR037,,Not Verified,Chad,Branch
CUST001323,Andrea,Henry,1993-12-22,F,nathanielsmith@example.net,+1-455-880-4829,5872 Michelle Summit,Johnsonchester,FM,99155,67532.54,Clerk,598,2006-08-27,BR040,No,pending,Cayman Islands,ONLINE
CUST001324,Crystal,  Ward,04/15/1957,M,yramsey@example.org,205.358.2262,3270 Mary Trafficway,Port Rebeccaport,NV,62996,87027.56,Consultant,351,28/07/2006,BR049,TRUE,verified,Uzbekistan,
CUST001325,Matthew,James,72-04-16,M,flewis@example.org,,981 Janet Shoal,Lake Misty,MS,43767,72256.6,Engineer,699,"August 26, 2002",BR031,0,Not Verified,,Online
CUST001326,Shawn,Adkins,"September 25, 1941",M,katherinetucker@example.com,5456125622,4299 Martinez Path Apt. 718,Williamschester,OK,78177,858.67,Teacher,379,02/17/2007,BR008,No,Pending,South Georgia and the South Sandwich Islands,N/A
CUST001327,Denise,Jacobs  ,"October 22, 1942",M,matthew06@example.net,000-000-0000,710 Robert Field Apt. 569,Denisechester,PW,23596,37123.26,Analyst,378,19-05-27,BR004,FALSE,,Germany,online
CUST001328,courtney,Parks,24/04/1965,M,eaustin@example.org,,07149 Robin Ford,Johnsonchester,NY,04347,64956.94,Accountant,737,"September 11, 2011",BR025,1,VERIFIED,Madagascar,
CUST001329,Debra,Jarvis,10/06/1998,FEMALE,,+1-513-326-7763,804 William Hills,North Kellie,NJ,75211,27660.68,Analyst,395,99/99/9999,BR014,False,Verified,Libyan Arab Jamahiriya,ONLINE
CUST001330,Mark,Wise,02/03/1989,M,gregory81@example.net,0018017874,6030 Gina Coves Apt. 178,South Kristintown,ME,23796,90997.51,Accountant,359,08-08-2013,BR017,False,N/A,Romania,branch
CUST001331,John,Taylor,86-11-16,FEMALE,alicia81@example.org,000-000-0000,72618 Alec Key Apt. 100,South Carolynburgh,WV,42949,123576.28,Developer,458,2020-10-26,BR047,TRUE,N/A,Bahrain,ONLINE
CUST001332,Jeremiah,Dillon,02/03/1957,0,ericdaniels@example.org,(637) 202-0981,6961 Lisa Camp,Simpsonfort,GA,05262,112656.66,Developer,737,12/02/2022,BR046,,verified,,Branch
CUST001333,Cynthia,Campbell,1980-11-30,M,hortonashley@example.net,,2510 Cameron Ports,Nicholasville,NM,32515,62529.5,Driver,723,,BR039,False,pending,Argentina,Online
CUST001334,Natalie,Cox,1993-04-29,F,patrickstacey@example.org,432-609-6730,4135 Perry Garden,New Brendan,WY,50818,,Engineer,443,12/09/2005,BR040,Yes,N/A,Czech Republic,Online
CUST001335,Donna,Holmes,08/12/1950,M,,N/A,675 Christopher Inlet,Stoneville,KY,51793,75203.36,Consultant,453,10/23/2006,BR038,0,,Guyana,branch
CUST001336,Adam,Greer,53-01-31,M,perezjonathan@example.net,+12584464201,01651 Richard Brook,Port Tommystad,AZ,60327,58201.99,Self-Employed,0,NULL,BR019,TRUE,verified,Guam,Referral
CUST001337,David,Bird,"August 01, 1977",M,peterberger@example.com,185.074.6162,872 Douglas Alley Suite 871,Port Jeremymouth,IN,37765,USD 48530.91,Self-Employed,773,24/07/2012,BR001,False,VERIFIED,Libyan Arab Jamahiriya,Online
CUST001338,Nicholas,Phillips,"November 06, 1966",FEMALE,,+11297245314,906 Torres Flat,Rogerview,DC,59362,59413.56,Student,635,13-07-2011,BR027,0,pending,Portugal,Branch
CUST001339,don,King,61-12-28,F,csoto@example.net,698.824.5081,0236 Scott Creek Suite 060,East Michael,MA,42837,56413.81,Developer,596,2019-03-20,BR047,Yes,Verified,United States of America,Branch
CUST001340,Ruth,Guerrero,66-12-08,M,lopezjulia@example.com,822.580.9541,058 Spencer Plaza Apt. 739,East Kari,RI,97873,75964.57,Self-Employed,725,13/05/2016,BR001,FALSE,Verified,Iraq,Marketing
CUST001341,  Christine,Mckee,NULL,F,hodgessusan@example.net,(696) 856-1206,676 Ford Viaduct Suite 625,New Josestad,AR,98107,75620.09,Nurse,714,99/99/9999,BR025,FALSE,pending,Pitcairn Islands,online
CUST001342,Christian,Camacho,13-01-1942,0,john99@example.net,000-000-0000,551 Allen Springs,West Frances,FL,01969,"$70,106.61",Student,684,"January 25, 2015",BR036,Yes,Pending,Egypt,Marketing
CUST001343,Jacob,Schaefer,1954-10-19,F,krogers@example.org,000-000-0000,67308 Lisa Forks,Andrewchester,SC,62728,85292.84,Sales Rep,0,07/17/2011,BR013,,Not Verified,Kyrgyz Republic,Walk-in
CUST001344,Latoya,Vargas,30-07-2003,M,perkinsdeborah@example.net,000-000-0000,5406 Pamela Gateway Suite 673,Johnmouth,WA,49346,111672.62,Retired,482,24-05-2008,,1,Pending,Isle of Man,Online
CUST001345,Tyler,Franklin,12-02-1950,F,kweber@example.com,963-227-3243,919 Mark Lodge,Feliciaville,KS,08744,103234.39,Designer,308,16-06-2001,BR013,0,Pending,Poland,online
CUST001346,Jesus,Lee,30-11-1975,M,psanders@example.org,,0242 Ronald Garden,Wrightborough,NH,33188,18028.57,Consultant,480,30-07-2005,BR032,,pending,Martinique,Branch
CUST001347,Brandon,Robinson,1960-09-20,F,foxjose@example.com,3353716826,476 Anthony Ford,Stevenfort,FM,98819,0,Manager,457,"January 04, 2000",BR043,False,verified,Denmark,branch
CUST001348,Jessica,Collins,10/03/1983,F,,N/A,88943 Brandon Hills,Thomasville,MO,49459,102701.2,Analyst,542,"March 20, 2009",BR046,,N/A,United Arab Emirates,Online
CUST001349,  Ryan,Stone,"April 07, 1955",Female,wulaura@example.com,(489) 802-4462,3460 Robinson Valley,Davenportland,KS,74422,22159.25,Sales Rep,748,10-07-2003,BR020,FALSE,Verified,,Walk-in
CUST001350,James,Davis,24/03/1970,F,leerhonda@example.org,(001) 538-6045,164 Gutierrez Prairie,Lake Thomas,OH,90998,62133.21,Designer,817,01/12/2017,BR022,Yes,pending,Ireland,ONLINE
CUST001351,Angela,Davis,05/15/1978,F,saraalvarez@example.org,N/A,13671 Williams Garden,New Larry,PW,95655,29046.04,Analyst,314,08/30/2011,BR050,True,Verified,,Branch
CUST001352,Thomas,Meyer,07/09/2021,M,gsmith@example.com,+15903726488,8128 Sean Roads Apt. 985,Port Wendy,WI,73397,6930.68,Nurse,837 pts,2003-04-27,BR003,,,Uganda,online
CUST001353,Eric,choi,1951-03-24,M,kristinlucas@example.net,N/A,07248 Garcia Springs,West Ryanburgh,IN,07314,88951.2,Clerk,440,06-12-2021,BR016,False,,Svalbard & Jan Mayen Islands,Branch
CUST001354,Heather,Jimenez,1948-04-29,M,brownbarbara@example.com,+1-201-541-2804,48748 Powell Forest Suite 886,South Saraberg,AS,59758,96570.43,,784,13-12-16,BR029,1,verified,Kuwait,online
CUST001355,Tanya,Johnson,29/04/1967,Female,mmccann@example.net,+1-135-183-6899,366 Emma Mountains Suite 618,Michaelmouth,NJ,59861,,Teacher,367,09-04-30,BR027,0,,Liberia,ONLINE
CUST001356,Jennifer,Small  ,17/11/2001,m,anna94@example.com,836.218.8374,44502 Wall Loaf Suite 021,Burnettburgh,US,44130,0,Chef,343,18-11-19,BR025,False,pending,Somalia,Walk-in
CUST001357,Susan,Peters,08/07/1948,M,GENTRYKATHERINE@EXAMPLE.NET,+15372632940,74126 William Lane Suite 510,Frankville,ri,78303,50881.44,Nurse,438,"May 18, 2002",BR028,0,Not Verified,Kyrgyz Republic,N/A
CUST001358,Samantha,Smith,07-12-1963,F,vcharles@example.net,,425 Cameron Lodge Suite 755,Thomashaven,MS,28312,83713.14,Consultant,355,11/05/2016,BR037,0,Not Verified,,Marketing
CUST001359,Cynthia,Peters,51-12-03,F,jenningselizabeth@example.net,001-805-2605,,Lake Ryanfurt,GU,15762,18238.1,Analyst,753 pts,04/04/2018,BR037,1,N/A,Ireland,Online
CUST001360,NATALIE,Brock,04/24/1962,F,kellerjames@example.org,366-302-4456,36975 Cook Turnpike Suite 460,Hawkinsview,WI,24180,76417.6,Nurse,500,15-01-2015,BR008,0,VERIFIED,Israel,N/A
CUST001361,Andrew,Lee,03/30/1996,M,N/A,001-969-7660,,West Danieltown,ID,55424,,Accountant,761,06/08/2001,BR047,FALSE,VERIFIED,Czech Republic,Walk-in
CUST001362,Sharon,Fox,"October 31, 1996",M,matthew26@example.org,,12134 Rivera Mill Apt. 072,Richardside,NM,17687,90275.2,Student,436,18-08-2003,BR047,False,,Wallis and Futuna,Marketing
CUST001363,John,James,"November 24, 1952",F,shelleybailey@example.net,+1-871-951-0413,6795 Julia Stravenue Apt. 496,Robinsonland,OR,55770,74185.31,Self-Employed,519,2019-10-24,BR030,No,Pending,Latvia,
CUST001364,Lee,Chan,1991-03-15,M,lambanthony@example.net,,413 Hughes Groves Suite 899,,MO,79474,35942.59,Developer,310 pts,2009-11-03,BR019,True,N/A,Tunisia,Walk-in
CUST001365,Alan,Miranda,17/07/1993,M,fhall@example.com,283.659.0949,7427 Shawn Lake Suite 452,,NJ,73995,111880.0,Driver,802,31/10/2023,BR025,0,VERIFIED,,Referral
CUST001366,  Robert,brown,1963-05-21,Female,johnny28@example.com,N/A,035 Mills Rapid,Lake Rebeccaside,SD,85269,,Designer,754,"June 04, 2010",BR010,1,pending,Holy See (Vatican City State),Online
CUST001367,Amanda,CASTILLO,26/01/1958,M,macdonaldterry@example.org,9399939256,631 Strickland Cliff Suite 266,Navarrohaven,MT,09676,69044.34,Sales Rep,507,"January 09, 2011",BR014,,,Iraq,N/A
CUST001368,Rachel,Pope,"June 04, 1953",F,iclark@example.org,803.626.2498,466 Lamb Harbor,Chavezmouth,IN,52162,37335.62,Lawyer,325,"November 27, 2016",,FALSE,VERIFIED,French Southern Territories,Referral
CUST001369,Joseph,Moses,93-04-24,F,lisachurch@example.net,,009 Mackenzie Knoll,Port Paul,AK,38359,54485.12,Doctor,748,11-11-16,BR003,0,VERIFIED,North Macedonia,Walk-in
CUST001370,Michael  ,Warren,06/11/1943,F,cgeorge@example.org,+1-192-373-1524,276 Cherry Course Apt. 779,Port John,IA,43587,39031.91,,783,08-03-08,BR049,TRUE,,Jordan,N/A
CUST001371,Sheila,Gilbert,19/02/2013,M,andrewarnold@example.com,576-361-6295,,Bryanfort,FM,32708,63946.89,Designer,366,28/12/2011,BR047,False,N/A,Paraguay,Walk-in
CUST001372,Henry,Russell,06/11/1968,M,jasonwalters@example.com,,0198 Janice Pass Apt. 435,West Nancy,SC,34861,129909.8,Teacher,0,"July 01, 2000",BR040,False,,Sweden,Marketing
CUST001373,Henry,  Soto,NULL,M,imartinez@example.net,(907) 681-3847,505 Elizabeth Center,Emilymouth,US,35816,,Officer,674,23-10-06,BR011,TRUE,verified,Israel,online
CUST001374,JENNIFER,  Miller,02/16/1979,F,moralesandrew@example.net,+1-126-151-9597,8464 Tammy Ranch,Josephberg,OH,02653,13525.35,Teacher,745,,BR014,True,Not Verified,Portugal,Branch
CUST001375,Luke,Chambers,1952-07-29,F,silvafrederick@example.net,001.231.2950,3292 Thomas Isle,Kaylastad,VT,45877,121490.96,Lawyer,540,01-05-2000,BR033,0,Verified,Wallis and Futuna,Online
CUST001376,Sarah,Haney  ,17/03/1990,M,pamelaturner@example.com,+1-565-378-3393,518 Gill Plaza,Schmidtburgh,WY,69883,"$62,673.67",Contractor,661,"October 22, 2013",BR004,0,verified,Wallis and Futuna,Walk-in
CUST001377,Melissa,SHELTON,03-07-1987,F,,6838018986,4562 Shelton Lane,Smithborough,PW,00000,46582.45,Teacher,685,2019-05-31,BR040,Yes,N/A,Cayman Islands,branch
CUST001378,Seth,Crosby,1978-06-01,F,ckelly@example.com,2986020752,074 Bianca Roads Suite 484,Cowanborough,RI,22487,106396.66,Chef,427 pts,"March 16, 2001",BR049,1,Pending,Armenia,Marketing
CUST001379,Edward,Soto,02/07/1955,MALE,makayla40@example.net,000-000-0000,91694 Patricia Corner Suite 664,Jonestown,NM,91514,48803.46,Student,313,04/19/2009,BR017,TRUE,N/A,Montserrat,ONLINE
CUST001380,Jeffrey,White,1989-07-25,F,robert20@example.net,+1-513-400-1618,2900 Phillips Valley,Walterview,IL,05440,133910.34,Contractor,641,"May 14, 2020",BR046,1,Not Verified,Mexico,N/A
CUST001381,Nicholas,Pratt,"August 13, 1986",M,angelaalvarado@example.org,+1-272-832-4644,7377 Charles Crossing,North Brianburgh,AS ,80202,93727.41,Developer,640,"July 16, 2010",BR032,True,,Anguilla,
CUST001382,William,Scott,1971-08-06,M,barberdiana@example.com,N/A,033 Fuller Ways Suite 947,Port Teresashire,WV,81502,52923.1,Chef,361,2016-10-11,BR005,FALSE,N/A,Saint Barthelemy,Branch
CUST001383,Christine,Roberson,11/10/1979,M,juliadavid@example.net,686.552.3080,9820 Allison Alley,East Philipmouth,MI,44744,145505.79,Self-Employed,835,05-04-2012,BR044,False,verified,,branch
CUST001384,Jose,Reed  ,"August 01, 1967",F,yballard@example.net,,58217 Tina Fork,Port Anthony,ZZ,07438,48799.98,Analyst,429,"December 24, 2012",BR036,1,Verified,Slovenia,ONLINE
CUST001385,Sonya,Hardin,26-10-1947,Female,nicholsheather@example.net,+1-911-425-8044,27168 Aaron Pines,,MH,12920,95973.34,Driver,786,NULL,BR013,1,Not Verified,Thailand,N/A
CUST001386,Donna,Gibson,04-03-1946,m,omccullough@example.com,3152267371,68686 Barnes Street Suite 147,West Nancy,MP,41246,80475.24,Officer,829,2002-03-23,BR035,1,Pending,Japan,Referral
CUST001387,Andrea,Rogers,99/99/9999,M,lcarter@example.com,9575768997,66032 Diane Streets Apt. 140,,ZZ,81114,,Nurse,823,2003-10-02,BR041,True,VERIFIED,Guinea,Referral
CUST001388,Jennifer,Burch  ,12/30/1980,1,zflynn@example.org,419-796-3230,15953 Linda Parkways Suite 162,South Jacobhaven,CO,42563,124652.89,Manager,-1,20-05-2009,BR007,FALSE,N/A,Saint Helena,
CUST001389,Heather  ,Ortiz,"December 19, 1978",female,stanleylatasha@example.org,+1-598-605-1834,3568 Heather Pike,Ramosbury,LA,64364,71120.15,Driver,460,2016-03-06,BR009,,Pending,Cameroon,N/A
CUST001390,Kenneth,Haynes,63-04-21,M,padillasteven@example.org,000-000-0000,326 Jessica Pike,Johnsonburgh,OR,44488,43630.37,Designer,825,"December 10, 2014",BR023,False,Verified,Bosnia and Herzegovina,Online
CUST001391,robert,Jackson,01/08/1947,M,hawkinsmichael@example.net,7623773312,876 Walker Avenue,Laurenmouth,VI,97793,86099.03,Self-Employed,735,05/05/2023,BR019,FALSE,Verified,El Salvador,Marketing
CUST001392,JOSE,Archer,"August 24, 1970",M,lpeterson@example.org,N/A,52845 Day Burgs,Adriantown,MI,58123,46279.96,Designer,347,99/99/9999,BR002,TRUE,Pending,Eritrea,Referral
CUST001393,FELICIA,Fletcher,10/22/1958,F,washingtonrobert@example.net,(984) 513-8312,9482 Samantha Lake,West Margaret,AS,99716,140468.55,Student,573,"June 09, 2014",BR033,Yes,Not Verified,Mauritius,online
CUST001394,Amanda,hughes,28-04-1994,M,alvaradonichole@example.org,217-365-4614,739 Crystal Village Apt. 584,Anntown,TX,13483,"$74,778.74",Designer,553,23-11-2007,BR030,,pending,Burkina Faso,Referral
CUST001395,Stephen,Jones,99/99/9999,F,spetty@example.org,000-000-0000,308 Garrett Roads,Port Richardville,PA,81466,,Consultant,701,30/09/2009,BR041,1,pending,Serbia,Branch
CUST001396,Paul,Peters,99/99/9999,male,antonio93@example.com,,60080 Riley Burg Apt. 888,North Hollytown,AL,44040,76463.81,Lawyer,711,18-04-27,BR035,1,VERIFIED,Vanuatu,ONLINE
CUST001397,James,Medina,54-06-30,MALE,vgrimes@example.com,N/A,976 Jackson Lakes,Cesarland,OR,74072,,Student,509,02-06-20,BR036,,N/A,Bahamas,
CUST001398,Sean,Roberson,29-06-1980,M,shawnanderson@example.net,(594) 628-6358,638 Newman Grove,Michaelland,AR,80373,,Engineer,410,30/12/2001,BR040,No,N/A,Cambodia,Walk-in
CUST001399,Kelsey,FRANCIS,04-05-2011,F,michaelsweeney@example.net,N/A,8753 Helen Drive Suite 149,Port Nancyport,CA,56677,112014.49,Clerk,648,NULL,BR017,Yes,Not Verified,Lao People's Democratic Republic,Walk-in
CUST001400,Ashley,Burton,26/05/1952,F,deniselopez@example.net,,487 Matthews Canyon Apt. 926,New Rhonda,NC,52645,,Contractor,693,17-06-26,,False,Verified,Guatemala,
CUST001401,Jessica,Pittman,81-12-27,MALE,bdouglas@example.org,150.577.0197,2925 Vang Square Suite 680,Rogertown,AL,14124,"33358,12",Developer,790,"July 03, 2015",BR009,Yes,Not Verified,Guadeloupe,Marketing
CUST001402,Heather  ,Hart,2014-03-07,Male,N/A,(224) 894-7002,44609 Lamb Mountains Suite 248,Washingtonmouth,MS,32327,88782.85,Doctor,318,25-04-2001,BR008,FALSE,Not Verified,Zambia,ONLINE
CUST001403,Rachael,Brown,20/06/1997,F,mathewanderson@example.net,1209610063,22305 Hutchinson Motorway,East Tracey,GU,57218,111499.65,Officer,516,"June 20, 2011",BR016,FALSE,N/A,Moldova,
CUST001404,Kim,Potter  ,07/07/1984,M,cgray@example.com,001-855-8258,782 Collins Pass Suite 130,North Gregorystad,KS,53612,95163.37,Engineer,417,,BR025,True,VERIFIED,Norway,ONLINE
CUST001405,JOSEPH,Allison,12-09-1966,MALE,justinhowell@example.com,,56337 Ronald Isle Apt. 181,Wongborough,ND,85034,104861.67,,511,23/11/2009,BR009,No,pending,,ONLINE
CUST001406,Scott,Baxter,10-10-1999,0,mark42@example.org,N/A,80167 Phillips Viaduct,South Brett,KS,72001,43512.17,Self-Employed,813,2020-07-24,BR037,True,,Nigeria,online
CUST001407,Teresa,Cline  ,05-03-1995,M,,969-847-4934,861 Welch Course,Trujillofurt,ME,95813,20236.63,Doctor,517,01-02-05,BR024,0,Not Verified,Germany,Referral
CUST001408,alexandra,BROWN,02/27/1993,m,jaime96@example.net,+1-721-979-0053,28459 Medina Mills Suite 955,Lake Georgehaven,CO,30273,122546.68,Retired,779,06/30/2017,BR041,,verified,Antigua and Barbuda,
CUST001409,Tyler,  Allen,"May 18, 1974",F,danielmeyer@example.net,(459) 541-2345,8024 Flores Parks,North Katieburgh,AS,92179,58706.21,Clerk,310,00-03-18,BR019,No,Not Verified,Lao People's Democratic Republic,Branch
CUST001410,joseph,Clark,13-11-2002,F,lozanojustin@example.org,3632270231,76344 Jared Springs Suite 026,East Jenny,MO,36903,6122084.0,Analyst,414,12/05/2018,BR012,1,Verified,Barbados,N/A
CUST001411,Jennifer,Little,1969-08-24,M,kjohnson@example.com,,504 Herrera Extension Suite 023,Justinfort,00,22581,116486.79,Driver,515,"August 12, 2023",BR008,True,verified,Equatorial Guinea,Walk-in
CUST001412,Austin,Flores,04-02-08,F,leah30@example.com,+14139900458,234 William Camp Suite 683,West Michael,MI,53171,89468.05,Self-Employed,354,16/03/2004,BR022,True,Pending,Dominican Republic,Online
CUST001413,William,Lawrence,1948-09-25,F,foxeric@example.com,N/A,,Jenniferfort,VT,27829,85956.07,Retired,503,08/11/2023,BR006,Yes,verified,Sweden,Online
CUST001414,Michelle,Harris,96-04-04,1,murrayteresa@example.org,(760) 294-0447,6558 Debbie Islands Suite 972,East Gary,HI,06023,145775.08,Clerk,316,14/12/2000,BR015,FALSE,verified,El Salvador,Online
CUST001415,JOHN,BROWN,"March 05, 1963",M,hannahandrews@example.org,(497) 813-6359,23286 Joseph Stravenue,Lake Keith,MA,39553,47476.86,Officer,616,23-06-22,BR026,TRUE,VERIFIED,Burkina Faso,Walk-in
CUST001416,Dustin,Rojas,12/22/1962,M,georgeallen@example.org,420.400.1327,350 Bradley Station Apt. 532,Teresaville,N/A,64030,,Analyst,412,21-05-26,,False,Verified,Isle of Man,ONLINE
CUST001417,Ivan,  Ramirez,28-12-1977,F,ricky76@example.com,389-677-9536,307 Carla Lock,East Nicholas,DC ,64091,71995.46,Driver,584,"July 10, 2004",BR030,No,Not Verified,Yemen,Referral
CUST001418,Jacob,Martinez,18-09-2021,F,rodney26@example.org,+19365292459,438 Caleb Meadows,New Ernest,HI,21553,79400.73,Sales Rep,825,11-07-31,BR049,,VERIFIED,Yemen,Walk-in
CUST001419,  Alyssa,Walker,1958-04-25,F,,223.659.0627,144 George Junction,East Brittany,FL,33483,123496.39,Contractor,316,03-10-2004,BR010,0,pending,Sudan,Online
CUST001420,Mike,Ramos  ,05/03/2000,M,boydmadison@example.net,(593) 550-4629,1535 Jared Pike Suite 895,Lake Rebeccatown,MA,32260,87774.25,Consultant,755,22-04-2021,BR027,1,Pending,Serbia,
CUST001421,Antonio,Fowler,26/11/1948,F,matthew75ATexample.net,+19082257232,86948 Long Motorway Suite 752,West Amystad,SD,50416,88840.36,Teacher,602,19/12/2023,BR035,,,Trinidad and Tobago,
CUST001422,  Michael,  Hawkins,14-03-2004,F,qduncanATexample.org,+18024525411,,Tiffanyberg,NE,86970,107537.76,Doctor,599,06/07/2017,BR023,False,Pending,Ireland,Referral
CUST001423,Sean,Kemp,"March 14, 1983",M,hartmansarah@example.com,859.664.7033,5320 Flores Vista,East Tiffany,SC,09302,57226.65,Nurse,492,02-07-26,BR045,,verified,French Polynesia,ONLINE
CUST001424,Vanessa,EVANS,11/18/2022,F,dominguezrebecca@example.org,+15152243109,12252 Hill Mills Suite 787,South Samuelfurt,LA,37438,"$40,627.66",Clerk,323,2001-01-27,BR050,True,VERIFIED,,online
CUST001425,Frank,Gutierrez,03/24/2005,female,benjaminmcgrath@example.net,+16786101012,6942 Daniel Pass,Parkershire,SD,00000,"$33,431.68",Student,329,21/06/2020,BR039,FALSE,Pending,Angola,branch
CUST001426,Anthony,Scott,03/17/1983,F,serranodiane@example.net,6725314920,640 Miller Cliffs,South Billyview,TX,27625,1177.52,Developer,646,2019-09-10,BR038,TRUE,verified,Belarus,
CUST001427,Anthony,Bailey,"September 19, 1961",F,robinsonmichael@example.net,000-000-0000,56095 Joseph Curve Suite 702,West Kimberlyside,MS,15555,141967.25,Student,755,2018-04-13,BR002,FALSE,Not Verified,Bosnia and Herzegovina,branch
CUST001428,Tami,Martinez,56-01-24,F,solomonryan@example.net,7142359341,725 Lewis Vista Apt. 737,East Dustinmouth,fl,42694,31387.71,Doctor,716,2014-10-28,BR006,TRUE,Not Verified,Saint Martin,Branch
CUST001429,  Anthony,Wong,14/09/2000,M,manuel24@example.org,+1-158-650-9692,10999 Kimberly Village Apt. 400,East Marymouth,VT,14997,"62256,12",Driver,774,29-08-2001,BR011,TRUE,,Somalia,Referral
CUST001430,Brenda,Stanley,63-08-04,F,zacharywest@example.com,001.415.8949,2738 Garrett Walk Suite 648,North Benjaminland,WI,22922,60311.53,Doctor,384,12-06-21,BR044,0,N/A,Mongolia,branch
CUST001431,  Danielle,  Taylor,1962-02-14,F,rhernandez@example.org,967.977.9836,70824 Wesley Turnpike,Lake Michael,VT,91545,"80759,23",Officer,511,06-03-14,BR022,True,Pending,Tokelau,Marketing
CUST001432,Olivia,Lee,81-10-29,M,holdershawn@example.org,N/A,95126 Brown Springs Suite 961,Port Tamaraside,KY,00716,98550.8,Designer,811,12/17/2007,BR047,,verified,Peru,Online
CUST001433,John,Johnson,1991-12-18,M,dominiquepowers@example.com,(273) 860-8633,676 Laura Junctions Suite 080,West Marieton,TX,80247,100116.57,Chef,535,99/99/9999,BR029,False,pending,Austria,
CUST001434,Amy,Williams,44-11-02,M,michaelholt@example.net,N/A,60502 Scott Course Apt. 814,South Trevor,KS,80443,49592.29,Sales Rep,662,"July 21, 2011",BR048,0,N/A,American Samoa,Branch
CUST001435,Joel,Monroe,09/16/1995,Female,colejoshua@example.net,(617) 567-5500,3157 Newman Shores Apt. 295,Lake Amandaside,MO,05190,64150.74,Analyst,637,99/99/9999,BR004,False,pending,United States of America,Referral
CUST001436,James,Aguilar,"December 04, 1966",Female,rogercarter@example.com,+1-656-575-3515,0812 Stephen Cape,East Travisland,PR,00780,79890.3,Officer,536,07/19/2012,BR001,Yes,VERIFIED,Brazil,N/A
CUST001437,Aaron,Walters,2000-12-10,F,shawmelanie@example.com,(960) 799-0975,6190 Beard Green,Josephton,KY,29780,61295.81,Contractor,9999,02/07/2019,BR037,False,Verified,Slovenia,
CUST001438,Brittany,Garner,26/01/1968,M,brobbins@example.net,+1-722-677-2610,60284 Kelly Isle,North Jasmine,OR,00000,126257.1,,,2001-10-18,BR009,TRUE,Verified,Ghana,Marketing
CUST001439,Patrick,Hunter,"August 30, 1991",F,nleach@example.net,2394745391,487 Miller Route,Kevinbury,VA,94361,87184.12,Teacher,359,"January 26, 2018",BR050,Yes,Pending,Tanzania,Marketing
CUST001440,Jeffrey,Lowe,10/24/2017,FEMALE,ymckee@example.net,180-950-8575,342 Alexander Heights,Lake Tony,WY,45313,95720.72,Designer,849,24/08/2018,BR017,True,Not Verified,Cayman Islands,N/A
CUST001441,Melanie,Phillips,10-04-21,1,stewartkristineATexample.org,,5897 Janice Curve Suite 658,Port Barbara,OH,43708,93200.84,Accountant,514,2010-07-22,BR026,0,pending,El Salvador,ONLINE
CUST001442,Jacqueline,Rangel,"March 19, 1979",1,jennifer50@example.net,898.263.8346,4986 Derrick Station,Leonbury,HI,90590,111071.59,Sales Rep,655,NULL,BR032,0,pending,Moldova,Marketing
CUST001443,Jenna,Walker,01-11-1949,m,cooperselena@example.org,+1-307-791-9048,,New Jenniferbury,PW,31794,76335.75,Accountant,712,"July 20, 2012",BR032,Yes,Not Verified,,online
CUST001444,Sarah,Ramirez,1957-04-11,F,chad98@example.org,N/A,50743 Brandon Flats Suite 007,Westmouth,MA,00577,2461088.0,Developer,697,2000-06-24,BR048,,Pending,Antigua and Barbuda,Referral
CUST001445,Kimberly  ,Lee,20-10-1947,Male,timothy60@example.net,667.933.6142,51632 Kim Station Apt. 482,Denisechester,ME,72023,83989.08,Student,742,09-10-10,BR018,TRUE,Pending,,
CUST001446,Matthew,WALLACE,10/06/1991,M,heathermaldonado@example.net,,009 Mark Springs,Port Erica,PA,86323,47202.51,Developer,545,"October 31, 2003",BR011,False,pending,Uruguay,Marketing
CUST001447,Ronald,Martinez,65-11-20,1,conniebrandt@example.com,,0282 Cardenas Union Suite 529,Lake Nicholas,US,51421,,Sales Rep,627,20-05-29,BR018,,Verified,,Online
CUST001448,guy,Wood,42-07-15,M,matthew40@example.org,001-649-4893,094 Johnson Glens,Troyfurt,MI,66604,90522.74,Doctor,803,"August 09, 2006",BR021,True,Not Verified,Turkey,Walk-in
CUST001449,Jeanne,Harris,30-03-1978,M,jonesanna@example.net,,834 Walker Curve Suite 385,Josephburgh,AS,37240,113339.91,Engineer,528,"June 04, 2023",BR031,,,Bahamas,Branch
CUST001450,Eric,Prince,03/01/1952,F,lori80@example.com,,2477 Daniel Mission,Leeside,CO,45246,70744.51,Consultant,752,"May 05, 2014",BR043,,Verified,,branch
CUST001451,Pamela,Martinez,07/15/1968,M,vmoore@example.com,6672138731,91666 Roger Inlet,Williamsonside,NC,95263,80809.16,Driver,668,12/21/2006,BR016,FALSE,Verified,Morocco,N/A
CUST001452,Dawn,Reynolds,05/15/1979,M,vjackson@example.org,+1-222-947-9224,7148 Stevens Divide,Stephenstad,UT,23115,129577.52,Clerk,310,22-09-2018,BR015,1,verified,Congo,
CUST001453,Sue,Barajas,"February 22, 1984",0,zavalaanthony@example.net,+14416373454,15582 Stacy Point Apt. 951,Davistown,NV,03910,78426.36,,444,NULL,BR011,,pending,,Marketing
CUST001454,Ryan,Kennedy,52-10-19,M,mhester@example.org,531-864-5383,55035 John Street Apt. 101,West Stacy,UT,53388,161058.91,Engineer,407,99/99/9999,,1,,Korea,Branch
CUST001455,Mark,Foley,30-06-1982,M,carterbrianna@example.net,+14977703170,01435 Wood Unions,Port Randy,NJ,81251,89792.84,Consultant,501 pts,17-02-16,BR002,Yes,pending,Malawi,Walk-in
CUST001456,Zachary,Lara,99/99/9999,F,samuelhamiltonATexample.com,+1-154-444-9810,0429 Thomas Ridge,Port Charles,00,23428,8373.3,Manager,650,"September 18, 2006",BR038,No,N/A,Ethiopia,Online
CUST001457,Sean,Krueger,"March 16, 1991",M,brendan97@example.net,3094938721,82998 Briana View,North Migueltown,WI,87856,96366.96,Accountant,586,2010-07-25,BR036,No,Pending,Zambia,online
CUST001458,Kimberly,Bray,"May 14, 1944",m,shelby76@example.org,+12803680304,43360 Snyder Flat,North Jill,CT,16192,83340.54,Nurse,516,00-02-12,BR014,TRUE,verified,United States of America,ONLINE
CUST001459,Valerie,Adams,,M,christine92ATexample.net,,1765 Andrew Ville Suite 948,Port Raymond,MH,75214,115141.35,Driver,771,27/02/2006,,1,Verified,Anguilla,Branch
CUST001460,Pamela,Benitez,1963-11-27,F,  asummers@example.org  ,0016159360,00960 Nathan Isle,Port Crystal,WY,04298,USD 93561.35,Developer,749,05/07/2010,BR017,TRUE,,Guinea-Bissau,N/A
CUST001461,Jeffrey,Bauer,05-01-17,M,tammy24@example.net,000-000-0000,555 Felicia Port Apt. 240,Patriciamouth,US,88609,65154.04,Clerk,695,06/07/2014,BR018,1,verified,Zimbabwe,Marketing
CUST001462,Kimberly,Garcia,64-12-01,F,mikeknight@example.net,2387916677,85868 Jose Field,Drewtown,AZ,67973,"$27,149.56",Accountant,406,27/03/2019,BR029,No,verified,Philippines,Walk-in
CUST001463,Donna,Matthews,89-02-27,F,markbuck@example.net,195.758.3980,,East Brettside,WY,73241,62684.19,Engineer,486,09/03/2007,BR001,1,Pending,Ireland,online
CUST001464,ASHLEY,Watts,00-11-21,female,jamie07ATexample.com,378-313-4095,617 Aaron Harbor,Kevinville,VA,97628,40231.78,Self-Employed,556,06/30/2009,BR036,Yes,pending,Burkina Faso,Online
CUST001465,Evelyn,Ortega,15-02-1941,MALE,,000-000-0000,987 Bryan Ville,New Jamesberg,DE,44190,49681.68,Lawyer,692,99/99/9999,BR040,False,verified,Cameroon,Branch
CUST001466,Brianna,Rodriguez,22/03/1949,F,grodriguez@example.com,+1-832-640-9652,001 Fred Fords,Lake Andrew,MT,60106,90600.24,Sales Rep,752,15/02/2019,BR047,0,N/A,Mozambique,Branch
CUST001467,Margaret,Rogers,1992-03-03,F,connie67@example.org,538-636-8414,2280 Baker Rapids Apt. 538,West Jessicastad,AL,81078,128446.66,,681,"May 18, 2014",BR008,1,VERIFIED,Serbia,Online
CUST001468,Rebecca,Daniel,73-09-04,M,evan16@example.net,9624577210,1059 Sabrina Keys Suite 981,Matthewland,OH,41393,83813.5,Consultant,528,15/12/2003,,No,Verified,Nauru,Branch
CUST001469,Michael,Villegas,40-06-06,F,gary64@example.org,000-000-0000,202 Dawn Mount,South Leonard,CT,86192,28144.09,Developer,341,09-07-30,BR019,1,Verified,Oman,
CUST001470,John,  Baker,03/26/1946,M,edwardsmatthew@example.com,613.314.5625,01131 Coleman Village,Jacksonport,IA,61445,85561.09,,327,"April 26, 2019",BR037,No,pending,Norway,online
CUST001471,Timothy,Gregory,,M,oconnellnathan@example.net,,256 Wong Inlet Apt. 135,Port Sethchester,WY,38506,111882.1,Designer,551,06/22/2011,BR027,,Not Verified,,N/A
CUST001472,Christine  ,James,1973-09-21,M,jackiemann@example.org,696.980.0711,52201 Douglas Ville Suite 042,Lake Mike,OK,95525,48657.6,Retired,397,04/27/2001,BR030,True,Verified,Czech Republic,Referral
CUST001473,JOE,Robbins,"December 20, 1970",F,jasonarnold@example.com,+1-631-661-6697,707 Daniel Pine Suite 111,Troymouth,DC,31942,65309.4,,642,"August 12, 2013",BR048,0,Pending,Myanmar,ONLINE
CUST001474,Brian,Gonzalez,71-05-05,M,morrismiguel@example.net,602-864-2362,1478 Reed Burg,West Debbiemouth,SC,09083,70514.09,Designer,309,2018-02-20,BR018,0,Verified,Bangladesh,branch
CUST001475,Pamela,Fuentes,89-05-27,Male,orice@example.com,N/A,6604 Ryan Locks,Wilsonside,NC,10465,USD 42528.56,Retired,643,"August 25, 2022",BR022,1,Pending,Ireland,Online
CUST001476,Carlos,Jackson,18-05-1947,M,plove@example.org,577-349-6784,6754 Lori Turnpike,Joshuastad,MA,87254,92689.82,Sales Rep,648,"February 07, 2018",BR048,,pending,Kazakhstan,Branch
CUST001477,Carla,Walsh  ,01/09/1985,F,ramseycarolyn@example.net,2773045530,14127 Suzanne Radial Apt. 129,Patrickberg,KS,07351,65766.81,Contractor,777,21/02/2000,BR022,0,pending,Haiti,Branch
CUST001478,  Michael,French,,F,markmassey@example.com,(648) 456-5264,02204 Adam Highway,Williamsburgh,MS,45125,84683.64,Chef,762,08/18/2004,BR024,False,verified,Cayman Islands,branch
CUST001479,Jennifer,Finley,NULL,F,ramseywilliam@example.com,+12965737250,95693 Brian Street,South Jessicaton,MO,74992,38937.77,Driver,762,07-03-03,BR049,Yes,VERIFIED,Iceland,ONLINE
CUST001480,Renee,Wilson,"April 08, 1982",F,rose84@example.com,185.293.6494,040 Thomas Ferry Apt. 517,Davidfurt,NJ,77865,54688.96,Teacher,696,2018-09-24,BR039,0,VERIFIED,Somalia,Referral
CUST001481,Harold,  Ray,NULL,F,rogersrussell@example.org,6435422070,077 Gabriel Points,Kingmouth,PW,00000,95283.35,Chef,660,2007-05-14,BR042,1,N/A,Madagascar,Walk-in
CUST001482,Ashley,Gross,80-09-09,FEMALE,krandolph@example.net,(001) 360-3176,05292 Alyssa Lakes,East Jason,NM,44465,56950.84,Developer,704,12/03/2013,BR024,False,Pending,Aruba,
CUST001483,Joseph,Flynn,05/07/1948,F,  sandersjohn@example.org  ,N/A,554 Stuart Gateway Apt. 997,East Davidport,TN,50423,130443.73,Lawyer,414,NULL,BR030,False,VERIFIED,Belarus,
CUST001484,  Judith,Salazar,2000-09-05,F,collinselizabeth@example.org,229.665.4419,7029 Ellis Wells,West Alexmouth,MT,22570,56012.73,Doctor,628,03/08/2000,BR022,Yes,N/A,,N/A
CUST001485,John  ,  Hayes,09/03/1950,0,tinahill@example.net,+18567048511,322 Washington Cliffs Apt. 178,Danielstad,PA,93748,77863.97,Driver,574,16-04-2020,BR014,FALSE,verified,Chile,Walk-in
CUST001486,Erin,  White,69-12-06,M,sullivankelly@example.org,+10018223925,5722 Roy Lakes Apt. 660,Richardsborough,IA,87387,102640.68,Accountant,616 pts,03-02-05,BR044,True,VERIFIED,Finland,Referral
CUST001487,Brandon,Harris,01/08/1989,M,thomasrobinson@example.net,2592266866,565 Brent Causeway Apt. 275,New Jameschester,TN,02566,"$20,357.20",Doctor,493,04/28/2002,BR017,True,,Fiji,branch
CUST001488,Thomas  ,SMITH,07/09/1945,f,annyoung@example.org,+1-514-421-3747,689 Sawyer Islands,Ericchester,WA,00000,8371.69,Contractor,660,99/99/9999,BR039,1,N/A,,N/A
CUST001489,  Nancy,Bishop,58-09-16,0,shelbysimon@example.net,000-000-0000,80980 Jose Road Apt. 362,Thomasview,WI,40102,16602.03,Accountant,619,99/99/9999,BR014,True,Not Verified,Greenland,Branch
CUST001490,Maria,Lopez,09/10/1978,M,carrie26@example.com,+1-527-422-2155,16993 Ashley Mills Suite 511,Morganland,NE,01053,114190.44,Contractor,568,22-10-12,,0,verified,Mayotte,Walk-in
CUST001491,Raymond,Hampton,22/11/1989,F,martha51@example.org,000-000-0000,1181 Rita Dale Apt. 723,New Jenniferside,KS,52879,50684.96,Manager,334,30-10-2002,BR026,FALSE,VERIFIED,,
CUST001492,Mark,DIAZ,01/16/2002,F,rowesharon@example.com,0013858167,760 Devin Lane Suite 499,Ginaport,IA,59524,159536.97,Chef,651,10/20/2018,BR042,No,Not Verified,Papua New Guinea,N/A
CUST001493,ADAM,Adams,73-02-09,FEMALE,terri49@example.org,4266317774,197 Teresa Course,East Jonathanborough,CT,00000,"$50,251.33",Contractor,574,01/12/2003,BR006,False,verified,Korea,N/A
CUST001494,Mark,  Johnson,48-05-13,0,N/A,0015857083,56343 Heather Club,South Jerryborough,WV,46145,"$76,459.30",Student,9999,10/09/2020,BR045,1,Pending,Eritrea,Referral
CUST001495,sean,Miller,21/09/2000,FEMALE,monica33@example.net,+11882454176,8028 Reed Crest Suite 919,,TN,84964,123973.85,Retired,720,20-10-2010,BR038,False,N/A,Malaysia,Online
CUST001496,Teresa,Simmons,31/03/1989,M,mikecarter@example.net,+15148536513,67461 Garcia Views,West Josephbury,NV,89885,140213.25,Analyst,600,2020-07-14,BR032,TRUE,,Angola,Online
CUST001497,Timothy,Barnett,NULL,M,,+10016472069,729 Griffin Divide Apt. 418,Jacksonborough,CA,81223,142152.63,,474,2005-06-04,BR021,,VERIFIED,Saudi Arabia,Referral
CUST001498,Tiffany,Newman,"April 25, 2004",M,oarnold@example.com,000-000-0000,46161 Mccarthy Plains Suite 039,Martinezfurt,NJ,44580,112292.82,Manager,608,19-01-23,BR006,Yes,Not Verified,Finland,ONLINE
CUST001499,Michael,barnes,27/08/1957,M,perkinschristopherATexample.org,4094563603,32996 Hunt View,Jamesstad,ND,92157,"$105,842.19",Analyst,804,25-10-2011,BR029,FALSE,Verified,Pitcairn Islands,Walk-in
CUST001500,Emily,Williamson,19/03/1986,F,savagesteven@example.com,538-858-6922,87117 Tammy Mews Suite 359,Michaelborough,PA,35804,90738.44,Self-Employed,798,03/13/2004,BR022,FALSE,VERIFIED,Uzbekistan,
CUST001501,Mike,Williams,1943-05-06,M,wayne29@example.com,1763709972,79394 Christopher Port Apt. 421,Johnnyton,OR,53110,97242.64,Retired,586,08/12/2001,BR009,False,N/A,Kyrgyz Republic,branch
CUST001502,Megan,Thomas  ,2004-04-16,male,andreacrane@example.com,+1-904-805-2770,07799 Flores Shores Apt. 906,Katieville,RI,37587,50708.5,Officer,343,"January 08, 2022",BR048,,Verified,Angola,Referral
CUST001503,Tony,SERRANO,65-09-09,M,juanballard@example.org,+1-204-411-7082,39002 Williams Tunnel Apt. 474,Thompsonshire,AR ,93338,41363.04,,407,08/03/2011,BR045,Yes,verified,Guatemala,N/A
CUST001504,Yvette,Morris,03/30/1996,M,timothylopez@example.net,+16496757456,3333 Wilkerson Way,Coopershire,N/A,06011,69881.89,Clerk,482 pts,"May 26, 2001",BR003,FALSE,Not Verified,Cote d'Ivoire,
CUST001505,Jennifer,Hoffman,"January 17, 1946",F,hansenkenneth@example.org,5167064490,1773 Justin Spur,Port Jeanne,AZ,99867,,Accountant,630,14-12-29,BR034,False,Pending,Romania,Walk-in
CUST001506,Mary,Moon,14-08-2013,1,paynelisa@example.org,+11882916063,108 Eric Ways,New Angela,FM,52814,54137.02,Chef,462,"September 30, 2018",BR029,False,Not Verified,Morocco,N/A
CUST001507,Erin,Browning,01/11/2002,F,laurensantiago@example.com,795-635-6441,286 Brittany Port Suite 240,East Wayne,KS,82159,94373.56,Chef,395,26-04-2022,BR039,Yes,Not Verified,Cambodia,Online
CUST001508,Brian,Jones,02/03/1942,M,cindy45@example.org,1509703957,106 Perez Forest,South Patrick,MD,28865,103435.68,Lawyer,564,21/01/2013,BR050,1,pending,Yemen,branch
CUST001509,Kathleen,Fernandez,1986-07-14,F,,N/A,154 Ayala Plaza,Travisberg,AL,59035,"$73,094.24",Nurse,844,06/01/2007,BR047,FALSE,Verified,Faroe Islands,N/A
CUST001510,BRIAN,GARCIA,18/04/1984,M,MSMITH@EXAMPLE.NET,N/A,983 Anthony Fords Apt. 041,,VA,07347,121713.55,Lawyer,595,01/13/2013,BR033,1,Verified,Denmark,Branch
CUST001511,DANIELLE,anderson,55-01-19,F,BROWNEDWARD@EXAMPLE.NET,2292575512,633 Laura Estate Suite 176,Kimside,RI,80606,30040.88,Analyst,9999,01/05/2021,BR017,,Not Verified,China,Branch
CUST001512,David,Martin,03-12-19,f,robert13@example.org,4597582956,944 Karen Parks,Samanthamouth,NE,26187,63221.92,Driver,519,"April 24, 2011",BR012,,pending,Saudi Arabia,
CUST001513,Shannon,Peters,1995-05-16,Female,michaelbutler@example.com,001.285.7864,650 Marshall Stream,Mcleanmouth,CA,13534,44911.22,Driver,553,06-08-2000,BR031,False,Pending,Holy See (Vatican City State),ONLINE
CUST001514,Brenda,Smith,1979-08-18,F,morganbridges@example.com,,0638 William Bypass Suite 162,Riveraburgh,AK,84308,"$4,671.22",Lawyer,414,2022-05-29,BR043,0,verified,Nicaragua,Referral
CUST001515,Eric,Cook,99/99/9999,M,lopezkimberly@example.org,1802594462,148 Baker Walk Suite 151,Lake Carla,MA,36650,67106.18,Clerk,365,03-09-05,BR013,True,VERIFIED,Heard Island and McDonald Islands,Online
CUST001516,KAREN,Castro,30/05/1971,female,jessicapayne@example.org,(153) 578-4999,28751 Victoria Ports Apt. 181,Contrerasshire,NH,33194,,Analyst,378,04/04/2011,BR004,,pending,Seychelles,online
CUST001517,Bryan,Miller,1985-05-12,F,ballen@example.org,001-889-3105,400 Jensen Lakes Apt. 445,Garytown,VT,39781,122970.74,Accountant,821,27/06/2014,BR026,Yes,N/A,Central African Republic,N/A
CUST001518,Alvin,Hicks,09/27/2004,M,lisa82@example.net,1765649078,1909 Stephen Village,Malonetown,MP,58541,92078.41,Chef,850,03-08-24,BR003,,N/A,Switzerland,Marketing
CUST001519,Kristen,Carney,"February 22, 1949",F,benitezerin@example.org,176.974.1351,277 Heather Prairie Apt. 269,Port Nicholasshire,TX,88501,34153.46,Clerk,592,06/12/2022,BR001,True,,Uganda,Marketing
CUST001520,Johnathan,Johnson,99/99/9999,Female,rosalesdeanna@example.com,(810) 302-3512,,,MA,62017,"134893,24",Chef,371,"July 24, 2017",BR023,Yes,Pending,Costa Rica,
CUST001521,Jane,Burke,19-06-1966,male,annaho@example.net,+19332759849,811 Jennifer Fort,Bishopburgh,IL,26982,112736.18,Manager,349,12-04-2021,BR002,,VERIFIED,Bhutan,N/A
CUST001522,Joseph,Jackson  ,08/31/1973,F,sotoscott@example.net,+1-212-378-7963,220 Herbert Center,Julianport,TN,94388,90373.42,Retired,688,12-07-26,BR036,TRUE,VERIFIED,Dominican Republic,branch
CUST001523,  Michelle,Rodriguez,"June 18, 2000",male,xrobertson@example.net,+1-464-795-7104,28422 Hubbard Parks,Lake Davidbury,PR,82659,62073.06,Driver,644,,BR025,0,verified,Solomon Islands,branch
CUST001524,Cody,Snyder,18-03-1945,F,jason03@example.org,(879) 425-1733,,,WV,21767,"$36,419.63",Sales Rep,322,2012-12-02,BR001,Yes,verified,Australia,branch
CUST001525,CHRISTOPHER,Johns,12/08/1994,F,christiepennington@example.com,000-000-0000,82124 Stephen Trail,Reynoldsmouth,TN,28430,56972.76,,519,"June 10, 2006",BR003,False,Verified,Iceland,Walk-in
CUST001526,Edwin,Andrews,00-12-17,F,avilajohn@example.net,+1-401-313-4496,994 Nelson Stravenue Suite 972,Kennethberg,TN,07718,"$108,106.20",Manager,757,11-07-2017,BR035,TRUE,pending,France,Walk-in
CUST001527,Tracy,Buchanan,05/18/1959,M,victoria17@example.com,839.749.0465,8145 Logan Squares Suite 465,New Cheryltown,KS,31726,135960.52,Engineer,634,03/28/2013,BR038,False,Not Verified,Belize,Branch
CUST001528,thomas,Grant,02-02-04,M,charlescrosby@example.org,5699975483,,Webbberg,WA,00000,124013.52,Driver,459,07-04-20,BR022,0,,Singapore,Walk-in
CUST001529,Wendy,ROJAS,19/12/1967,M,john22@example.com,4256038341,23720 Evans Cliff Suite 537,Lake Brettchester,IA,21629,52890.27,Analyst,594,23/02/2008,BR032,False,VERIFIED,Dominica,Walk-in
CUST001530,Caitlin,Middleton,1944-07-20,F,nhurley@example.org,+1-421-808-5837,18945 Jessica Point,Kathyshire,VT,90819,30813.39,Designer,446,13/05/2020,BR040,No,N/A,Mozambique,N/A
CUST001531,zachary,Mckinney,1991-02-19,F,roserhonda@example.net,1642581783,955 Lisa Flat,West Anne,NH,93861,74931.02,,655,02-11-2015,BR041,,Not Verified,Bolivia,ONLINE
CUST001532,  Kayla,Wallace,99/99/9999,F,nelsonmaria@example.net,,43087 Kevin Neck,Port Ashley,AK,64194,8104.62,Analyst,683,"February 07, 2003",BR001,0,verified,British Indian Ocean Territory (Chagos Archipelago),Referral
CUST001533,Paula,Miller,17/05/1976,Male,michaelharvey@example.net,+10014699102,4952 Scott Ports,West Douglasside,IL,11676,81310.87,Accountant,507 pts,2013-06-04,BR046,1,VERIFIED,Bermuda,Branch
CUST001534,SARAH,Cunningham,1979-09-24,M,whunter@example.org,N/A,23162 Bridges Land,North Tonyatown,IL,51086,64833.91,Developer,409,"December 21, 2009",,False,VERIFIED,Tokelau,Branch
CUST001535,Robert,Medina,,F,pcallahan@example.net,,91823 Lee Walk,Stantonmouth,GU,15339,53688.72,Designer,588,"May 16, 2000",BR017,0,verified,Bermuda,Walk-in
CUST001536,Donald,Beck,,M,manningjamie@example.net,N/A,482 Moore Drives Apt. 546,Stephanieview,NM,49791,14185.39,Clerk,0,2021-12-04,BR036,FALSE,Verified,Cyprus,Walk-in
CUST001537,Lisa,Reynolds,27/06/1966,M,phillipsmichael@example.net,+19364535423,6762 Robert Square Suite 617,Dawnshire,AL,36872,87976.0,Self-Employed,498,06/10/2007,BR012,TRUE,pending,Sri Lanka,Walk-in
CUST001538,michael,Walton,1998-05-29,F,katelynphillips@example.org,,71960 Kelly Terrace Suite 311,Williamsstad,MS,45487,51355.47,Engineer,587,16/12/2005,BR031,FALSE,verified,Dominica,Marketing
CUST001539,Pamela,Knight,"March 13, 1972",M,jacob11@example.net,125.482.4015,835 Stafford Parkway,South Jose,KS,83554,29052.91,Nurse,617,03/05/2013,BR032,False,VERIFIED,Monaco,online
CUST001540,shane,Cannon,"March 03, 1992",F,xandrews@example.net,9427542904,497 Brown Square Suite 867,Port Logan,ZZ,67555,0,Driver,416,2003-03-03,BR028,0,verified,Botswana,ONLINE
CUST001541,Matthew,Smith,71-09-14,M,hrichmond@example.net,001.494.9511,37100 Jessica Road Suite 963,Charlesside,PR,64182,69036.98,Designer,457,06-12-12,BR020,False,,,
CUST001542,Michael,Brown,78-04-19,F,lisawilliams@example.net,6613301446,94103 Snyder Pines Apt. 693,Lake Jessica,WI,95278,132028.81,Officer,529,27/03/2021,BR004,,VERIFIED,Malta,Branch
CUST001543,Patricia,Adams,"December 17, 2002",F,hornestephen@example.org,000-000-0000,773 Robinson Route,South Laurieberg,ZZ,45725,128144.07,Chef,384,2022-08-16,BR047,,pending,New Zealand,Online
CUST001544,Gary,Collins,71-06-20,F,millerallen@example.com,(149) 777-4009,1806 Aaron Junction Apt. 700,Browntown,CT,01309,54001.63,Accountant,813,,BR048,FALSE,N/A,Uruguay,Walk-in
CUST001545,Edward,Taylor,"January 28, 1960",M,jacksonrandy@example.org,+11605310118,7698 Cameron Canyon,West Christinaland,CO,56278,48922.58,Designer,,09-05-2000,BR050,TRUE,N/A,Denmark,branch
CUST001546,Mary,Hansen,09/19/1993,male,michaelbradley@example.com,000-000-0000,9655 Teresa Squares Suite 218,West Martha,KS,83930,86407.1,Developer,452,02/09/2010,BR032,Yes,,Malta,Referral
CUST001547,Brent,DOMINGUEZ,60-04-04,F,christine50@example.org,,32020 Davis Ford Apt. 031,Colemouth,KY,40769,35056.51,Teacher,420,11-12-22,BR041,0,,Maldives,Branch
CUST001548,Nicole,Thompson,28-12-1978,Female,fspencer@example.org,,602 Dougherty Inlet,Lake Bobfort,DE,54899,80562.72,Engineer,706,03-01-2005,BR048,FALSE,,French Southern Territories,branch
CUST001549,Lydia,Larson,1987-01-20,M,vanessa58@example.com,(001) 446-9577,287 Dustin Tunnel,,WI,23245,96812.81,Manager,416,05/14/2009,BR014,Yes,verified,Sri Lanka,Referral
CUST001550,Taylor,Gray,08-09-1948,M,jonathan84@example.org,349.646.4540,6594 Nolan Flats,East Derek,IA,40564,112942.66,Student,655,22/04/2000,BR040,TRUE,Verified,Somalia,Marketing
CUST001551,Stephanie  ,Cummings,1979-10-30,M,michaelbutler@example.org,4892657549,980 James Valleys,Fowlerland,WY,80650,66494.61,Officer,743,22/01/2010,BR016,,VERIFIED,Belarus,ONLINE
CUST001552,Rachel,POWERS,27-11-1980,M,garellano@example.com,N/A,428 Daniel Plains,Hutchinsonfurt,MA,05619,62871.42,Lawyer,488,13/05/2007,BR046,0,VERIFIED,Morocco,Referral
CUST001553,Kimberly,Bennett,"October 05, 1943",Male,xgilmore@example.org,+12796215109,00277 Devon Bridge Suite 569,Dustinchester,SC,25233,39270.61,Developer,848 pts,15-02-2009,BR019,TRUE,verified,Micronesia,Walk-in
CUST001554,Alan,Chen,48-04-06,F,patrickgonzalez@example.org,976-331-1431,42642 Anthony Lane Suite 614,New Jessica,MP,95896,41059.19,Accountant,617,99/99/9999,BR010,1,Pending,Madagascar,online
CUST001555,Monica  ,Brown,1994-06-13,F,uturner@example.org,,89724 Montoya Mount Apt. 245,Heathertown,VA,85858,62073.24,Consultant,608,07-08-19,BR004,No,verified,Wallis and Futuna,Online
CUST001556,Joshua,MARTINEZ,87-04-16,male,rodriguezdaisy@example.net,+1-911-877-8545,69233 Solis Street Apt. 025,Sherrimouth,VI,86846,82857.79,Clerk,,12/09/2022,BR031,Yes,verified,Cocos (Keeling) Islands,Online
CUST001557,  Michelle,Wood,05/16/1965,F,shawnshort@example.net,000-000-0000,5173 Michael Flat,Thomasport,MP,74309,101975.46,Student,9999,15-09-2010,BR002,True,Pending,Norfolk Island,Branch
CUST001558,Gregory,Rogers,"March 12, 1973",F,roy44@example.org,N/A,54825 Moore Orchard,New Roger,KY,26598,41888.74,Developer,763,11/04/2012,BR004,1,Verified,Peru,Online
CUST001559,KIMBERLY,Foley,"October 13, 1999",Female,jmiller@example.org,000-000-0000,67209 Callahan Summit Suite 066,Lake Sarahberg,VA,72134,122244.1,Manager,509,"October 16, 2023",BR022,Yes,Pending,Germany,Online
CUST001560,Tammy,Rojas  ,12/04/1997,m,annette44@example.org,449.833.1115,80603 Wright Fort,Jodiside,MD,23008,60510.67,Accountant,-1,10/27/2001,BR001,False,pending,Cameroon,ONLINE
CUST001561,Brooke,Davis,08/18/1996,M,raymond30@example.com,N/A,457 Harrison Highway Apt. 465,New Jasonfurt,IA,26799,69252.14,Designer,684,2004-06-27,BR042,Yes,Verified,Saudi Arabia,
CUST001562,  Gregory,richardson,57-09-13,F,janicegonzalez@example.com,957-886-6070,0695 Zachary Lake Apt. 610,Palmerchester,MN,45870,43847.59,Contractor,463 pts,06/17/2019,BR046,,verified,Tokelau,Marketing
CUST001563,Melanie,Clark,03-08-25,F,qhines@example.com,614.512.4043,600 Nicole Plaza Apt. 087,South Crystalhaven,FM,72774,0,Driver,536,2000-06-30,BR037,,Pending,British Virgin Islands,N/A
CUST001564,Brittany  ,Page,1982-03-16,F,thomasknight@example.net,001-493-3819,0181 Mclaughlin Motorway Suite 018,New Ryanmouth,TX,00000,"100941,59",Clerk,472,23-03-2003,BR019,FALSE,Verified,Tajikistan,Walk-in
CUST001565,Luis,  Martinez,24/05/1963,F,mandersonATexample.org,N/A,97493 John Dam,Rhodeschester,AS,24404,95789.54,Lawyer,689,"January 05, 2010",BR027,FALSE,pending,Slovenia,Marketing
CUST001566,Laurie,Cooper,12/19/1954,M,stephaniehenderson@example.com,818-525-6651,2715 Nichols Fields,Jacksonland,VI,97240,60153.54,Self-Employed,586,26-01-2001,BR034,,Pending,Western Sahara,branch
CUST001567,  James,Martinez,13/01/1997,F,andrew34@example.com,(674) 696-8757,544 Danny Vista Suite 398,North Katherine,MH,43744,72344.68,Analyst,553,05-03-2021,BR049,True,VERIFIED,United Kingdom,N/A
CUST001568,Mark,Daniels,1950-09-26,F,rmullen@example.org,+10017508315,387 Carter Overpass Apt. 341,West Julie,SD,68479,88057.87,Analyst,484 pts,"February 01, 2020",BR038,TRUE,N/A,,ONLINE
CUST001569,Mary,Weeks,01/27/1957,M,josephguerra@example.org,9572299766,336 Wyatt Oval,Scottville,AZ,96886,15310.9,Contractor,452,02-10-2010,BR032,1,pending,Ukraine,Walk-in
CUST001570,Victoria,hansen,,M,brendawinters@example.net,000-000-0000,20310 Sanders Haven Suite 518,Thomashaven,NM,94367,51483.16,Chef,501,"April 27, 2016",BR007,0,verified,United Kingdom,ONLINE
CUST001571,  Dawn,Owens,24/12/1951,F,michael87ATexample.net,N/A,9239 Davis Plain,East Kathleen,TN,68231,97799.26,Driver,605,26-11-2011,BR015,False,,Indonesia,branch
CUST001572,Philip  ,Gates,1993-08-31,M,dustin03@example.org,950-830-5241,33529 Greene Mountains Suite 039,Royland,AK,71272,26099.87,Student,673,"October 13, 2018",BR049,No,,Faroe Islands,
CUST001573,Kristin,MCMAHON,87-03-09,F,karinagarza@example.org,N/A,35456 Victoria Stravenue,Port David,N/A,26371,80274.53,Chef,401,27/05/2017,BR003,,pending,Vietnam,Referral
CUST001574,Elizabeth,Hunt,"February 03, 1991",FEMALE,gabriellatorres@example.net,+1-001-795-2312,02417 Jason Stravenue Suite 237,East Chris,ME ,83534,"$22,519.64",,500,2022-11-22,BR010,,Pending,,branch
CUST001575,Edward,Brown,31/07/1993,M,gmartinez@example.net,+13629177942,4821 Barry Neck,Traceyfort,TX,74875,USD 86325.05,Contractor,9999,2008-01-20,BR027,0,Not Verified,Italy,online
CUST001576,Joel,Walker,05/18/1990,F,grace49@example.com,996.351.9662,7065 Maxwell Mews Apt. 378,Heathermouth,NH,13153,"$68,752.55",Nurse,379,"June 01, 2020",BR019,TRUE,pending,Philippines,online
CUST001577,Nicole,Ford,,F,camerongarza@example.org,,445 Scott Vista,Stacytown,UT,01894,13470.39,Analyst,379,06/04/2019,BR003,Yes,Not Verified,Cyprus,
CUST001578,Catherine,crawford,,F,fisherkrista@example.com,N/A,92268 Mason Burg,South Michael,WA,64872,USD 110765.88,Accountant,711,2008-05-04,BR017,Yes,verified,Martinique,Marketing
CUST001579,Micheal,Garrison,24/01/1991,F,timothy65@example.org,3925464308,25750 Jones Estates,Longbury,N/A,49450,44289.29,Lawyer,9999,NULL,BR016,TRUE,N/A,Saint Martin,
CUST001580,Kathleen,Armstrong,17/10/1995,F,mitchell73@example.org,+14922662247,00245 Nelson Roads Suite 939,Salazarbury,TN,99700,41641.16,Officer,0,2023-11-20,BR007,TRUE,pending,Slovenia,branch
CUST001581,Kristina,Walker,08/06/1995,M,johngonzalez@example.org,3769883868,681 Bailey Summit,East Marvin,NM,83729,,Retired,507,,,No,verified,Netherlands,Marketing
CUST001582,Martha,Welch,20-10-1954,F,timothyproctor@example.org,+10012525199,2995 Amber Mountain,,FL,94821,110202.31,Sales Rep,368,10-04-2010,BR019,True,pending,Cape Verde,branch
CUST001583,Ricky,Welch,1959-09-09,Male,amandavillanueva@example.com,,6899 Jeff Lake Apt. 740,Mooreview,DC,51345,34446.24,Teacher,-1,03/16/2017,BR018,Yes,,British Indian Ocean Territory (Chagos Archipelago),branch
CUST001584,Brian,young,,F,joshuahawkins@example.com,(836) 351-8849,94063 Bonilla Falls,Tannerborough,PA,72686,72158.79,,529,12/04/2009,BR042,,,Guernsey,branch
CUST001585,Thomas,Hernandez,54-09-29,F,HGUERRERO@EXAMPLE.COM,,9245 Sarah Circles Suite 904,Adkinsstad,VA,80108,85008.58,,735,"October 19, 2008",BR050,0,,Libyan Arab Jamahiriya,Branch
CUST001586,Nicholas,Perez,12/16/1951,M,STEPHANIE53@EXAMPLE.COM,+1-499-461-0779,646 Katelyn Islands,East Stephanie,AL,19868,94258.7,Doctor,433,2006-08-12,BR014,,N/A,Luxembourg,Walk-in
CUST001587,Alex,Stevens,80-06-16,F,judy76@example.net,000-000-0000,120 Peterson Avenue Apt. 069,West Michaelstad,OK,29211,76175.45,Self-Employed,595,08/29/2013,BR038,Yes,N/A,Tonga,Online
CUST001588,Brenda,Stanley,99/99/9999,M,michellescott@example.com,,9933 John Common Suite 695,South Alexanderchester,PA,48910,USD 57154.03,Sales Rep,776,02/18/2020,BR035,1,Not Verified,Russian Federation,Referral
CUST001589,cameron,franco,02-06-15,F,robertrodriguez@example.org,587-240-8117,938 Chad Island Apt. 878,Taylorshire,IA,01476,41034.34,Designer,826,99/99/9999,BR049,True,Not Verified,,Branch
CUST001590,Kimberly,Lopez  ,11/20/1974,m,brian21@example.net,+1-205-660-8319,896 Baker Plaza Apt. 844,New Morganside,MP,56582,,Student,549,NULL,BR002,No,Pending,Guinea,N/A
CUST001591,Veronica,Stevens,"September 20, 1970",female,rebeccamay@example.org,125-428-7487,0944 Savage Lake Apt. 123,Brianfurt,SC,49649,32475.13,Developer,813,2009-01-10,BR034,No,,Tokelau,online
CUST001592,Nicholas,Huff,99/99/9999,M,anthony59@example.org,355-676-5789,3729 Janet Islands Apt. 196,New Davidberg,NH,55890,0,Officer,772,16-05-2010,BR050,Yes,Pending,United States of America,Walk-in
CUST001593,Kimberly,Crawford,"September 25, 1996",M,jacob32@example.org,+19199026623,813 Adrian Plain,North Wendy,MN,21797,85279.59,Chef,595,99/99/9999,BR010,False,verified,Egypt,Online
CUST001594,Travis,MORSE,1972-11-14,Female,clarkpaul@example.org,000-000-0000,05895 Amy Islands,Collierton,PW,12629,,Chef,576,27-04-2021,BR007,1,Pending,Timor-Leste,ONLINE
CUST001595,Lee  ,Walker  ,,F,shawn18@example.net,3777949148,4661 King Motorway,North Adamchester,PW,48138,0,Self-Employed,685,"January 14, 2017",BR012,1,Pending,Israel,Referral
CUST001596,Megan,Lozano,1983-04-21,0,jpatterson@example.com,N/A,344 Jesse Unions,Port Ronaldburgh,MS,56736,34659.43,Self-Employed,338,05-04-2018,BR006,Yes,verified,Ethiopia,N/A
CUST001597,William,Collins,1978-03-01,Female,foxphilip@example.com,(328) 783-6358,313 Jordan Via,South Peggyburgh,NM,66922,91670.4,Accountant,-1,"December 21, 2004",BR049,1,pending,French Guiana,Online
CUST001598,Thomas,PHILLIPS,"March 10, 1950",F,kspence@example.org,422.439.1761,858 Stanley Crest Apt. 574,New Sethmouth,KY,04119,142012.34,Doctor,618,14/02/2016,BR039,0,Pending,Tonga,Online
CUST001599,Shannon,Bishop,18/06/1970,M,autumnbarnes@example.net,+1-656-657-7990,1180 Green Island,New Rachaelberg,LA,14194,70727.78,Self-Employed,683,09/12/2021,BR043,Yes,Pending,Heard Island and McDonald Islands,
CUST001600,Sandra,  Palmer,08/11/1999,M,jyoung@example.com,,3375 Andrew Viaduct Suite 691,Ryanville,MS,90269,44519.9,Doctor,527,12-12-2016,BR019,False,verified,Western Sahara,Marketing
CUST001601,Kent,Jones,"June 01, 1966",M,eperez@example.com,(940) 391-3417,1451 Aguilar Courts Suite 955,New Tom,IL,50788,63598.62,Self-Employed,328,03-06-01,BR007,1,pending,Mexico,branch
CUST001602,Barry,Wiggins,03/25/1966,m,brookesimmons@example.org,N/A,907 Kristin Stream,Hillmouth,AL,31447,118120.67,Contractor,848,13-12-2011,BR045,,Verified,Angola,N/A
CUST001603,Elizabeth,Gray,19/07/1964,M,greenjennifer@example.org,000-000-0000,2237 Marissa Ridge,Brianborough,FL,85565,47391.25,Manager,532,07-03-25,BR026,1,pending,Hungary,
CUST001604,Pamela,Rivera,"June 12, 1980",F,greenjesus@example.org,,59964 Robert Roads,Hollowaytown,00,74119,42028.28,Student,589,12-07-12,BR025,TRUE,,Nigeria,
CUST001605,Jasmine,Moore,08/26/1977,Female,nicole51@example.com,183.166.4119,254 Ronnie Canyon,Martinezshire,TN,24507,53103.98,Teacher,759,"January 31, 2007",BR041,1,pending,Chad,Online
CUST001606,Jaime,Green,16-07-1946,MALE,melissa99@example.org,149-579-4589,747 Thompson Groves,Ellisfurt,00,41747,36633.5,,821,12/11/2017,BR009,Yes,Verified,Bosnia and Herzegovina,online
CUST001607,FRANCISCO,singleton,2004-09-08,female,wanda38@example.org,576-565-7031,3421 Mitchell Pass Apt. 545,Robertshaven,NC,93846,74293.46,Student,423 pts,"December 06, 2021",BR010,FALSE,Verified,Niue,online
CUST001608,Jerry,Coleman,,M,annamartinez@example.org,(343) 909-3535,466 Shelby Meadows,Lake Jonathan,CT,47416,126863.75,Teacher,328,02-04-2006,,True,VERIFIED,Lebanon,Walk-in
CUST001609,Kimberly,Perry,83-07-02,1,smithbrandon@example.org,730-722-1239,16983 James Point,Rhondaville,KS,17090,81307.77,Consultant,707,08-05-02,BR040,0,Verified,Vietnam,
CUST001610,Frank,FUENTES,1983-05-11,F,robertkidd@example.org,N/A,678 Snyder Parkway,Port Marialand,TX,16840,61167.63,Officer,-1,11/26/2022,BR006,FALSE,Verified,Northern Mariana Islands,Online
CUST001611,Michael,jacobs,"November 08, 1947",F,gregoryherrera@example.org,+12265355469,693 Austin Wells,Seanshire,NH,32920,59786.61,Clerk,491,28-02-2007,BR017,Yes,,Christmas Island,Branch
CUST001612,  James,Kelley,"January 02, 1971",Male,kelly52@example.com,000-000-0000,930 Hicks Common,Alexanderside,NE,65439,15288.32,Chef,378,"December 15, 2022",BR029,,Verified,Wallis and Futuna,Branch
CUST001613,Ashley,Myers,1957-12-01,F,elizabethsampson@example.net,+1-121-924-8746,1551 Charles Islands,Escobarmouth,IL,44178,100908.84,Clerk,568 pts,2019-04-23,BR005,False,Pending,Costa Rica,Marketing
CUST001614,James,Suarez  ,"January 27, 1983",Male,andersonkimberly@example.net,(136) 686-8685,,North Brian,TN,00000,"67275,7",Clerk,425,2010-08-31,BR016,No,Not Verified,Puerto Rico,N/A
CUST001615,Richard,boyer,"April 19, 1993",M,torreschristina@example.com,,03027 Berry Canyon Suite 869,Franklinmouth,VI,68842,63683.2,Engineer,0,"August 01, 2020",BR039,False,N/A,French Southern Territories,Marketing
CUST001616,James,Valenzuela,"August 29, 1992",M,corybradley@example.com,000-000-0000,409 Logan Union,Julieport,AL,47460,181758.76,,818,NULL,BR010,No,pending,Solomon Islands,Online
CUST001617,BRIAN,Bailey,"December 11, 1986",FEMALE,padillaemily@example.com,000-000-0000,439 Justin Forest Suite 042,Anthonyland,NH,37617,80456.35,Nurse,849,2010-01-29,BR046,No,Verified,Russian Federation,Branch
CUST001618,Crystal,Taylor,"April 26, 1978",M,sarahlyons@example.net,(385) 427-6820,6614 Kimberly Plain,New Lindatown,GA,01550,43687.31,Engineer,584,15-04-22,BR016,Yes,,New Caledonia,ONLINE
CUST001619,Kathleen,Mcdonald,06-11-1945,MALE,lawsonemily@example.com,,53379 Smith Loaf,West Rachaelbury,NH,63231,55077.48,,648,06-12-2023,BR022,0,Not Verified,Uruguay,Marketing
CUST001620,Michael,murray,16-03-1946,F,james17@example.org,,647 Hendricks Cliff Apt. 311,Christopherchester,NY,30228,110195.6,Student,579,06-05-10,BR027,1,N/A,New Zealand,Marketing
CUST001621,kelly,Ryan,30/09/1993,M,eric66@example.org,6543309903,,North Michael,MS,84464,73964.46,,375,2004-05-25,BR037,,VERIFIED,Guam,Referral
CUST001622,James,Wilkins,03/18/1943,M,freynolds@example.org,N/A,8529 Farmer Port,Lake Jonathan,PR,53759,19660.27,Consultant,723,02/12/2014,BR033,1,Verified,Guinea,branch
CUST001623,TERESA,Bryant,1983-10-06,M,yolandawalker@example.org,000-000-0000,154 Eric Green,Shawtown,FM,59817,10217301.0,Accountant,394,2022-05-01,BR036,TRUE,Not Verified,Tuvalu,online
CUST001624,MATTHEW,Rodriguez,28/08/1946,M,donaldwalters@example.org,+1-184-961-4105,2126 Sutton Haven,South Tom,NY,85419,46614.96,Designer,694,"April 13, 2012",BR031,FALSE,VERIFIED,Western Sahara,Online
CUST001625,KATRINA,Carr,02/10/1943,Male,tmendoza@example.com,926-498-6301,0267 Carrie Lights,West Melissaport,RI,12824,USD 135565.42,,437,"April 24, 2002",BR019,No,verified,Togo,ONLINE
CUST001626,Amber,Wilson,06/19/1977,M,hgomez@example.com,+1-001-403-9849,614 Karen Port Suite 615,New Nicole,GA,96408,107801.68,Developer,696,01-08-05,,No,Pending,Guadeloupe,
CUST001627,Stephanie,  Hayes,24-04-1960,female,pruittwilliam@example.org,N/A,85951 Brittany Drives,,AZ,61409,54343.73,Retired,738,2002-12-25,BR021,TRUE,Pending,Cape Verde,Walk-in
CUST001628,Dylan,Williams,10/04/1942,Male,johnfitzgerald@example.org,539-989-5111,87927 Price Mill Apt. 360,Ianshire,WI,00000,114835.57,Retired,516,12/14/2012,BR046,False,VERIFIED,Hungary,Branch
CUST001629,Lisa  ,Chang,11-03-1997,1,tmurphy@example.com,+11348665743,919 Thomas Extensions Apt. 130,New Josephborough,OR,16182,72374.94,Consultant,804,05-09-14,BR049,True,Verified,French Guiana,Walk-in
CUST001630,Rachel,Riley,06/05/1998,M,fischercharles@example.net,,27192 Douglas Pike Suite 416,Lake Nicholasborough,TX,54040,"99847,08",Clerk,578,99/99/9999,BR046,TRUE,,Sudan,branch
CUST001631,Harold,Rivas,44-02-13,female,N/A,(638) 313-7057,76226 Burke Crossing,Davidside,IL,69495,86965.65,Clerk,506,2019-03-11,BR007,No,Verified,Guernsey,Walk-in
CUST001632,Christopher,Reynolds,,M,trevor11@example.com,246.468.4713,,West Adriennemouth,TX,16331,40377.52,Retired,340,09/15/2011,BR013,No,VERIFIED,Taiwan,Referral
CUST001633,Corey,RICHARDSON,21/07/2001,M,sextonmargaret@example.org,846-402-3535,40812 Matthew Forks,South Tylerfurt,MO,06932,47475.76,Retired,726,04/18/2017,BR006,True,N/A,,N/A
CUST001634,douglas,Davis,07-03-1959,male,stevenkemp@example.net,154.758.7181,7051 Deborah Track Suite 730,East Whitneyburgh,CT,28756,106048.63,Student,829,26/07/2000,BR034,1,,Brazil,Online
CUST001635,janet,Terry,"March 01, 1943",M,larryblackwell@example.org,000-000-0000,49001 Barnes Stravenue Apt. 345,North Jonathanstad,CO,87876,58282.86,Chef,463,"April 28, 2017",BR049,Yes,verified,Benin,Branch
CUST001636,james,Williams,15-10-1947,M,ramospaul@example.com,000-000-0000,098 Martinez Inlet,New Danielfurt,OK,52037,55872.3,Driver,666,05/24/2018,BR013,1,Not Verified,Netherlands,Online
CUST001637,Donald,norman,"October 12, 1942",M,  penny05@example.com  ,+1-424-277-2139,0494 Thomas Squares,Port James,MH,82299,36570.71,Accountant,452,28/06/2003,BR031,,Not Verified,Antarctica (the territory South of 60 deg S),branch
CUST001638,Bryan,Brown,06/12/1949,F,hhenderson@example.com,(772) 618-5893,7057 Margaret Unions,Port Robert,MS,45912,84825.97,Driver,0,10-09-24,BR031,Yes,VERIFIED,Hungary,N/A
CUST001639,Melody,Steele,"June 28, 1954",F,beckerleslie@example.com,2717571112,9679 Linda Lodge,West Jennifer,MA,18490,142188.37,Sales Rep,681 pts,13/09/2005,BR023,0,Not Verified,Guatemala,ONLINE
CUST001640,Steven,Miller,2005-04-30,0,dawsonruth@example.org,+13598848086,43422 Fernandez Forge,Port Miranda,UT,90931,"$32,636.35",Chef,388,"August 16, 2009",BR033,No,verified,Afghanistan,Referral
CUST001641,Calvin,Allen,28/12/1959,FEMALE,alecsmith@example.org,337.665.8490,6502 Cole Overpass,Lake Joditon,RI,43087,70847.68,Driver,700,"November 04, 2015",BR036,True,verified,New Zealand,Marketing
CUST001642,Brian,Fleming  ,13/12/1978,1,kmoss@example.org,+1-863-669-1991,2696 Robert Fields,Mckayfort,FM,09213,119427.72,,328,2023-04-13,BR039,1,Pending,,branch
CUST001643,Stanley,Fletcher,95-04-02,F,jacob69@example.net,(626) 391-5489,5277 Michael Turnpike,Morganmouth,AZ,00000,67212.55,Clerk,797,08/01/2003,BR028,True,pending,Gibraltar,N/A
CUST001644,Russell,baker,12/29/1987,F,stephensstephanie@example.net,0015889678,4142 Craig Harbor,Jasonburgh,ND,87500,85833.01,Contractor,393,03-08-11,BR018,,Verified,Serbia,online
CUST001645,Sarah,Walls,"June 22, 1950",F,allen62@example.com,+12862357236,5446 Lara Gateway,Port Bryan,WA,06005,32816.23,Clerk,525,04-11-2015,BR041,TRUE,Pending,Tonga,Online
CUST001646,Rose,Morris,55-08-16,male,ghart@example.com,N/A,1709 Wilson Terrace Apt. 356,West Timothy,00,17932,84990.75,Clerk,507,NULL,BR024,FALSE,Pending,Bangladesh,Referral
CUST001647,Brian  ,Cowan,03-06-1979,M,thomasanthony@example.com,001-595-2500,727 Hamilton Unions Apt. 021,Floresshire,HI,74079,63449.95,Manager,0,2006-03-23,BR038,True,pending,Croatia,Walk-in
CUST001648,Anne,Johnson,03/02/1952,F,stephenwilson@example.org,147-650-7203,,Vancefort,PW,00000,104500.55,Clerk,302,10/02/2019,BR020,TRUE,verified,Haiti,Branch
CUST001649,robert,alvarez,1943-12-26,Male,selena68@example.com,+1-224-914-8426,7465 Rhodes Mill Suite 645,Port Heatherburgh,KY,18529,111558.51,Teacher,330,30/06/2020,BR003,0,verified,Kiribati,N/A
CUST001650,Ashley,Baker,51-11-05,FEMALE,melaniejensen@example.net,000-000-0000,41448 Ortega Mill Suite 763,Hopkinsland,AK,25832,160634.73,Accountant,717 pts,01/07/2012,BR032,1,Pending,Bangladesh,N/A
CUST001651,Alexandria,Gonzales,1988-11-17,FEMALE,tylerrusso@example.com,(268) 788-6742,578 Powell Divide,South Jasonchester,MA,12643,90287.16,Engineer,466,"May 02, 2018",BR002,TRUE,Verified,Martinique,Branch
CUST001652,Jennifer,Mathews,28-12-1967,male,reedchristopher@example.org,000-000-0000,466 Krista Cove,Smithstad,OK,31555,81402.87,Lawyer,369,2023-07-17,BR025,TRUE,Verified,Nicaragua,Walk-in
CUST001653,Robert,Johnson  ,02/11/1965,Female,mike22@example.com,(512) 746-5529,8320 Erik Mountain,North Jasonland,NY,07079,76803.45,Student,9999,04/02/2013,BR020,False,Verified,Bahamas,Walk-in
CUST001654,Douglas,Francis,14-09-1999,M,johnsonkathy@example.net,000-000-0000,21836 Carpenter Stream,Cindybury,MI,77521,57639.18,Consultant,523,07/31/2021,BR003,True,VERIFIED,Malaysia,branch
CUST001655,Danielle,Warren  ,"January 01, 1972",F,wburke@example.com,,370 Jordan Hills,Sweeneyhaven,KY,46073,81846.93,Engineer,445,29-03-2007,BR009,1,verified,Mongolia,Referral
CUST001656,Amber,Mendez,1950-10-06,F,guzmannoah@example.org,000-000-0000,899 Thompson Grove Suite 463,East Jessicaview,WY,18823,,Doctor,722,2015-11-08,BR035,FALSE,verified,Poland,N/A
CUST001657,Sarah,Riley,08-06-1944,female,STEPHENWILLIS@EXAMPLE.NET,N/A,128 Miller Lights Suite 054,,MP,14679,75896.13,Clerk,402,02-07-2006,BR023,0,Pending,Saint Barthelemy,Branch
CUST001658,Paul,Rivera,1994-07-05,FEMALE,tracysmith@example.net,277.951.9003,7843 Ronald Glens,Robertbury,CA,08609,116115.91,Officer,372,18-10-08,BR005,No,verified,Svalbard & Jan Mayen Islands,ONLINE
CUST001659,Linda,clark,89-08-12,F,traceygardner@example.net,+1-443-376-7305,,Mcclureview,WV,45232,34771.01,Doctor,489,02/12/2013,BR039,No,VERIFIED,Netherlands,ONLINE
CUST001660,Susan,Barnes,NULL,M,dillonharris@example.org,(191) 235-5889,25706 Leach Mount Suite 924,,KS,93939,109895.75,Teacher,-1,18-02-2023,BR045,FALSE,,Svalbard & Jan Mayen Islands,Walk-in
CUST001661,Matthew,Fitzgerald,08/26/1945,F,mnguyen@example.com,000-000-0000,2645 Mercado Ports,Tammyhaven,LA,49152,116099.03,Self-Employed,646 pts,00-03-15,BR009,1,N/A,Malaysia,Marketing
CUST001662,jason,Garcia,"September 12, 1974",f,mcbridealexis@example.com,+1-175-827-2632,1926 Lopez Summit,,AL,23175,65867.6,Sales Rep,755,07-08-20,BR008,0,,Dominica,
CUST001663,Andrea,Gonzales,NULL,M,sarahblack@example.net,+1-873-766-4970,196 Walker Shore,West Robert,ID,76673,0,Teacher,520,11-02-11,BR026,TRUE,,Grenada,Referral
CUST001664,Kristina,Jackson,23-08-1960,M,atkinsnicole@example.net,+1-400-200-8222,560 Kelly Lights,Port Sergiotown,VI,12580,48726.23,Driver,618,"February 26, 2023",BR019,,Pending,France,Branch
CUST001665,Theodore,Herrera,"October 10, 1990",0,lisa59@example.net,+10017119739,27316 John Keys Apt. 245,South Lynnborough,DC,97755,115394.81,,686,04-12-11,BR043,,verified,Kyrgyz Republic,Referral
CUST001666,Kristen,Bean,79-09-02,M,eric41@example.net,+1-394-656-4686,840 Adam Village,Port Heidiborough,WV,58644,69199.62,Consultant,700,"May 03, 2015",,False,Verified,Estonia,Marketing
CUST001667,JAMES,Dixon,1980-08-26,M,bdennis@example.com,+1-582-932-2583,23345 Darrell Harbor Apt. 776,Stevenchester,GU,57791,35024.42,Consultant,683,"September 20, 2006",BR049,0,Not Verified,Belgium,
CUST001668,Bobby,Pearson,1999-10-21,0,smithmichael@example.org,000-000-0000,914 David Radial Suite 315,Cynthiahaven,AR,85500,52332.88,Retired,413,08-05-02,BR016,FALSE,N/A,Andorra,Marketing
CUST001669,Wesley,wood,80-11-26,M,steven13@example.org,+1-238-323-7084,813 Espinoza Springs,Melissaside,ME,23696,99421.7,Consultant,576,11/19/2016,BR014,True,,Nicaragua,N/A
CUST001670,Jeremiah,Tapia,08-05-1978,M,,773.637.0106,27931 Amanda Wells Suite 277,Roberttown,NE,91620,89135.67,Accountant,359,NULL,BR036,,Pending,Angola,branch
CUST001671,Kevin,Wagner,08-07-1942,M,xsmith@example.com,811-682-8921,8309 Morris Flat,Gonzalezview,OR,18148,61637.38,Designer,728,08-10-2004,BR017,Yes,Pending,Macao,N/A
CUST001672,Crystal,russell,12/19/2000,M,blackrichard@example.net,(456) 286-3454,925 Rice Garden Apt. 035,Lake Jacquelineside,WI,60796,57161.15,Designer,732,22/04/2001,BR032,True,,Heard Island and McDonald Islands,Online
CUST001673,RICHARD,Odom,1998-12-19,M,jonathanrobertsATexample.org,001.908.4853,8340 Aguilar Spur Apt. 281,South Eileenland,mh,64867,56288.46,Clerk,628,05-02-2010,BR023,0,Pending,Korea,Branch
CUST001674,  Elizabeth,Wilson,12/26/1945,M,justinthompson@example.com,000-000-0000,800 Anthony Bridge Apt. 330,Lake David,GU,72269,37715.64,Designer,719,15-01-2012,BR039,FALSE,Not Verified,Namibia,branch
CUST001675,Andrew,Sexton,03/12/1990,F,davislori@example.org,001.592.9158,,Sampsonmouth,MS,10396,126538.15,Sales Rep,0,19-02-2005,BR003,TRUE,,,Branch
CUST001676,Zachary,Gillespie,99/99/9999,m,ronald91@example.com,000-000-0000,192 Michelle Turnpike Apt. 382,Baileyville,OK,62118,58718.78,Analyst,535,06/01/2006,BR044,0,Not Verified,Martinique,Branch
CUST001677,Cynthia,Maxwell,09/05/1940,female,estephens@example.org,8668991699,4865 Ramos Island Suite 767,Lake Elizabeth,AS,00000,,Self-Employed,782,"November 25, 2018",BR011,TRUE,Pending,Niue,online
CUST001678,William,Williams,1978-07-17,M,uflores@example.com,+18239373393,7073 Green Lodge Apt. 521,Cooleyborough,DC,09244,123246.06,Doctor,626,08-08-31,BR022,,N/A,Egypt,online
CUST001679,Jeffery,LITTLE,"November 09, 1999",m,lbecker@example.org,000-000-0000,079 Marissa Spring Apt. 623,West Joycebury,WI,40682,104940.88,Teacher,672,2014-04-09,BR024,FALSE,pending,French Polynesia,ONLINE
CUST001680,Colleen,Hart,"March 21, 1993",F,dcollins@example.org,,3650 Garcia Divide,Maynardburgh,KY,01921,54893.29,Consultant,695,08-06-2023,BR037,Yes,verified,Madagascar,N/A
CUST001681,Catherine,Martin,69-02-13,F,tbrown@example.org,000-000-0000,1045 Jennifer Cape,Patrickhaven,VI,80224,84130.55,,789,05-08-2014,BR023,Yes,verified,Mexico,Referral
CUST001682,Sarah,Madden,03/01/1963,1,geraldallen@example.net,N/A,1741 Russell Key,Kevinland,AS,24525,69153.15,Lawyer,340,04/02/2019,BR002,,N/A,Egypt,Online
CUST001683,  Michele,Mahoney,1951-10-27,M,michael16@example.com,000-000-0000,0074 Clark Fall Suite 019,South Michaelfurt,KS,60929,38370.43,Designer,746,02-10-13,BR036,0,verified,Angola,Walk-in
CUST001684,Lindsay,Curtis,"November 18, 2001",f,orichard@example.net,+1-878-613-4145,535 Ashley Skyway,Jamesstad,WA,99707,81352.57,Lawyer,747,"June 14, 2011",BR015,TRUE,N/A,Belarus,
CUST001685,Martha,RAMIREZ,03/20/2003,F,mhurley@example.org,+1-134-645-1327,3847 Jessica Points Apt. 920,Brandonville,MS,28192,2873361.0,Doctor,689,,BR025,No,Verified,Dominican Republic,Online
CUST001686,Ashley,Navarro,02/01/1979,1,donnameyers@example.com,+1-359-332-8657,491 William Summit,North Nicole,NE,23201,111568.78,Sales Rep,507,04/05/2017,BR043,True,Not Verified,Trinidad and Tobago,N/A
CUST001687,John,Patel,04/02/1994,M,rhondahaney@example.net,945.816.7917,960 Oliver Corner,South Donaldberg,00,30437,53738.39,Driver,772,26/06/2016,BR042,No,Verified,Yemen,Walk-in
CUST001688,Tonya,Nguyen,73-03-10,M,wrightjason@example.org,653.756.2872,0941 Leon Shores,Davischester,OH,22231,77040.59,Officer,473,2022-11-08,BR049,True,VERIFIED,Martinique,online
CUST001689,Elizabeth,Medina,12/05/1987,F,HERRERADAVID@EXAMPLE.COM,(882) 616-3629,22322 Moore Meadows Apt. 783,Huntland,GA,45118,79915.08,Nurse,679,2007-11-22,BR038,Yes,VERIFIED,El Salvador,Online
CUST001690,dalton,  Peterson,08/07/1985,F,sarahstrickland@example.net,000-000-0000,1057 Contreras Bypass Suite 525,East Beth,SC,00000,,Self-Employed,818,21-04-2005,BR042,,,Brunei Darussalam,N/A
CUST001691,Joseph,Houston,06/04/1962,F,joshuabrooks@example.net,000-000-0000,,Lake Amy,DE,98004,90534.28,Self-Employed,690,,BR050,TRUE,pending,,Referral
CUST001692,Marco,hayes,30/09/1991,m,whenderson@example.net,(916) 322-0437,487 Juan Glen Apt. 615,New Monica,TX,89418,53378.37,Officer,684,2018-09-08,BR018,,verified,Dominica,Walk-in
CUST001693,Adam,Walton,02/05/1969,male,jessicadalton@example.net,482-407-8098,252 Adam Squares,Katrinaborough,SC,45786,100495.41,Consultant,574,18-08-2002,BR004,False,Verified,Philippines,Branch
CUST001694,jonathon,Cunningham,1963-01-15,M,brandonmoore@example.net,+1-499-402-5100,825 Armstrong Turnpike Apt. 594,East Ryan,AZ,30913,22890.71,,594,2023-12-12,BR032,1,N/A,Christmas Island,online
CUST001695,Mary,Evans  ,79-07-31,F,foleytaylor@example.net,203.878.1715,46088 Underwood Estates Apt. 851,Christopherburgh,DC,85188,74423.29,Manager,767,29/05/2002,BR013,FALSE,VERIFIED,Tokelau,Walk-in
CUST001696,William,Hendricks,24/05/1960,m,smithashley@example.net,+1-001-574-8941,737 Heidi Ridges Apt. 125,Hunterhaven,UT,27208,137862.51,Lawyer,513,04/10/2003,BR022,False,pending,Ethiopia,N/A
CUST001697,Kathleen,HALE,"March 28, 1965",F,qweaver@example.com,+11671954295,07191 Jesse Field Apt. 635,North Colleen,NJ ,24033,34988.4,Doctor,429,10/10/2020,BR050,FALSE,Not Verified,Cook Islands,N/A
CUST001698,Joseph,Rosario,18/03/1955,1,watsonamanda@example.net,N/A,54211 Carr Ranch,New Earlfurt,MD,88504,46278.93,Retired,766,09-01-24,,No,Pending,Mozambique,ONLINE
CUST001699,Matthew,Alvarez,"October 06, 1979",1,phillipprice@example.com,,10638 Howard Villages,Joefurt,MI,35301,87986.77,Analyst,333,15-11-2017,BR017,,verified,,Online
CUST001700,Tammy,Carroll,13-05-1965,M,christopher89@example.net,(158) 189-7855,345 Ferguson Ranch,North Theresa,LA,81374,76285.36,Contractor,332,22-02-26,BR044,,Pending,Faroe Islands,branch
CUST001701,Brandon,Williams,"February 11, 1999",M,johnsonadam@example.net,000-000-0000,0307 Smith Port Apt. 640,North Nicholasville,AR,75896,82272.05,Designer,482,26-06-2006,BR025,False,verified,Bosnia and Herzegovina,N/A
CUST001702,Scott,BENNETT,01/12/1941,F,smithlinda@example.com,,85665 Wilkerson Gardens,Samanthahaven,CT,19869,87121.55,Retired,579,14/01/2007,BR026,True,N/A,Seychelles,N/A
CUST001703,Vicki,Holmes,NULL,female,smithcourtney@example.net,000-000-0000,32558 Christopher Streets Apt. 277,Garciastad,PR,13001,92215.25,Doctor,495,20-10-23,BR040,True,verified,Mayotte,Referral
CUST001704,Anthony,BRIGHT,1991-05-07,1,larry46@example.com,+16006425976,479 Miller Lock Apt. 499,Port Carlview,AK,91296,108839.49,Designer,586,NULL,BR025,1,Not Verified,Turkey,Branch
CUST001705,briana,Smith,1951-02-11,Male,sarah44@example.net,925.821.6538,675 Melanie Row Suite 203,Port Tiffanymouth,NJ,77731,84343.65,Self-Employed,491,14/03/2022,BR040,No,,Nauru,Online
CUST001706,Troy,Sullivan,"December 09, 2001",M,kristen11@example.org,+18502778363,227 Kathryn Manor,Jacksonbury,MI,24121,61555.98,Developer,779,03-11-21,BR048,No,Not Verified,United Kingdom,Marketing
CUST001707,Robert,Miller,2005-08-20,M,athompson@example.com,000-000-0000,200 Mark Spur,North Joshua,VI,95251,93540.08,Accountant,676,06-07-05,BR024,TRUE,Verified,Iran,online
CUST001708,Thomas,Parker,1973-12-23,F,xdavis@example.net,4339115648,18483 Nicholas Port Apt. 152,Kinghaven,NH,00000,136495.87,Clerk,502,"September 24, 2000",BR028,No,Pending,Sao Tome and Principe,Online
CUST001709,Bryan,CRUZ,"November 05, 2003",M,jenniferclark@example.org,000-000-0000,7412 Garcia Cove Apt. 340,South Baileyland,OR,40361,65357.82,Engineer,490,2019-09-08,BR048,True,verified,Ethiopia,branch
CUST001710,VICTORIA,  Fletcher,02-10-2000,M,nicole66@example.net,001.662.7536,417 James Wall Apt. 300,East Kelly,hi,17417,35891.47,Teacher,344,04/17/2016,BR004,0,N/A,Djibouti,
CUST001711,Tammy,cole,16-09-1972,M,tesparza@example.org,3353199972,2927 Mary Ridges,Lake Brian,AS,62256,USD 108747.82,Designer,388,"March 10, 2008",BR037,1,verified,Japan,Referral
CUST001712,Crystal,  Martinez,"June 25, 1956",M,lunaclarence@example.net,N/A,2049 Clayton Mall,,ND,52995,65786.66,Chef,744,2008-11-05,,0,Pending,Russian Federation,Referral
CUST001713,Michael,Smith,1949-05-23,M,jason22@example.com,+1-001-283-9929,657 Bauer Island Suite 395,New Ashley,KS,56036,0,Manager,341,NULL,BR041,0,N/A,Dominica,
CUST001714,Kathryn,Martin,08/19/1965,M,matthew34@example.com,N/A,44944 Mccormick Shores,Amandahaven,MI,87644,99659.76,Consultant,774,12-01-2018,BR026,No,pending,Indonesia,Online
CUST001715,Kimberly,moody,11/24/1977,female,kevin51@example.net,+12219572991,39143 Scott Turnpike,Elizabethville,WI,17842,51263.51,Student,553,"August 08, 2018",BR028,False,,Croatia,Online
CUST001716,Jessica,Bell,1972-12-26,M,michael25@example.net,+1-001-513-2720,039 Jonathan Points Suite 207,Tanyaborough,OK,15672,66831.34,Student,679,2020-04-07,BR025,FALSE,Pending,Svalbard & Jan Mayen Islands,Referral
CUST001717,CAROL,Hodges,"March 17, 1988",F,anamoore@example.net,N/A,50681 Davis Corners Suite 627,Randallchester,GA,09859,81619.31,Accountant,723,"October 01, 2016",BR027,0,pending,Latvia,ONLINE
CUST001718,SARAH,Mccarthy,21-11-1962,M,rhowe@example.com,0016249381,01446 John Green Suite 545,North Davidberg,DC,10121,76667.49,Nurse,374,26/02/2001,BR005,,VERIFIED,United States of America,Online
CUST001719,CHRISTINA,Mcdaniel,NULL,Male,anita31@example.org,559-230-8989,220 Jennifer Inlet,Port Vincentchester,PW,78111,94830.81,Officer,388,02-11-06,BR023,,,Kazakhstan,Online
CUST001720,Brandon,Lindsey  ,13/03/1963,M,mharrell@example.net,+1-122-822-6674,3549 Lopez Shores Suite 901,North Jeff,MA,25260,"54757,98",Engineer,622,21-06-18,BR032,0,verified,Austria,Online
CUST001721,David  ,morgan,55-03-09,F,gabrielle36@example.net,6662937067,148 Isaiah Cliffs,Reneemouth,WV,91970,87958.7,Manager,630,06/12/2005,BR034,TRUE,verified,Lithuania,ONLINE
CUST001722,HENRY,PRESTON,"February 03, 1978",M,nicholas32@example.org,585.855.0269,2288 Harrington Ports,New Edward,VA,70241,60915.87,Teacher,334,11/15/2010,BR013,0,,North Macedonia,Marketing
CUST001723,Tammy,Simon,30-06-1963,M,gwalter@example.net,401.506.5285,41637 Steven Estates Suite 420,Port Tiffanystad,AR,24514,95858.37,Analyst,635,"June 18, 2010",BR045,Yes,pending,,
CUST001724,Debra,carter,08/06/1974,1,tannerscott@example.net,(797) 378-8104,054 Nicole Hill Suite 840,Danielport,NM,14192,91537.86,Engineer,548,"May 04, 2007",BR028,,verified,Eritrea,Online
CUST001725,Adam,HUNT,1988-09-01,M,kfreeman@example.com,+1-556-999-2291,168 Craig Inlet,Bradfordbury,IN,02003,37259.65,Contractor,374,"December 04, 2002",BR034,False,VERIFIED,Slovakia (Slovak Republic),Walk-in
CUST001726,Cindy,Levine,1974-09-10,F,thomas91@example.com,959.928.4276,65374 Moss Track Suite 856,Lake Scott,MS,39369,108009.37,Self-Employed,761,16-05-2001,BR036,FALSE,N/A,Dominica,N/A
CUST001727,Randy,  Delgado,"January 03, 1983",F,davisrichard@example.net,9954241716,3432 Miller Crossing Apt. 028,Lake David,KY,75423,51241.28,Driver,534,"March 06, 2016",BR002,1,Pending,Papua New Guinea,
CUST001728,Kendra,Nelson,08/03/1986,M,millerjudith@example.org,874.374.8157,38021 Jonathan Unions Apt. 470,Lake Tylershire,HI,60970,,Manager,557,26/11/2019,BR033,Yes,verified,Maldives,branch
CUST001729,Dawn,Cox,27-06-1998,M,jessica64@example.org,(842) 447-0269,2972 Kristen Trail,,IA,92354,82855.06,Student,563,"January 15, 2017",BR032,No,verified,Brazil,branch
CUST001730,Jennifer,Mills,,F,gbray@example.com,+10014332445,569 Stephanie Point,Joshuaberg,NV,68335,134336.43,Student,538,01/14/2015,BR050,Yes,VERIFIED,Cook Islands,Branch
CUST001731,Robert,Anderson,23-12-1949,M,tarnold@example.com,(174) 154-7904,926 Mary Meadows Apt. 823,North Susan,AK,02308,62178.69,Contractor,447,,BR001,TRUE,VERIFIED,Pitcairn Islands,
CUST001732,Dana,Wheeler  ,19/09/1985,M,fishertimothy@example.net,+1-446-455-3092,28816 Jamie Island,Port Tasha,HI,94465,57773.91,Doctor,574,2019-10-25,BR040,FALSE,Verified,Ukraine,ONLINE
CUST001733,Edward,Jackson,10/07/1952,F,jeremiahgreen@example.com,6604838814,32284 Webster Locks,New Brandymouth,CO,06451,69320.31,Contractor,775,2012-08-26,BR050,,N/A,Malawi,N/A
CUST001734,Jasmine,Miranda,"January 12, 1966",M,hgonzalez@example.org,N/A,048 Pham Trail,Frederickburgh,TN,45489,59388.71,Developer,504,"February 04, 2009",BR004,,Not Verified,Nicaragua,Walk-in
CUST001735,Felicia,Chavez,"October 28, 1967",f,robinsonjohnny@example.com,+11508237432,3667 Best Knolls Suite 715,Pittmanbury,IN,44068,97997.97,Doctor,620 pts,2006-08-25,BR025,TRUE,verified,Cyprus,online
CUST001736,Walter,Porter,"August 26, 1953",M,lopezamanda@example.net,+10013404569,812 Steven Roads Suite 248,New Laurenstad,GA,21458,13429.13,Manager,348,04-01-2003,BR024,False,N/A,Estonia,N/A
CUST001737,Diane,Webster,1987-05-31,M,ronald73@example.com,000-000-0000,7473 Rodriguez Manor Suite 444,Port Jennaville,UT,52741,33121.12,Designer,390,"February 14, 2016",BR039,FALSE,pending,Libyan Arab Jamahiriya,Online
CUST001738,Courtney,Stone,1985-03-02,F,younglisa@example.com,0017927300,93038 James Land,Jamiebury,NV,96925,32626.9,Teacher,304,14-09-2018,BR014,No,Verified,Cyprus,branch
CUST001739,Daniel,Huynh,10/27/1996,female,laura04@example.net,(481) 998-7599,928 Nicole Squares,Clarkshire,US,82955,103260.77,Accountant,353,2004-03-18,BR033,False,,Argentina,Referral
CUST001740,Robert,  Johnson,99/99/9999,FEMALE,jrivas@example.com,000-000-0000,76986 Nelson Harbor Apt. 185,North Danielview,TN,22321,129871.47,Self-Employed,842,06-05-07,BR035,No,VERIFIED,Kazakhstan,Branch
CUST001741,  Kimberly,Thompson,"February 07, 1984",M,pamela30ATexample.net,480.587.2584,27275 Danny Key,South Kimberly,VA,87897,"$66,344.28",Developer,487,13-03-25,BR031,Yes,Pending,Cameroon,Walk-in
CUST001742,John,Grimes,92-05-19,M,jeffrey16@example.com,482.967.7597,1984 Johnson Field Suite 657,Peggyton,RI ,50437,64091.24,Sales Rep,470,10/14/2017,BR017,1,verified,Somalia,branch
CUST001743,  Amanda,GREEN,"December 01, 2004",M,mharrington@example.net,816-246-2929,90811 Andrew Orchard Suite 831,Lake Ricky,NJ,84304,72451.83,Engineer,541,"October 08, 2022",BR003,No,VERIFIED,El Salvador,branch
CUST001744,Chad,Fernandez,06-03-1964,F,,981.693.3922,4544 Valentine Mills Suite 924,Lauramouth,GU,10439,USD 110665.74,,405,2014-12-16,BR022,True,Pending,Korea,Online
CUST001745,Larry,Russell,13/02/2018,M,cgrant@example.net,000-000-0000,259 Rhonda Plains,Holmesfort,OK,04312,37542.64,Nurse,630,15/11/2002,BR009,,VERIFIED,Netherlands Antilles,branch
CUST001746,CHAD,Mason,40-02-21,M,thompsonchristopher@example.org,,335 Anderson Trail,Kellyfort,TX,24524,78342.91,Designer,784,18-04-01,BR048,FALSE,Verified,,
CUST001747,Lauren,White,99/99/9999,M,anthony12@example.com,000-000-0000,9666 Palmer Burg Apt. 172,Brentborough,FM,62835,104131.92,Officer,823,15/03/2000,BR050,,Verified,Guernsey,online
CUST001748,Christopher,Tucker,08/17/1949,M,alyssa41@example.net,+11267699184,3851 Williams Lodge Suite 593,Brianville,AR,61029,USD 87538.30,Lawyer,349,10/29/2001,BR016,Yes,pending,Haiti,N/A
CUST001749,michelle,dunn,16/05/1990,M,vmartin@example.com,+10017506225,955 John Bridge Suite 958,West John,NE,62028,76635.36,Clerk,772,,BR041,No,Not Verified,Kazakhstan,Branch
CUST001750,eddie,Montgomery,1968-12-17,M,hestrada@example.org,,7940 Stephen Mountain,East Christina,N/A,15097,105036.61,,546,2022-02-08,BR008,1,Not Verified,Luxembourg,N/A
CUST001751,Peter  ,  Patel,85-01-03,M,ricardomitchell@example.net,(001) 654-6402,492 Amanda Villages,Jenniferton,VT,18033,0,Accountant,615,21-05-16,BR031,,VERIFIED,Burkina Faso,ONLINE
CUST001752,MARY,Young,05-03-1957,F,N/A,000-000-0000,1759 Christopher Estates,Nobleland,FM,04874,93725.64,Retired,699,2004-08-21,BR031,FALSE,N/A,Mauritius,ONLINE
CUST001753,  Emily,Baker,,M,pharris@example.org,000-000-0000,537 Gamble Pass Apt. 668,New Richardland,CT,75784,47107.35,Retired,564,02-06-2013,BR039,TRUE,,Mexico,ONLINE
CUST001754,Susan,Kemp,06/09/1959,0,tmitchell@example.net,9322177854,85588 Larry Turnpike Suite 643,Port Steven,MN,40894,5927.85,Manager,721,04/07/2005,BR016,False,pending,Belize,N/A
CUST001755,Terri,Jones,1982-04-21,F,ronald27@example.com,,79200 Scott Freeway Apt. 646,South Theresafurt,SC,41010,,Consultant,326,12-03-2012,BR001,True,Verified,Mongolia,Referral
CUST001756,Kimberly,Atkins,72-08-07,FEMALE,toddmurphy@example.net,5884333149,8592 Julie Valley Suite 665,West Vincent,NV,91970,118078.05,Student,534,,BR013,Yes,Not Verified,Seychelles,Referral
CUST001757,Christopher,Bradley,30-07-1969,Male,hernandezamandaATexample.org,,4991 Dudley Divide Suite 765,East Michelleport,WV,21709,65189.3,Nurse,331,00-06-23,BR035,TRUE,Verified,Guinea,Online
CUST001758,Bryan,Miller,16/12/1952,M,lisaberry@example.com,+1-953-875-9271,62429 Jason Burg Apt. 070,South Stevenport,ME,52437,103350.61,,0,23/12/2010,BR038,1,Pending,Angola,Marketing
CUST001759,Amber,Phillips,09/18/1950,F,hbaker@example.com,001-650-9783,17410 Shaun Cove Suite 164,Nealhaven,TX,76220,126429.74,Sales Rep,322,18-11-2018,BR004,False,N/A,Monaco,
CUST001760,Jacob,Lynn,1957-07-23,M,mcraig@example.net,8785602849,5012 Diane Skyway Apt. 499,Davidborough,FM,44656,116022.01,Teacher,800,28-01-2014,BR001,FALSE,Not Verified,Morocco,N/A
CUST001761,Michael,Acevedo,10-02-1958,M,AYALAPAUL@EXAMPLE.COM,+10013706594,10203 Smith Mission Apt. 360,Sherriland,FL,13519,127398.76,Sales Rep,785,17-02-11,BR028,TRUE,verified,Spain,Branch
CUST001762,natalie,Johnson,23/01/1951,f,mweaver@example.com,N/A,862 Gabriel Centers Suite 441,Davisstad,VI,50669,"$95,974.46",Clerk,753,23-12-2011,BR005,TRUE,Not Verified,Luxembourg,Walk-in
CUST001763,Jason,Dennis,24/07/1994,0,helenstokes@example.com,(001) 790-3706,2047 Johnson Inlet Apt. 076,South Nancy,FM,22796,72640.18,Self-Employed,797,,BR006,No,VERIFIED,Guyana,Online
CUST001764,Matthew,Payne,07/29/1997,M,tkirby@example.org,,3230 Jordan Loop,Rogerstad,WI,04417,13931.2,Clerk,559,02-05-2021,BR047,TRUE,Not Verified,Egypt,Branch
CUST001765,Alyssa,Bauer,83-08-09,MALE,jodi18@example.com,+10015205397,0980 Lori Canyon,Terryton,XX,69840,61387.81,Student,337,2019-10-13,BR025,,Pending,Uzbekistan,Marketing
CUST001766,Timothy,Frye,95-07-03,F,elizabeth65@example.com,000-000-0000,92775 Christopher Fords Apt. 526,Collinsview,DC,25014,40486.37,Accountant,418,29/12/2002,BR029,Yes,Verified,Serbia,ONLINE
CUST001767,melanie,Davis,99/99/9999,M,wbrown@example.org,481-249-8714,577 Dean Crest,West Brent,OR,32663,145983.0,Developer,320,2005-01-07,BR001,No,pending,Maldives,Online
CUST001768,Patrick,sanford,11/04/1966,M,othomas@example.org,000-000-0000,276 Evans Valleys Suite 991,Ericaside,OK,64638,63844.0,Doctor,584,01/11/2002,BR035,1,VERIFIED,Cyprus,Marketing
CUST001769,Cynthia,Bowman,99-04-04,Female,umullins@example.net,,075 Logan Common,Lake Michaelstad,MN,13198,74312.17,Chef,9999,2008-01-31,BR023,,VERIFIED,Aruba,Walk-in
CUST001770,  Tristan,Evans,00-03-28,M,hartrichard@example.net,+14119588901,26831 Chang Extension,Jacobfurt,AR,49559,89301.99,Accountant,533,99/99/9999,BR038,False,verified,Northern Mariana Islands,Online
CUST001771,Nancy,Jones,20-05-1942,1,powellkayla@example.com,9903543526,232 Mccarthy Bypass,Harringtonberg,MA,59701,71526.09,Manager,518,"February 04, 2009",BR015,False,N/A,Haiti,
CUST001772,Cindy,Taylor,29-07-1957,M,johnjohnson@example.org,N/A,11867 Denise Port Suite 835,Lake Luisport,MN,81686,129326.79,Sales Rep,674,27-09-2017,,FALSE,N/A,Comoros,Walk-in
CUST001773,Daniel,rodriguez,27/02/1950,M,  hernandezkelly@example.com  ,299-773-4135,076 Potter Orchard Apt. 862,Jamesside,UT,15003,48207.27,Contractor,723,NULL,BR027,1,,Comoros,
CUST001774,Christopher,Rich,94-10-11,F,karencampbellATexample.net,672-707-8458,22277 Parks Curve Apt. 806,Sawyerberg,MA,23679,USD 76811.26,Lawyer,431,06/06/2017,BR043,TRUE,Verified,Kiribati,Branch
CUST001775,Brittany,Potter,"October 03, 1961",M,jonathan45@example.org,(001) 290-8677,443 Garcia Springs,Garymouth,FM,95782,44013.53,Analyst,450,08-08-09,BR010,True,Verified,,Online
CUST001776,wendy,Bright,40-04-26,F,lisastevens@example.org,434.797.2486,0227 Green Locks,East Jerryview,NM,15008,23799.21,Self-Employed,403,,BR048,1,Pending,Cyprus,Referral
CUST001777,SARAH,  Eaton,61-05-14,F,allison77@example.net,000-000-0000,873 Watson Trafficway,West Mary,WY,07622,,Nurse,0,10-02-2002,BR044,Yes,verified,Brunei Darussalam,Referral
CUST001778,Collin,Alvarado,07/10/2002,M,MALLEN@EXAMPLE.COM,969-743-6586,44553 Candace Parks,Leemouth,OR,41344,68703.71,Designer,784,07/26/2003,BR023,Yes,pending,Tunisia,Referral
CUST001779,Pamela,Weaver,03-08-1957,M,gordonamy@example.net,000-000-0000,168 Kenneth Underpass Suite 705,Elizabethville,CA,88919,54974.42,,746,"December 27, 2022",BR002,False,VERIFIED,Venezuela,Referral
CUST001780,Emma,Stephenson,1998-12-29,Female,rwatson@example.com,000-000-0000,5629 Jeffrey Shores,,PA,43126,45765.27,Designer,580,05/09/2006,BR020,No,Verified,Jamaica,Walk-in
CUST001781,Megan,Rodriguez,1952-08-29,M,ericcisneros@example.org,+19948760596,612 Cunningham Plaza Apt. 344,West Patrickshire,MP,50892,20778.89,Manager,554,04-06-30,,TRUE,,Mozambique,N/A
CUST001782,Jessica,Rowe,28/08/1982,F,NATHANMARTIN@EXAMPLE.NET,2495373529,168 West Greens,Kimberlymouth,NC,57757,67091.3,Clerk,341,"March 16, 2008",BR027,1,Pending,Syrian Arab Republic,Walk-in
CUST001783,Alicia,Cole,02/13/1968,F,aaronbrown@example.org,969.344.1826,015 Jennifer Point Suite 405,Chrisland,OR,77284,17334.79,Developer,620,07-02-2007,BR031,TRUE,,Myanmar,branch
CUST001784,Kevin,Clay,05/07/1991,MALE,diane11@example.com,426-414-2274,937 Anita Causeway Apt. 574,North Angela,DE,05355,96601.96,Designer,739 pts,03/28/2007,BR035,0,verified,Antarctica (the territory South of 60 deg S),N/A
CUST001785,Larry,Oneill,30/10/1944,F,jonathanjohnson@example.org,N/A,81086 Ramos Center Suite 295,Georgeborough,MD,37030,72885.39,Doctor,447,10-07-26,BR004,Yes,Verified,Paraguay,online
CUST001786,Brandon,Davenport,64-04-27,F,EDWARD82@EXAMPLE.ORG,698.648.8769,12349 Johnson Rapids,Port Vincent,VT,51864,18985.7,Consultant,,99/99/9999,BR016,True,,Cameroon,Online
CUST001787,Steven,Perez,99/99/9999,M,,N/A,8700 Scott Crest Suite 699,,KY,67932,59177.68,Officer,698,"October 31, 2003",BR036,TRUE,,Ecuador,Referral
CUST001788,Tracey,Conner,07/02/1969,F,,985-786-7789,303 Frederick Well,,RI,75298,43674.53,Manager,502,02/22/2011,BR018,FALSE,VERIFIED,Mongolia,ONLINE
CUST001789,Jason,Gray,1963-02-15,F,wrightamber@example.net,000-000-0000,71865 Stephen Lodge Apt. 204,Morganmouth,MS,42118,"81171,11",Clerk,329,99/99/9999,BR035,No,Pending,Jordan,Online
CUST001790,Peter,Vaughn,01/04/1975,M,peterhester@example.net,191-349-2223,8793 Sharp Throughway,East Jessemouth,WI,59136,,Engineer,486,28/01/2005,BR042,False,Verified,Syrian Arab Republic,N/A
CUST001791,JACQUELINE,Cain  ,01-10-1976,male,N/A,+10012593012,70457 Reeves Shore,Brandonfort,VT,39390,4368.96,Developer,798,23-05-23,BR018,,Verified,Netherlands,Walk-in
CUST001792,  Danielle,Schaefer,"October 31, 2005",F,  holdencassandra@example.net  ,(436) 896-4938,38003 Anna Village,South Kara,WA,26548,74025.91,Doctor,700,2007-07-22,BR045,1,verified,Western Sahara,branch
CUST001793,Jacqueline,Jones,12/11/1985,M,campbellemily@example.org,+11845661581,223 Julia Overpass,Jenniferhaven,OR,28071,64395.35,Clerk,308,11-07-22,BR043,FALSE,Not Verified,Norway,Referral
CUST001794,debra,Williams,07/20/1941,F,forbesanita@example.net,(001) 510-2723,441 William Plain,West Kathleen,KY,33317,93496.9,Clerk,840,2020-03-27,BR038,TRUE,Verified,Canada,Branch
CUST001795,Matthew,Tucker,87-10-31,female,N/A,(585) 384-7702,157 Carla Course,West Danielleshire,NV,76274,77461.88,Nurse,675,01-06-08,BR002,True,,Romania,online
CUST001796,Lisa,Mcfarland,1997-09-08,M,taramccullough@example.org,,87768 Miller Mountains Suite 872,Martineztown,ME,22801,43681.07,Doctor,738,2004-03-19,BR050,TRUE,Not Verified,Seychelles,
CUST001797,Brenda,Richardson,03-03-1956,M,brownclayton@example.com,,17682 Kemp Island Apt. 880,West Chelseachester,AK,48302,58833.11,Accountant,0,11-05-2010,BR031,No,N/A,Falkland Islands (Malvinas),online
CUST001798,ROBERT,Johnson,"April 16, 1983",M,hunterdawn@example.net,001.951.9704,63228 Phillips Fort Apt. 358,Port Gregoryland,AR,28786,42139.1,Accountant,376,99/99/9999,BR039,No,Pending,Lesotho,
CUST001799,Kaitlin,Smith,1987-04-14,male,johnlewis@example.net,735-906-2741,832 Farrell Greens,South Corybury,MA,37154,107660.25,Self-Employed,685,16/02/2010,BR026,,Not Verified,Cyprus,ONLINE
CUST001800,Lindsey,torres,09/07/1955,M,espinozadeborah@example.net,001-524-5557,40305 Vincent Lake,Joeltown,PR,56837,70745.91,Consultant,597,01-08-2013,BR015,No,Verified,Brunei Darussalam,Referral
CUST001801,Carrie,Ward,1976-10-19,f,grosscandace@example.net,+15918943733,6850 Patricia Branch Apt. 538,Karlashire,FM,91726,136541.67,Doctor,641,09-07-2018,BR011,False,Pending,Cape Verde,online
CUST001802,Shannon,Wood,1955-03-08,M,michelesosa@example.net,(465) 218-3591,407 Joshua Avenue,Underwoodland,AS,90606,67876.87,,605,2005-03-17,BR037,1,Verified,Pakistan,branch
CUST001803,Robert,Brown,25-03-2005,F,HOFFMANLINDA@EXAMPLE.ORG,N/A,17528 Garcia Ferry Apt. 400,East Lawrenceborough,NM,93397,45205.76,Developer,763,12/10/2020,BR029,FALSE,Verified,Grenada,branch
CUST001804,Melissa,Miller,06/03/1953,M,matthewfowler@example.org,987-640-8975,51802 Collins Creek,Brendaside,VT,67417,17020.0,Retired,674,2023-01-03,BR024,1,Pending,French Southern Territories,ONLINE
CUST001805,Charles,Bowen,82-02-22,0,nancy77@example.net,N/A,57045 Jillian Fort Apt. 434,Angelastad,MH,74835,6890.11,Self-Employed,752,99/99/9999,BR050,,Verified,Monaco,Branch
CUST001806,Samantha,Gallegos  ,02-02-1986,F,sblack@example.com,+12375314029,81039 Chad Row,Alexanderstad,MN,75350,USD 14555.24,Manager,544,99/99/9999,BR026,FALSE,Pending,Lao People's Democratic Republic,Marketing
CUST001807,Amanda,Kim,"September 29, 1974",M,christianrebecca@example.com,(444) 530-5344,881 Miller Mount,New Nicolehaven,ND,04281,79349.43,Nurse,741,"August 30, 2019",BR018,No,,Liechtenstein,Referral
CUST001808,Jeremiah  ,greer,07/06/1976,F,reginamartinez@example.com,+18555428468,03238 Kathy Terrace Apt. 704,Johnberg,NJ,91516,87805.38,Consultant,453,2011-08-12,BR033,1,Verified,French Guiana,N/A
CUST001809,Anthony,James  ,1971-04-10,male,andrea92@example.com,000-000-0000,143 Thomas Oval Suite 909,Dianefort,CO,70512,14658.33,Student,448,16-01-13,BR005,False,VERIFIED,Trinidad and Tobago,ONLINE
CUST001810,Shirley,Davidson,1963-11-10,M,bowenmargaret@example.org,+15065214613,25556 Kelly Plaza Apt. 415,Spenceville,OH,07908,101326.34,Retired,731,"October 10, 2013",BR002,No,verified,San Marino,Marketing
CUST001811,Shannon,King,99/99/9999,M,N/A,N/A,7456 Gates Prairie Apt. 507,Harrellbury,NJ,90891,53092.86,Nurse,710,18-01-09,BR032,TRUE,verified,South Georgia and the South Sandwich Islands,Marketing
CUST001812,  Jerry,Roberts,2005-04-06,FEMALE,nathanielgould@example.com,+1-221-746-3070,42863 John Causeway,South Michael,MD,65665,75137.76,Developer,729,"June 13, 2000",BR012,1,Verified,Finland,N/A
CUST001813,Thomas,Vega,1958-05-11,F,randyhenry@example.com,916-608-3402,393 Browning Ridge,Ramirezborough,US,29203,,,681,16-07-2023,BR041,,pending,Niger,Branch
CUST001814,Jennifer,Camacho,05/09/1968,F,gmartin@example.net,(242) 362-6718,1916 Gonzales Ferry,North Jacqueline,SD,60478,101389.38,Designer,736,"April 04, 2002",BR022,True,pending,Pakistan,
CUST001815,Kayla,West,54-01-26,F,N/A,3728045337,6243 Barrett Causeway,Walkerton,NH,77768,60601.43,Lawyer,419,03-06-14,BR024,False,verified,Marshall Islands,Referral
CUST001816,Stacy,Thompson  ,01/08/1955,f,N/A,001-417-3873,781 Thomas Row,Kimmouth,WA,88608,38808.27,Developer,523 pts,2003-10-05,BR042,0,VERIFIED,Brazil,Marketing
CUST001817,sarah,Gomez,1996-05-31,M,tlewis@example.com,N/A,2908 Berry Curve Suite 863,Oconnorfort,NV,56557,$0.00,Contractor,371,17-06-2003,,True,Not Verified,Djibouti,online
CUST001818,Cindy,Cruz,1973-02-22,F,david36@example.org,+1-375-550-4084,901 Stephen Drive,North Lisa,MH,84670,USD 44829.63,Officer,-1,,BR007,,N/A,Latvia,ONLINE
CUST001819,Carla,Galloway,1964-10-22,M,lphelps@example.net,N/A,22446 Miller Square,Nguyenfort,UT,47608,62610.44,Officer,488,2018-06-24,BR009,,verified,Monaco,Marketing
CUST001820,Ryan,ORTIZ,"February 05, 1953",1,melindakelly@example.com,+1-543-688-3392,912 Wu Club,Sullivanview,OK,73614,3544872.0,Clerk,453,"May 27, 2000",,False,pending,Haiti,online
CUST001821,Seth,cantrell,"February 15, 1980",M,gary35@example.net,(124) 047-0547,6529 Stevens Ranch Suite 718,Lake Rubenside,AZ,64741,65406.01,Contractor,620 pts,,BR009,True,,Djibouti,Referral
CUST001822,NICHOLE,Wilson,04/15/2005,Female,johnsonchristian@example.com,,642 William Dale,West Luis,FL,04381,"72689,82",Doctor,,99/99/9999,BR037,True,pending,Netherlands,Walk-in
CUST001823,Lance,Martin,87-04-18,F,teresa62@example.net,181-270-2540,2551 Frank Island Suite 983,Turnermouth,AK,79070,62130.04,Developer,550,"November 17, 2021",BR022,FALSE,Pending,Palau,Marketing
CUST001824,Nancy,Russell,1973-09-19,M,fwood@example.org,531-443-0614,994 Williams Shoals Apt. 699,New Ashleebury,WY,62420,47249.91,Analyst,480,06/16/2020,BR016,Yes,Verified,Barbados,Referral
CUST001825,Brian,Turner  ,"March 04, 2001",1,simpsondiane@example.org,1264568906,77905 Suzanne Plains,Cookhaven,UT,82226,75902.91,Sales Rep,807,08-10-2001,BR006,Yes,VERIFIED,Guam,
CUST001826,Jason,Hodges,04/25/1988,FEMALE,veronicaray@example.net,N/A,3269 Reid Crossing,Port Josephberg,IL,18989,85467.92,Driver,503 pts,28-11-2004,BR048,FALSE,Not Verified,Venezuela,Walk-in
CUST001827,Alexis,English,45-02-01,Male,ydiaz@example.org,+10013333487,4675 Robinson Squares Suite 141,,MA,55519,31836.03,Manager,592,14-06-30,BR041,True,,Bangladesh,Walk-in
CUST001828,Stephen,Lee,99/99/9999,M,thompsonjeremy@example.org,001.797.5924,56841 Moore Fords,Brianshire,MP,64777,119382.63,Retired,342,14/10/2002,BR043,TRUE,Pending,Sudan,ONLINE
CUST001829,Mark,Wilson,1966-11-02,M,patrickhiggins@example.org,141.530.8922,70450 Deborah Passage,Bonillafort,GA,81689,66549.42,Developer,721,31-10-2019,BR023,1,,French Southern Territories,Online
CUST001830,James,Ortiz,68-12-18,0,rlopez@example.com,729-751-9728,9316 Deanna Drives Suite 863,Amandamouth,GU,55446,70659.74,Officer,426,02/25/2003,BR006,TRUE,Not Verified,Slovakia (Slovak Republic),ONLINE
CUST001831,Natalie,Higgins,29/01/1949,0,andersonmary@example.com,000-000-0000,7859 Webster Forest Suite 112,Lake Amanda,MP,68614,94787.5,Developer,790,2003-05-22,BR016,,Verified,,ONLINE
CUST001832,Carlos,Nelson,09/13/1976,Female,andreasantiago@example.net,247.796.5545,8859 Paul Causeway Suite 398,Robertsonside,PA,76328,78162.56,Engineer,836,"March 31, 2016",BR027,TRUE,Verified,Morocco,branch
CUST001833,Keith,davidson,99/99/9999,F,katrina06@example.org,+17694095940,899 Jacob Alley,Marshallborough,AR,70381,"103359,78",Teacher,831,16-12-2022,BR038,FALSE,Not Verified,Zimbabwe,online
CUST001834,Paula,Koch,"April 23, 1985",F,jerry29@example.org,N/A,84127 Kristin Divide Suite 332,Abigailside,NY,34586,80049.35,Contractor,753,30-06-2005,BR048,0,Verified,Sierra Leone,Marketing
CUST001835,Deanna,  Galloway,1970-03-11,F,torreschristian@example.org,742-221-2115,461 Erika Cliffs,Collierland,FM,00963,48564.69,Developer,582,12/06/2005,,,Verified,Lithuania,Marketing
CUST001836,Curtis,  Wu,28-11-1954,M,vgregory@example.com,509.951.4607,40324 Justin Brooks,East Charlesside,MA,56173,82652.62,Contractor,505,21-05-02,BR013,FALSE,Pending,Russian Federation,Branch
CUST001837,Victoria,Wilkerson  ,10/11/1997,F,rachelavila@example.org,N/A,7756 Ross Ridge Apt. 633,North Ashley,NC,98026,29969.58,Nurse,624,15-04-2000,BR030,No,Verified,Bhutan,ONLINE
CUST001838,Richard,COMBS,"June 03, 2000",F,christopheraguilar@example.net,,6783 Kevin Spurs,Ramirezmouth,WI,04277,73799.59,Retired,475,"April 01, 2020",BR021,,Pending,Malawi,
CUST001839,Lisa,GROSS,02-11-1945,F,  donaldbaker@example.org  ,166.946.4773,133 Kevin Avenue,Jonesfurt,TX,81024,68836.95,Developer,560,05/05/2005,BR020,0,N/A,Oman,
CUST001840,Keith,SMITH,1943-02-06,M,jchapman@example.com,+13505569582,81258 Jacob Way Suite 219,Nelsonchester,AR,39786,62715.91,Consultant,582,"January 24, 2018",BR035,No,Pending,Saint Martin,Branch
CUST001841,Kenneth,Evans,07-06-2001,F,daniel26@example.com,(426) 616-0464,6053 Mary Ridges Suite 837,Timfurt,XX,95105,65501.19,Retired,800,07/18/2004,BR015,1,N/A,Netherlands,Referral
CUST001842,Kimberly  ,Vasquez,2005-10-15,M,lbartlett@example.com,,49987 Lynch Rapid,Donnahaven,CA,76893,4135.28,Teacher,491,12-09-2003,BR003,True,verified,Georgia,N/A
CUST001843,Heather,Johnson,1956-09-16,M,thompsonstephen@example.com,7048086732,106 Joshua Club Suite 569,Lake Melissa,UT,00000,50794.63,Accountant,549,17-01-25,BR024,FALSE,verified,Slovenia,online
CUST001844,Kirsten,Stevenson,2002-03-11,M,chad20@example.com,+1-215-328-0786,620 Elizabeth Fields Suite 270,Watsonbury,TX,73875,,Student,404 pts,18-02-2018,BR049,No,Not Verified,Barbados,Referral
CUST001845,Jared,Kennedy,99/99/9999,M,,+17357129045,0500 Carey Turnpike,Lake Lauratown,VA,52819,75594.97,Manager,520,13-08-19,,0,pending,Norway,branch
CUST001846,Patrick  ,  Russell,25/06/1947,FEMALE,angela09@example.com,001.524.4398,7021 Robert Summit,Powellton,GA,71143,USD 34031.37,Accountant,353,,BR009,1,Verified,New Caledonia,online
CUST001847,ELIZABETH,Graves,13/01/1953,1,scottwilliam@example.com,,83366 Mitchell Flat Suite 743,East Kellyberg,NE,61537,114299.77,Sales Rep,697,19-12-27,BR033,0,verified,,Marketing
CUST001848,Amy,Frank,"December 08, 1965",M,laurie61@example.org,000-000-0000,17829 Castaneda Way Suite 730,Carterside,VA,04234,39683.88,Lawyer,804,10-10-2001,BR042,TRUE,Verified,Canada,Online
CUST001849,Stephen,Jimenez,04-08-14,F,shirleyorr@example.org,719.496.9946,4565 Lee Plaza,Hartport,MP,30167,103931.0,Analyst,679,25/11/2009,BR004,False,VERIFIED,Portugal,ONLINE
CUST001850,Angela,Contreras,10-01-1956,M,,N/A,156 Jacob Brooks,Port Courtney,PR,21621,84951.8,Driver,646,12/01/2019,BR001,Yes,N/A,Slovenia,online
CUST001851,Timothy,Maynard,99/99/9999,F,brookedavis@example.net,189.469.7397,81753 Williams Meadows Apt. 997,Danielfort,MD,55442,47382.04,Accountant,606,03/30/2011,BR001,No,pending,Zambia,ONLINE
CUST001852,Jeffery,Owen,01/22/1958,F,brian02@example.org,+1-891-962-6969,8332 Nicolas Fords,Gonzalezshire,MT,68213,132135.88,Self-Employed,676,,BR048,No,VERIFIED,China,N/A
CUST001853,kevin,  Fisher,06/24/1998,Female,websterpaige@example.org,978-297-2671,98394 Carter Wells,Hilltown,NM,90394,28222.71,Sales Rep,833,21-10-30,BR036,TRUE,N/A,Botswana,N/A
CUST001854,Michael,  Smith,31-01-1946,F,  kreed@example.net  ,+14304045578,006 Griffith Road,Lucasport,SD,15619,102170.4,Teacher,411,"April 27, 2006",BR041,False,pending,French Southern Territories,
CUST001855,Joseph,Little,"June 28, 1961",M,,9202687217,9621 Stephanie Orchard,East Joeview,MS,91788,"$105,020.38",Clerk,521,99/99/9999,BR012,False,Not Verified,Guam,ONLINE
CUST001856,William,Whitney,11/26/1954,M,mdrake@example.net,000-000-0000,20861 Donald Freeway,Lake Helentown,VI,75325,"46528,29",Doctor,807,25-02-2007,BR043,1,N/A,Vanuatu,Marketing
CUST001857,Parker,Young,17/02/2005,F,,161.426.0824,434 Mitchell Creek Suite 566,Davisfurt,HI,11977,118736.29,Officer,537,12-02-15,BR031,TRUE,,Cyprus,Walk-in
CUST001858,George,Madden,1999-07-29,F,christinesmith@example.net,001-776-2103,67051 Christine Vista Apt. 090,Matthewhaven,CO,52229,61248.37,Consultant,840,18-12-08,BR049,,VERIFIED,Papua New Guinea,Branch
CUST001859,Patricia,Monroe,99/99/9999,M,burkejohn@example.com,000-000-0000,87656 Livingston Ferry,Danielhaven,MS,44455,80104.28,Chef,603,01-01-13,BR015,No,N/A,Saint Lucia,branch
CUST001860,Andrew,Wright,10/10/2003,1,david19@example.com,001-692-6224,,Lake Juliachester,MH,11737,79111.26,Analyst,567,08-01-2007,BR005,FALSE,,Timor-Leste,Walk-in
CUST001861,Michael,SOTO,28/02/1970,M,dennisliu@example.com,+16485618382,17245 Fitzgerald Tunnel,Chrisburgh,AR,69598,"65299,19",Lawyer,0,18-07-2019,BR042,False,,Northern Mariana Islands,N/A
CUST001862,Benjamin,Gutierrez,93-05-10,male,acase@example.net,000-000-0000,365 Carpenter Island,Johnsonburgh,WY,63347,98378.29,Self-Employed,737,,BR048,True,Verified,Tajikistan,Online
CUST001863,Destiny,Johnston,1941-09-11,M,lyonsjeanette@example.net,+1-001-998-2117,616 Davis Spurs,Whitefort,AR,20302,,Self-Employed,802 pts,17-04-2007,BR036,Yes,verified,Cameroon,
CUST001864,jessica,Miller,07/30/1976,M,robertdavis@example.net,N/A,415 Veronica Springs,Lake Nicoleburgh,IN,07540,8801.38,Self-Employed,784,13-10-10,BR021,False,N/A,Liberia,N/A
CUST001865,Lynn,Miller,1960-07-22,F,ithomas@example.net,8282771304,77964 Jennifer Wells,Mclaughlinmouth,NC,48768,"$115,651.91",Lawyer,447,16/07/2010,BR041,TRUE,pending,Canada,Referral
CUST001866,Nathan,Wilkinson  ,00-07-25,F,lopezalexandra@example.com,N/A,33440 Nathan Point Suite 510,Lake Lisa,NV,13084,11812.78,Student,602,10/07/2006,BR011,,Verified,Afghanistan,Walk-in
CUST001867,Patricia,Beck,05/03/2003,M,amanda31@example.com,(199) 694-6087,88176 Miguel Curve Suite 781,North Melanieville,N/A,56484,106139.12,Student,557,"December 21, 2004",BR036,True,verified,Canada,Branch
CUST001868,Danny,  Lawson,03/06/1975,M,sscott@example.com,N/A,0445 Carol Lane,Marieburgh,IA,98758,109434.68,Doctor,385,"August 22, 2015",BR019,,pending,Anguilla,Marketing
CUST001869,Omar,Friedman,1989-10-25,M,hornshirley@example.org,+18749842524,306 Bryan Oval,Lake Betty,WI,69844,USD 31816.17,Retired,351,20-09-22,BR035,0,N/A,Lesotho,Branch
CUST001870,Michael,Peterson,"September 30, 1986",Female,fernandonelson@example.org,5954133316,9355 Robert Parks Apt. 777,Port Brian,IN,74248,55621.5,Developer,306,,BR020,0,,,
CUST001871,Wendy,Chase,"March 23, 1960",F,donald16@example.net,,6964 Benson Ville Suite 066,Edwardborough,GA,68029,"$31,300.34",Self-Employed,-1,07/09/2014,BR005,1,,Comoros,Referral
CUST001872,Randy,Hall,02-01-2020,M,jonesdeborah@example.net,7219398302,386 Ricky Causeway,New Loriland,OR,14661,62477.76,Consultant,737,15-05-2005,BR032,False,,Turks and Caicos Islands,Walk-in
CUST001873,Melissa,Dunlap,1945-02-11,F,dbyrd@example.net,(795) 280-5184,88497 Brown Fork,East Tonya,MD,46982,59218.8,Chef,311,12/11/2011,BR038,0,Verified,Ireland,branch
CUST001874,Meredith,Pruitt,11-04-1990,F,robertpetersen@example.net,323-352-1792,913 Lisa Islands,North Ericland,RI,02813,"97288,12",Doctor,805 pts,27/10/2021,BR050,1,pending,Guinea,Branch
CUST001875,Rachel,Meyer,1969-12-26,F,N/A,956-923-3094,854 Jose Row Suite 458,New Mario,MO,00000,115860.81,Contractor,596,11/07/2015,BR029,1,pending,Taiwan,Marketing
CUST001876,Jamie,Grimes,26-09-1947,M,oclarkATexample.org,,3012 Brittany Bridge,North Christophershire,MI,18091,118848.93,Designer,458,16-01-2000,BR048,True,pending,Austria,Online
CUST001877,Tony,Sharp,09/12/1940,F,nicholsjessica@example.com,,,Katiebury,SC,86957,50324.12,Driver,441,,BR021,True,Verified,Lebanon,ONLINE
CUST001878,James,  Schaefer,15-04-1957,F,christopher35@example.org,954-662-2284,126 Catherine Landing,West Craigville,ND,49107,62677.23,Driver,494,05-09-2014,BR049,,,Nigeria,N/A
CUST001879,Mallory,Phillips,98-05-06,M,collinswilliam@example.net,856.908.4695,5612 Kelly Cape Apt. 522,West Anthonyland,MI,03859,11079.66,Consultant,690,"October 16, 2009",BR025,1,Verified,Liberia,online
CUST001880,Russell,Watkins,1950-06-08,M,george12@example.net,472.420.9434,241 Ford Stream,Clarkville,TN,94249,"$41,794.55",Driver,758,"December 16, 2010",BR002,True,pending,,Referral
CUST001881,John,Griffin,1972-11-06,1,benjaminwarner@example.org,771-536-1877,58535 Reid River Suite 154,West Johnton,LA,31946,103769.81,Student,648,11-06-19,BR031,FALSE,Not Verified,Mexico,Referral
CUST001882,TREVOR,Wu,10/01/1942,m,aaronfernandez@example.com,000-000-0000,337 Lyons Ports Apt. 155,New Amychester,ID,75580,"$126,545.40",Contractor,747,"April 22, 2008",BR010,True,,Guadeloupe,
CUST001883,Abigail,Cook,07/16/1941,F,,853.570.4768,51834 Duarte Falls Suite 554,Rhodesville,PW,36667,26797.79,Doctor,551,03/02/2011,BR036,1,N/A,Christmas Island,Walk-in
CUST001884,Nicole,Lawrence,27-11-1999,F,allenjames@example.net,+1-268-634-0211,,Kennethshire,NC,05899,49263.75,Engineer,407,10/04/2010,BR045,No,N/A,Niue,Marketing
CUST001885,Courtney,Hahn,1959-11-17,F,,+18932096663,577 Melissa Ports Apt. 455,Jamesburgh,AS,29603,69075.8,Teacher,369,06/02/2009,BR025,0,,Congo,Branch
CUST001886,Christopher,Archer,"May 06, 2000",F,charlesmoore@example.org,,789 Michele Spurs Suite 870,Atkinschester,NY,87113,79805.64,Retired,428,04-08-01,BR014,No,,Madagascar,
CUST001887,Kenneth,Gonzalez  ,04/24/1985,M,sharonhamilton@example.org,138-363-8127,4393 Bennett Road,Timothybury,00,37447,41663.88,Officer,307,10/14/2016,BR001,Yes,verified,Egypt,Online
CUST001888,Brittany,  Cabrera,05-10-13,F,xthompson@example.net,4015535849,01926 Brown Creek,Perezstad,MD,90893,USD 84842.14,Designer,809,"January 24, 2007",BR010,0,Not Verified,Haiti,
CUST001889,Michael,Williams,06-07-2003,F,garrettchristopher@example.net,N/A,1108 Brian Fall,Englishville,ID,00000,53415.62,Clerk,610,09/18/2004,BR023,TRUE,Pending,Vanuatu,N/A
CUST001890,marc,Chapman,07-12-1940,M,megan89@example.com,000-000-0000,2565 Walker Fords,Gonzalezview,ID,40791,69494.17,Engineer,816,2014-10-06,BR042,TRUE,Not Verified,Mayotte,N/A
CUST001891,Angela  ,Jones,11/24/1987,Male,johnsonmariah@example.org,824.220.1277,2595 Stephens Hill Suite 112,Walterburgh,CO,63948,89119.95,Officer,769,2003-01-08,BR017,1,Not Verified,Saint Pierre and Miquelon,Marketing
CUST001892,Gregory,Mccormick,08/23/1974,Male,kayla21@example.net,000-000-0000,498 Cynthia Lights Apt. 827,Christopherstad,SD,45610,7022478.0,Student,689,27-12-2022,BR004,True,verified,,Online
CUST001893,Aaron,Owens,03/10/1970,F,jameswilliams@example.net,000-000-0000,4463 Reyes Orchard,Ashleymouth,OK,16391,54726.49,Sales Rep,629,03/20/2022,BR032,0,VERIFIED,Egypt,online
CUST001894,  Corey,Smith  ,"July 11, 1989",M,david21@example.net,+18152958812,23511 Diane Isle,East Marcus,KS,75916,66163.66,Doctor,585,10/06/2018,BR044,True,Verified,Pitcairn Islands,
CUST001895,Laura,Ward,31/07/1965,F,clarkterry@example.net,000-000-0000,37574 Becker Village Suite 173,North Carlos,MA,91974,66907.3,Manager,741,2001-05-08,BR044,False,pending,Estonia,Branch
CUST001896,  Mary,Gibson,91-08-15,F,shane15@example.net,0018166655,36017 Kevin Orchard,East Lisa,DC,80104,USD 57049.61,Sales Rep,526,"October 26, 2007",BR043,Yes,N/A,South Africa,Referral
CUST001897,Hannah,Campbell,"September 11, 1950",F,sophiaelliott@example.net,5162441805,07961 Michelle Ridges Suite 989,Murphyshire,UT,10955,60942.14,Driver,803,02-04-12,BR016,Yes,Pending,Czech Republic,ONLINE
CUST001898,Craig  ,Hawkins,98-07-27,M,qjohnson@example.net,000-000-0000,98667 Wilson Manors Apt. 038,Dustinhaven,MN,61856,125952.65,Clerk,476,08/10/2016,BR034,No,,New Zealand,Referral
CUST001899,Kent,Brown  ,"December 11, 1940",Female,stacy41@example.net,000-000-0000,734 Anita Islands Apt. 496,Chavezmouth,TN,13625,89632.18,Engineer,358,14/11/2014,BR007,True,verified,Qatar,online
CUST001900,Stephanie,Duncan,21/10/1994,F,andrew31@example.org,+10017429683,16845 Connie Extension,Nicoleton,HI,29491,59658.19,Doctor,491,01-06-2006,BR013,1,pending,Maldives,
CUST001901,Kathleen,  Stokes,1962-03-27,M,bradleymedina@example.com,000-000-0000,76210 Gonzalez Stravenue Suite 272,South Randystad,KY,76774,94393.4,Student,587,04/10/2020,BR023,True,,Oman,N/A
CUST001902,Alexis  ,Hurley  ,"March 16, 2000",M,blewis@example.org,453-674-5088,0496 Hernandez Hills,South Jennifer,WV,11552,58316.32,Doctor,565,18/12/2018,,0,verified,United States of America,Referral
CUST001903,Breanna,Jones,11/07/1946,F,shannongilbert@example.org,447.520.2888,708 Alvarez Wall Apt. 524,West Justin,CO,06324,111059.36,Designer,639,08/09/2022,BR041,TRUE,Not Verified,Uzbekistan,N/A
CUST001904,  Stephanie,OLIVER,03/04/1941,F,lisadavis@example.org,,034 Anthony Motorway,,CT,40054,82937.48,Contractor,498,2008-03-06,BR015,True,Verified,Swaziland,ONLINE
CUST001905,AMBER,Pierce,1985-06-12,M,nicolerandolph@example.net,N/A,846 Green Drives Apt. 328,Wallerview,GA,44370,66244.42,Retired,549,19/02/2001,BR029,1,Verified,Algeria,Branch
CUST001906,Kevin,Ramirez,10-12-1996,f,sdavis@example.net,,0116 Lisa Estate Suite 181,Lake Robertmouth,MO,23910,,Student,329,"July 27, 2015",BR004,FALSE,Not Verified,Saint Vincent and the Grenadines,Walk-in
CUST001907,Craig,Silva,96-09-04,M,,621-368-4720,244 Hunter Knolls,Adamstad,AS,57591,15019.33,Consultant,611,20/06/2022,BR026,FALSE,,Togo,Walk-in
CUST001908,Amanda,Myers,04/02/1951,F,stacystokes@example.net,N/A,44620 Scott Heights Suite 719,Lake Samuelfort,ID,37407,30563.14,Retired,542,99/99/9999,BR049,False,Verified,Qatar,
CUST001909,Eddie,Sims,18-12-1965,F,duane11@example.com,N/A,38394 Steven Vista Apt. 424,Brownport,TN,88054,28212.62,Engineer,758,99/99/9999,BR005,FALSE,verified,Montenegro,Online
CUST001910,Dennis,Guerra,01-09-1990,FEMALE,heather16@example.net,700-848-9524,6397 Lisa Canyon Apt. 206,East Michael,NM,47253,75003.01,Retired,651,99/99/9999,BR013,FALSE,,North Macedonia,Online
CUST001911,Beth,Marquez,49-03-25,F,carla56@example.com,+15646667667,9403 Kevin Divide,North Rodney,UT,34036,130638.02,Analyst,704,28-07-2019,,No,Pending,Samoa,N/A
CUST001912,Michael,Miles,02/08/1964,M,N/A,+17613004983,5146 Marcus Shores,New Rebeccafort,MT,46825,148095.51,Doctor,774,17-05-2001,BR008,False,Verified,Costa Rica,branch
CUST001913,christine,Ray,06/23/1975,M,johnsonstephen@example.net,7412080750,4513 Rowland Camp,Lake Holly,FM,39604,92331.79,Contractor,436,01-07-06,BR031,TRUE,N/A,China,
CUST001914,Tanya  ,Hernandez,12-03-1974,F,ortegaann@example.net,+1-403-612-1559,716 Morgan Unions,South Lisa,DE,72050,87529.56,Teacher,664,28/12/2018,BR041,No,VERIFIED,Benin,Online
CUST001915,Daniel,Ruiz,08/08/1943,F,harrisamy@example.net,625.338.3614,216 Jones Village Apt. 114,Tranburgh,MS,15640,USD 6962.98,Student,366,NULL,BR040,No,,British Indian Ocean Territory (Chagos Archipelago),ONLINE
CUST001916,Tristan,Mendoza,1988-10-06,M,davidclark@example.com,,12434 Gray Loaf,Port Cassandra,XX,00000,5100642.0,Contractor,312,22-07-2002,BR009,0,N/A,Uzbekistan,Marketing
CUST001917,Heather,Bennett,12/23/1997,M,christianperez@example.com,000-000-0000,5393 Solomon Burgs Suite 481,Port Gina,MN,00000,42427.57,Engineer,795,2011-10-29,BR047,,Not Verified,Dominica,Online
CUST001918,Jason,Benson,11/30/1979,M,rkerr@example.org,751.780.0756,386 Davis Flat Suite 879,West Adamborough,AZ,92571,"$48,270.33",Doctor,346,12/07/2008,BR031,0,Verified,Saint Pierre and Miquelon,online
CUST001919,Candace,Olson,05/25/1945,M,arielsosa@example.net,,975 Burns Crest,East Christopherborough,PR,93647,64114.97,Sales Rep,-1,NULL,BR016,TRUE,Pending,Guinea-Bissau,
CUST001920,Cathy,Lindsey,16/08/1994,m,paulaperez@example.com,+1-872-782-8815,40287 Torres Mountain Apt. 648,East Johnfort,XX,21271,"53476,83",Clerk,666,14/01/2017,BR043,No,pending,Niger,Online
CUST001921,  Melanie,bauer,08/12/1959,Male,michelle42ATexample.org,806.488.4393,82391 Brenda Mountains Suite 454,Roberttown,ZZ,25680,724.51,Officer,646 pts,"August 05, 2022",BR004,Yes,Pending,Panama,ONLINE
CUST001922,David,Reid,16-04-1993,MALE,ygordon@example.com,001.827.6994,8277 Ashlee Stream Suite 911,Danielbury,MO,39494,96176.86,Student,490,"August 04, 2014",BR050,1,Not Verified,Georgia,
CUST001923,Erin  ,Ruiz,27-06-1948,female,,901.447.0823,828 Watts Street Apt. 718,West Michaelland,HI,71634,32453.99,Clerk,491,99/99/9999,BR041,,N/A,Tonga,Marketing
CUST001924,Sara,CUNNINGHAM,04/01/1985,male,martincynthia@example.net,+1-244-675-6365,23712 Johnson Turnpike Apt. 120,Port Tracey,NY,16206,78373.64,Nurse,675 pts,01-10-31,BR011,FALSE,N/A,Slovakia (Slovak Republic),Online
CUST001925,John,Townsend  ,02/17/1952,M,ndowns@example.net,+19194624524,9199 Rowe Knolls,Port Gavin,FL,80637,142592.89,Sales Rep,386,09-07-2021,BR039,TRUE,pending,,online
CUST001926,Scott,Buchanan,"December 13, 1991",F,michaelrichards@example.net,4583554220,896 Allen Run,Ericabury,NH,04249,37821.54,Retired,758,2002-11-30,BR010,FALSE,Pending,Tanzania,N/A
CUST001927,Crystal,Francis,10/08/1975,M,jamiesmith@example.org,+1-819-855-7632,56748 Harris Haven,Williamstown,IL,54741,0,Sales Rep,422,04/06/2021,BR036,True,,India,Referral
CUST001928,John,Garrison,59-01-04,F,dcontreras@example.org,,28876 Sean Mountain Suite 600,West Christopher,WV,49480,59989.85,Lawyer,416,,BR014,False,pending,Tonga,branch
CUST001929,Ann,Flynn,1953-09-14,F,lindahayes@example.org,217.919.9497,4407 Danielle Springs,Jeremyport,MT,14444,108533.59,Engineer,629,05/01/2018,BR010,1,N/A,Bhutan,Branch
CUST001930,Mark,Mathis,05-02-02,male,ian40@example.org,+1-582-701-5811,16951 Lara Drive,West Mark,WI,07680,138542.16,Officer,336,2015-08-22,BR020,TRUE,VERIFIED,Switzerland,Walk-in
CUST001931,Lisa,Cunningham,NULL,M,mcdanielsarah@example.org,(001) 737-2667,0511 Gregory Stream Suite 014,Billytown,KY,26996,26965.76,Lawyer,589,13/02/2003,BR010,No,Not Verified,United States Minor Outlying Islands,Online
CUST001932,Zachary,Cunningham,1972-10-03,M,manuelgarcia@example.org,000-000-0000,126 Morgan Lights Suite 835,,SC,23372,87384.47,Officer,801,07/03/2005,BR042,True,Not Verified,Latvia,Marketing
CUST001933,John,Harris,,F,ifrench@example.com,N/A,,Riveraville,HI,83356,53714.13,Officer,368,2023-09-17,BR013,True,VERIFIED,Ecuador,Walk-in
CUST001934,Brooke,king,22/02/1957,M,lori94@example.net,,07714 Holloway Spur,Lake Yolandaberg,OH,55802,66291.81,Doctor,,"May 29, 2009",BR033,0,Verified,American Samoa,branch
CUST001935,Mary,MURILLO,10-10-1975,F,seanconley@example.org,(281) 389-8137,47084 Wolfe Glen,,KS,41909,,Lawyer,800,99/99/9999,BR043,0,Not Verified,Togo,Walk-in
CUST001936,Natalie,Hampton,08/20/1966,F,michaelharrison@example.org,+1-001-719-4511,5514 Thompson Wells,Port Aaronside,NY,71563,17396.04,Clerk,9999,NULL,BR001,0,N/A,,ONLINE
CUST001937,Kaitlyn,Delgado,"November 24, 2015",F,tmay@example.net,743.777.2228,314 Michael Plain Apt. 073,South Robert,XX,09956,78880.89,Contractor,823 pts,14/07/2012,BR025,1,,Nauru,ONLINE
CUST001938,emma,Lawson,08/02/2019,M,youngsusan@example.com,+15115025375,515 Connie Ports Suite 007,Sandrachester,VI,62495,86369.26,Doctor,848,"December 06, 2019",BR032,False,pending,Burkina Faso,Online
CUST001939,Jeremy,Ellis,"December 19, 1985",f,garciatanya@example.org,000-000-0000,53776 Mendoza Gateway Apt. 549,Reyesfort,WY,01494,108002.52,Engineer,806,99/99/9999,BR005,1,Verified,Christmas Island,N/A
CUST001940,Amy,HARRISON,99/99/9999,M,ncombs@example.net,+1-857-812-1662,3428 Desiree Greens,South Amber,WA,90444,73429.41,Doctor,833,"July 12, 2013",,,VERIFIED,French Guiana,online
CUST001941,Kelly,Colon,11/12/1982,1,hosborn@example.net,489.393.2191,534 Butler Ways Suite 044,Jacksontown,PR,41032,USD 80781.77,Engineer,620,11/10/2022,BR018,1,N/A,Poland,Walk-in
CUST001942,Katie,Acevedo,61-01-01,F,wendy16@example.org,566.541.7000,047 Yates Crescent Apt. 066,West Monicahaven,AK,91423,56292.3,Teacher,0,18/01/2010,BR023,False,Verified,Switzerland,Walk-in
CUST001943,Amanda,Nguyen,01-10-1965,M,goodwinjennifer@example.net,000-000-0000,75308 Pitts Drive,South Mary,NE,51819,79419.44,,702,07-01-23,BR049,FALSE,N/A,Venezuela,
CUST001944,Sean,Ramirez,,FEMALE,pamela86@example.org,000-000-0000,1679 Susan Divide Suite 195,South Christopher,DE,67770,57988.27,Student,395,05-07-06,BR023,TRUE,Not Verified,Italy,Walk-in
CUST001945,thomas,Wade,"December 18, 1965",M,swagner@example.net,001-572-4016,196 Jon Course Apt. 004,South Natalie,XX,84629,91755.02,Manager,300,20/04/2004,BR047,0,Verified,Uruguay,ONLINE
CUST001946,  Peter,Wilson,23/10/1942,M,john93@example.org,(381) 287-6240,195 Laura Course Apt. 298,Nguyenchester,MS,15286,57063.64,Engineer,368,15-11-01,BR029,False,pending,French Southern Territories,Online
CUST001947,Michael,Santiago,1966-10-28,FEMALE,hoffmanangie@example.org,+1-674-436-1251,89124 Mark Station Apt. 121,Port Linda,ND,60094,83198.51,Consultant,587,99/99/9999,BR049,Yes,,Costa Rica,online
CUST001948,andre,Vega,1984-03-25,F,hogandebra@example.net,+1-001-879-6573,89452 Timothy Trail,Chelseaview,WA,01316,"68975,8",Lawyer,575,06/04/2015,BR016,1,Verified,Congo,Walk-in
CUST001949,Tyler,Baker,"May 03, 1994",F,heather33@example.org,001.684.6552,85141 Karen Street,East Michael,MD,69695,109411.76,,623,18/11/2005,BR004,False,Pending,Singapore,
CUST001950,Ryan,RODRIGUEZ,01/17/1957,M,,956.413.1113,679 William Summit,East Judithstad,VA,83349,68201.22,Designer,528,06-06-30,BR008,,,Christmas Island,online
CUST001951,Jody,HERNANDEZ,"November 11, 1943",M,joneszachary@example.org,+10015835087,138 Crystal Rest,Shorttown,GA,02844,7943.86,Driver,562,2006-11-15,BR023,False,N/A,Togo,Walk-in
CUST001952,  Katherine,Berger,04/14/1950,M,annarussell@example.net,000-000-0000,8877 Mason Mount,Hawkinsshire,AR,23882,114167.25,,312,2000-08-07,BR008,0,N/A,Fiji,branch
CUST001953,Justin,Green,08-06-1981,F,sarahdouglas@example.net,+1-764-684-0927,48980 Kevin Loaf,,ND,76073,38299.37,Sales Rep,802,06-04-2016,BR046,,Verified,Mexico,Walk-in
CUST001954,kimberly,Briggs,1953-01-04,male,rlee@example.net,001.615.6965,5367 Denise Extensions Suite 334,Faithton,NY,88259,47118.18,Designer,315,2021-09-07,BR016,0,Not Verified,Barbados,
CUST001955,CHARLES,wells,22-07-1944,M,frussell@example.net,346-265-8490,61140 Garrett Forest Suite 960,Dorseyhaven,MA,46626,49151.85,Consultant,539,01-03-04,BR003,FALSE,pending,China,Walk-in
CUST001956,Gregory,Hodges,21-02-1954,F,andrew44@example.org,000-000-0000,8263 George Springs Apt. 089,Hahnbury,SD,06697,118105.33,,386,,BR045,,Pending,Cyprus,branch
CUST001957,Roger  ,Burch,"December 27, 1997",M,marshalljoshua@example.com,,43172 Lyons Road,Dominguezville,NY,66898,0,Student,840,08-03-28,BR008,,Verified,Guinea-Bissau,Referral
CUST001958,Jimmy,scott,"April 05, 1995",0,petermartinez@example.net,(515) 385-2632,8577 Barnes Bypass,Maryberg,AK,98765,179821.2,Manager,357,09/01/2010,BR017,False,Pending,Qatar,Referral
CUST001959,Christopher,Stone,99/99/9999,M,N/A,(663) 940-1881,418 Lorraine Spurs Apt. 715,Port Jamesville,OR,35971,106961.99,Doctor,785,11-04-2013,BR006,FALSE,Pending,Malta,online
CUST001960,Gavin,Medina  ,1984-01-16,m,stevenhale@example.com,894.563.5718,7374 Murray Inlet Suite 274,Larsonborough,DE,90684,77813.36,Contractor,790,20/05/2019,BR025,,N/A,Pakistan,Referral
CUST001961,Lori,Fernandez,76-02-20,1,pjones@example.org,+19789121554,1458 Miller Locks,Jamesbury,MN,74357,68078.71,Nurse,596,04/08/2022,BR033,Yes,N/A,Sao Tome and Principe,branch
CUST001962,Nicole,Schmitt,"May 01, 2005",M,gallen@example.com,N/A,0196 Sloan Loaf Suite 939,South Sandra,TX,26018,79994.39,Analyst,352,04/03/2018,BR049,,verified,Iceland,Walk-in
CUST001963,Danielle,Johnson,05-11-1963,MALE,mperkins@example.org,0013972892,62408 Christopher Isle,Lake Tammy,MS,34678,88239.28,Driver,394,2020-11-28,BR025,,Not Verified,Singapore,N/A
CUST001964,Randall,  Mitchell,"March 19, 1973",M,N/A,0012227505,7420 David Port Apt. 343,Glennville,LA,23513,92582.55,Manager,832,99/99/9999,,TRUE,N/A,Thailand,Marketing
CUST001965,Jean,  Lee,1975-05-18,male,,000-000-0000,85375 Gregory Drive Apt. 721,Lauraside,SC,06751,89446.16,Chef,765,2008-08-04,BR008,FALSE,,Greenland,online
CUST001966,Patrick,Thompson,99/99/9999,F,edwardcrawford@example.org,+1-821-633-7800,642 Ann Vista,Markton,NV,82722,73135.32,Chef,372,19-08-2017,BR028,No,VERIFIED,Namibia,ONLINE
CUST001967,Jacob,Deleon,17-08-2002,M,johnsonjasmine@example.net,000-000-0000,7041 Rick Alley Suite 415,North Williamburgh,GA,38181,63093.16,Driver,577,99/99/9999,BR018,False,pending,Bouvet Island (Bouvetoya),branch
CUST001968,Jeffrey,Joseph  ,NULL,0,julieray@example.org,N/A,2735 George Courts,Kimberlyland,MO,12703,64705.44,Designer,465,17/02/2005,BR006,No,Verified,Austria,
CUST001969,Hannah,MILLER,1969-03-31,F,jeffrey21@example.org,3979842814,6301 Daniel Harbor,Lake Daniel,NE,91053,63178.21,Clerk,778,01-03-2001,BR013,False,Verified,Kiribati,
CUST001970,Yvonne,Miller,09-11-1996,M,daniel04@example.net,128.220.6456,273 Wang Drive,New Stanley,MN,84136,109681.95,Accountant,626,99/99/9999,BR027,Yes,VERIFIED,Saint Lucia,Online
CUST001971,JACQUELINE,Williams  ,"April 11, 1979",M,nicholas67@example.net,+1-001-516-2712,725 John Summit Apt. 497,South Elizabethtown,MO,73396,90774.49,Chef,361,"March 23, 2000",BR025,0,VERIFIED,Jamaica,branch
CUST001972,Michelle,Hicks,09/05/1999,F,kcarey@example.org,(422) 885-4040,6845 Craig Underpass,Goodmanberg,GA,45387,0,Officer,789,15-12-25,BR040,1,,South Georgia and the South Sandwich Islands,
CUST001973,Amber,Holmes,10-09-1960,M,russellkelly@example.net,,91269 Lee Gardens Apt. 453,New Kenneth,IL,03242,92956.53,Teacher,826,,BR018,TRUE,Verified,New Zealand,Online
CUST001974,Dana,Butler,07-10-1994,M,pwagner@example.org,+1-710-820-8520,9803 Scott Junctions Suite 659,,GU,48289,76815.77,Developer,761,NULL,BR009,TRUE,verified,,branch
CUST001975,Christian,Ochoa,1959-12-13,1,holly95@example.org,3444920954,,,WV,00000,69345.19,Retired,729,04/03/2002,BR024,No,VERIFIED,,online
CUST001976,Alicia,  Jones,1981-07-10,M,DRAKEPAMELA@EXAMPLE.NET,+19946422832,9630 Gilbert Islands,Andrewport,NV,70160,56401.85,Developer,552,2009-11-06,BR004,TRUE,VERIFIED,Pakistan,Referral
CUST001977,Emily,Mckinney,"December 31, 1966",female,keithjames@example.net,(481) 305-9251,946 John Cove,South Tiffanyfurt,MN,48845,109343.95,Engineer,596,"June 28, 2004",BR015,FALSE,,Iceland,
CUST001978,jeffrey,Fuller,1966-12-31,female,aarondonovan@example.com,000-000-0000,6735 Hannah Fields,Burnettstad,WV,62703,103163.43,Developer,631,2006-01-10,BR018,No,pending,Trinidad and Tobago,N/A
CUST001979,STEPHEN,Graves,1969-10-29,M,,,10696 Duncan Rapid Apt. 924,Hickmanbury,ME,37644,"$42,949.28",Analyst,381,04-11-01,BR011,Yes,,Cook Islands,Walk-in
CUST001980,Rodney,Lowery  ,1965-10-11,M,christopher62@example.net,+1-237-394-7741,8676 Michael Haven,Benjaminmouth,OH,91062,84246.83,Officer,537,01/07/2006,BR046,True,VERIFIED,Slovakia (Slovak Republic),branch
CUST001981,Teresa  ,  Patterson,31-12-1954,F,samantha98@example.net,,6036 Donna Haven Apt. 866,East Victor,00,81983,35992.01,,663,99/99/9999,BR048,True,pending,Niue,Branch
CUST001982,Donald,Bryant,02/20/1984,MALE,vhughes@example.com,+1-773-990-6072,47665 Fuller Mall Suite 022,Rodriguezberg,GU,26161,,Driver,486,05/24/2011,BR033,FALSE,verified,Equatorial Guinea,Walk-in
CUST001983,  Michelle,Perkins,18-12-1966,F,lisa57@example.org,3492176482,781 James Route Apt. 703,Lake Darrell,MO,55253,48064.9,Clerk,351,26-07-2000,BR043,TRUE,verified,Liberia,online
CUST001984,Albert,Lee,69-06-03,1,deborahconley@example.org,1851898386,9895 Figueroa Corners,North Megantown,ZZ,77611,100183.77,Consultant,685,2013-08-18,BR038,True,Pending,Kazakhstan,ONLINE
CUST001985,Nancy,Rice,30-07-1990,F,angelarios@example.org,804.541.6166,8539 Davis Valleys Apt. 480,West Meganfort,MH,34848,103359.38,Retired,620,2020-07-05,BR020,1,pending,Trinidad and Tobago,Referral
CUST001986,Erin,Mills,1963-06-05,F,tward@example.com,001.402.9493,4445 Matthew Street,Meadowsborough,SD,08651,,Clerk,790,16/08/2023,BR009,0,Verified,British Virgin Islands,Branch
CUST001987,brittany,Burke,15-01-1973,FEMALE,randymiranda@example.net,000-000-0000,163 Williamson Mews,North Teresa,IA,26294,95378.35,Officer,728,12/07/2003,BR010,False,N/A,Saudi Arabia,Online
CUST001988,Sara,Mcknight,"January 02, 1952",1,randy36@example.net,001-457-5001,2134 John Mission Apt. 205,Collinsberg,GU,09526,"88066,24",Manager,595,21-06-07,BR049,0,pending,Cyprus,online
CUST001989,  Danielle,Coleman,1947-06-13,F,HGORDON@EXAMPLE.NET,(328) 270-2456,9070 Kathy Spring Suite 089,Marshallview,IN,84959,4754814.0,Teacher,527,08/07/2016,BR012,Yes,N/A,United States Minor Outlying Islands,Online
CUST001990,Marcus,Stokes,99/99/9999,Female,joshuabenton@example.com,,132 Chad Field,East Pamelafort,GA,56504,85117.29,,538,03/11/2000,BR046,1,VERIFIED,Macao,branch
CUST001991,Justin,Perez,"August 29, 2004",F,danielsrobert@example.org,+17502342062,48511 Fox Point Apt. 921,West Kristinefurt,NM,72644,98014.33,Student,850,12/10/2011,BR038,True,Verified,Guatemala,
CUST001992,Allison,Hall  ,12-02-23,M,paul76@example.net,+1-982-993-0073,4385 Alicia Walk Apt. 570,Josephmouth,WI,46164,96400.2,Teacher,533,16-09-09,BR046,No,N/A,El Salvador,Referral
CUST001993,Frank,  Sanchez,"April 15, 2004",M,lfuller@example.org,694.538.0547,86080 Richardson Station,New Jerome,VT,95760,111611.97,Manager,721,99/99/9999,BR027,True,VERIFIED,Nauru,Online
CUST001994,Andrea,Ward,09/23/1968,F,whayesATexample.com,000-000-0000,894 Evelyn Forge Apt. 536,West Scott,PW,83141,94790.63,Retired,489,"January 16, 2005",BR011,TRUE,,Belgium,ONLINE
CUST001995,Shari,Barker,99/99/9999,M,qshaw@example.com,(168) 035-4452,087 Nguyen Extensions Apt. 893,Port Jenniferstad,NC,63481,82300.69,Engineer,578,"October 17, 2006",BR032,,,Iceland,
CUST001996,Katie,ross,07/21/2001,F,leah18@example.com,965.671.4178,56632 Strong Vista,Rodneyton,HI,45081,107455.26,Consultant,527,07-10-14,BR019,Yes,pending,United States of America,Marketing
CUST001997,karen,Vega,08/14/1987,M,adaniels@example.com,857-286-6673,11245 Miller Harbor,Carrhaven,PR,39614,69071.76,Nurse,634,14/06/2022,BR022,No,Pending,United Arab Emirates,N/A
CUST001998,Joseph,Page,99/99/9999,F,carl96@example.net,427-562-8908,05960 James Spurs Apt. 473,South Kristin,hi,17395,USD 39134.39,Nurse,541,26/12/2020,BR041,Yes,N/A,Faroe Islands,Marketing
CUST001999,James,Browning,1957-05-03,M,ileblanc@example.net,0017113625,7771 Harris Spurs,Christinaborough,NC,07113,64292.66,Contractor,0,09/12/2016,BR031,,,Nepal,Referral
CUST002000,Laura  ,Thomas,09/24/1975,F,zdixon@example.org,689.219.2834,0835 Campbell Route,West Debbie,AR,00000,43928.41,Designer,584,2007-11-22,BR021,Yes,verified,Thailand,N/A
CUST002001,Sara,Mejia,99/99/9999,M,kimberly84@example.org,(849) 954-9287,7538 Ortiz Path Apt. 453,Lake Kristopher,CO,26702,46368.76,Teacher,335,17-10-21,BR010,True,VERIFIED,Samoa,Walk-in
CUST002002,Pam,Freeman  ,19-01-1972,F,leahstuart@example.net,+1-608-419-4448,59919 Christopher Mountains Suite 448,New Sierra,ZZ,22485,"$64,941.85",Consultant,746,21-05-04,BR009,False,,American Samoa,branch
CUST002003,Kristine,Edwards,18/08/1970,F,hjohnson@example.net,N/A,44376 Mary Drives Apt. 665,Michaelchester,FM,84749,42265.3,Accountant,383,14/05/2021,BR030,0,VERIFIED,Venezuela,branch
CUST002004,Dana,Patton,12/11/1996,M,nielsenscott@example.org,401.709.5575,437 Theresa Mountains Apt. 856,Lake Bryanfort,MP,72130,59221.35,Driver,386,"August 18, 2004",BR042,,N/A,,
CUST002005,Christopher,Castro,NULL,F,sabrina81@example.com,199.168.6239,719 Woods Key,,PR,53230,,Teacher,756,29/10/2002,BR031,FALSE,N/A,Switzerland,N/A
CUST002006,Natalie,Juarez,1972-02-05,F,bentonmaria@example.com,(519) 940-6568,614 Bradford Radial,North Donaldmouth,SC,38959,77465.28,Designer,742,99/99/9999,,1,VERIFIED,China,N/A
CUST002007,Jeff,Flynn  ,17/06/1960,F,seanbanks@example.org,714.870.1260,266 Patricia Loaf,North Tricia,IN,38394,,Retired,668,2006-12-14,BR035,No,VERIFIED,Cambodia,Online
CUST002008,Misty,King,23/08/1994,F,bkim@example.org,0018987628,9135 Emily Gateway,Kerrport,NV,00000,41401.9,Self-Employed,563,11-11-2005,BR030,,Pending,Malta,Online
CUST002009,Samantha,Hensley,06/06/1954,M,kennethjennings@example.org,000-000-0000,275 Davis Ford,,FM,69950,93073.6,Consultant,315,2012-12-13,BR049,No,VERIFIED,Latvia,Marketing
CUST002010,Brandon,Livingston,98-08-27,F,linda05@example.net,+1-275-453-2413,914 Alexander Mountains Apt. 787,Simpsonstad,WA,27203,,Sales Rep,822,NULL,BR007,False,,Portugal,branch
CUST002011,Patrick,Smith,21-04-1963,M,martha54@example.com,000-000-0000,44497 Frank Estate Suite 951,Debrabury,N/A,78811,"13735,4",Accountant,340,2000-08-01,BR015,1,VERIFIED,Central African Republic,Marketing
CUST002012,Sandra,Williams,"November 23, 1993",m,frankvickie@example.net,953.240.2970,401 Veronica Park Suite 896,Hawkinsberg,NE,29681,43304.63,Clerk,512,21-02-18,BR033,FALSE,Verified,United Kingdom,Referral
CUST002013,Tracy,Franklin,1949-05-10,f,raymond05@example.net,N/A,51594 Robert Circle Apt. 562,Levinefurt,CA,02825,43080.02,Consultant,635,05/29/2017,BR014,No,verified,Palestinian Territory,Walk-in
CUST002014,  Michael,Brown  ,"May 13, 2003",F,washingtondaniel@example.net,(165) 397-2817,3115 Morris Summit Apt. 643,Lake Danielle,NC,17593,37103.39,Teacher,610,27-09-2003,BR006,Yes,N/A,Mali,online
CUST002015,Amanda,Cruz,13/09/1947,M,crasmussen@example.net,+13419886828,307 Steele Key,Poolechester,GU,85726,99031.62,Officer,387,"October 26, 2007",BR038,True,Verified,Bhutan,Marketing
CUST002016,Noah,Heath,30/08/1987,M,craig30@example.org,001-993-4220,1941 Hunter Parkway,New Richard,VA,98927,6321609.0,Contractor,398,99/99/9999,BR029,Yes,VERIFIED,Malawi,branch
CUST002017,Gloria,Thompson,11/03/1941,M,katherine28@example.org,,92578 Roger Mall Apt. 230,Hannahberg,MP,43403,60741.98,Sales Rep,0,2022-09-29,BR009,0,pending,Burundi,Branch
CUST002018,Ronald,williams,27/01/1981,M,ryandaniel@example.org,(407) 438-8801,43652 Brian Bypass,Langview,MA,23893,,Retired,724,24/05/2003,BR039,No,Verified,United States of America,Marketing
CUST002019,Michelle,Swanson,"October 04, 1966",M,  johnsonsamantha@example.org  ,(397) 315-8085,0412 Jessica Junctions,Port Charlesburgh,MH,66517,92239.63,Chef,834,04/29/2015,BR004,True,VERIFIED,Korea,ONLINE
CUST002020,Kimberly,Cantu,01/28/2000,1,hintonhunter@example.com,000-000-0000,371 Anthony Land Apt. 414,Padillahaven,WY,16346,26625.96,Accountant,472,2004-03-28,BR021,1,VERIFIED,Solomon Islands,Branch
CUST002021,Troy,Walton,20-10-1953,F,williamsmichael@example.org,+19832591275,33475 Linda Trace Apt. 783,Jessicaborough,PW,85263,"$72,097.64",Engineer,576,12/05/2002,BR011,FALSE,VERIFIED,Honduras,Marketing
CUST002022,sarah,Nelson,23/05/1973,MALE,dukeselena@example.net,3859881185,7576 Blankenship Mountain,North Melissafurt,CT,04921,79708.19,Teacher,399,NULL,BR019,Yes,,Finland,Branch
CUST002023,Gerald,Juarez  ,55-09-07,M,andrewclark@example.net,0012532868,861 Jacobs Circle Suite 347,Leonardmouth,ME,69299,,Engineer,771,10/11/2016,BR045,0,Verified,Bolivia,Marketing
CUST002024,Jonathan,House,30-12-1954,male,kathrynbaker@example.com,+10013925662,49415 Winters Ports,South Steven,TX,59989,2419129.0,Clerk,716,"September 18, 2016",BR046,1,Verified,,Branch
CUST002025,Christopher,Wood,,F,zwilson@example.com,(901) 331-1378,978 Ashley Garden Apt. 907,Taylormouth,OH,00000,0,Analyst,753,2017-11-24,BR037,1,Not Verified,French Southern Territories,online
CUST002026,Brandon,  Moody,04-12-2000,0,chasesheryl@example.net,N/A,288 Gonzalez Route Suite 070,Nicoleshire,AK,00000,76434.73,Doctor,713,12/08/2010,BR021,Yes,N/A,China,Branch
CUST002027,Yvonne,Short,51-05-27,F,xfaulkner@example.org,572-237-9730,925 Melanie Pine,Campbelltown,ks,69737,133017.89,Analyst,511,23-10-24,BR026,No,pending,Holy See (Vatican City State),ONLINE
CUST002028,Joyce,Stewart,,M,jameswright@example.com,0012449715,,Angelabury,MH,67432,USD 113363.12,Sales Rep,623 pts,20-06-27,BR010,TRUE,Verified,Canada,ONLINE
CUST002029,Ryan,  Thomas,"November 25, 1971",M,milleraustin@example.net,000-000-0000,718 Dyer Turnpike Suite 250,South Melissamouth,IA,56051,77338.08,Self-Employed,804,16-09-2020,BR001,,N/A,Guam,Referral
CUST002030,Sharon,robertson,NULL,F,bridget23@example.org,+11951310817,366 Timothy Lodge,Williamhaven,CO,69421,52792.73,Officer,712,"September 20, 2022",BR039,TRUE,N/A,Slovenia,N/A
CUST002031,William,  Robles,"June 22, 1975",FEMALE,lindaflowers@example.org,N/A,4083 Velazquez Groves,Jamieton,HI,68326,98249.29,Consultant,817,10-04-16,BR015,TRUE,Not Verified,Mali,Marketing
CUST002032,Matthew,Davila,03-07-1949,F,brittney10@example.net,000-000-0000,320 Taylor Street Apt. 865,Jesustown,CT,16560,35925.88,Designer,785,16/07/2004,BR044,Yes,pending,Bulgaria,N/A
CUST002033,Tamara,Burnett,06/10/1973,M,aliciastevens@example.org,949-976-1934,13109 Anderson Lakes Apt. 115,Rodriguezberg,WI,51687,86672.52,Officer,685,07/06/2010,BR035,,pending,Grenada,Marketing
CUST002034,Dennis  ,Cline,03/13/1966,M,holtrichard@example.com,,736 Cox Park Apt. 212,,ME,80215,,Analyst,696,07/14/2002,BR047,No,pending,Micronesia,ONLINE
CUST002035,Jessica,Griffin  ,NULL,F,charles57@example.net,142-143-1913,7220 Patrick Corner Apt. 350,East Richard,NC,98983,,Teacher,308,12/03/2017,BR003,Yes,verified,Togo,Referral
CUST002036,Brittany  ,FUENTES,"September 03, 1976",F,cassandra78@example.org,+17776447324,472 Mcdaniel Canyon Suite 128,South Vincentfort,CO,00000,166588.1,Consultant,554,2015-06-01,BR033,FALSE,pending,,online
CUST002037,Paul  ,Willis,26/09/1980,F,joseph28@example.org,000-000-0000,471 Brandon Mill Apt. 168,New Bradleyside,HI,35885,83734.56,Student,474,02-12-2017,BR024,0,Verified,Cambodia,Walk-in
CUST002038,John,Walters,28-04-2016,F,zlittleATexample.net,+17532299983,841 Hunt Harbor Suite 411,Port Jesseview,MO,59723,52186.27,Nurse,678,04/30/2013,BR016,False,Verified,Aruba,Referral
CUST002039,Jacqueline,Henderson,1942-08-01,F,,+1-738-210-6370,61634 Matthew Loaf,Cherylmouth,RI,03159,69104.9,Consultant,540 pts,2021-06-22,BR033,FALSE,VERIFIED,Saudi Arabia,
CUST002040,Daniel,REED,06/02/1970,M,loribrown@example.org,+1-975-350-4935,27701 Allen Wells Suite 928,Port Brenda,PA,00000,8082.34,Analyst,,99/99/9999,BR045,0,pending,British Virgin Islands,Walk-in
CUST002041,Rebekah,Colon,"January 26, 1959",M,grosschristopher@example.net,,0356 Burch Ramp Suite 424,Jacksonberg,US,56049,45685.04,Self-Employed,571,01/23/2016,BR010,,N/A,France,N/A
CUST002042,Sarah,Hernandez,65-10-16,M,darlenerobinson@example.net,000-000-0000,,South Debrastad,NC,28565,55675.11,Doctor,339 pts,,BR022,TRUE,pending,Gambia,Branch
CUST002043,Erin,Powers,10/08/1981,M,wilkinsjeffery@example.net,718.919.2424,28832 Kathleen Forges Suite 498,Port Anthonyburgh,ri,30713,51656.91,Accountant,713,"July 06, 2004",,,Not Verified,Ireland,N/A
CUST002044,Scott,Ferguson,,M,hillmichael@example.com,000-000-0000,48337 Watson Spurs,Littlebury,NM,71459,75332.42,Engineer,331,17-10-2020,BR044,0,,Guam,Referral
CUST002045,Christopher,Costa,1985-02-04,F,tiffanyjones@example.com,+17319264569,1591 Rebekah Turnpike,East Michael,GA,83377,41215.3,Retired,483,23/03/2017,BR042,TRUE,,Palau,online
CUST002046,  Laura,Rogers,"July 03, 1947",Female,N/A,403.241.1373,01738 Melissa Roads,Hamptonton,AS,52511,109236.07,Analyst,596,"September 22, 2014",BR044,Yes,pending,Mauritania,ONLINE
CUST002047,Phillip,Werner,"July 07, 1978",MALE,AFISHER@EXAMPLE.COM,+1-999-764-8863,192 Andrews Common Apt. 029,Bonnieborough,NC,25409,70007.25,Engineer,377,"July 14, 2004",BR033,1,,Ghana,branch
CUST002048,Alexis,Carroll,05/28/1967,F,sarahwood@example.org,+1-186-974-8632,23969 Margaret Shore,Jamesville,CA,44928,69674.49,Driver,603,12/23/2018,BR042,TRUE,Pending,Bermuda,N/A
CUST002049,Virginia,Cruz  ,30-01-1942,M,,+1-296-259-7826,47032 Robert Summit,Port Allisonside,ME,87021,58523.68,Contractor,392,"October 26, 2003",BR003,TRUE,,Comoros,online
CUST002050,Roberta,Miller,"November 12, 1961",F,CHRISTINE31@EXAMPLE.ORG,,61601 Elizabeth Road,Hernandezside,RI,83228,75431.67,Clerk,733,2019-08-28,BR043,Yes,Not Verified,Yemen,branch
CUST002051,Jamie,Schmidt,"July 07, 1951",0,  martinezjulie@example.net  ,(901) 651-0609,,Rhodesport,TX,84396,98878.44,Sales Rep,451,99/99/9999,BR032,True,,Cape Verde,ONLINE
CUST002052,Holly,Perkins,99/99/9999,Female,zbass@example.com,,327 Jonathan Wall Suite 250,Acevedoberg,ID,30409,39650.44,Retired,495 pts,2003-04-07,BR015,0,N/A,Svalbard & Jan Mayen Islands,
CUST002053,David,Waters,1995-05-07,F,N/A,N/A,073 Martin Ville,Timothyside,KS,70053,46965.92,Self-Employed,499,"March 15, 2022",BR047,,VERIFIED,Dominican Republic,online
CUST002054,Richard,Greene,24/07/1941,male,gholloway@example.org,+1-598-581-0295,623 Jarvis Divide Apt. 342,South Kevin,AK,16440,,Student,810,"June 21, 2015",BR044,Yes,Not Verified,Eritrea,ONLINE
CUST002055,Cynthia,Benton,12/06/1998,M,jamessmith@example.com,5576760612,08439 Helen Port,East Janetchester,PA,54491,22894.52,Sales Rep,452,11-10-19,BR049,1,Pending,Eritrea,Referral
CUST002056,Peter,Arroyo,01/03/2001,F,cannonedward@example.com,,976 Turner Meadow Apt. 659,,TX,84206,41325.97,Engineer,360,NULL,BR032,True,Pending,Armenia,N/A
CUST002057,ISAAC,  Finley,06/08/1951,M,dskinner@example.net,+16699482545,01376 Michael Way,Lake Joyce,NC,10637,53332.27,Driver,425,"July 16, 2021",BR025,Yes,VERIFIED,Dominica,N/A
CUST002058,Todd,Leonard,"March 19, 1965",M,nataliewilliams@example.com,,03043 Brandon Turnpike,Fordtown,VA,00000,"$100,603.62",Developer,713,21-10-05,BR042,,VERIFIED,Antarctica (the territory South of 60 deg S),Marketing
CUST002059,Dana,Anderson,21/09/1948,M,larsennicole@example.org,788-240-9955,71810 Gonzalez Ranch Suite 448,South Paulfurt,KY,93042,79189.65,Doctor,817,"October 10, 2005",BR013,FALSE,,Jersey,N/A
CUST002060,Donald,  Salazar,"April 12, 1989",FEMALE,ortegatheresa@example.net,N/A,1523 Gonzales Unions,Salinastown,al,74883,76775.65,Manager,716,06/29/2019,BR019,No,Pending,Marshall Islands,Marketing
CUST002061,Matthew,Gaines,04-08-01,1,russellcarla@example.com,1876233812,03760 Dana Camp Suite 073,Youngfurt,MT,00000,99781.43,Self-Employed,518,15/09/2009,BR005,Yes,Not Verified,Sweden,branch
CUST002062,amanda,Allen,60-01-10,F,pdavenport@example.com,(307) 690-4660,4991 Miller River,East Kristymouth,RI,92088,65191.99,Consultant,581,15-09-2010,BR023,,Pending,Monaco,Online
CUST002063,Nicole,Butler,14-02-1952,M,donaldnguyen@example.com,+12415945089,40916 Renee Port Apt. 133,South James,MD,23120,83666.27,Designer,546 pts,99/99/9999,BR050,Yes,Not Verified,Martinique,Referral
CUST002064,Anthony,Wade,16/03/1980,F,gregorywolf@example.com,445.881.6494,9156 Turner Terrace,Lake Tommyshire,KS,75362,66387.24,Analyst,796,11/22/2016,BR050,False,Not Verified,Bhutan,ONLINE
CUST002065,Scott,Benson,10/10/1959,M,hendersonelizabeth@example.net,000-000-0000,971 Alvarez Lodge Suite 596,Antoniotown,WI,88843,79287.68,Clerk,389,16/06/2002,BR009,False,verified,Palestinian Territory,branch
CUST002066,Andrew,Wilkinson,29-12-1985,F,xoliver@example.net,6478048601,56951 Meghan Cliff Suite 280,South Rebecca,WY,36517,49603.45,Doctor,311,2022-06-14,BR010,0,Not Verified,Christmas Island,N/A
CUST002067,Samantha,Hess,1955-05-08,M,victor69@example.com,551-736-8194,27291 Garcia Crossing,East Danielburgh,RI,00000,0,Retired,0,10/23/2007,BR015,Yes,Verified,Armenia,Marketing
CUST002068,TIFFANY,Reed,09-04-1955,F,carlos36@example.net,132-643-1349,19385 Dennis Ridges Apt. 114,Port Jeffrey,CO,48012,65300.23,Clerk,9999,17-10-2020,BR003,,Pending,,Referral
CUST002069,Monique,Collins,78-10-24,M,asoto@example.com,,284 Skinner Club,Port Carla,WV,74385,119796.18,Driver,309,06/14/2018,BR017,,VERIFIED,Cote d'Ivoire,N/A
CUST002070,Amanda,Horton,"November 13, 1955",0,james07@example.com,+1-001-514-2876,201 Brown Tunnel,Walshside,ID,19869,102417.54,,369,07/09/2020,BR020,0,Pending,Sao Tome and Principe,Walk-in
CUST002071,Ashley,cervantes,71-11-27,M,,,077 Charles Village Apt. 665,Lake Matthewstad,FM,49051,103788.91,Developer,475 pts,99/99/9999,BR046,True,pending,Djibouti,N/A
CUST002072,Joshua,Mosley,99/99/9999,F,,+16165172775,611 Garza Creek,Kimberlyburgh,SD,15643,113264.58,Engineer,350,04/08/2002,BR001,FALSE,pending,Madagascar,online
CUST002073,Mitchell,White,1950-04-11,F,brettjohnson@example.com,+11849322946,570 Clayton Brooks,North Sarah,AS,62787,73103.02,Doctor,479,20/04/2002,BR031,No,N/A,Djibouti,branch
CUST002074,Scott,Sloan,"July 19, 1969",F,wmorales@example.net,+18197557290,6737 Laura Extension,Marytown,MO,25579,"$76,906.05",Developer,340,2003-01-12,BR030,Yes,verified,Guatemala,Online
CUST002075,Cheyenne,Robinson,1954-05-27,F,kelseywolfe@example.org,180.039.9912,110 Nicole Pike,South Stevenland,AR,77827,48382.18,Accountant,415,04/01/2016,BR037,Yes,N/A,Bermuda,
CUST002076,Gabriel,Pineda  ,31-07-1998,M,jennifer93ATexample.net,(395) 896-3845,30037 Peter Mountain Suite 708,West Bryceside,MP,93543,58937.45,Doctor,503,03-05-2014,BR048,Yes,N/A,American Samoa,Walk-in
CUST002077,  Shelia,MCCORMICK,99/99/9999,F,ijohns@example.org,+16687261446,5310 Sarah Loop Suite 897,Melanieburgh,NJ,42326,91551.99,Student,839,14-04-2017,BR013,,N/A,Kenya,Referral
CUST002078,Sarah,Hill,68-09-25,Male,thompsonnathan@example.org,+1-121-635-3979,668 Frost Via Apt. 725,Markburgh,VI,69935,112135.96,Student,573,07/13/2010,BR041,True,Pending,Comoros,
CUST002079,Mary,Cummings,27/02/1980,M,joshuali@example.org,(508) 991-2294,501 Edgar Skyway,New Kenneth,ME,87390,"65119,38",Engineer,463,"November 26, 2015",BR049,0,Verified,Bulgaria,online
CUST002080,Emily,Lawrence,,M,,(774) 391-9283,96702 Dean Cliffs,Lanebury,WY,39629,54243.38,Doctor,436,"June 14, 2020",BR001,True,VERIFIED,Saint Helena,branch
CUST002081,Stephen,Grant,1995-07-28,M,jford@example.net,+1-346-479-3072,006 Herring Lock Suite 287,West Michael,NV,51230,70018.48,Officer,0,"September 03, 2004",BR050,FALSE,Not Verified,Comoros,Marketing
CUST002082,Erica,Diaz,41-05-04,M,flee@example.org,654-792-5867,4313 Regina Creek Suite 613,Porterbury,FM,31377,91042.24,Chef,807,2018-04-17,BR010,No,Not Verified,Panama,Online
CUST002083,Jenny,Dean,"April 12, 1974",M,ericksontina@example.org,946-374-0724,,Mcfarlandtown,ND,33802,19465.08,Self-Employed,404,2004-12-10,BR006,TRUE,verified,Moldova,Referral
CUST002084,Christopher,Fitzpatrick  ,03-01-18,M,tracyhorton@example.org,+16272507361,22362 Dawn Station Suite 991,Port Christophertown,NJ,30517,USD 0.00,Sales Rep,726,"September 25, 2004",BR026,FALSE,Verified,Italy,
CUST002085,Paul,Yates,1943-06-18,Male,hellis@example.net,396.697.8162,8265 Williams Mills,East Veronica,PW,15048,,Doctor,311,23-07-2015,BR007,1,Not Verified,Sudan,Branch
CUST002086,Devin,Jones,"October 06, 1997",M,christophergomez@example.net,+14096627316,7861 Porter Harbors,West Kevinstad,SD,15304,27275.07,,825,NULL,BR020,True,verified,Brunei Darussalam,branch
CUST002087,Andre,Rodriguez,04/23/1965,M,ehunt@example.org,401-944-9877,259 Jason Port,New Travisshire,IL,55519,52215.09,Officer,326,,BR028,0,pending,Macao,Branch
CUST002088,Robert,Fuentes,1953-01-03,FEMALE,davidjones@example.net,9619091282,5399 Tiffany Meadow Suite 326,Wandaburgh,NE,87069,64827.69,Contractor,331,03/14/2013,BR011,0,verified,Israel,Online
CUST002089,Kelsey,Ramos,83-02-28,M,N/A,827.694.3407,,Riceport,NC,57419,54136.31,Officer,791,2000-01-25,BR016,FALSE,pending,Antarctica (the territory South of 60 deg S),Branch
CUST002090,Danielle,Reyes,03/17/1942,M,perezjeanette@example.com,+1-860-229-7294,48068 Brian Meadow,Michellestad,TX,00667,120836.36,Clerk,,06/17/2022,BR034,0,Not Verified,Costa Rica,Branch
CUST002091,Darlene,Monroe,99/99/9999,F,russellpettyATexample.com,,8375 Love Pine,Abbottton,AS,19406,81436.07,,354,02/08/2002,BR037,False,pending,Croatia,
CUST002092,Karen  ,Ruiz,"February 10, 1948",male,williamsmark@example.com,,0874 Leslie Walk,Vanessatown,NH,44015,80516.6,Lawyer,585,,BR022,FALSE,Verified,Liechtenstein,Branch
CUST002093,Teresa,Green,65-08-01,M,xgarrett@example.net,6142819642,,Katiefurt,MN,38622,91777.25,Contractor,688,,BR035,0,verified,Samoa,
CUST002094,marcus,  Garza,02/10/1950,F,josephmegan@example.org,,43417 Melinda Pike Apt. 896,Suzanneside,MS,14046,30140.84,Lawyer,361,21-02-25,BR019,1,Verified,French Southern Territories,Branch
CUST002095,Richard,Hernandez,28/12/2003,M,holtmelanie@example.org,1268675741,7186 Hopkins Forks Apt. 408,New Ruthberg,VT,96468,,Accountant,802,11-02-2001,BR014,1,Not Verified,Mali,Online
CUST002096,Kathleen,Klein  ,83-02-05,F,,000-000-0000,24126 Powell Fall Apt. 685,Gutierrezton,MP,99125,67348.25,Manager,425,01-08-15,BR013,1,Pending,Nicaragua,branch
CUST002097,Adam,Hernandez,"March 15, 1963",M,laura11@example.org,N/A,714 Patricia Inlet Suite 288,,NJ,53753,,Retired,9999,09-04-01,,False,VERIFIED,French Guiana,Marketing
CUST002098,Jessica,Hunter,"July 04, 1987",male,drakemichelle@example.org,000-000-0000,72811 Gary Club,Joseside,MO,30513,32485.0,,782,14-04-2020,BR050,0,Not Verified,Israel,N/A
CUST002099,Rodney,Johnson,"January 04, 1986",M,michael85@example.net,000-000-0000,29081 Ronald Station Suite 293,Jessicachester,CO,00000,15618.44,Contractor,410,2005-04-11,BR036,1,Verified,Congo,Branch
CUST002100,Patrick,Nguyen,"June 01, 1970",F,N/A,,,Anthonymouth,00,12722,98626.14,Manager,0,07-03-2022,BR010,False,verified,Guyana,branch
CUST002101,Michael,Stafford,1993-10-22,F,staylor@example.org,000-000-0000,095 Carrie Plaza Apt. 959,,RI,08511,83174.33,Engineer,702,99/99/9999,BR021,0,Verified,Guinea-Bissau,Walk-in
CUST002102,Nicholas  ,Farrell,2000-11-13,F,peterglenn@example.com,,6776 Spencer Point,Dennischester,LA,12267,,Engineer,775,2015-12-03,BR015,Yes,Not Verified,Azerbaijan,Walk-in
CUST002103,William,Terrell,04-12-1984,M,smithdiana@example.net,,49171 Brian Shoal Suite 705,Lake Jeffrey,SD,40878,39561.79,Manager,450,13-01-04,BR001,,N/A,Taiwan,Referral
CUST002104,BRITTANY,Campbell,1999-05-12,m,xmitchell@example.org,+1-536-685-3992,52564 Debra Knoll,South Stacyport,IL,93029,109390.22,Teacher,658,05/07/2021,BR010,Yes,N/A,Denmark,Marketing
CUST002105,MARILYN,JOHNSON,"December 21, 1981",M,bruce69@example.com,000-000-0000,92241 Thomas Crest,Michaelborough,NE,64815,28370.58,Doctor,440,"December 08, 2015",BR016,,pending,Dominican Republic,N/A
CUST002106,Daniel,Webb,99/99/9999,male,sonya11@example.com,(919) 226-9360,99551 Clayton Union Apt. 986,Leeport,CT,18943,127493.55,Doctor,683,2005-12-08,BR035,TRUE,,Czech Republic,Online
CUST002107,Albert,Flynn,2000-05-21,F,nicholas74@example.com,7778096422,516 Stephanie Creek,,FL,08840,38478.27,Driver,563,16-04-02,BR038,0,N/A,,online
CUST002108,Kimberly  ,Lutz,53-03-10,F,joseph38@example.org,454.403.2741,9227 Rachel Falls Apt. 744,Lake Danielhaven,MS,21945,92343.72,Designer,607,18/04/2023,,TRUE,VERIFIED,New Caledonia,Online
CUST002109,Mallory,Baldwin,"August 12, 1994",F,tonyawalsh@example.com,+15388129166,17215 Amanda Greens Suite 440,North Louisbury,ZZ,12315,,Sales Rep,455,NULL,BR013,Yes,Not Verified,Zimbabwe,Marketing
CUST002110,  Emily,Martinez,52-06-10,F,levans@example.org,5726445038,4995 Jennifer Field Apt. 537,Brewerburgh,GA,84453,91111.56,Analyst,710,06/15/2001,BR045,1,verified,Isle of Man,ONLINE
CUST002111,Katherine,Brown,99/99/9999,F,amy35@example.org,754-762-6055,890 Sarah Mountains,Suttonview,KY,98143,50956.01,Retired,612,"June 04, 2012",BR037,,Pending,Nicaragua,Walk-in
CUST002112,Barbara,Floyd,15/06/1943,M,jason91@example.org,,731 Earl Route,East Tonya,FL,57788,64302.25,Retired,301 pts,07/17/2018,BR013,Yes,Verified,Greece,Online
CUST002113,Sarah,Thomas,2003-06-15,F,smithbrian@example.com,000-000-0000,86665 Leonard Fords,South Eric,FM,32171,,Clerk,823,09/18/2004,BR002,1,verified,Sierra Leone,branch
CUST002114,john,Mendez,99/99/9999,MALE,paulayala@example.net,000-000-0000,25791 Lopez Row Apt. 772,Obrienstad,HI,28027,USD 34923.44,Clerk,489,"July 19, 2014",BR031,False,VERIFIED,Uzbekistan,Referral
CUST002115,David,Guzman,12/09/1975,f,cbutler@example.org,N/A,2485 Nicole Park,Williamhaven,GU,87209,95928.85,Chef,302,2014-05-31,BR048,True,Not Verified,Venezuela,online
CUST002116,Timothy,Nelson,58-08-09,F,jesse67@example.net,N/A,1999 Cohen Streets Suite 012,West Timothy,FL,23354,52037.53,Nurse,567,16/02/2005,BR043,Yes,verified,Congo,branch
CUST002117,DANIELLE,NELSON,"October 29, 1943",m,imcconnell@example.org,,4599 Martinez Plain Apt. 680,New Kathleenburgh,XX,58022,61999.0,Lawyer,9999,12/23/2001,BR041,FALSE,N/A,Netherlands Antilles,Marketing
CUST002118,Peter,Carter,07/07/1973,F,N/A,(753) 291-2552,08973 Booth Causeway,South Sylvia,NJ,07854,35197.77,Developer,694,11-06-2019,BR010,1,VERIFIED,Zimbabwe,ONLINE
CUST002119,  James,Shields,97-07-30,M,,000-000-0000,48988 John Dam Apt. 750,Zunigaton,UT,77887,0,Officer,392,11/01/2001,BR048,FALSE,Pending,French Polynesia,
CUST002120,Jennifer,MARSHALL,"October 16, 2004",F,fergusonwilliam@example.org,(156) 925-1319,6863 Phillips Villages Apt. 078,East Shannonview,RI,16545,63314.03,Officer,348,14-11-14,BR021,TRUE,,Latvia,branch
CUST002121,Roger,York,2001-02-21,M,stephanie98@example.net,,562 Joel Ford,North Richard,HI,76635,USD 154441.54,Chef,560,14/01/2016,BR034,False,Verified,,Branch
CUST002122,BRANDON,young,"April 11, 1959",F,samanthafrazier@example.net,+1-709-441-9513,035 Danielle Lakes,Lucaston,PR,73052,97461.15,Designer,567,99/99/9999,BR037,1,Pending,Congo,branch
CUST002123,Bonnie,Anderson,09-11-1960,F,,407-683-7164,25798 Megan Expressway Apt. 316,Port Jamesside,ZZ,80734,69325.89,Retired,629,"January 10, 2003",BR045,No,pending,Netherlands Antilles,Walk-in
CUST002124,  Jackson,webster,09/06/1982,M,richard11@example.com,221.453.0804,1778 Gary Spurs Apt. 323,Sharonview,DC,87209,60798.82,Lawyer,9999,15/10/2005,BR043,Yes,Verified,Cameroon,Referral
CUST002125,Katherine,Harris,87-11-25,m,adkinserin@example.net,000-000-0000,76214 Ricky Way Suite 021,Jacobtown,MS,85841,70786.31,Chef,695 pts,01/29/2001,BR001,Yes,N/A,British Indian Ocean Territory (Chagos Archipelago),
CUST002126,David,Baker,03/15/1946,f,zavalajulie@example.com,+17553820094,94653 Smith Drive Apt. 879,Port Stacy,SC,29732,89149.17,Teacher,579,2013-04-03,BR012,1,N/A,Chile,branch
CUST002127,KAREN,Franco,29/12/1996,0,cproctor@example.org,000-000-0000,215 Dorsey Keys,West Angie,RI,33230,28671.55,Self-Employed,769,2007-09-20,BR022,No,N/A,Tokelau,ONLINE
CUST002128,Aaron  ,Walton  ,16/06/1997,F,amartinez@example.org,,102 Ruiz Manor Suite 780,West Ashley,ID,14235,109001.26,Teacher,392,07-04-2004,BR043,FALSE,,Jordan,Referral
CUST002129,lauren,Bowen,15-07-1969,M,heathertorres@example.org,N/A,5648 King Drives,Lake Jose,MO,77471,95038.35,Contractor,376,99/99/9999,BR014,TRUE,Pending,Hungary,Walk-in
CUST002130,Jesse,Patrick,07/23/2010,F,nguyenamanda@example.net,+14092932634,240 Linda Key Apt. 173,North Carloshaven,GU,81045,95136.5,Analyst,800,03/15/2017,BR024,1,verified,Kenya,branch
CUST002131,John,Harris,05/05/1971,F,justinwoods@example.com,(182) 598-9996,188 Newman Place,Benjaminbury,WY ,38396,85346.65,Nurse,410,25-08-2022,BR025,1,N/A,Denmark,ONLINE
CUST002132,Christopher,Smith,"November 06, 2002",F,courtney34@example.com,+1-148-647-5897,95577 Austin Walks Apt. 536,New Barbaraview,IN,41588,70686.58,Student,616,05/22/2013,BR044,1,N/A,United States Minor Outlying Islands,Online
CUST002133,Jennifer,Potts,73-01-10,0,,+14719294411,3662 Teresa Lodge,South David,FM,37008,93550.14,Designer,834,"January 24, 2005",BR008,0,pending,Korea,Online
CUST002134,Sarah,Bryan,1945-05-16,F,xruiz@example.org,,6811 Mary Villages Apt. 056,Ginastad,IA,00000,90713.49,Officer,768,25-05-2014,BR026,TRUE,verified,Australia,Marketing
CUST002135,Kara,King,29-11-1983,M,ryates@example.org,1793487270,38448 John Drive Apt. 171,South Jameshaven,CA,90852,57608.58,Self-Employed,671,2022-10-27,BR043,0,pending,Sri Lanka,
CUST002136,Stephanie,Gardner,82-04-20,F,amysilva@example.net,(001) 654-2345,870 Melton Street Apt. 931,Robinsonbury,WA,25681,49923.94,Clerk,352,16-05-21,BR001,0,verified,Greece,ONLINE
CUST002137,Curtis,Rangel  ,42-02-13,M,gilberttamara@example.org,5445059389,78733 Mcgee Circle,Marissaside,GA,80786,73564.97,Lawyer,624,19-01-2001,BR046,No,Verified,Norfolk Island,ONLINE
CUST002138,Marie,WILLIS,08/03/1951,M,ashley81@example.com,000-000-0000,00636 Ford Harbors Suite 042,West Saraside,MH,80380,,Designer,9999,26-05-2001,BR006,False,Pending,Botswana,Referral
CUST002139,Cassandra,Oliver,"December 04, 1983",M,scott33@example.net,+11577999380,49191 Larson Mountain Apt. 579,Robinsontown,NY,07342,,Teacher,658,28/07/2006,BR024,No,VERIFIED,Saint Martin,online
CUST002140,Glen,Paul,"March 16, 1984",F,stephaniemartin@example.org,(557) 884-1903,660 Smith Underpass,Christophershire,MD,65502,18636.62,Sales Rep,825,"January 31, 2006",BR045,TRUE,verified,Cayman Islands,Walk-in
CUST002141,Kayla,Davis  ,03/06/1985,F,vgrant@example.net,+11545636981,9230 Kayla Mountains Apt. 456,Charlesbury,OR,87834,75766.63,Developer,830,13-06-2001,BR018,Yes,Pending,Anguilla,Walk-in
CUST002142,MARY,Brandt,1948-05-18,M,paulgreer@example.net,433-996-2599,2273 Foley Squares,Lake Donald,MT,26660,71781.07,Developer,435,14-08-05,,No,Pending,,Marketing
CUST002143,Rachel,Bender,1955-02-08,F,drodriguez@example.org,,503 Chavez Row Apt. 542,Port Darrenborough,XX,85910,76066.96,Teacher,425,2016-11-21,BR012,Yes,pending,Slovakia (Slovak Republic),Marketing
CUST002144,Crystal,Wells,,M,qdavis@example.com,+1-605-579-9798,2279 Daniel Springs,Torresstad,MA,00000,78538.36,Manager,578,"January 15, 2004",BR018,TRUE,VERIFIED,Vietnam,Branch
CUST002145,Billy  ,Wood,"September 22, 1981",F,alecpena@example.org,+1-668-465-2320,422 Marshall Views,West Ericport,NY,41946,62187.92,Analyst,488,25/09/2016,BR014,False,VERIFIED,Australia,Online
CUST002146,Victoria,Harris,04-07-30,F,vtaylor@example.org,199.372.0085,93269 Hill Lane,Jeffreytown,DC,77637,122145.22,Student,476,29/05/2004,BR033,,pending,Brazil,N/A
CUST002147,JOANNE,House,21-09-1980,M,elliottryan@example.com,935.571.7862,329 Stone Park Suite 268,North Sethton,CT,61592,13968.36,Lawyer,656,06/05/2008,BR007,0,Not Verified,Lesotho,online
CUST002148,Michael,Hayes  ,07/14/2002,M,ANTONIO16@EXAMPLE.NET,000-000-0000,03908 Jacqueline Mount,Lake Kurtfurt,MA,00000,41002.6,Officer,526,"October 07, 2005",,FALSE,pending,Nigeria,ONLINE
CUST002149,Martin,Sawyer,46-06-03,male,paula88@example.net,N/A,46208 Hall Plaza Suite 322,West Kathybury,WY,39372,66386.08,Self-Employed,574,99/99/9999,BR037,No,verified,Uganda,Marketing
CUST002150,James,Jacobs,69-08-20,M,gfisher@example.org,175-273-8154,5383 Johnson Key Suite 139,South Danielleview,VI,33437,"$12,488.39",Doctor,328,"June 26, 2015",BR021,FALSE,N/A,Egypt,Walk-in
CUST002151,David,Washington,18-03-2001,M,  hannahsmith@example.org  ,000-000-0000,600 Taylor Manors,North Karenhaven,LA,14819,63845.1,Chef,646,11-05-29,BR016,Yes,Not Verified,Turkey,Branch
CUST002152,andrew,Lara,07-01-1956,F,,(932) 738-6377,28043 Guzman Mill Suite 238,Port Stephanieside,NE,79489,128151.46,Designer,622 pts,2021-11-01,BR043,Yes,Pending,Turks and Caicos Islands,ONLINE
CUST002153,Christopher,Hays,99/99/9999,M,berryamber@example.com,000-000-0000,2864 Casey Rapids,South Thomas,AR,32477,70731.03,Officer,785,29/07/2017,BR008,FALSE,Pending,Yemen,Referral
CUST002154,Andrea,Hall,99/99/9999,M,SANTIAGOSTEPHANIE@EXAMPLE.NET,+14495036571,010 Amy Knoll,Alexfort,WV,34504,78074.53,Analyst,771,13-11-04,BR031,0,Pending,France,branch
CUST002155,Zachary,Harrell,08/02/2024,F,paulamillerATexample.com,+1-474-574-9079,533 Wright Drive,North Heather,WV,58788,25894.23,Retired,449,05-06-07,BR030,FALSE,verified,Iran,online
CUST002156,Edward,Schaefer,10-02-1957,M,warnersteven@example.com,N/A,,Lewisview,TX,70934,48427.35,Analyst,487,10-05-11,BR033,True,Pending,Liechtenstein,Marketing
CUST002157,Julian,Anderson,14/06/2000,F,jessicarichards@example.net,,41054 Rios Pines,Smithbury,SC,59938,56868.13,Sales Rep,806,01/02/2016,BR016,TRUE,Verified,Liechtenstein,Branch
CUST002158,Kristen,Jackson,"June 15, 1993",female,uhinton@example.net,0019662807,5026 Alvarez Dale Apt. 146,Kristyton,XX,02166,58879.97,Accountant,590,00-11-03,BR027,0,Pending,United States Virgin Islands,Branch
CUST002159,  Sean,Howard,06/22/1969,F,zberry@example.com,,3786 Hunter Avenue Suite 597,Ayalafort,PR,95065,114857.53,Driver,720,"July 26, 2004",BR002,0,Pending,,Walk-in
CUST002160,Darlene,Hartman,"September 04, 2003",M,kingmichael@example.org,N/A,362 Maldonado Branch,Ryanfort,PW,80270,89519.19,Engineer,620,12/16/2023,BR045,False,Verified,Cyprus,Walk-in
CUST002161,Rachel,Hawkins  ,95-01-09,m,kristin02@example.net,,41201 Katie Burg Suite 773,Stephensburgh,TX,31368,31098.97,Officer,803,"February 11, 2015",BR039,No,,Korea,
CUST002162,Sarah,May,08/08/2002,F,sara76@example.org,+1-655-284-9738,110 Abbott Course,West Andrew,mh,63223,78627.67,Teacher,422,NULL,,,pending,Jamaica,Referral
CUST002163,Jennifer,OLSON,"September 22, 1973",M,gmiles@example.net,+1-196-654-5338,07476 Valerie Corners,South Scottborough,SD,48666,"87437,76",Student,489,"October 08, 2014",BR019,False,,Egypt,Online
CUST002164,Joe,Ortiz,,M,nelsonkyle@example.org,000-000-0000,1209 Benitez Knolls,Larryfurt,NM,94634,109905.22,Accountant,832,09/03/2006,BR049,1,Verified,Azerbaijan,branch
CUST002165,Alex,Wells,02/26/1944,F,gwilliams@example.org,,08301 Lee Terrace,Port Kristin,OH,03372,"125318,92",,573,"October 07, 2009",BR050,0,verified,Aruba,Referral
CUST002166,Lindsay,Murphy,02-08-1955,M,hicksricky@example.net,N/A,9232 Kelli Flat Suite 768,Jamesbury,ID,43389,34471.7,Retired,836,16-01-29,BR028,1,Verified,Honduras,
CUST002167,David,adams,06/26/1962,M,christopher86@example.org,7898278698,967 Steven Ranch Suite 688,Lake Sherrimouth,WA,90686,,Developer,720,06-11-2018,BR031,No,,Netherlands Antilles,Online
CUST002168,DONNA,Russell,79-03-05,F,douglas63@example.net,,641 Eric Valleys,West Amandamouth,OR,42849,25984.77,Nurse,430,"May 31, 2006",BR025,No,VERIFIED,North Macedonia,N/A
CUST002169,Thomas,Tran,25/05/1943,M,dominguezjeffrey@example.org,+1-427-738-2760,,New Christopherfort,VA,00000,61809.3,Accountant,734,17-11-2007,BR026,No,Verified,Palau,N/A
CUST002170,Christina,Savage  ,53-05-07,1,N/A,+1-001-409-5560,3654 Christopher Port Suite 311,Port Georgeberg,VI,61342,86322.54,Chef,400,06-08-29,BR009,0,Verified,Chile,
CUST002171,Gregory,Foster,11/11/1989,M,freemanelizabeth@example.net,000-000-0000,586 Luke Mews,East Kimberly,MS,56780,"104556,71",Doctor,729,2018-10-15,BR045,No,Pending,Burundi,ONLINE
CUST002172,Jonathan,Perkins,"June 22, 1962",m,ylevine@example.org,001.307.4426,002 Dawn Centers,Smithborough,CA,37964,USD 67341.71,Driver,838,2013-09-01,BR009,TRUE,N/A,Bahrain,Branch
CUST002173,Stephen,Sanchez,05/26/1979,Female,perrymoore@example.net,,523 Hoffman Mill,West Andrew,WY,50642,"$58,805.34",Self-Employed,682,04/04/2021,BR028,FALSE,Not Verified,Korea,Branch
CUST002174,Jennifer,Walker,24/01/2003,male,michellewolf@example.com,000-000-0000,,Ericabury,ZZ,76272,75311.53,Designer,363,99/99/9999,BR039,False,VERIFIED,Uganda,Referral
CUST002175,Matthew,Walker,"July 26, 1995",male,heatherli@example.com,+1-509-801-2818,9030 Paul Tunnel Apt. 346,South Courtneytown,MS,45954,40770.0,Self-Employed,516,NULL,BR049,Yes,Not Verified,Indonesia,Online
CUST002176,Calvin,rodriguez,21-05-1984,0,eskinner@example.org,+15728340688,970 Clark Stream Suite 218,Lake Katherineborough,CT,52589,143133.86,Retired,683,30-12-2022,BR002,,,Uruguay,Branch
CUST002177,Samantha,Wagner,25-08-1981,M,jenniferray@example.net,0017534420,5652 Nicholas Run Apt. 361,Port Allenview,SC,57495,13731.86,Doctor,-1,24/07/2015,BR011,FALSE,verified,Wallis and Futuna,Referral
CUST002178,Cynthia,Smith,18-06-1967,male,daniel01@example.net,0014959009,7520 Berry Track,Maryland,MN,65688,76465.92,Analyst,704,,BR039,1,Not Verified,Saint Martin,Online
CUST002179,Eric,Riley,57-01-24,M,jackson74@example.org,(135) 869-1995,563 Kristin Burgs Apt. 288,Emilyshire,NJ,73645,140826.22,Officer,324,2007-02-28,BR014,TRUE,,Switzerland,Branch
CUST002180,Susan  ,Turner  ,1988-09-23,F,wmartinez@example.org,001-652-5882,252 Alexander Crossroad,West Evanchester,OK,91597,70237.99,Consultant,562,21/10/2010,BR035,1,pending,Mexico,Branch
CUST002181,Brandon,Mendoza,16/08/1973,M,nicoleyoung@example.com,(309) 497-8506,8888 Ryan Ferry,Hendersonfurt,RI,67086,63348.63,Developer,661,02/28/2017,BR047,True,N/A,Lebanon,online
CUST002182,Joseph,Barron,08/23/2017,F,natashawiley@example.org,(344) 346-1179,49441 Randolph Lights Apt. 451,North Robin,IN,00000,57489.41,Self-Employed,387,2008-08-24,BR030,No,N/A,Canada,Referral
CUST002183,Cody,Cohen,,F,lyonsleah@example.org,(891) 756-1007,4064 Whitney Center,Andreaport,LA,45990,63686.29,Retired,362,22-06-2016,BR039,,,Bosnia and Herzegovina,
CUST002184,Jennifer,Taylor,27-03-1989,M,,194.248.9811,325 Simpson Square Suite 913,South Michael,OR,26489,118049.7,Driver,480,15-08-29,BR010,,Pending,Czech Republic,Branch
CUST002185,Jonathan  ,Cobb,99/99/9999,F,kimberlyclark@example.net,N/A,247 Stone Mountains,West Taylor,OK,58501,0,Manager,500,99/99/9999,BR020,TRUE,VERIFIED,Guinea-Bissau,
CUST002186,  Megan,Jones,03-12-1961,Male,morrisjoshua@example.org,+16769213606,2455 Price Radial,Edwardsville,RI,37883,123670.18,Analyst,465,16-06-14,BR030,0,N/A,Marshall Islands,Branch
CUST002187,Brittany,Wright,30/09/1961,M,jennifersanders@example.org,(199) 690-1447,445 Barajas Ridges,Millerton,FM,80895,20161.5,Designer,669,"October 31, 2013",BR033,False,N/A,Uganda,ONLINE
CUST002188,Meredith,Chavez,08-11-1950,M,N/A,,6973 Mark Motorway,North William,KY,44711,60667.17,Retired,755,01-10-2011,BR030,0,pending,Suriname,branch
CUST002189,Stephanie,Shelton,10/03/1999,FEMALE,dianedavis@example.com,+1-191-734-9939,5470 Jasmine Mall,Haydentown,SC,18920,,Doctor,665,14/11/2002,BR015,FALSE,N/A,,Branch
CUST002190,  Lisa,Butler,22/06/1967,M,  angelreed@example.com  ,1333464097,3109 Molina Motorway,West Stephanie,ME,06599,90599.36,Sales Rep,-1,"August 08, 2009",BR015,TRUE,verified,Kazakhstan,Walk-in
CUST002191,Trevor,Navarro,64-02-22,F,woodwardpatricia@example.com,9206432812,789 Lopez Plains,Mooreberg,00,46289,14065.65,Teacher,831,04/04/2007,BR006,0,VERIFIED,Macao,Referral
CUST002192,kimberly,Nelson,"June 21, 1986",1,dmurphy@example.net,N/A,407 Hector Roads,Michaelside,NY,88847,86176.04,Teacher,471,NULL,BR004,FALSE,Pending,Montserrat,
CUST002193,Joe,Taylor,07/17/2004,F,,152.268.1940,5933 Ramos Plains Apt. 588,Matthewshire,AZ,88666,"$140,850.84",Manager,327,18-12-21,,True,pending,Mayotte,Online
CUST002194,Robert,Schultz,NULL,Male,clarkemma@example.org,N/A,88282 Sean Locks Suite 777,North Amanda,ME,24133,22288.91,Developer,498,2010-03-30,BR046,True,,Mozambique,ONLINE
CUST002195,Kristen,Edwards,56-03-26,FEMALE,hayessamuel@example.net,N/A,015 Bennett Curve,West Jessicaland,VA,23533,76639.72,Engineer,707,08-02-02,BR010,,N/A,Northern Mariana Islands,Branch
CUST002196,Hunter,Cuevas,,MALE,mrhodes@example.org,+1-129-441-9492,31521 Ashley Loop,East Lanceberg,AR,15206,46830.62,Officer,654,"May 08, 2023",BR034,0,,Mexico,N/A
CUST002197,Jennifer,Jacobson,04/07/1982,M,markcortez@example.com,(909) 580-6572,65845 Lee Springs,Maryport,WA,01405,84906.05,Self-Employed,415,"April 29, 2004",BR035,False,Pending,,branch
CUST002198,Joann,Perez,94-06-09,F,rossrobert@example.org,001-454-4098,46718 Nelson Club,Lopezmouth,XX,32376,70670.17,Developer,360,07-08-12,BR037,TRUE,pending,Anguilla,Online
CUST002199,DONNA,  Foster,1958-01-13,M,pgriffin@example.com,000-000-0000,1240 Lambert Light,,US,92335,47547.96,Officer,343,01/08/2003,BR020,TRUE,Pending,Cape Verde,
CUST002200,Natalie,Wang,"January 10, 1970",M,patrick24@example.com,9803388143,5826 Brittany Summit,North Jessicamouth,AR,60751,87075.53,,659,19-07-2012,BR030,False,N/A,Puerto Rico,Marketing
CUST002201,  Kim,Gibson,11/19/1953,FEMALE,EUGENEJONES@EXAMPLE.NET,(566) 277-4818,3684 Molly Manors,East Samuel,OH,00000,133152.18,Manager,434,11-03-27,BR029,,Pending,Togo,
CUST002202,Brenda,Villegas  ,"October 19, 1988",Male,matthew96@example.com,+1-927-828-7818,380 Phillip Track,Brownport,MT,09634,63318.37,Consultant,794,"December 13, 2019",BR032,False,N/A,Moldova,Branch
CUST002203,Ronald,Gregory,74-05-08,M,johnsrichard@example.com,(381) 446-0499,3228 Rachel Shore,New Seth,AS,67430,95191.53,Consultant,308,20/04/2007,BR024,0,verified,Albania,Branch
CUST002204,  Kristen,Collier,01/26/1950,female,kathryntucker@example.net,+1-796-373-8667,3767 John Road Apt. 749,West Jesseside,IA,81368,24735.45,Developer,606,"August 02, 2012",BR045,,pending,Zimbabwe,ONLINE
CUST002205,Scott,Flores,88-07-12,M,cooperjeffrey@example.net,,22489 Joel Camp,Pammouth,KY,45631,36524.73,Doctor,730,"May 02, 2006",BR036,Yes,VERIFIED,Heard Island and McDonald Islands,ONLINE
CUST002206,Shane,Foster,1980-11-12,F,ashleyturner@example.net,+19929758482,,Brittanymouth,PA,24878,86534.22,Developer,,"June 03, 2001",BR010,1,VERIFIED,,ONLINE
CUST002207,Melissa,Marshall,1992-08-15,FEMALE,millerbrittany@example.com,+11367559579,70871 Edwards Pines Apt. 703,Fosterborough,MD,21874,121944.06,Contractor,679,2020-09-19,BR001,,Verified,France,Walk-in
CUST002208,Elijah,Donaldson,81-01-08,F,rcarpenter@example.com,000-000-0000,3987 Donna Corners Suite 829,East Tammie,RI,24094,,Accountant,819,05-06-27,BR050,True,N/A,Haiti,Marketing
CUST002209,Erica,Simon,"September 01, 1949",M,qferguson@example.com,866-701-1655,50355 Tran Unions,Lake Susanton,MT,52914,59042.97,Clerk,616,01/14/2022,BR047,False,pending,Palau,Online
CUST002210,Anthony,Henderson,88-05-16,0,zcastillo@example.org,(151) 356-0084,236 Alexander Springs Suite 872,New Coryfurt,ID,88296,69975.2,,842,16-07-2014,BR028,1,Pending,Albania,ONLINE
CUST002211,Hailey,Wolf,1963-01-17,M,reynoldschristopher@example.net,,358 Walter Oval,East Alejandrostad,MD,87061,26235.73,Designer,456,18/04/2017,BR016,False,N/A,Haiti,Online
CUST002212,Alexis,Mercado,23/05/1975,M,lbender@example.org,752-799-4232,34923 Deanna Corner Apt. 430,West Zachary,SC,27085,91158.04,Driver,0,13-11-22,BR021,True,Pending,Egypt,Online
CUST002213,Heather,Robinson,23-03-1949,M,allendonald@example.com,2909474473,876 Castillo Inlet,Jamieborough,LA,84116,100881.66,Student,494,06-05-18,BR011,0,N/A,Pakistan,Branch
CUST002214,James,Sanchez,1948-08-23,0,,,5060 Brown Gardens,Connorville,MO,31474,54176.84,Nurse,449,04-06-2023,BR018,No,Verified,South Georgia and the South Sandwich Islands,Marketing
CUST002215,Veronica,Keller,10/10/2023,female,shawkins@example.com,+11973562530,69927 Dana Mountain,East Jackport,WA,02347,53548.52,Manager,596,03/17/2012,BR008,TRUE,Verified,Andorra,ONLINE
CUST002216,  Briana,Burns,1996-04-23,F,bradfordchad@example.org,0018399409,645 Katherine Mills Apt. 303,New Dustin,OH,38751,79305.74,Developer,326,07/15/2005,BR039,No,pending,French Southern Territories,Referral
CUST002217,Glenn,Jackson,19-01-13,F,amydoyle@example.org,+17138300042,02930 Pitts Overpass,North Geoffrey,00,59877,54714.81,Lawyer,435,99/99/9999,BR019,Yes,Verified,Guinea-Bissau,branch
CUST002218,ERIC,Smith,03/12/1944,F,marklong@example.org,5869062314,3730 Perez Knoll Suite 276,North Austin,OR,64746,67685.36,Accountant,560,"August 25, 2021",BR022,False,,Hong Kong,ONLINE
CUST002219,Kathy,Conrad  ,51-10-13,male,markellis@example.org,147.627.4881,5694 Laura Gateway,Port Kennethville,IA,77742,143490.26,Student,331,06-03-09,BR038,TRUE,Pending,Marshall Islands,Branch
CUST002220,Ann,Hale,02/16/1957,MALE,evan95@example.org,+1-001-737-8189,028 Hernandez Drive,North Makaylaland,MO,35490,61354.1,Nurse,406,13-08-18,BR043,True,Not Verified,Venezuela,branch
CUST002221,  Angela,Allison  ,02/14/1955,F,jenna55@example.net,N/A,35940 Jessica Cliff Suite 980,Arnoldbury,MA,82791,57458.09,Manager,530,2000-08-22,BR020,True,Pending,Iceland,branch
CUST002222,James,Joseph,"January 07, 1943",female,N/A,+1-174-672-6556,2748 Gibson Ranch,,TX,24837,47336.04,Analyst,773,03-11-18,BR019,,Pending,Lao People's Democratic Republic,Walk-in
CUST002223,BRAD,Gomez  ,"June 28, 1976",m,sandra46@example.org,835.936.0684,91260 Cynthia Motorway Apt. 071,,CT,03891,96046.72,Lawyer,830,20-07-14,BR007,True,Not Verified,Japan,Marketing
CUST002224,sherri,Romero,1965-05-16,F,kimberlythomas@example.com,+1-168-689-9800,1124 Tamara Rapid Suite 069,East Kristinburgh,WY,96301,"$63,657.15",Chef,383,12/09/2018,BR006,True,Not Verified,British Indian Ocean Territory (Chagos Archipelago),
CUST002225,Thomas,Moore,99/99/9999,M,madeline18@example.com,678.823.9675,8785 Lawrence Mills,Port Rebekahhaven,RI,63604,47271.94,Accountant,-1,23/11/2006,BR027,0,,Puerto Rico,Branch
CUST002226,David,Baldwin,06/08/2002,F,morenoscott@example.com,000-000-0000,8136 Matthew Shoals,South Kyle,NJ,91203,116245.64,Chef,318,18/07/2015,BR037,,N/A,,Online
CUST002227,Philip,Williams,1986-07-20,M,N/A,+1-374-595-9624,5912 Erica Cliffs,Donnaland,KY,22701,119686.11,Engineer,813,10-10-2020,BR041,Yes,Not Verified,,branch
CUST002228,Christopher,Bell,03-04-1998,F,matthewbond@example.com,000-000-0000,03415 Walton River Apt. 834,Edwinbury,MI,18255,48985.18,Clerk,563,01/04/2008,BR030,TRUE,VERIFIED,Kenya,N/A
CUST002229,Bruce,Smith,05/29/2001,f,pholland@example.org,597.464.2369,,Glenbury,LA,09614,4671.1,,656,07/29/2019,BR050,False,,Kuwait,Referral
CUST002230,Stephanie,bryant,"March 14, 1986",F,kathrynadkins@example.net,000-000-0000,27172 Anna Plain,Rebeccaburgh,NV,05034,105262.98,Consultant,478,30-06-2022,BR028,TRUE,Verified,Norway,ONLINE
CUST002231,  Rachel,Nelson,1970-08-10,M,belldave@example.net,,650 Malone Lane Suite 062,Jeremyfort,GU,41057,46037.96,Manager,749,16-05-19,BR042,True,,Netherlands,Online
CUST002232,George,Soto,13-01-1943,M,ricesusan@example.com,+1-513-563-5431,27064 Collins Pines,Port Ashley,SD,74787,97671.9,Nurse,361,"December 17, 2017",BR037,1,verified,Taiwan,branch
CUST002233,Andrew,Allison,09/20/1965,M,flawson@example.org,+13037379916,97670 Scott Vista,New Jasontown,UT,99349,1046.37,Clerk,553,"June 21, 2002",BR035,No,pending,Ghana,online
CUST002234,Timothy,Simmons,2000-04-22,M,carteralexanderATexample.net,,74444 John Track Apt. 582,Port Donna,MA,19457,101240.91,Nurse,424,99/99/9999,BR023,0,Pending,India,N/A
CUST002235,Jeremy,Harris,99/99/9999,F,mooneypatrick@example.org,000-000-0000,59507 Martinez Avenue,Xavierhaven,NH,15286,27608.98,Chef,830,12/25/2000,BR047,True,pending,Tokelau,Marketing
CUST002236,Donna,Carlson  ,1957-09-05,0,payers@example.org,132-130-9200,892 Gina Point Suite 098,Stevenborough,RI,68777,95576.74,Self-Employed,847,10/28/2021,BR039,,pending,Taiwan,ONLINE
CUST002237,danielle,Powers  ,11/23/1987,F,rebecca90@example.net,(410) 596-0338,75572 Holt Isle Apt. 501,Hernandezchester,RI,53117,70499.56,Nurse,593,08/04/2015,BR005,FALSE,Verified,Guyana,
CUST002238,Michelle,Carey,11-05-1986,M,fcrawford@example.net,+10014782871,6329 Simmons Port,Gomezport,NY,77318,36612.12,Student,836,04-08-03,BR025,,pending,Senegal,
CUST002239,Kimberly  ,Sanchez,06/06/1984,M,obond@example.org,219.375.0038,15005 Nathan Field Suite 858,Kristimouth,MA,52621,"$55,753.73",Self-Employed,753,2008-07-23,BR041,Yes,N/A,Bangladesh,branch
CUST002240,Joshua,Hendricks,12/01/1946,F,CUEVASSCOTT@EXAMPLE.NET,,352 Craig Lodge Apt. 604,West Ashley,OR,03296,94021.15,Clerk,596,04/13/2005,BR017,True,Pending,Eritrea,
CUST002241,JOYCE,Becker  ,1983-12-31,Male,jonessarah@example.net,589.681.8432,9512 Angela Trace,Douglasbury,VI,97260,73706.31,Consultant,691,03/24/2008,BR026,FALSE,pending,Saint Kitts and Nevis,Marketing
CUST002242,Peggy,Soto,47-12-15,M,dakotawilliams@example.org,156.875.2100,32570 Mitchell Walk,Port Jordanberg,FL,37100,90454.45,Retired,564,"June 05, 2004",BR007,Yes,Pending,Saudi Arabia,ONLINE
CUST002243,Jason,Holden,24-04-1985,M,nicolemendez@example.net,N/A,62599 Joseph Springs,Port Kerri,IL,75415,139175.42,Doctor,360,05/06/2006,BR017,Yes,pending,Svalbard & Jan Mayen Islands,Marketing
CUST002244,Michael,Larson,58-02-17,M,richard17@example.org,5709367988,3015 Thomas Orchard,South Justin,ND,12693,1525154.0,Retired,661,09-07-03,BR030,1,N/A,British Virgin Islands,branch
CUST002245,amanda,Hill,,F,bferguson@example.com,291-484-4090,8782 Camacho Flat Apt. 302,Port Lisa,ZZ,59841,USD 126602.44,Sales Rep,301,99/99/9999,BR039,FALSE,Pending,Senegal,Referral
CUST002246,Maria,Galvan,,M,kevin53@example.org,000-000-0000,865 Jones Curve,Port Jessicafurt,MD,34601,73652.46,Student,696,30-12-2008,BR034,True,Verified,,Online
CUST002247,Amanda,garcia,23-09-1941,FEMALE,glennpacheco@example.org,915.725.0191,7006 Donald Via,North Sharonfort,ZZ,80624,38542.56,Driver,436,08/02/2020,BR001,No,Pending,Belarus,ONLINE
CUST002248,Steven,  Campbell,"June 07, 1997",F,spencesarah@example.org,+10012368044,57965 Thomas Ports Apt. 112,Brittanyburgh,DC,11716,23439.02,,430,,BR050,FALSE,,Malaysia,Branch
CUST002249,Jasmine,Herrera,1953-03-01,m,,+16442516961,785 David Station Apt. 274,New John,PA,94078,63380.79,Developer,9999,07/11/2023,BR033,FALSE,VERIFIED,Turkey,Branch
CUST002250,Darrell,Hart,99/99/9999,0,ugomez@example.net,+1-880-262-0952,50933 Kristina Brooks Apt. 068,Port Douglas,MD,28637,102257.75,Analyst,372,22-03-13,BR041,No,Verified,Solomon Islands,Branch
CUST002251,Lisa,  Dixon,04/17/2002,M,kristine81@example.org,(397) 285-7523,211 Thompson Track,Lauraton,TX,17304,65535.78,Sales Rep,539,16-09-08,BR010,,,Holy See (Vatican City State),ONLINE
CUST002252,Laura,  Flores,04/14/1964,M,brandonelliott@example.net,(001) 996-9294,0345 Thompson Knolls,Markfort,MH,34057,122890.42,Chef,651,03/05/2015,BR025,True,,Cape Verde,Online
CUST002253,Stephanie,Rodriguez,"May 04, 1993",FEMALE,silvamichael@example.com,794.619.0454,292 Brown Ridges Suite 661,Port Allisonmouth,VI,08036,,Retired,305,"April 09, 2012",BR021,True,Pending,Tanzania,N/A
CUST002254,Alexander  ,Adams,03/29/1942,m,smithchristopher@example.org,7034155677,3592 Navarro Hollow,Rebeccatown,NV,57447,69576.89,Officer,488,21/06/2012,BR020,No,,Gibraltar,branch
CUST002255,Kristopher,Rice,1964-05-25,F,salinaslaura@example.net,498.797.7514,4221 Aaron Fields,Paulchester,AL,01951,26166.23,Teacher,748,12-02-2019,,Yes,Pending,Botswana,
CUST002256,Kevin,Lopez,,M,gregoryanderson@example.net,(742) 504-1793,07184 Jordan Rest Apt. 351,Carlaborough,IL,30993,82727.12,Teacher,655,2010-01-25,BR043,Yes,VERIFIED,Bhutan,Branch
CUST002257,John,Lee,"January 11, 1988",M,zstevenson@example.com,001-472-5073,8263 Kristin Station Suite 180,North Tiffany,TN,28706,101041.06,Driver,669,08/21/2015,BR005,False,Not Verified,Malta,Online
CUST002258,Samuel,Carpenter,NULL,FEMALE,eric34@example.org,,80919 Taylor Square,North Barbarahaven,HI,64395,55273.34,Doctor,832,21-06-2009,BR011,FALSE,Verified,Kyrgyz Republic,ONLINE
CUST002259,Deborah,Kramer,02-01-1946,1,zgarza@example.com,+13587766121,7437 Vang Well Apt. 481,East Sara,WY,15764,0,Manager,812,28/11/2006,BR021,1,VERIFIED,Madagascar,Marketing
CUST002260,Tabitha,  Bowers,73-03-09,M,christinadiaz@example.net,6453735264,04652 Collins Stream,Michaelview,MD,37177,76963.19,Lawyer,718,03/09/2010,BR006,1,VERIFIED,South Africa,ONLINE
CUST002261,Jason,Schultz,93-12-17,F,younglisaATexample.com,2122947299,13912 Eric Stravenue Suite 158,Kimberlystad,UT,11561,85285.85,Officer,389,22/04/2008,BR049,,Pending,Benin,branch
CUST002262,Renee,Weaver,62-07-14,F,LSTEELE@EXAMPLE.ORG,(918) 758-3132,34097 Jessica Wall Apt. 485,Jeremyfurt,FL,84187,"$84,150.32",Lawyer,440,NULL,BR017,True,pending,Singapore,branch
CUST002263,Scott,Delgado,12-11-1972,M,hoffmanjake@example.com,(001) 785-3297,1758 Collier Drive,Milesport,GA,86683,113252.38,Developer,412,04-05-23,BR014,No,Not Verified,,N/A
CUST002264,Cheryl,Calderon,02/27/1997,M,walkermelissa@example.com,(202) 681-1117,7873 Evans Causeway,Derekmouth,VA,00000,32513.12,Sales Rep,544,2000-02-07,BR014,True,N/A,Afghanistan,
CUST002265,david,Porter,09/04/1950,MALE,annettewebb@example.org,191-633-1629,767 Jones Lodge Suite 064,Morganhaven,ND,86128,93807.56,Designer,680,20-05-24,BR043,TRUE,Not Verified,France,ONLINE
CUST002266,Kristie,Owen,1951-08-23,M,elizabeth45@example.org,798-386-4538,5276 Gould Mills,North Matthew,HI,41921,111737.76,Clerk,758,22-12-13,BR042,TRUE,Not Verified,Taiwan,
CUST002267,Joseph,Neal,1975-04-29,F,reneedavis@example.org,(781) 886-8506,1045 Wagner Villages Apt. 634,Port Kevin,IL,47629,,Driver,745,29/03/2009,BR011,,Not Verified,Nicaragua,ONLINE
CUST002268,Jack,Baxter,02/06/1955,F,bsmith@example.com,000-000-0000,14084 Green Loop,West Crystalport,NH,15810,81187.81,Nurse,435,09-01-08,,True,,Spain,Marketing
CUST002269,George,Tate,99/99/9999,M,ecrosby@example.com,733.420.0611,8023 Cynthia Knolls Apt. 358,Erinchester,IA,73706,52353.71,Driver,559,05/29/2017,BR024,,N/A,Croatia,Referral
CUST002270,Tara,Rios,09/02/1984,F,peter74@example.net,,047 Pruitt Crescent Apt. 424,West Susan,KS,52063,67146.71,Developer,552,,BR028,True,N/A,Holy See (Vatican City State),branch
CUST002271,April,Vargas,1992-10-18,M,jamesconner@example.com,+16179685384,79728 Christine Dam Suite 714,North Stacyport,WY,49901,82168.68,Doctor,840,11-11-2012,BR050,No,VERIFIED,Uzbekistan,Online
CUST002272,Jonathan,Rose,13-10-1972,0,,,295 Mccoy Run,Dennisland,SD,18478,52947.0,Contractor,472,"December 17, 2019",BR049,0,Pending,Bouvet Island (Bouvetoya),Referral
CUST002273,Suzanne,benson,83-11-24,F,kristin33@example.org,(121) 739-8427,0690 Pineda Flat Suite 019,,SC,31461,46350.22,Engineer,835,06-03-2003,BR023,FALSE,Not Verified,Hong Kong,Referral
CUST002274,Jeremy,Wang,"April 17, 1978",M,enavarroATexample.com,+11436346296,267 Jacob Island,Alexfort,MT,08138,71195.33,Manager,847,03/20/2001,BR037,FALSE,pending,Madagascar,ONLINE
CUST002275,Teresa,Wright,1992-11-24,F,kimmark@example.com,,9334 Bradley Inlet Suite 800,East Stephanie,TN,80773,31946.39,Manager,304,05-01-28,BR040,No,Pending,Kenya,Marketing
CUST002276,Robert  ,Price,1984-08-01,M,caseyacosta@example.net,+1-395-496-2742,3703 Peterson Lock,Huntfort,MI,30399,31996.12,Consultant,581,04-02-2014,,1,Pending,Wallis and Futuna,Branch
CUST002277,Carla  ,Reyes,04-01-1944,M,lopezjose@example.net,000-000-0000,2251 Lauren Orchard,Aprilstad,WY,27871,93778.06,Engineer,632,11/10/2010,BR008,0,,Christmas Island,ONLINE
CUST002278,Kyle,Walters,2012-11-27,F,mfoley@example.net,8802855420,600 Kelley Summit,Barbaraborough,MA,01361,29792.21,Teacher,491,20/09/2019,BR034,False,N/A,Iran,Walk-in
CUST002279,Corey,freeman,21/02/2004,F,shelbykemp@example.org,,810 Jacob Dam Apt. 401,Walkerburgh,OH,11364,93320.94,Doctor,513,"April 05, 2013",BR010,True,N/A,Ghana,
CUST002280,Chloe,Baxter  ,1986-08-08,F,katherine43@example.org,246-674-0094,8141 Brandy Pines,Robbinsbury,MT,07092,86190.7,Sales Rep,501,"July 22, 2005",BR016,True,VERIFIED,Turkey,
CUST002281,Sherry,Wolfe,99/99/9999,M,josephwatson@example.org,+1-500-457-2395,182 Jeffrey Crossing Suite 716,New Natasha,MT,96806,9596.76,Chef,525,2015-10-09,BR002,TRUE,Not Verified,United Kingdom,online
CUST002282,HEIDI,Jones,99/99/9999,M,tschroeder@example.net,,32474 Herring Pine,Wallerberg,NM,11721,46285.24,Accountant,309,14-02-07,BR020,,pending,Micronesia,Marketing
CUST002283,Michael,  Doyle,56-03-27,F,tannerclark@example.com,+1-001-997-8978,393 Carlson Ports Suite 995,Lopezberg,AR,27493,11179383.0,Lawyer,580,08-07-2003,BR021,Yes,verified,Uganda,Walk-in
CUST002284,Leslie,Martinez,26-10-1988,F,amber11@example.com,,249 Tony Unions Apt. 041,Sandersside,PW,44080,35659.21,Doctor,358,17-05-07,BR039,False,pending,Taiwan,Referral
CUST002285,Jacqueline  ,Blackburn,70-10-05,female,sawyerjohn@example.org,+1-864-404-0397,88069 Joshua Ville,North Kevinhaven,FL,09666,"$53,745.85",Accountant,723,,BR031,False,Not Verified,New Caledonia,Branch
CUST002286,Rebecca,Patrick  ,25-07-1970,F,aaronthomasATexample.com,+1-718-950-1664,8113 Walker Junction Apt. 293,West Brendaberg,MH,96876,86172.13,Clerk,454,,BR003,No,VERIFIED,Maldives,N/A
CUST002287,Debbie  ,Maxwell  ,21-07-1997,1,michaellynch@example.com,547-326-2471,2773 Amy Squares Apt. 403,Mitchellton,AL,90706,,Developer,443,2021-04-05,BR011,,VERIFIED,Chad,branch
CUST002288,Elizabeth,Kelly,03/04/1969,M,albert46@example.net,,,Lake Patrick,WA,44024,61196.14,Chef,743,"September 19, 2021",BR023,1,Not Verified,Jordan,Walk-in
CUST002289,Kelly,Rodriguez,"October 01, 1984",F,adamjones@example.com,(150) 368-2403,4456 Gonzalez Ramp,,WY,85700,49087.14,Driver,601,02/01/2016,BR014,False,N/A,Aruba,branch
CUST002290,Nicholas,Duncan,66-01-05,F,frederickjustin@example.net,9064644651,02883 Lane Shoals,New Joseph,LA,43975,119782.95,Accountant,338,01/16/2004,BR006,FALSE,N/A,Greece,online
CUST002291,Kari,  Liu,85-12-27,M,pcollins@example.org,+1-128-238-0379,6897 Harper Fork,Guerrafurt,ME,40015,130861.49,Retired,-1,"January 27, 2009",BR047,False,pending,Burkina Faso,Online
CUST002292,Terri,HERNANDEZ,21/08/1993,1,colonbrandi@example.net,,2231 Martinez Spring Suite 057,Amymouth,NH,42310,104260.03,Nurse,441,"December 14, 2009",BR020,TRUE,verified,Marshall Islands,
CUST002293,David,Johnson  ,01/06/1947,Male,burgesskristopher@example.com,(212) 245-7379,32870 Valentine Trail,Kleinfort,NC,95409,72986.13,Teacher,673,99/99/9999,BR007,True,Verified,Tunisia,Walk-in
CUST002294,Kathleen,Robles,1948-03-06,F,nathanbrown@example.net,+1-555-473-2222,17542 Hanson Stream Apt. 209,East Josephborough,ME,72896,41710.7,Developer,481 pts,"September 10, 2013",,True,VERIFIED,Comoros,Referral
CUST002295,Destiny,Wong,02/06/1972,MALE,ballchristian@example.net,556.672.7857,7146 Hall Rue Apt. 921,Lake Scott,DE,68925,40934.45,Retired,761,05/30/2018,BR032,0,,,Online
CUST002296,Jason,Moore,1941-11-10,F,alex31@example.com,001-347-7434,651 Leach Divide Apt. 864,Cathyberg,CO ,75884,88287.99,,312,05/14/2019,BR009,False,Not Verified,Gabon,
CUST002297,  Daryl,Miller,"October 13, 1974",F,pmalone@example.net,000-000-0000,9953 White Trafficway Suite 600,Ericksonport,PR,18851,84643.94,Consultant,438 pts,"April 03, 2012",BR002,TRUE,N/A,Afghanistan,ONLINE
CUST002298,CATHERINE,Phelps,1987-12-24,Male,,+14074106011,235 Walker Spurs,Leview,MD,27732,119055.95,Retired,736,2021-07-11,BR027,No,VERIFIED,Svalbard & Jan Mayen Islands,Branch
CUST002299,Russell,Mathis,06/02/1965,F,ijohnson@example.com,+14414216382,724 Robinson Meadow,New Rebeccafurt,UT,07606,92765.75,Contractor,0,12-02-29,BR029,False,Verified,South Africa,Marketing
CUST002300,Stephen,Lee,10/11/1952,F,SMITHSTEPHANIE@EXAMPLE.COM,(170) 731-0816,320 Angela Shoal Suite 342,Daniellemouth,AL,92829,17392.19,Clerk,706,,BR029,FALSE,N/A,Belgium,Walk-in
CUST002301,Luis,Church,"September 15, 1982",F,brownlisa@example.com,(661) 457-7993,89996 Dale Station Suite 699,Port Brian,MD,41305,106818.17,Contractor,828,2001-08-13,BR027,1,Verified,Kiribati,branch
CUST002302,Richard,Schmitt,1958-12-30,F,jodimontgomery@example.com,,6917 Meagan Estate,Huffmanville,IA,57353,35067.88,Manager,556,04/10/2023,BR014,,pending,Nicaragua,Walk-in
CUST002303,Hannah,Hawkins,16-03-1996,male,ismith@example.net,(631) 365-0124,0971 Samantha Neck Suite 938,Evansview,NH,04516,56561.01,Lawyer,370,"February 16, 2020",BR021,1,N/A,Faroe Islands,Online
CUST002304,Madison,Hernandez,1949-07-30,M,N/A,+16863359430,54318 Cochran Bridge Suite 098,East Cameron,MT,18686,78757.01,Sales Rep,807,01/26/2020,BR016,,,Saint Kitts and Nevis,Walk-in
CUST002305,nicholas,Oliver,"June 04, 1955",F,glennwhite@example.org,N/A,52874 Mcmillan Burg,New Daniel,ID,28122,USD 139848.36,Student,364,16-09-2002,BR024,True,pending,Burkina Faso,Online
CUST002306,Edwin,HENDERSON,30-09-2002,F,hensleybrenda@example.org,(591) 765-8064,129 Powell Freeway Apt. 805,Port Melinda,RI,59676,178847.15,Designer,589,08-06-12,BR025,False,,India,ONLINE
CUST002307,Brenda,Floyd,91-04-21,F,shawna35@example.org,000-000-0000,095 Wendy Viaduct Apt. 243,Port Jennifer,VI,03006,USD 91235.31,Doctor,755,04/30/2000,BR017,Yes,,India,ONLINE
CUST002308,Barbara,Fox,"January 13, 2004",f,michelle33@example.net,N/A,678 Robertson Extension Suite 855,East Timothyton,XX,12993,63588.12,Chef,546,04-12-07,BR024,0,Pending,Bosnia and Herzegovina,Walk-in
CUST002309,Allison,Harris,10/02/1987,Male,fosterstephanie@example.org,+1-001-670-4554,861 Edwards Rest,Davidside,GA,20872,88707.7,Contractor,,"March 23, 2022",BR010,,pending,South Georgia and the South Sandwich Islands,ONLINE
CUST002310,Michael,robertson,42-06-25,F,jennifer10@example.org,+1-121-930-5044,635 Garcia Overpass,South James,VT,36250,101067.94,Chef,714,"June 29, 2017",BR021,Yes,Not Verified,,Marketing
CUST002311,Michael,Butler,02/19/2012,M,kellybutler@example.org,(001) 358-3459,02684 Alvarez Wells Suite 619,North David,GU,61575,58776.63,Nurse,462,05-01-2023,BR029,No,Not Verified,Iran,ONLINE
CUST002312,John,Griffin,31/10/1996,1,marissa79@example.com,000-000-0000,93862 Amanda Route,Lake Judy,TX,61702,132832.4,Engineer,835,2007-11-07,BR020,1,VERIFIED,Guam,branch
CUST002313,CATHERINE,Wright,08/02/1958,M,ewalters@example.com,331-558-6207,7854 Scott Green Suite 393,Christopherburgh,IL,53976,78052.48,,691,06-05-2003,BR023,FALSE,Verified,French Southern Territories,ONLINE
CUST002314,Mackenzie,Steele,10/09/1981,F,  brandon96@example.com  ,(001) 920-7647,60557 Joshua Neck,Barnettberg,IN,63365,87421.01,Sales Rep,728,"February 27, 2008",BR018,0,,Saint Lucia,ONLINE
CUST002315,Julie,Peters,07/05/1958,F,michaelmorales@example.net,,77416 Freeman Spurs Suite 899,Wilsonmouth,00,14014,93307.35,Designer,469,2014-04-11,BR028,1,Pending,Palestinian Territory,
CUST002316,Desiree,Smith,1961-07-30,M,scottstacy@example.com,+1-001-583-6510,00734 Michael Neck Suite 212,East Jameston,PA,39289,84755.53,Nurse,772,2006-12-31,BR001,,Pending,,ONLINE
CUST002317,John,Hurley,"March 23, 1966",F,wilsonamy@example.org,N/A,,South Cynthia,VA,58091,99362.92,Doctor,727,,BR018,FALSE,Verified,Ethiopia,Referral
CUST002318,Matthew,goodwin,1944-03-16,F,hjones@example.net,000-000-0000,65522 Lee Valleys Suite 803,East Stephanieville,MI,61587,48396.14,Developer,647,99/99/9999,BR046,FALSE,pending,Singapore,Walk-in
CUST002319,Darrell,Clayton,"November 16, 1993",F,guzmanjennifer@example.com,+1-323-390-4418,351 Graham Lake,Whitneyfurt,MN,70736,50459.44,Officer,845,03-07-29,BR014,0,Verified,Falkland Islands (Malvinas),Referral
CUST002320,Amanda,Hardy,78-01-25,F,,,97617 Gonzalez Turnpike,Turnerland,NJ,21439,31494.6,Engineer,,07/09/2018,BR047,FALSE,Pending,South Georgia and the South Sandwich Islands,Branch
CUST002321,Emily,Ward,01/26/1976,F,carterangela@example.net,4018829990,001 Shane Fort,Annside,IA,40511,85382.54,Analyst,641,12/31/2019,BR024,FALSE,VERIFIED,Afghanistan,Marketing
CUST002322,Michelle,Burke,"March 12, 1949",F,crhodes@example.net,418-272-9703,4694 Christina Trace,Robertsberg,MD,64774,USD 97262.78,Analyst,688,02/09/2011,BR041,No,Not Verified,Liechtenstein,online
CUST002323,Brittney,Chandler,1941-05-17,MALE,albertgates@example.org,+1-345-538-2332,93868 Derrick Mountain,East Matthew,CT,08875,86022.05,Retired,652,"July 01, 2020",BR025,FALSE,verified,Nepal,Walk-in
CUST002324,Morgan,Lee,"October 25, 1984",F,campbelllisa@example.com,597-388-2355,4690 Robertson Flats Suite 634,Garciachester,OH,84911,128607.24,Nurse,522,19/06/2018,BR050,TRUE,pending,Malta,Marketing
CUST002325,Brian  ,Garrison,19/05/1943,F,  dellis@example.net  ,(001) 769-8654,40771 Chase Common Apt. 543,Julialand,id,58491,69804.14,Sales Rep,794,"April 10, 2003",BR029,,N/A,Bolivia,N/A
CUST002326,William,Mckinney,07/05/1991,F,kgraves@example.org,000-000-0000,928 David Wall,Hamiltonshire,MP,56729,93405.96,Accountant,-1,06/05/2005,BR022,No,Verified,South Georgia and the South Sandwich Islands,branch
CUST002327,  Brian,Shea,01/13/1951,F,joseburch@example.net,(726) 246-1615,0907 Jones Vista,Lake Susanview,AK,90311,31790.47,Analyst,575,NULL,BR044,True,verified,Kyrgyz Republic,branch
CUST002328,Ryan,Smith  ,07/02/1958,F,susan70@example.org,,19893 Julia Island Apt. 016,Annetteton,US,09158,56451.51,Retired,668,06/05/2020,BR026,Yes,Not Verified,Nauru,Online
CUST002329,Brenda,Ward,01-08-1993,M,david71@example.com,000-000-0000,6027 Erin Mall Apt. 540,,RI,67772,94343.82,Developer,413,17-01-22,BR014,Yes,pending,United States Virgin Islands,Marketing
CUST002330,Rebecca,Diaz,16-05-1992,male,smithbrittany@example.org,+19816003345,16598 Christopher Street,Parsonsshire,WV,12283,99718.57,Self-Employed,738,05-12-2006,BR025,0,,Wallis and Futuna,Marketing
CUST002331,James  ,Bass  ,"July 24, 1985",f,hwade@example.net,145.367.9280,2971 Carlos Springs,Juliaburgh,MD,07038,59711.16,Manager,850,22/11/2000,BR033,1,N/A,Mauritania,
CUST002332,Kelly,Lewis,11/17/1973,M,,+17826882914,54332 Eric Radial Suite 432,Kellyborough,WA,80423,"$67,494.03",Designer,486,10-02-2020,BR019,True,,Cocos (Keeling) Islands,Walk-in
CUST002333,Glenn,hays,"December 20, 1978",M,montoyamark@example.org,,69351 Steven Passage,Bryanborough,LA,82876,16874.42,Chef,691,2022-01-22,BR031,True,Pending,Croatia,online
CUST002334,Michael,Woods,02/04/1980,F,charles40@example.net,+19613745563,30063 Johnson Manor Apt. 299,,GA,49909,57503.98,Designer,320,2007-01-13,BR018,No,Not Verified,Spain,ONLINE
CUST002335,Eduardo,Browning,27-09-1961,M,kathrynhughes@example.net,000-000-0000,047 Bailey Flat Apt. 335,North Gregoryburgh,OK,00000,101163.41,Driver,704 pts,27-04-2014,BR012,True,,Albania,Walk-in
CUST002336,Margaret,Cobb,99/99/9999,M,thorntonlindsay@example.net,341-758-2212,08809 Frost Loaf,Phambury,MA,52368,90132.18,Doctor,558,12/27/2001,BR041,1,verified,Syrian Arab Republic,Marketing
CUST002337,Clifford,Nelson,25/06/1953,M,johnsonjennifer@example.com,(195) 228-6068,9522 Lawson River Suite 989,Rossbury,OK,16341,87523.3,Clerk,408,02/02/2022,BR045,TRUE,pending,Honduras,online
CUST002338,Anthony,Cole,45-12-08,F,christopher65@example.net,+1-187-051-5295,1678 Walker Harbor Suite 567,Deannahaven,PW,89838,71742.08,Nurse,580,20-09-17,BR005,,Verified,Venezuela,ONLINE
CUST002339,Bryan,Everett,"May 27, 1961",female,isanchez@example.net,333-850-8511,9852 Matthew Shores,Smithshire,OK,75361,70247.21,Consultant,683,05/01/2004,BR014,False,Not Verified,Saint Martin,online
CUST002340,Joan,Thomas,07/29/1987,M,johnstonkatrina@example.com,+1-863-382-5690,681 William Way Apt. 020,Baldwinton,HI,70314,46888.76,Teacher,843,,BR030,No,pending,Namibia,N/A
CUST002341,  Brandi,Monroe,08/14/1970,f,deanna00@example.net,+1-143-149-0857,652 Shawn Highway,Williamsstad,WV,53820,94458.99,Accountant,766,"May 05, 2008",BR018,No,Verified,Uganda,Online
CUST002342,Jesse,  Calderon,06/22/1946,M,davishannah@example.net,000-000-0000,408 Martin View Apt. 861,South Dylan,wy,01350,84734.05,Designer,704,2016-02-05,BR045,False,pending,Honduras,
CUST002343,Matthew,Hamilton,1982-03-01,M,katrinamontgomery@example.net,N/A,925 Barron Spurs Apt. 419,Keithville,SC,48155,87220.66,Sales Rep,635,02/03/2014,BR013,False,pending,Lebanon,Branch
CUST002344,Chad,Graham,"June 03, 1968",FEMALE,  dhudson@example.org  ,(139) 265-7655,9983 Joseph Centers Suite 321,North Monica,MN,90482,51588.78,Officer,545,24-04-2006,BR050,Yes,Pending,Egypt,Referral
CUST002345,Brandon,Ortega,04/02/1998,M,xmiranda@example.com,+1-133-398-8067,51869 Mcgee Shores Suite 671,Riosberg,ME,88717,0,Contractor,480,29-05-2019,BR001,0,Pending,Aruba,Marketing
CUST002346,Christina,Lyons,1940-11-15,female,yrodriguez@example.org,+1-179-324-7495,603 Tammie Tunnel,Johnfurt,IN,36745,108400.34,Consultant,607,14/05/2015,BR022,TRUE,Not Verified,Malta,online
CUST002347,Reginald,Morris,23-12-1980,F,GFLORES@EXAMPLE.COM,1534904869,8703 Lori Track,West Carlhaven,FL,51300,"$53,240.69",Student,803,19/05/2023,BR047,Yes,N/A,Norfolk Island,Referral
CUST002348,Brian,Steele,89-12-12,F,trose@example.net,+1-779-976-4670,05008 Nicole Camp Apt. 826,Lake Reginaldton,DE,16441,39802.85,Contractor,675,15-09-03,BR012,0,,Nicaragua,Marketing
CUST002349,Carrie,Moody,80-02-06,F,vandrade@example.net,(170) 980-4232,0407 Brock Row Suite 922,East Bryanbury,RI,84774,94271.76,,612,15/10/2005,BR044,False,N/A,Taiwan,Marketing
CUST002350,Mark,Anderson,,F,qhoover@example.net,559-932-5618,57744 Danielle Manors,North Justin,MD,95750,56279.56,Teacher,411,"April 15, 2011",BR038,True,verified,Mongolia,Referral
CUST002351,Xavier,Shelton,01/11/1963,F,timothy16@example.net,0013937617,014 Baxter Bridge Apt. 401,Goodbury,NH,44292,107097.77,Engineer,329 pts,"June 27, 2005",BR004,FALSE,,Myanmar,Branch
CUST002352,Sophia,Garcia,28/02/1960,F,alisonfisher@example.org,,16199 Carson Hills Apt. 535,Port Michael,NV,02300,91595.21,Self-Employed,538,99/99/9999,BR045,False,VERIFIED,New Zealand,online
CUST002353,Kevin,johnson,71-12-26,M,lhoward@example.net,3447080995,,Meredithshire,WI,84902,93924.93,Engineer,731,2000-05-29,BR025,True,N/A,Portugal,Online
CUST002354,Jessica,Lopez,1990-01-11,F,wagnercharlene@example.net,6723518833,63986 Vargas Land,Jonathanfort,AL,59148,22191.55,Accountant,663,NULL,BR013,1,N/A,Guadeloupe,
CUST002355,Michelle,Roberts,"January 09, 1991",M,amandaatkins@example.org,+1-740-991-7089,82678 Anita Mill Suite 987,Warrenton,NH,75884,112418.04,Engineer,334,12-02-2023,BR035,Yes,,Micronesia,online
CUST002356,Kathryn,Williams,"July 24, 1993",F,david31@example.com,+14925993386,62858 Shannon Underpass Apt. 145,Wardmouth,IN,70195,,Self-Employed,317,"December 21, 2014",BR044,No,Pending,Turks and Caicos Islands,Branch
CUST002357,Ricky,Gardner,70-01-05,F,richardsonheather@example.com,000-000-0000,52751 Reid Pines,Walkerview,RI,40592,57075.3,Accountant,462,05/05/2014,BR048,FALSE,VERIFIED,South Georgia and the South Sandwich Islands,Marketing
CUST002358,Mary,vasquez,55-08-28,F,rogertodd@example.org,+1-001-602-8984,2701 Jason Point,Deleonberg,DE,64002,75018.6,Officer,312 pts,11-05-03,BR036,1,Not Verified,Peru,online
CUST002359,David,Weaver,1998-06-16,M,msmith@example.com,588.444.8794,,North Ricky,HI,37036,7831.77,Nurse,354,99/99/9999,BR024,True,verified,Russian Federation,
CUST002360,Angela,FORD,06-04-1984,F,nancymitchell@example.com,2564932874,90508 Jennifer Squares Suite 503,Cochranstad,AL,00000,84302.85,Consultant,543,09/02/2008,BR015,1,Not Verified,New Caledonia,Marketing
CUST002361,  Hayden,Beard,79-07-02,M,kbartlett@example.org,926.217.5154,13613 Jared Forge,Guerraview,TX,84962,33972.0,,494,10-08-28,BR040,Yes,pending,French Guiana,Walk-in
CUST002362,Mark,Spears,61-04-25,M,,N/A,35992 Rebekah Corners Apt. 899,Darylhaven,WA,56841,22656.54,,720,"May 02, 2000",BR006,FALSE,N/A,Saint Pierre and Miquelon,branch
CUST002363,Erica,Brennan,21/06/2000,F,JOSEPH31@EXAMPLE.ORG,162.682.5748,0575 Ashley Fort Suite 254,Lake Luis,AL,70719,16717.43,Consultant,848,27/10/2012,BR038,0,Verified,Haiti,online
CUST002364,judy,Duarte  ,86-01-04,M,wardlaura@example.com,,260 Ashley Rue,Kimtown,GU,42795,"$108,944.09",Designer,475,11/23/2009,BR018,Yes,Pending,Korea,Branch
CUST002365,Brooke,Holt,30/07/1985,F,mcaldwell@example.org,N/A,28665 Michael Squares,New Marilynshire,GU,72540,47975.78,Clerk,303,28/02/2003,BR041,TRUE,,Guinea,online
CUST002366,Lori,  Velez,07/18/1946,F,barretteric@example.com,N/A,7308 Jordan Shore Apt. 812,Wiseberg,PR,65079,123680.47,Consultant,353,12/06/2019,BR050,,N/A,Qatar,branch
CUST002367,Joshua,Smith,31-10-1953,male,websterchristopher@example.com,000-000-0000,0147 Hughes Locks,Amychester,CO,43983,"$51,246.95",Lawyer,477,03-03-16,BR006,False,N/A,Nicaragua,Marketing
CUST002368,Daniel,Wilson,07-12-1942,M,gary97ATexample.net,,310 Klein Cove,,NJ,30082,10242.47,Contractor,344,05-02-12,BR019,TRUE,Pending,Guam,Walk-in
CUST002369,JACQUELINE,  Ortega,16-05-1992,M,emartinez@example.com,721-566-4016,4797 Amanda Summit Apt. 893,Mooreshire,MI,56737,30921.64,Contractor,624,22-04-2001,BR047,No,verified,Botswana,
CUST002370,Peter,NICHOLS,91-02-15,M,melissasantiago@example.org,000-000-0000,7610 Rowland Via Suite 237,Lanceborough,MH,43038,113253.41,Designer,714,99/99/9999,BR012,0,pending,Gambia,N/A
CUST002371,Thomas  ,Peters,"November 10, 1975",FEMALE,wilsongeorge@example.net,574.986.9935,9166 Duncan Common Suite 445,Port Kristinburgh,VT,26183,6454356.0,Teacher,448,07/06/2017,BR044,FALSE,verified,British Virgin Islands,branch
CUST002372,Edward,Walters,"May 08, 2001",M,farmermadeline@example.com,N/A,2041 Romero Radial,New Heather,GA,35382,50809.94,Sales Rep,847,06/22/2016,BR023,0,verified,British Indian Ocean Territory (Chagos Archipelago),Referral
CUST002373,ALEXANDRIA,Flores,09/23/1943,F,robertsbrenda@example.org,(460) 667-0876,283 Cynthia Center,Lake Beckyfort,IL,30814,75600.64,Lawyer,354,2012-05-14,BR015,,verified,Mali,ONLINE
CUST002374,Marc,Grant,74-02-23,MALE,meghansnyder@example.org,+1-001-967-5218,,South Markfurt,IN,80305,87562.4,Teacher,405,15-01-04,BR015,Yes,Pending,Kenya,branch
CUST002375,Amber,Reyes,1991-09-03,M,walkerdarren@example.net,+1-339-768-2298,78300 Anthony Land Suite 441,Angelafurt,OH,76473,109108.96,Consultant,406,02-04-2019,BR045,No,pending,Wallis and Futuna,Referral
CUST002376,GLENDA,Singleton,10/06/2002,F,dianepayne@example.com,+1-158-343-1839,361 Park Divide,Lawrencefort,IN,11899,120697.47,Developer,557,2006-05-12,BR018,TRUE,N/A,Bahrain,Walk-in
CUST002377,michele,Watkins,2001-12-29,F,brianphillips@example.org,000-000-0000,,New Robertburgh,SD,57235,57408.1,Engineer,753,99/99/9999,BR022,False,,Palau,branch
CUST002378,John,Padilla,00-08-15,f,emilyrussell@example.com,N/A,74128 Jennifer Springs,Lake Scottfurt,NM,28472,23588.33,Retired,663,05/28/2020,BR040,No,VERIFIED,Sao Tome and Principe,Marketing
CUST002379,Tammy,Williams  ,05/23/1962,Female,  davidgrimes@example.net  ,4736019249,335 Mcdonald Burgs,Sheltonland,AS,85087,55528.72,Consultant,696,19-08-2017,BR021,,verified,Namibia,
CUST002380,Andrew,Nelson,"October 21, 1978",F,rwalker@example.net,2722208958,1748 Anderson Brook,Herrerachester,NJ,32564,79109.82,Teacher,353,07/01/2017,BR023,True,Pending,Ireland,Walk-in
CUST002381,Wendy,Allen,00-11-17,M,  caleb52@example.org  ,+13987202901,4772 Emily Fords,Longchester,US,57936,36268.44,Contractor,808,2017-06-30,BR006,TRUE,verified,Nigeria,
CUST002382,Alicia,clarke,18-06-1973,F,  cynthia50@example.org  ,450-946-8015,0960 Benjamin Views Suite 856,Port Sabrina,UT,82043,"$36,499.72",Lawyer,698,19-02-2011,BR025,TRUE,N/A,Norway,ONLINE
CUST002383,Robert,Hall,1973-03-06,F,lisathompson@example.net,+15949576343,36306 Catherine Via,Espinozamouth,SD,08585,82032.58,Lawyer,670,"December 04, 2000",BR011,0,pending,Indonesia,Referral
CUST002384,David,Wagner,1998-06-04,MALE,ukane@example.org,(171) 877-1669,2427 Anderson Route Suite 842,Wilsonmouth,TN,08810,68297.17,Manager,322,"August 23, 2017",BR004,1,Not Verified,Congo,branch
CUST002385,scott,Cooper,20/09/1962,M,jcain@example.com,,002 Rodriguez Pines Apt. 816,East Karenbury,IA,34853,71147.89,Contractor,728,21-08-23,BR041,Yes,pending,French Guiana,
CUST002386,Cesar,BOOTH,1959-09-11,F,haleygeorge@example.org,+1-439-521-6092,99726 John Port Apt. 300,Port James,ND,91626,43452.66,Retired,455,08/14/2010,BR037,,Not Verified,Gibraltar,Referral
CUST002387,Frank,Thomas,12/18/1943,M,williamsmary@example.org,417.648.6006,690 Brittany Way Apt. 769,Port Kristinaview,MH,41828,"$61,935.98",Nurse,670,04-04-30,BR040,No,Pending,Aruba,Walk-in
CUST002388,Emily,Grant,18-02-1989,FEMALE,,(001) 592-9782,3740 Julie Lights Suite 908,Robertborough,FL,85468,37651.84,Doctor,472,"June 18, 2002",BR010,False,N/A,Algeria,Marketing
CUST002389,Robert,Zuniga,07/02/1997,F,davidtravis@example.net,000-000-0000,8541 Mary Dale,South Patrick,PW,09939,101156.94,Accountant,790,"March 19, 2002",BR035,False,VERIFIED,Israel,Marketing
CUST002390,Isaac,Richardson,87-12-15,M,antoniostanley@example.net,+1-171-947-3349,5242 Michael Loop,Harrishaven,RI,02117,106233.73,Retired,553,02/17/2018,BR022,True,Pending,Oman,branch
CUST002391,Shannon,Gray,02-01-12,F,wrightcynthia@example.net,001.976.8395,27057 Jennifer Orchard Apt. 038,North Brian,TN,05448,5383.42,Manager,582,00-02-16,BR019,1,verified,Cuba,Referral
CUST002392,Briana,Skinner,10/06/2013,F,BROWNBRANDON@EXAMPLE.NET,000-000-0000,1789 Ronald Heights,Port Christianfurt,HI,96984,37467.12,Contractor,655,10/19/2000,BR026,FALSE,Verified,Finland,Online
CUST002393,Michelle,Wheeler,99/99/9999,M,micheal38@example.com,(297) 791-5422,83715 Murphy Glens,Lewisview,PR ,20232,,Self-Employed,9999,13-08-2013,BR050,TRUE,Pending,French Guiana,
CUST002394,Sandra,Myers,09/11/1974,0,collinshoward@example.com,8422209001,067 Jonathan Gardens Apt. 241,,MH,81241,USD 47249.16,Accountant,798,2000-05-23,BR033,,pending,Cuba,Walk-in
CUST002395,sara,johnson,26-09-1968,Male,watsonmary@example.org,000-000-0000,881 Miller Harbors,Grossbury,OK,96882,67079.67,Engineer,399,2004-03-02,BR032,TRUE,VERIFIED,Turkey,Walk-in
CUST002396,Barbara,Nguyen,75-04-08,F,pcarpenter@example.net,139-931-5572,82613 Thomas Fort Suite 191,Keyborough,UT,75729,19262.42,Doctor,820,2001-11-20,BR042,No,pending,Ghana,Online
CUST002397,Annette,Hernandez,"April 17, 1998",male,natalie40@example.com,0014548632,08447 Sheppard Route Suite 798,Cohenburgh,NC,54709,37734.91,Developer,720 pts,2013-11-26,BR018,True,verified,Luxembourg,Referral
CUST002398,Shelby,Robinson,01-12-1986,F,margaretmontgomery@example.net,001-798-4525,580 Jane Tunnel Suite 395,North Tiffany,ID,10176,34861.49,Student,806 pts,15-01-2006,BR015,FALSE,Pending,Croatia,N/A
CUST002399,Michael,ANDERSON,09-09-1989,F,jennifer57@example.com,+1-374-931-9262,45726 Turner Islands,Mclaughlintown,GU,15880,77254.36,Chef,325,02/06/2005,BR047,False,Verified,Montenegro,Walk-in
CUST002400,Gina,Joyce,"March 29, 1946",F,tasha11@example.com,000-000-0000,508 Nguyen Course,Port Cynthiaside,PW,02833,72427.05,Officer,,10/06/2003,BR050,TRUE,N/A,Tokelau,N/A
CUST002401,Mary,Smith,18/12/1978,M,reedtimothy@example.org,000-000-0000,36660 Clark Point,Harveyside,CA,46551,44739.19,Contractor,379,99/99/9999,BR001,FALSE,Verified,Myanmar,Branch
CUST002402,Joshua,  English,12-11-2004,F,roy06@example.net,125.539.9152,153 Scott Trail Apt. 162,North Valerie,MP,33017,76188.73,Clerk,618,2019-04-05,BR046,True,verified,Albania,Referral
CUST002403,anthony,Craig,01/21/1976,M,michellewilliams@example.org,+1-550-396-8888,9638 Simpson Plains,Rhondaview,KY ,09139,,Accountant,706,06/07/2018,BR007,FALSE,Verified,Palestinian Territory,Marketing
CUST002404,Kimberly,Hernandez,03-08-1979,Female,webbbrett@example.org,+15174894260,39029 Matthew Dale,Charleneberg,NY,32970,60492.07,Retired,801,10/17/2008,BR019,True,N/A,Singapore,ONLINE
CUST002405,Brenda,Grant,1983-02-18,F,thomasantonio@example.net,,291 Garcia Gateway,North Natasha,PA,94826,128570.82,Nurse,684,06-10-2017,BR037,1,Verified,Gibraltar,N/A
CUST002406,Maria,Wilkerson,"November 21, 1972",M,oliverjoshua@example.com,0018887691,930 Jennifer Rest Apt. 387,Daniellechester,AS,59392,116916.14,Student,513,04-10-19,BR040,0,,Hungary,
CUST002407,Nicole,Young,1982-05-29,M,angelahall@example.com,N/A,1491 Barajas Row Apt. 128,Dylanchester,SD,12290,24514.66,Analyst,567,,BR009,No,Not Verified,Nepal,Branch
CUST002408,Ralph,Thompson,29/09/1955,F,katiereidATexample.net,196.285.1377,5590 Keller Ford,North Jayview,ME,54220,99040.63,Driver,795,"February 08, 2022",BR050,1,Pending,Nepal,Branch
CUST002409,Joseph,Brown,27/08/1940,MALE,mcampbell@example.net,122-039-7681,69951 Megan Manor,New Katherine,ME,19180,98398.88,Self-Employed,551,2011-11-01,BR026,Yes,Verified,Anguilla,N/A
CUST002410,MITCHELL,Prince,1969-12-01,0,  benjaminfitzgerald@example.com  ,+12282753348,60494 Green Tunnel,North Joshua,MA,34911,29810.78,Driver,602,01-08-30,BR008,1,VERIFIED,Saint Vincent and the Grenadines,Referral
CUST002411,Heather,Rojas,15-03-1941,MALE,shawncastro@example.net,000-000-0000,470 Jennings Crescent Suite 699,Claudiastad,IN,06494,98657.22,Nurse,615,2014-11-29,BR024,1,Verified,Estonia,Marketing
CUST002412,Joseph,Walker,04-01-1968,0,daychelsea@example.com,(263) 995-9070,73397 Mark Crescent Apt. 909,Lake Jason,CO,68761,123827.62,Sales Rep,751,NULL,BR025,False,verified,Israel,online
CUST002413,Heather,Kirby,07/03/1959,M,barbara46@example.net,000-000-0000,073 Katrina Path,Davidland,RI,64661,30710.93,Retired,538,07-01-06,BR012,Yes,Verified,Puerto Rico,branch
CUST002414,Jamie,Roach,12/09/1998,M,rjohnson@example.org,2756450756,9001 Ann Square Suite 978,Randolphshire,FM,12352,37887.4,Student,826,2004-10-01,BR006,TRUE,verified,Egypt,Online
CUST002415,Cindy,Brown,"January 02, 1957",F,ubrown@example.net,4668961479,133 Best Radial Suite 400,Juliemouth,IN,04133,105618.15,Manager,531,12/23/2022,BR016,0,,Georgia,N/A
CUST002416,Dennis,Rodriguez,99/99/9999,male,loribarker@example.com,000-000-0000,8783 Jacob Estate,North Andrewside,00,67117,79502.34,Contractor,523,2017-05-15,BR027,True,Not Verified,Nicaragua,Referral
CUST002417,JOSEPH,  Anderson,11/11/1943,F,hoodnathan@example.com,+11821298362,1242 Kyle Club Suite 682,Port Thomasfort,TX,78470,89301.67,Driver,487,14-08-2020,BR012,0,VERIFIED,Montenegro,Walk-in
CUST002418,Cindy,Carroll,54-09-28,f,michele01@example.net,(898) 792-6629,002 Brandi Throughway Suite 034,West Julie,IL,35896,81920.62,Designer,601,10-02-26,BR036,,verified,British Indian Ocean Territory (Chagos Archipelago),ONLINE
CUST002419,thomas,Brown,22-11-1947,1,mlong@example.net,N/A,7774 Michael Hills,Goldenborough,ME,89645,83674.36,Manager,745,10/06/2007,BR041,No,N/A,French Southern Territories,Marketing
CUST002420,Sarah,Martinez,10/16/1989,F,millerangela@example.org,+10016142394,5972 Michael Island,East Spencer,CO,79752,23573.48,Self-Employed,302,12-03-21,BR011,,verified,,Branch
CUST002421,Devon,Barnes,"January 20, 1941",Female,marshalltiffany@example.net,(296) 870-8338,38287 Gina Mills Apt. 352,West Patriciaville,ID,57243,106656.12,Teacher,542,99/99/9999,BR018,True,N/A,,Marketing
CUST002422,Caitlin,Obrien,99/99/9999,F,tgarcia@example.org,323-597-7043,5163 Gregory Ridge Suite 105,Morrisside,AS,10678,110935.65,Manager,722,10-08-12,BR032,FALSE,,Brazil,branch
CUST002423,Charles,NICHOLS,23/07/1979,F,N/A,(001) 689-5891,11540 James Junctions Suite 900,Williamsmouth,IL,02699,61971.32,Engineer,-1,14-02-2023,BR040,No,N/A,Niger,Walk-in
CUST002424,Ross,Taylor,15-04-1940,M,fgriffin@example.net,+1-698-468-3017,453 Greene Throughway Suite 968,South Lindsey,UT ,08141,68478.31,Consultant,326,09-01-24,BR036,True,Verified,Russian Federation,ONLINE
CUST002425,Richard,Thomas  ,78-02-03,F,parkershannon@example.net,N/A,28550 Angela Harbors,Stricklandland,AL,55516,16411.24,Clerk,407,10-09-2021,BR005,No,verified,Maldives,online
CUST002426,Debra,Meza,04/02/1940,F,elee@example.com,+16677231010,1301 Alejandro Parks Apt. 081,Gonzalezport,NY,15493,87998.92,Contractor,536,2007-02-24,BR033,TRUE,,Belize,
CUST002427,Andrew,Morgan,1958-08-30,M,kelseyhubbard@example.com,+11477926195,8582 Lee Pine,East Alicia,GU,01442,90022.01,Nurse,-1,11/13/2004,BR044,0,Pending,Togo,Online
CUST002428,Kristine,Rivera,1958-02-27,F,kfriedman@example.net,+1-762-239-1613,8552 Hatfield Passage,Crosbyton,NC,70734,67823.31,Developer,592,07/24/2017,BR043,FALSE,verified,Armenia,Branch
CUST002429,Philip,  Clayton,15-10-1998,F,melissa72@example.net,000-000-0000,64316 Schaefer Row Apt. 068,Charlesland,ZZ,56511,109352.37,Consultant,549,99/99/9999,BR040,Yes,,Antigua and Barbuda,branch
CUST002430,Morgan,Soto,"August 03, 1958",F,jacksonmisty@example.org,,,Lake Davidmouth,AZ,74236,58307.3,Accountant,772,09-12-2022,BR041,No,pending,Bosnia and Herzegovina,online
CUST002431,JAY,Guerrero,99/99/9999,M,jmccarthy@example.org,(274) 721-4157,04605 Richard Creek,Lake Kennethport,VA,64182,89761.21,Lawyer,435,17-02-2019,BR015,TRUE,N/A,Samoa,Referral
CUST002432,Ellen,Caldwell,1990-07-30,F,warnerjustin@example.com,+1-340-650-1368,5452 Leslie Terrace Suite 295,Aaronstad,FL,37245,34311.75,Nurse,499,31-12-2011,BR034,FALSE,verified,Bangladesh,Marketing
CUST002433,Cory,Stone,"April 03, 1996",F,nguyenalex@example.net,(001) 922-4934,483 Hill Land Suite 726,West April,MN,44510,"69175,67",Student,643,2022-08-16,BR025,No,verified,Panama,Online
CUST002434,Alan,Moore,"April 08, 1964",M,franklindenise@example.org,(176) 728-2866,62094 Lauren Crescent Apt. 230,Port Elizabethton,WA,14949,63897.6,Self-Employed,801,10/28/2013,BR005,False,N/A,South Africa,Branch
CUST002435,Chad,Taylor,"March 04, 2001",F,johnryan@example.com,5493666867,19043 Johnson Island,Duncanview,WV ,31641,77885.78,Accountant,696,2010-08-05,BR019,FALSE,N/A,Isle of Man,Branch
CUST002436,Kristina,Miles,60-02-24,F,jonathan69@example.com,+12215106709,1518 Garcia Glens,Lake Mariahview,NE,34793,57066.56,Accountant,351,21-04-2007,BR010,,Verified,Senegal,
CUST002437,Katherine,Valenzuela,"December 06, 1942",F,kperez@example.net,,735 Martin Grove Apt. 631,Port Scott,MI,05507,65398.46,,321,00-12-23,BR003,Yes,Pending,Serbia,online
CUST002438,Aaron,Barrett,07/24/2002,M,curtislopez@example.net,+19052067481,303 Timothy Tunnel,Port Jasontown,UT,13595,98911.65,Consultant,680,02/25/2020,BR050,TRUE,N/A,Taiwan,Online
CUST002439,Derek,Stevens,11/29/1988,MALE,justin57@example.org,+1-181-334-1029,185 Robert Club Apt. 670,Krauseshire,MS,63546,54713.25,Manager,610,22/07/2018,BR041,Yes,N/A,Albania,branch
CUST002440,Jacob,Mann,NULL,F,boonethomas@example.org,673-326-8578,863 Yolanda Knolls Suite 256,Grayfort,ND,57979,13769.8,Analyst,487,,BR035,FALSE,Verified,New Zealand,Walk-in
CUST002441,Donna  ,Smith,84-03-19,f,sandra11@example.com,+1-186-981-1534,8699 Brent Mountain Apt. 816,West Dannybury,NM,77863,131235.44,Student,566,2010-07-10,BR041,0,Not Verified,Tonga,ONLINE
CUST002442,Jenna,coleman,13/03/1988,F,robertsariel@example.com,338.334.1031,7701 Alexander Spur Suite 849,New Henryview,MI,49917,118350.89,Consultant,401,22-01-2019,BR035,1,VERIFIED,American Samoa,online
CUST002443,Gabriela,Thornton,99/99/9999,F,samantha20@example.org,+1-202-523-9354,1338 Oconnell Glen Suite 278,East Laurafurt,PW,85640,24770.81,Nurse,302,"March 27, 2019",BR029,FALSE,Pending,Rwanda,online
CUST002444,mallory,Galloway,18/12/1971,M,xhall@example.org,449-660-6607,6834 Phillips Motorway,Danielmouth,MP,64634,94139.77,Chef,599,11-03-2023,BR026,TRUE,verified,Nepal,Marketing
CUST002445,Alexandra  ,Williams,29-12-2002,M,megan32@example.com,+1-149-733-6063,592 Spencer Gardens,East Amanda,RI,00000,"52395,88",Designer,330,NULL,BR006,1,N/A,Saint Helena,online
CUST002446,Isabella,Holloway,NULL,M,patriciaflores@example.org,000-000-0000,,Hineshaven,OH,30574,"79222,05",Lawyer,671,01/20/2015,BR015,No,verified,Svalbard & Jan Mayen Islands,
CUST002447,Joshua,Hutchinson,79-09-29,F,vmathis@example.org,000-000-0000,58694 Chloe Village Suite 188,New Cheryl,SC,61693,"$80,297.84",Designer,430,04/09/2002,BR049,,pending,Martinique,branch
CUST002448,Adam,Saunders,1969-07-03,F,xbarnes@example.com,,01635 Long Cove,South Kyle,NV,24414,USD 61795.73,Driver,445,01-02-23,BR026,,,,branch
CUST002449,Melissa,PACHECO,87-04-21,F,patrick42@example.org,+10015222898,942 Stephenson Mountain,South James,FL,00000,42568.2,Developer,484,31/01/2013,BR035,No,N/A,Greece,online
CUST002450,RACHEL,  Lang,"October 23, 1948",F,john04@example.net,000-000-0000,047 Carter Turnpike Suite 691,Rodriguezbury,MI,74485,45831.06,Contractor,619,04-04-02,BR040,Yes,pending,Gibraltar,N/A
CUST002451,Carlos,Frye,08-06-1962,F,tiffany91@example.com,484.971.2719,1987 Lisa Fort,North Rodney,MI,86517,37933.28,Contractor,626,06/03/2023,BR041,True,pending,Niger,
CUST002452,Sandra,Yates,81-06-11,F,wjones@example.com,+19209227961,12808 Maxwell View,Hannahmouth,HI,85736,40886.22,Retired,512,03/30/2018,BR036,,N/A,Nauru,Online
CUST002453,JOSEPH,Kelley,08-09-1986,F,jeffreydominguez@example.org,+1-001-789-4683,640 Johnson Junctions Suite 432,North Williammouth,AL,75927,67648.76,Clerk,419,2016-09-12,BR046,,N/A,Bangladesh,ONLINE
CUST002454,Matthew,Sutton,02/08/2013,F,apeck@example.com,000-000-0000,12358 Stone Greens Apt. 094,New Josephview,NE,93801,44948.4,Analyst,825,10/20/2001,BR042,False,Pending,Saudi Arabia,ONLINE
CUST002455,Eric,Schroeder,18-09-1943,M,,,,Port Michelle,AZ,60507,93871.82,Analyst,587,13-01-2021,BR021,1,N/A,Falkland Islands (Malvinas),Online
CUST002456,Jason,Sexton,22-11-1941,1,mflowers@example.org,000-000-0000,6107 Lacey Mountain,Chandlermouth,SD,96912,"$122,053.62",,,99/99/9999,BR012,,Verified,New Caledonia,Branch
CUST002457,Tiffany,YOUNG,25-01-1960,M,robert57@example.org,,70245 Banks Underpass Apt. 674,Bradleybury,LA,40312,49698.14,Designer,487,,BR035,,verified,Comoros,Online
CUST002458,Gregory,Anderson,24-10-1957,F,andreagriffin@example.org,+1-630-627-3220,00453 Roberts Lock Apt. 279,New Charles,FL,63956,78379.16,Retired,305,06-08-13,BR033,Yes,Verified,Christmas Island,Walk-in
CUST002459,Joshua,  Allen,99/99/9999,M,taylor20@example.com,1744737628,482 Bailey Loaf Suite 598,Hamiltonshire,KS,00000,87488.98,Contractor,670,"June 10, 2017",BR012,No,,Zimbabwe,
CUST002460,Daniel,Young,23-03-1952,Female,smithlauren@example.net,,464 Anthony Locks Suite 566,East Elizabethfort,NE,85315,86520.08,Retired,615,04-05-29,BR034,0,VERIFIED,Cambodia,ONLINE
CUST002461,Joshua,Gross,26-08-1951,female,cowanjohn@example.org,0019616273,84426 Lowe Prairie Suite 370,Thomasstad,KY,81597,72658.43,Designer,493,00-03-29,BR002,FALSE,Verified,French Polynesia,branch
CUST002462,Christopher,Hunt,,M,joseph15@example.net,+19228295185,65508 Kyle Circle,Hendersonshire,DE,49151,95993.88,Sales Rep,779,,BR019,TRUE,Verified,Lao People's Democratic Republic,Referral
CUST002463,Joshua,Fischer,"June 17, 1956",F,brownjessica@example.net,,4978 Ellis Extension,New Kristine,MN,44736,86878.71,,304,21/06/2010,BR041,1,Pending,Belarus,ONLINE
CUST002464,Leslie,Lopez,07/20/1950,1,christina37@example.org,(001) 895-2204,63759 Vazquez Falls Suite 685,Stephentown,MN ,02773,26681.82,Self-Employed,795,11/24/2002,BR018,,VERIFIED,Palestinian Territory,Branch
CUST002465,Sylvia,Clarke,09/08/1952,M,wcox@example.net,,5291 Michael Center Suite 830,Cruzside,DC,89413,100420.46,Driver,425,2006-05-14,BR027,False,N/A,Swaziland,N/A
CUST002466,Aaron,Flores,1987-08-16,MALE,raymondthomas@example.com,000-000-0000,,Castroport,ND,48140,101055.18,Lawyer,0,04-01-26,BR033,Yes,verified,Antigua and Barbuda,Walk-in
CUST002467,scott,Jones  ,11/23/1980,F,don23@example.com,+10012504440,10412 Hicks Parkways,Barkerport,PA,86373,"$43,284.99",Contractor,568,2019-03-17,BR022,FALSE,pending,India,N/A
CUST002468,Aaron,Day,"August 15, 1995",f,bradley20@example.org,N/A,0261 Nathaniel Crossroad,Carpenterfurt,AL,33437,71327.82,Nurse,796,02/04/2000,BR022,False,VERIFIED,Aruba,Marketing
CUST002469,Ian,Rodriguez,"July 21, 1993",M,kimberlysparksATexample.org,N/A,188 Joshua Island Suite 649,Scottshire,PW,60004,,Designer,420,99/99/9999,BR010,Yes,N/A,Niger,Marketing
CUST002470,Eric,Lyons,"December 15, 1998",M,millerdenise@example.net,001.416.9466,8245 Hunter Island Apt. 662,Walkermouth,WY,42922,6267402.0,Analyst,829,"May 15, 2022",BR022,False,N/A,French Polynesia,N/A
CUST002471,Heather,Blake,"March 03, 1957",F,gerald05@example.com,(668) 933-1421,,Lake John,NC,00000,107554.23,Driver,533,07-03-27,BR019,TRUE,verified,Antigua and Barbuda,Marketing
CUST002472,Michelle,Moore,1955-08-24,MALE,mcintoshmartin@example.com,000-000-0000,79042 Fitzpatrick Walk,Davisbury,MS,85615,152735.54,Engineer,509,06/13/2016,BR006,False,pending,,branch
CUST002473,Stuart,Forbes,1951-09-01,M,colleen85@example.org,145.229.5803,27968 Richardson Port,Morrisburgh,CA,97505,42490.49,Engineer,327 pts,01/30/2011,BR046,True,Verified,Benin,Online
CUST002474,Thomas,henry,41-09-10,M,smithvincent@example.org,393-690-3064,907 Joshua Courts,South Stephenberg,MI,89173,21663.44,Nurse,431,"November 06, 2007",BR003,0,VERIFIED,American Samoa,
CUST002475,David,Lamb,99/99/9999,F,brandy06@example.net,(784) 538-2913,18727 Thompson Rest Apt. 317,Ryanland,ID,57106,80633.65,Driver,411,12-06-2014,BR031,FALSE,,Congo,Marketing
CUST002476,Melissa,WILSON,12/04/1947,M,zholland@example.com,1854591780,62531 Adams Rue Apt. 373,North Jennifer,MN,94008,95254.69,Engineer,415,02/11/2013,BR018,FALSE,pending,Uruguay,Referral
CUST002477,Heather,Ponce,00-05-11,F,collin29@example.net,(203) 477-9054,7217 Barber Plains Suite 826,Albertborough,CO,97835,61919.68,Manager,332,2005-11-07,BR038,TRUE,Not Verified,Chile,branch
CUST002478,Sarah,Watson,04/08/1949,M,william36@example.com,453-596-7183,02155 Lopez Forest Apt. 159,North Michaelland,ND,96020,120864.12,Accountant,773,99/99/9999,BR018,0,VERIFIED,Grenada,Branch
CUST002479,Bobby,Webb,28/10/1940,M,,N/A,38891 Julie Forges,North Jesse,AK,74253,23148.8,Analyst,545,2019-04-04,BR018,,N/A,Indonesia,Walk-in
CUST002480,Anthony,Perez,30-12-1978,Male,anna61@example.org,890-272-8079,23193 Perkins Village,West Josephfurt,AL,01212,94252.15,Nurse,714,23-07-06,BR019,,,Lithuania,Marketing
CUST002481,Tracey,Snow,2001-05-22,M,brenda35@example.net,+10012207273,14430 Dan Cliff Suite 705,East Ginaton,NJ,41591,48794.87,Accountant,618,2020-03-16,BR025,False,Pending,Ecuador,Referral
CUST002482,Sierra,Gonzalez,1969-02-08,M,faith23@example.com,,9148 Chase Locks,New Christinafurt,MD,86283,130178.23,Officer,573,16-05-11,BR050,,verified,Somalia,online
CUST002483,Amanda,King,20/01/1968,F,,(001) 430-6161,2811 Davenport Brooks,Martinezside,OK,17121,139738.04,Self-Employed,775,01/19/2018,BR037,False,Pending,Costa Rica,Referral
CUST002484,Dustin,Wolf,1962-10-10,F,rrodriguez@example.com,+1-353-601-5705,027 Chavez River,Lake Williamview,WI,00000,43167.02,Contractor,677,06-09-2003,BR043,,Not Verified,Vanuatu,
CUST002485,Joshua,Ramirez,30-12-1949,F,jenniferperez@example.com,600.495.4108,676 Taylor Gateway Apt. 313,West Robert,HI,11640,50765.5,Designer,547,2015-06-20,BR019,True,N/A,Turkmenistan,Online
CUST002486,Glen,Marshall,"September 16, 1982",M,shannonjessica@example.com,+14553162977,69349 Miller Wells Suite 648,Garretthaven,HI,07883,100085.58,Driver,813,99/99/9999,BR042,,verified,Latvia,Online
CUST002487,Megan,Willis,05/03/1960,M,jessica20@example.com,000-000-0000,174 Tiffany Lodge,Kingville,WY,19609,56450.43,Clerk,767,"January 27, 2012",BR017,True,N/A,British Virgin Islands,Walk-in
CUST002488,jill,white,,M,michaelhorn@example.com,,5609 Mark Stream Suite 415,,NH,81055,68410.61,,759,17-08-15,BR020,0,Not Verified,Japan,
CUST002489,David  ,Green,59-01-04,M,anitawhite@example.com,,534 Edward Fork,Lake Angela,ND,65171,USD 70888.59,Doctor,834,22-01-2008,BR035,TRUE,Verified,Puerto Rico,Online
CUST002490,Brenda,Valenzuela,NULL,M,frankbradley@example.net,159.660.9939,28019 Craig River Suite 517,Vargasville,NM,10248,2811.44,Nurse,797,"July 26, 2000",BR030,No,Pending,Guatemala,Walk-in
CUST002491,Katherine,Meyers,76-02-03,M,ashley50@example.com,+14628360768,4068 Hudson Glen,Diazberg,AS,09269,69515.68,Self-Employed,725,"November 08, 2002",BR023,No,Not Verified,,Referral
CUST002492,Mark,Webb,01/11/1963,M,keithcarr@example.com,N/A,04666 Jennifer Ville Suite 226,Port Sarahberg,AS,39847,45859.53,Designer,763,19-01-06,BR030,No,Verified,Libyan Arab Jamahiriya,online
CUST002493,Daniel  ,  Hobbs,81-07-06,M,riveraadam@example.com,(001) 709-6191,021 Joseph Burgs,West Lawrenceside,CT,53062,52740.7,Nurse,825,2015-04-26,BR050,Yes,Verified,Liechtenstein,branch
CUST002494,RACHEL,Mills,78-05-22,F,carolynrichards@example.com,949.983.5632,61932 Peterson Dam,Taylorside,GU,62284,120527.12,Designer,725,05/01/2008,BR046,1,Pending,Guernsey,ONLINE
CUST002495,Sarah,White,03-05-1943,M,john97@example.net,N/A,,Foxmouth,OK,73478,26022.26,,465,2002-08-24,BR027,1,,Uzbekistan,Referral
CUST002496,George,Francis,05/25/1967,F,samanthaosborne@example.net,(001) 645-2905,511 Rodriguez Branch Apt. 089,Olsenburgh,MS,75350,98462.18,Analyst,744,31-07-2017,BR011,False,verified,Pitcairn Islands,Online
CUST002497,andre,Macdonald  ,62-11-07,F,shannon37@example.org,0013265669,039 Simpson Forges Apt. 254,Williamsstad,CT,39115,60236.3,,814,2015-09-21,BR012,True,pending,Mongolia,Marketing
CUST002498,COURTNEY,snyder,02/05/1946,M,dcollins@example.org,+11367741607,7882 Cox Spur,Garciaside,SC,22303,"$60,208.39",Chef,752,29-01-2017,BR028,True,Verified,Senegal,Online
CUST002499,THERESA,WILLIAMS,07-10-1991,F,,+1-001-627-3406,073 Lisa Neck Suite 879,Pamelaberg,N/A,01881,97663.02,Nurse,323,14-03-20,BR038,0,Not Verified,Guinea-Bissau,online
CUST002500,Brandon,Mccarty,,female,elizabeth65@example.net,607.554.5422,2969 Eric Cove Suite 299,Ashleyfurt,CO,98026,81901.8,Doctor,436,"August 28, 2011",BR032,True,N/A,Spain,Branch
CUST002501,Shannon,Johnson,1966-12-13,M,lisa81@example.net,+1-626-849-0941,03458 Decker Radial,Jameshaven,OK,39397,89971.45,Analyst,707,05-11-20,BR006,False,,Egypt,Branch
CUST002502,Danielle,Graham,08-10-1963,F,sfisher@example.com,+11705947199,1308 Natasha Shoals,Schmidtburgh,NM,91461,103886.46,Nurse,750,2003-04-18,BR012,FALSE,Verified,Burkina Faso,Branch
CUST002503,Jennifer,  Collins,04/27/2005,M,larsenanne@example.org,+1-517-317-1188,36132 Andrew Track Apt. 959,Sarahaven,SC,91089,58404.21,Manager,561,"April 06, 2019",BR049,1,N/A,,
CUST002504,Susan,KING,07/07/1990,female,anthony34@example.com,4058773641,2094 Bush Lock Apt. 802,Port Jeff,NY,71167,48571.71,Doctor,414,2006-09-14,BR043,False,VERIFIED,Serbia,N/A
CUST002505,Kelly,Alvarez,"October 03, 1999",M,susanjones@example.org,,204 David Track,West Billy,MT,77381,32019.73,,651,01/26/2006,BR040,Yes,pending,Moldova,branch
CUST002506,Deanna,Young,05/08/1997,M,mcleanlisa@example.net,1645368631,1669 Edwards Ridge,Port Christopher,CT,91071,41110.63,Contractor,704,"June 09, 2021",BR040,1,,Botswana,branch
CUST002507,Erin,Church,74-11-27,0,hking@example.net,120-798-8990,09839 Sarah Fall Apt. 821,East Davidstad,FL,26180,173218.3,Driver,386,09/10/2013,BR043,Yes,Not Verified,,
CUST002508,Joseph,Bryan,05/01/1990,FEMALE,nancy71@example.net,,,South Kevinmouth,UT,65720,113563.79,Clerk,721,18/09/2014,BR025,,N/A,Czech Republic,ONLINE
CUST002509,  David,Robinson,57-09-04,F,dyerrachel@example.org,+1-998-870-3784,41319 Christina Turnpike,East Gregory,IN,77194,22712.4,Officer,829,07-03-31,BR048,Yes,VERIFIED,,Online
CUST002510,Kevin,Vasquez,"November 26, 1982",F,colonblake@example.com,767.815.6636,09997 Jose Spring,New Brandon,KY,47733,23713.97,Driver,431,10/02/2017,BR002,TRUE,VERIFIED,Algeria,Online
CUST002511,Nicole,Vasquez,61-07-15,M,  joannaschultz@example.org  ,556-925-9722,144 Elizabeth Plain,Terriside,MH,28188,86865.31,Analyst,521,2005-05-29,BR044,False,VERIFIED,Bermuda,
CUST002512,Stephanie,Farmer,"December 19, 1948",female,robertspaul@example.net,N/A,5328 Margaret Hollow,Lindseyhaven,PW,08585,89154.27,Lawyer,496,01-04-12,BR036,False,Verified,Burundi,ONLINE
CUST002513,JENNIFER,Stevens  ,07/19/1983,Female,william39@example.com,000-000-0000,855 Sarah Port,Denisebury,N/A,37243,89210.93,Teacher,785,25-09-2008,BR026,0,VERIFIED,Guatemala,ONLINE
CUST002514,James,Reed,26-06-1989,FEMALE,margaretwarren@example.com,N/A,23413 Kevin Loop Apt. 898,South Lonnie,RI,46272,"$61,076.55",Clerk,616,,BR028,FALSE,Pending,Isle of Man,Walk-in
CUST002515,Marcus,ramirez,"May 15, 1989",f,onovak@example.com,7619973996,7949 George Causeway,East Micheal,NY,86139,65609.1,Consultant,384,"June 03, 2017",BR033,Yes,N/A,Hong Kong,online
CUST002516,Nicholas,Webb,"May 29, 1980",F,christopherhammond@example.net,+15705912667,713 Kirsten Union Apt. 715,East Nancyborough,FL,57099,81475.78,Lawyer,545,99/99/9999,BR031,Yes,N/A,Myanmar,Branch
CUST002517,Billy,  Daniels,23/08/1982,F,kimberlysanchez@example.com,+1-474-320-8600,41644 Montgomery Lodge,West Amy,IA,17878,73006.26,,661 pts,13-05-27,BR014,Yes,Not Verified,Congo,Marketing
CUST002518,Cynthia,  West,06/12/1965,M,mary48@example.com,(001) 241-8520,4738 Jillian Tunnel,Weberfort,DE,67849,0,Driver,764,"May 23, 2002",BR016,FALSE,VERIFIED,Sri Lanka,branch
CUST002519,Jason,Mitchell,98-03-07,FEMALE,patrick47@example.org,000-000-0000,1691 Jane Via,South Amybury,CT,94623,61957.01,Sales Rep,562,11/13/2004,BR012,0,pending,Suriname,ONLINE
CUST002520,Crystal,Wheeler,84-07-21,M,austin41@example.org,+1-890-470-6715,0087 James Extensions,North Meganville,00,70629,40200.77,Analyst,735,03/10/2000,BR034,FALSE,Pending,Turkmenistan,Referral
CUST002521,Heather,Mccarty,03/24/1999,M,tobrien@example.com,,085 Joseph Island,Rebeccatown,PW,25199,76132.4,Clerk,327,"July 10, 2008",BR017,Yes,pending,Niue,
CUST002522,Cody,Mcguire,03/02/1985,F,webbjennifer@example.org,459.498.5751,76984 Patricia Plaza Apt. 410,Micheletown,TN,59089,,Student,725 pts,99/99/9999,BR013,,VERIFIED,Bermuda,Marketing
CUST002523,Marisa,Williams,21/03/1941,FEMALE,robert39@example.org,507-257-6449,2328 Christopher Square Apt. 498,South Anneview,AZ,53885,USD 82861.86,Consultant,555 pts,22-11-02,BR045,True,,Cook Islands,Referral
CUST002524,Natalie,Taylor  ,57-06-10,1,ryanfarmer@example.net,+1-001-415-7928,716 Shawn Island Suite 413,North Xavier,MN,89129,59026.46,Sales Rep,649,"March 08, 2006",BR021,FALSE,,Bangladesh,N/A
CUST002525,Chad,Perez,06/24/1958,M,millersara@example.com,1499611443,56135 Summers Lane Apt. 907,Port William,MA,57580,102263.05,Developer,401,2022-07-17,BR003,No,Not Verified,Germany,Walk-in
CUST002526,Erica,Martinez,1943-03-16,F,,,873 Angela Mills,Michaelside,UT,46897,86894.08,Self-Employed,341,13/09/2017,BR012,TRUE,Verified,Isle of Man,online
CUST002527,Henry,Mcdonald,20/08/1966,F,cwells@example.net,(883) 721-8673,837 Michelle Circle Suite 516,Michaelland,MD,09587,84703.31,Manager,533,25/09/2012,BR025,No,Pending,Latvia,ONLINE
CUST002528,  Stacey,Weaver,09-05-2001,M,scottrobinson@example.com,,24282 Victoria Glens Apt. 907,East Tinabury,AK,21093,91239.77,Analyst,574,22-02-17,BR041,FALSE,,Slovakia (Slovak Republic),Referral
CUST002529,Matthew,Caldwell,1986-04-08,M,solistaylor@example.org,000-000-0000,748 Brown Junction,Laurahaven,AL,06454,141979.02,Officer,551,NULL,BR013,Yes,N/A,Guinea-Bissau,
CUST002530,taylor,White,05-07-28,F,kathy94@example.com,(153) 049-9823,32018 Joseph Throughway,Jacksonport,MI,51171,30418.9,Officer,715,2010-05-07,BR045,False,N/A,Austria,branch
CUST002531,Brenda,Williams,18/06/1955,F,fmartinez@example.org,984-670-4022,03829 Henson Fork,Curtisland,MI,95371,86577.12,,300,26/02/2018,BR016,No,Pending,South Georgia and the South Sandwich Islands,branch
CUST002532,Kristen,May  ,25/06/1956,F,stephenwilliams@example.org,,63599 Kristen Mill Apt. 231,Tateton,FM,69598,37576.66,Self-Employed,0,02-10-24,BR031,False,Verified,Bolivia,ONLINE
CUST002533,Allen,sanchez,10-04-1957,M,michellehamilton@example.org,+1-896-652-2119,1334 April Estate Apt. 686,South Henryborough,MT,96047,89442.94,Lawyer,843,,BR027,0,Verified,Barbados,Branch
CUST002534,Megan,Alvarado,2005-09-02,M,wallsapril@example.net,+15865777110,76257 Christopher Rapids,Russellberg,OH,42656,37845.97,Developer,472,2018-09-14,BR021,0,,Mongolia,ONLINE
CUST002535,Donna,Miller,"January 25, 1949",M,egamble@example.com,1820991003,082 Hall Overpass Suite 997,North Jade,FM,68729,55392.16,Accountant,353,2014-03-24,BR036,Yes,VERIFIED,Tunisia,Online
CUST002536,Christina,Lee,06/02/1955,F,thomas85@example.net,9854873257,1429 Tina Ports,North Ashleychester,VA,00000,59671.85,Officer,815,03/05/2001,BR047,Yes,N/A,Slovakia (Slovak Republic),Marketing
CUST002537,Monica,Maddox,08/04/1974,M,hlopez@example.org,(475) 296-4887,9723 Hernandez Trail Apt. 826,Emilyshire,AK,08452,104153.59,Accountant,418,99/99/9999,BR028,TRUE,Not Verified,Belarus,N/A
CUST002538,Valerie,johnson,06/14/1955,male,rebeccayoder@example.org,219-424-4633,99599 Laura Summit Suite 033,Port Charles,FL,69614,102145.91,Lawyer,422,NULL,BR017,No,Pending,Cote d'Ivoire,Marketing
CUST002539,Mary,Dillon,27/09/1965,F,ortizjulia@example.net,N/A,949 Jessica Squares,East Michelleborough,SD,07065,26399.89,Officer,603,14/01/2011,BR007,FALSE,verified,Costa Rica,online
CUST002540,Laura,Collins,"April 29, 1993",female,amyandrews@example.net,,4556 Jason Fields Suite 545,North Dana,NJ,40739,71922.69,Doctor,709,06/05/2012,BR015,True,N/A,,Marketing
CUST002541,John,Mcdonald,NULL,M,swood@example.net,+18272332999,20611 David Tunnel Suite 043,Berrystad,AK,73693,45164.71,Self-Employed,363,03/07/2017,BR024,FALSE,,Finland,online
CUST002542,James,Ingram,20-01-2003,M,johnrodriguez@example.com,N/A,07437 Maldonado Skyway Suite 778,,00,17873,,Officer,763,21/11/2014,BR040,Yes,verified,Haiti,ONLINE
CUST002543,David,  Lyons,20-08-1959,M,reynoldsdebra@example.net,3878119674,797 Ryan Light,,PR,75194,USD 62404.40,,625 pts,17-04-12,BR050,TRUE,verified,Nicaragua,
CUST002544,Caitlin,  Wood,99/99/9999,M,rogersjustin@example.org,5898262475,8028 Ortiz Square Suite 554,Melissaville,AS,96677,59203.1,,473,26-02-2018,BR041,,N/A,Libyan Arab Jamahiriya,
CUST002545,katrina,Stewart,68-02-17,M,zachary98@example.org,,2308 Morris Rue Suite 364,Brandyfort,ME,63978,154935.08,Driver,503,23/02/2017,BR001,No,Verified,Mozambique,Branch
CUST002546,Alexander,Hawkins,17/12/1980,F,tpaul@example.com,198.338.4916,6289 Hawkins Locks Apt. 351,Thomasfurt,WY,00000,85153.59,Sales Rep,761,07/01/2009,BR022,0,Pending,Eritrea,online
CUST002547,Taylor,Burns,05-06-09,F,andrewsjamie@example.com,+15662177200,01450 Madison Meadows,West Sally,PR,40909,21783.39,Nurse,495,08-04-08,BR044,Yes,N/A,Afghanistan,Marketing
CUST002548,Valerie,Johnson,82-05-12,female,perezdavid@example.org,7722424305,00679 Erin Heights,,MO,26785,50232.91,Contractor,709,15-05-23,BR043,False,Pending,Mozambique,ONLINE
CUST002549,Rachel,Hickman,08/01/1960,M,  patrick22@example.com  ,+13812759701,7949 Michael Landing,Zacharyhaven,NY,17537,USD 105748.42,Developer,-1,2001-04-12,BR029,0,Not Verified,Uganda,ONLINE
CUST002550,Nathan,Bruce,20-12-1946,1,beasleykatrina@example.org,(001) 227-8258,3132 Davis Landing Apt. 974,New Peter,NJ,61865,143095.5,Nurse,803,,BR011,No,verified,Brazil,Branch
CUST002551,Dawn,Savage,2000-07-20,FEMALE,jameslopez@example.net,+16829878089,52917 Bell Bypass,Hallberg,NM,60409,14490.58,Clerk,755,"August 08, 2023",BR039,TRUE,Pending,Saint Barthelemy,Online
CUST002552,Raymond,Moody,99/99/9999,m,laura31@example.org,N/A,0411 Perez Manors Suite 231,Russoview,HI,90618,4202.65,Student,635,09-03-28,BR041,0,verified,Sierra Leone,ONLINE
CUST002553,David,  Whitaker,09/02/1993,F,kaylasanders@example.net,+1-908-875-9860,124 Luke Station,Port Paul,DC,91009,135483.78,Nurse,502,"April 16, 2001",BR019,FALSE,N/A,United States Virgin Islands,Online
CUST002554,Karla,Novak,NULL,F,,000-000-0000,6524 Kevin Fields Apt. 145,South Kylebury,IL,39760,83636.5,Clerk,655,00-04-17,BR008,TRUE,Verified,Romania,ONLINE
CUST002555,Wendy,Bridges  ,31-01-1953,F,,,228 Kevin Orchard Suite 323,Sawyerhaven,SD,22163,39609.75,Analyst,815,01-10-17,BR001,Yes,pending,Germany,N/A
CUST002556,  Caitlyn,Rivera,2024-07-12,F,christopher40@example.com,(440) 200-6794,16282 Jill Landing,Campbellshire,SD,01177,"$88,712.02",Driver,839,2006-08-06,BR036,Yes,pending,Pakistan,Branch
CUST002557,jacqueline,Hall,"August 21, 1994",female,vsmith@example.net,(904) 792-2105,4707 Michael Ramp,Josephberg,TN,49327,0,Retired,681,07/28/2014,BR022,0,,Bolivia,Branch
CUST002558,Rita,Wolfe,"March 29, 2000",F,mathewsandrew@example.com,N/A,1634 Wilson Coves Apt. 612,Loriborough,NE,03919,"70118,14",Student,644,2023-04-01,BR018,,VERIFIED,British Virgin Islands,Marketing
CUST002559,SUSAN,Harrison,"December 19, 1974",F,stephenharper@example.org,960-724-0263,99100 Taylor Ranch Apt. 696,Huangside,ID,19115,81473.74,,449,NULL,BR031,TRUE,Verified,Denmark,
CUST002560,Amy,Spencer,07/24/1973,F,N/A,+1-134-080-1704,0326 Michele Glen,Jamesmouth,ME,75152,102349.45,Manager,519,03/23/2020,BR031,FALSE,Not Verified,Vietnam,branch
CUST002561,Sharon,barnes,16/04/1959,male,kdonovan@example.com,N/A,620 Massey Isle Apt. 672,East Paul,NC,31454,34513.64,Doctor,455,08/26/2000,BR012,,VERIFIED,Guadeloupe,Branch
CUST002562,Stephanie,Lee,40-06-29,M,brittneywheeler@example.net,4625770287,19799 Devin Circle,Sotostad,VI,25723,72999.05,Engineer,816 pts,NULL,BR043,No,,Congo,N/A
CUST002563,  Michael,West,1959-02-27,M,brandy46@example.net,867-319-4714,40539 Bryant Drive Apt. 133,South Corey,IL,38476,37610.14,Nurse,620,19-06-06,BR005,FALSE,verified,Norway,branch
CUST002564,Louis,Conway,27-10-1957,M,psimpson@example.org,8394573033,,Lake Timothymouth,PR ,05491,78938.43,Manager,560,28/08/2017,BR018,Yes,VERIFIED,Belarus,branch
CUST002565,Kathryn,Taylor,NULL,M,michael26@example.org,,1596 Norris Rapids Apt. 498,West Brian,MT,10937,,Student,837 pts,04-07-2017,BR005,True,N/A,Iran,online
CUST002566,Daniel,Jones,31/05/1968,F,,,12988 Duffy Mall,Charlesbury,MD,13897,55716.47,Officer,355,"April 02, 2019",BR010,False,Verified,Saint Vincent and the Grenadines,Marketing
CUST002567,Noah,ANDERSON,25-09-1999,Female,justinmacdonald@example.net,N/A,582 Anna Walks Apt. 094,Walkerhaven,CO,73042,"$35,146.46",Engineer,519,99/99/9999,BR027,TRUE,Verified,Israel,N/A
CUST002568,Sherry,howard,1960-10-16,F,N/A,(128) 951-4908,273 Montoya Flats,Morganfort,SC,49519,92789.77,Doctor,362,2013-11-20,BR026,FALSE,Not Verified,Iraq,online
CUST002569,Briana,Gomez,75-05-07,F,hector95@example.net,N/A,62998 Preston Hollow,South Victoriastad,NC,39524,100045.79,Chef,612,02/19/2020,BR037,,,Nauru,branch
CUST002570,Bryan,Ramirez,13/06/1966,female,jamesmegan@example.com,(752) 257-3499,83892 Adams Station,North Carolland,MD,95743,61788.28,Sales Rep,681,22-08-21,BR039,TRUE,pending,Equatorial Guinea,Referral
CUST002571,Eric,Miller  ,23-03-1950,M,james23@example.net,N/A,749 Dylan Row,Rebeccaborough,UT,86981,,Clerk,776,06/27/2017,BR046,True,Pending,Holy See (Vatican City State),ONLINE
CUST002572,Bonnie,Sims,22/01/1965,F,turnerphillip@example.com,964-693-2516,,South Deborah,AK,10193,19299.3,Driver,350,16/07/2010,BR001,FALSE,,Reunion,Branch
CUST002573,William,Marshall,02/03/1960,f,lisabergATexample.net,175-857-9806,,East Justinside,PR,56553,59511.32,Engineer,335,06/06/2001,BR032,True,N/A,Svalbard & Jan Mayen Islands,Walk-in
CUST002574,HALEY,Clark,"July 15, 1950",M,mary00@example.org,,28844 Larry Land Apt. 360,New Melissa,PA,03537,68242.84,Chef,333,17-05-31,BR019,1,Pending,Saint Barthelemy,Online
CUST002575,ANGELA,Jimenez  ,07/12/1982,F,tasha78@example.com,+17595446342,4620 Barry Junctions Apt. 735,,VT,78793,161727.76,Doctor,397,05/22/2006,BR024,No,verified,Pakistan,ONLINE
CUST002576,Omar,Kelly  ,"January 21, 1973",M,hubbardvalerie@example.com,001-969-7666,7977 James Points,Port Arthurtown,GA,59273,31081.15,Lawyer,805,08-01-2001,BR006,No,N/A,Cote d'Ivoire,branch
CUST002577,Kelli,Keith,10/30/1943,F,stevenhubbard@example.com,+14257585799,40211 Richard Fords,Webermouth,NH,00000,121246.2,Clerk,354,03-03-04,BR018,0,VERIFIED,Saint Vincent and the Grenadines,branch
CUST002578,Belinda,scott,1948-07-27,0,dkeller@example.com,+1-142-035-0318,677 Kristin Pine,Fostershire,WV,36797,104890.06,Self-Employed,453,99/99/9999,BR029,TRUE,pending,Kiribati,Marketing
CUST002579,Carolyn,Knapp,1998-07-12,F,andersonjames@example.org,(281) 578-9527,045 George Vista,Drakeville,00,97132,79822.27,Driver,804,05-04-2009,BR013,,,Israel,online
CUST002580,joanna,Ellis,"September 01, 1997",F,ejones@example.org,N/A,1271 Mitchell Shoals Apt. 883,Katherineside,NV,88618,131551.72,Analyst,300,05/23/2015,BR018,False,verified,Kyrgyz Republic,Online
CUST002581,Amy,Trevino,02-09-2001,F,daniel67@example.net,+1-880-986-8476,34617 Nancy Neck,North Miaburgh,AR,27515,8302369.0,Lawyer,470,"July 18, 2016",BR032,False,N/A,Libyan Arab Jamahiriya,ONLINE
CUST002582,AMANDA,Green,20/05/2004,F,danielsgail@example.com,9718799388,246 Davis Loop,Kathyland,VI,29860,8362057.000000001,Contractor,496,06/05/2019,BR003,,N/A,Belize,N/A
CUST002583,Frank,SCHULTZ,17-05-1985,MALE,vlewis@example.org,,163 Peterson Springs Apt. 858,East Kathleenhaven,MH,00000,68140.78,Sales Rep,815,30-12-2023,BR003,,Verified,United States of America,ONLINE
CUST002584,Carol,Boone,04-06-1986,M,zhowell@example.org,659.587.2483,674 Randall Overpass,East Joehaven,OH,80656,112824.91,Accountant,736,NULL,,0,Pending,Bosnia and Herzegovina,ONLINE
CUST002585,Stephanie,Mann,"November 16, 1964",M,hsalazar@example.net,9897972437,,East Jessica,MN,54958,,Developer,589,NULL,BR031,TRUE,Pending,Dominican Republic,Marketing
CUST002586,Wendy,garcia,07/24/1991,M,vlee@example.net,(513) 208-5247,2187 Nicholas Flat Suite 578,Williamshire,OK,00000,48101.29,Retired,704,07-09-2017,BR033,Yes,Not Verified,Spain,Walk-in
CUST002587,Janet,Ruiz,25/04/1983,F,lewisjesse@example.net,534.969.2978,24710 Brandon Fork,Lake Maria,IN,11455,23826.35,,382,06-07-30,BR023,FALSE,N/A,Belgium,ONLINE
CUST002588,Eric,Montes,NULL,F,qbrewer@example.com,+14765966242,6378 Christopher Camp Suite 671,Lake James,NM,70202,62895.68,Contractor,420,"September 19, 2005",BR008,True,pending,Ireland,N/A
CUST002589,Angela,King,1972-12-18,M,jameslee@example.net,845-348-2739,871 Zachary Trace Apt. 968,New David,SD,46109,,Retired,607,04/09/2003,BR019,TRUE,VERIFIED,Nepal,Marketing
CUST002590,BRIAN,Adams,1943-03-03,female,  danielcooper@example.net  ,463.325.2588,402 Walter Glen,Port Elizabethview,RI,98223,67776.64,Student,0,"January 30, 2019",BR017,TRUE,Pending,Australia,Marketing
CUST002591,Candace,Owens,30-06-1966,F,perezdaniel@example.org,000-000-0000,0172 Hicks Knoll Apt. 987,Jennifermouth,UT,65747,113310.33,Developer,596,11-04-2019,BR016,True,pending,Croatia,Online
CUST002592,Virginia,Jordan,08-11-1988,F,kingdominic@example.com,000-000-0000,366 Tracey Avenue Suite 109,East Jessica,AS,21906,53994.44,,664,01/11/2007,BR030,0,VERIFIED,Bosnia and Herzegovina,
CUST002593,Gregory,Kelly,05/01/1964,male,michael02ATexample.net,N/A,630 Shawna Village Suite 988,Smithton,AL,03025,68501.18,Contractor,784,"March 06, 2014",BR031,1,N/A,Fiji,Marketing
CUST002594,Elizabeth,mahoney,"May 20, 1942",FEMALE,michaelthomas@example.com,750.976.5233,191 Flores Port,New Abigail,TX,07582,72030.8,Developer,622,21-10-2021,BR004,True,Verified,Iraq,branch
CUST002595,Mary,Bailey,1998-11-29,M,,927-840-1296,49547 Vasquez Prairie Apt. 247,East David,TN,31342,,Clerk,564 pts,"November 09, 2008",BR048,False,pending,Poland,ONLINE
CUST002596,Donald,Gardner,07/10/1985,F,ABBOTTRICHARD@EXAMPLE.NET,,112 Mary Rapid,,FL,66390,0,Designer,452,16/04/2019,BR031,FALSE,Pending,Swaziland,online
CUST002597,MARY,Baker,17/01/1973,F,moorekathleen@example.net,(535) 687-4744,883 Maria Summit,North Michaelburgh,NJ,98014,48765.49,Student,747,05/20/2013,BR041,Yes,Not Verified,Algeria,Walk-in
CUST002598,Eric,Soto,2003-09-25,M,FREDERICK59@EXAMPLE.ORG,,11723 Walker Route Apt. 901,South Cynthiaberg,IA,64957,"$77,394.93",Clerk,367,31-12-2004,BR036,1,Not Verified,,N/A
CUST002599,peggy,Brooks,73-08-24,F,kmurray@example.org,,673 Sosa Pike,Williamberg,NC,91678,112002.76,Consultant,379,05-01-01,BR034,FALSE,Verified,Honduras,Walk-in
CUST002600,Kenneth  ,Rasmussen,49-11-16,F,david66@example.org,+1-559-568-3282,7736 Christensen Row,East Leslie,AS,34565,52783.41,Analyst,802,2007-10-19,BR027,False,Pending,Indonesia,N/A
CUST002601,Andrea,Kennedy,19/01/1970,M,marcia57@example.net,7872806686,6638 Hardy Fork Apt. 884,,CA,06443,4320.66,Analyst,453,23-11-14,BR012,1,VERIFIED,Panama,branch
CUST002602,Suzanne,Shea  ,1949-10-07,M,N/A,766-703-5623,8179 Vance Fields Apt. 951,Donnamouth,ME,60128,91689.9,Contractor,359,NULL,,1,N/A,United States Virgin Islands,online
CUST002603,Brian,Hernandez  ,05/17/1953,0,stevenavery@example.com,161-990-4244,995 Anne Cape Suite 831,Port Lydia,MP,00000,47762.32,Chef,610,09/30/2021,BR001,False,verified,Botswana,N/A
CUST002604,Amy,Martinez,05-02-1976,M,anthony61@example.net,N/A,922 Christina Park Apt. 099,South Shelleyburgh,TX,24284,28361.67,Student,560,,BR012,0,Pending,Saint Barthelemy,ONLINE
CUST002605,Cheyenne,Leach,12/07/1945,F,jessicagoodwin@example.net,000-000-0000,0550 Samantha Course Apt. 962,Paulafort,NE,53983,48147.91,Doctor,484,2011-04-22,BR046,FALSE,Pending,Pitcairn Islands,ONLINE
CUST002606,Leslie,Lawrence,06-05-1997,M,monica34@example.net,(167) 577-4451,4562 Gregory Cliff Suite 914,,XX,89066,,Self-Employed,825,13-11-2018,BR044,False,N/A,American Samoa,branch
CUST002607,Dale,Stone,06/02/1956,0,tscott@example.com,N/A,5469 Jackson Corners Suite 244,New Jonathan,WA,59766,USD 48833.94,Self-Employed,-1,08-11-04,BR036,True,Verified,Haiti,
CUST002608,Patricia,Martin,1943-07-29,1,petersphillip@example.net,+1-969-544-6551,34238 James Ridge Apt. 565,Ryanborough,NJ,93053,0,Analyst,700,2020-02-15,BR046,1,,Ireland,ONLINE
CUST002609,Jackie,French,99/99/9999,F,phill@example.org,000-000-0000,6627 Amy Curve Suite 886,West Elizabeth,OR,19865,101397.32,Student,407,15/04/2008,BR024,True,,Cocos (Keeling) Islands,
CUST002610,Daniel  ,Mcknight,1982-08-24,F,jeffreyhoward@example.net,+1-761-543-2699,8824 Cheryl Spur Apt. 941,Port Frank,MD,00000,114620.63,Manager,811,21-05-15,BR017,No,,Samoa,N/A
CUST002611,Justin,Chavez,29-08-1967,M,jonathanpierce@example.net,143-139-2649,4945 Webb Vista Apt. 112,New Peterhaven,NH,25056,,Designer,311,11/27/2009,BR030,0,Pending,Samoa,Referral
CUST002612,Nancy  ,Calderon,"March 16, 1978",Female,jonesderrickATexample.org,718-222-9094,0461 Sarah Crossroad Suite 714,North Richardborough,AS,80785,"$30,181.00",Accountant,830,"September 11, 2020",,FALSE,pending,Norfolk Island,Branch
CUST002613,Katherine,Patterson,06/16/2004,F,matthew67@example.com,846-511-7769,09898 Hannah Rest,Kaneborough,OK,44694,62947.8,Lawyer,680,2022-04-28,BR003,False,verified,Cape Verde,Branch
CUST002614,Stephen,Yang,1965-08-08,M,mevans@example.org,(001) 545-9047,007 Sarah Fords,Bensonshire,DE,82830,69771.75,Nurse,821,00-04-01,BR036,No,verified,United Kingdom,branch
CUST002615,Susan,Brown,1946-10-28,male,ngarcia@example.com,+14495694471,551 Shawn Isle Suite 570,South Erika,PA,24577,90957.8,Nurse,817,2010-09-18,BR049,True,,Portugal,Online
CUST002616,Donna,Thomas,24/02/1944,F,parkeromar@example.org,698.899.2428,5926 Hudson Forge,,NY,83286,9339192.0,Developer,544,11/24/2022,BR034,False,pending,Niue,Branch
CUST002617,Kimberly  ,West,30/09/1946,M,ann28@example.org,+16898667271,8080 Walsh Ramp,South Jamieshire,HI,84596,,Accountant,330,25/08/2006,BR040,,pending,North Macedonia,Referral
CUST002618,  Samantha,Martin,06/06/1967,female,jonespaul@example.com,001.238.5011,6655 Morgan Plaza,Janiceberg,ID,69409,USD 72869.84,Clerk,808,15-06-2014,BR050,0,VERIFIED,Seychelles,Online
CUST002619,Dana,Miller,NULL,M,smithrichard@example.com,N/A,799 Gomez Centers Suite 495,Lake Elijah,KS,83076,USD 86004.81,Analyst,502,"July 24, 2015",BR028,No,pending,United States Virgin Islands,Walk-in
CUST002620,Julia,Berry,"December 23, 1948",F,nhannaATexample.net,N/A,732 Mcguire Expressway,Lake Rebeccaton,WI,24354,120953.78,Doctor,365,99/99/9999,BR013,,N/A,Papua New Guinea,branch
CUST002621,Edward,Skinner,23-01-1981,M,ryankeithATexample.com,+10013355506,57113 Michelle Run Apt. 356,Martinmouth,NH,73687,94657.73,Chef,575,22-09-27,BR050,True,VERIFIED,Croatia,ONLINE
CUST002622,Jacob,Jones,1955-06-25,M,srice@example.com,,20712 Flowers Mountains Suite 191,North Ronniefurt,AZ,69808,97616.98,Teacher,823,2016-10-04,,No,Pending,Cambodia,N/A
CUST002623,MARGARET,Paul,NULL,Male,stephanierodriguez@example.net,5724657552,7330 Susan Port Apt. 084,Karenland,CO,53293,72933.93,Student,384,01-09-2011,BR003,FALSE,pending,Antarctica (the territory South of 60 deg S),Online
CUST002624,Tanya,Singh,"March 01, 1994",M,ibrewer@example.org,449-642-0278,531 Khan Meadow Apt. 155,Freemanland,OR,17958,119366.07,Driver,490,,BR020,No,Not Verified,Vanuatu,Branch
CUST002625,Alex,White,1972-08-28,M,N/A,155-434-3961,34993 Ball Loop Suite 191,East Shelby,AL,44153,"84341,7",Consultant,628,NULL,BR025,False,,Mali,online
CUST002626,Mario,Farmer,07-04-1943,F,,+12043827642,720 Anita Cape Apt. 257,South Cynthia,GA,16117,39861.92,Self-Employed,474,12-02-11,BR050,0,Pending,Aruba,branch
CUST002627,MARK,Stevens,01/26/1950,M,jasonpalmer@example.org,565.725.6705,0267 Lucas Summit Suite 557,Adamview,OK,81532,119117.95,Student,774,11/24/2022,BR036,0,Pending,Cayman Islands,N/A
CUST002628,Timothy,Jones,"February 07, 1974",F,timothybrown@example.com,+1-001-980-5418,4880 Vicki Shores Apt. 539,West Natalieborough,HI,14930,94426.61,Lawyer,360,08-07-01,BR027,TRUE,VERIFIED,Turkmenistan,Walk-in
CUST002629,Michael,Todd,1991-03-22,FEMALE,agonzalez@example.org,+14025451719,3389 Smith Skyway,West Glennberg,HI,58118,54493.46,Officer,653,18/11/2011,BR047,False,Verified,Papua New Guinea,Marketing
CUST002630,Marcus,Hill,,M,madison75@example.com,000-000-0000,8173 David Locks Suite 711,Christianfort,IL,39252,USD 53217.75,Contractor,849,2003-12-04,BR031,False,N/A,San Marino,online
CUST002631,Melissa,Simpson,17-08-1996,F,towens@example.org,359-379-8436,2308 Angela Stravenue,Thomasfurt,AR,98191,80380.14,Sales Rep,359,"January 16, 2011",BR023,True,Verified,Palau,Online
CUST002632,Michele  ,Le,15/08/1943,F,yleon@example.org,(889) 802-3673,787 Andre Mount,Marvinside,VT,70100,86211.47,Self-Employed,815,,BR017,False,Verified,Ecuador,
CUST002633,David,Rangel,"December 18, 1979",F,ahodge@example.org,+1-323-316-4303,10502 Macdonald Point,East Francestown,PR,40700,76905.23,Contractor,386,20-02-2023,BR013,0,,,Marketing
CUST002634,Justin,Garrett,09-04-2002,f,mcochran@example.com,1259736654,4863 Daniels Circles Apt. 295,South Donnaside,UT,14527,80895.8,Student,822,05/22/2008,BR036,TRUE,Verified,Turks and Caicos Islands,Walk-in
CUST002635,SHARON,Williams,1966-07-26,1,loretta52@example.net,N/A,43504 Nichole Tunnel Suite 853,Khanborough,CO,72465,129498.51,,651,"May 28, 2017",BR005,No,Verified,Haiti,Walk-in
CUST002636,BRITTANY,Rowland,22/08/1970,M,joshuawalker@example.com,(757) 773-0638,90806 Crystal Estates Suite 879,Gonzalesfurt,HI,45444,107504.01,Contractor,750,08/04/2003,BR021,FALSE,Pending,Norway,branch
CUST002637,KATIE,Perry,17/07/1960,M,ashleymiddleton@example.net,N/A,42009 Susan Station Suite 952,South Stephaniefort,VA,87431,76672.25,Manager,-1,19/02/2017,BR046,No,VERIFIED,Tajikistan,Referral
CUST002638,Stephen,  Meyer,05-02-19,M,petersonleslie@example.net,000-000-0000,3496 Donovan Ridge Suite 389,Lake Ashley,TN,12532,102945.87,Lawyer,564,23/05/2007,BR017,No,pending,Serbia,Branch
CUST002639,Shelby,Vincent,"May 01, 1964",M,garciadaniel@example.org,7389052063,434 Johnson Walks,East Patriciamouth,MP,58862,33861.66,Teacher,781,99/99/9999,BR001,,N/A,Christmas Island,Branch
CUST002640,Brian,Campbell,"September 18, 1982",F,timothy27@example.com,+11343491172,48595 Alison Parks Suite 261,Escobarfort,WA,10133,83927.45,Developer,388,"February 05, 2010",BR031,FALSE,Pending,Saint Helena,online
CUST002641,Reginald,Winters,"January 29, 1986",F,qmcdowell@example.net,6186476297,916 Timothy Common Apt. 276,Port Alexis,AS,07093,133325.72,Developer,9999,08/21/2004,BR035,No,N/A,Bouvet Island (Bouvetoya),
CUST002642,Kathryn,Charles,12/23/1969,F,,000-000-0000,7665 Thomas Rapids Suite 664,Susanton,NV,05246,62368.39,Accountant,9999,"March 26, 2019",BR032,Yes,N/A,Lithuania,Walk-in
CUST002643,James,Krause,04/24/1997,M,PARKERJENNIFER@EXAMPLE.ORG,(602) 609-0167,1935 Alexandra Passage,West Alexander,NC,45219,40332.81,Officer,507,02/23/2004,BR029,No,pending,Moldova,Marketing
CUST002644,Teresa,Lane,13-09-1972,FEMALE,,+1-235-424-6247,770 Mark Flats,,ND,92254,47176.89,Manager,795,"February 18, 2001",BR013,Yes,VERIFIED,Dominican Republic,Branch
CUST002645,Erin,Underwood,28/12/1950,M,lschroeder@example.org,+1-799-422-0896,74914 Diaz Ports Apt. 534,Smithside,VA,87177,31862.84,Clerk,642,28-04-2019,BR005,1,verified,Bolivia,Walk-in
CUST002646,Cody,Garza,1975-01-17,M,jeffreyjenkins@example.org,875.734.2459,433 David Via Suite 939,Lake Gina,WI,82980,"$42,533.33",Engineer,514,"October 31, 2004",BR021,No,Pending,Tonga,Walk-in
CUST002647,Tyler,BROWN,02/11/2000,M,carolinepittman@example.com,,4830 Amber Circle Suite 551,New David,CA,69676,USD 57032.22,Contractor,770,99/99/9999,BR026,TRUE,N/A,Faroe Islands,ONLINE
CUST002648,BRIAN,Price,01/02/1956,M,kwright@example.org,+1-890-578-2433,58366 Emily Centers,Hahnborough,WA,68381,20805.15,Manager,606,01/17/2017,BR016,TRUE,Pending,Norfolk Island,Online
CUST002649,Jesse,Mitchell  ,NULL,m,eoconnell@example.org,849.653.8767,31254 Craig Light Apt. 800,Williamsonfort,MO,22663,70546.64,Chef,464,2002-07-22,BR006,TRUE,Not Verified,Cocos (Keeling) Islands,online
CUST002650,Justin,Parker,NULL,F,williamsonjennifer@example.net,525-507-8537,20672 Elizabeth Tunnel Apt. 781,Robertfurt,WI,64542,101579.7,Self-Employed,607,"April 29, 2007",BR005,True,Verified,Honduras,Online
CUST002651,TAYLOR,Evans,82-01-05,FEMALE,andreaparker@example.net,+1-167-888-7381,6024 Susan Inlet Suite 902,Carolynfurt,WI,70597,38228.53,Self-Employed,305,"December 25, 2006",BR021,1,VERIFIED,Benin,online
CUST002652,Ryan,turner,01/09/1957,M,millerjoseph@example.net,(590) 513-0287,067 Kyle Well,Simston,id,12738,123174.94,Student,442,12/09/2023,BR028,False,verified,Bulgaria,Online
CUST002653,William,Saunders,04-08-01,F,mcdanieljulie@example.org,,70507 Murray Plaza,West Timothyshire,SD,78044,,,739,09-01-2010,BR049,1,verified,Faroe Islands,Walk-in
CUST002654,Caleb,Parsons,07/12/1961,F,david87@example.net,000-000-0000,181 Mcdonald Light Apt. 221,Kathrynmouth,TX,10835,106070.32,Consultant,759 pts,23-06-20,BR039,True,pending,Bosnia and Herzegovina,branch
CUST002655,Jillian,Johnston,"October 13, 1948",M,robertsanders@example.org,+1-606-977-3954,6825 Moore Skyway Suite 185,Christianside,TN,61686,46975.79,Retired,381,99/99/9999,BR046,Yes,Not Verified,Libyan Arab Jamahiriya,
CUST002656,billy,Brown,09/14/1954,F,amy56@example.com,,42225 Victoria Lock Apt. 817,North John,IN,07263,99908.38,Analyst,455,13/03/2000,BR006,0,pending,Niger,Walk-in
CUST002657,Lori,Bolton  ,"December 01, 1941",f,brendanmorales@example.org,+11936391248,3887 John Cape,Port Devinbury,FL,34192,31782.31,Manager,658,"May 05, 2019",BR019,1,Not Verified,Albania,branch
CUST002658,Nancy,Johnson,02/19/1973,M,barbara13ATexample.net,N/A,4226 King Place,Danielton,CT,00640,101158.66,Developer,534,02/10/2015,BR013,,,Turkmenistan,branch
CUST002659,David,Walton,1981-09-01,M,nortonelizabeth@example.com,N/A,348 Flores Springs Apt. 559,Ryanmouth,SC,91365,"$76,014.38",Consultant,562,2010-04-23,BR024,0,Pending,Saint Lucia,N/A
CUST002660,bonnie,Graham,03-05-1964,M,paulaboyd@example.com,000-000-0000,3621 Donald Oval Apt. 581,South Lindashire,AR,20085,"$89,363.79",Self-Employed,765,"August 02, 2008",BR035,True,pending,French Polynesia,branch
CUST002661,Todd,Wood,"June 11, 1949",M,osingleton@example.org,+10013776021,47993 Amanda Isle,Nguyenborough,CO,59246,28854.19,Consultant,373,25-11-2015,BR045,True,Not Verified,Azerbaijan,Online
CUST002662,Stacey,Simpson,49-04-05,F,veronicawashington@example.com,+1-869-568-7992,,,VT,07202,38672.56,Lawyer,354,02-01-13,BR049,1,VERIFIED,Martinique,online
CUST002663,George,CHAN,"June 26, 1945",Female,deborahmcguire@example.org,000-000-0000,24066 Smith Wells,Kingfurt,KS,50715,90902.99,Doctor,784,25-06-2017,BR005,False,Not Verified,Central African Republic,online
CUST002664,Steven,Spencer,55-04-24,M,hrussell@example.org,233.913.7587,7758 Tiffany Ford Apt. 297,,US,47897,36807.82,Designer,9999,07-02-2021,BR045,,Pending,Zimbabwe,Marketing
CUST002665,Matthew,Lane,06/30/2014,M,alicia93@example.net,N/A,54162 Duffy Lake Apt. 817,Harperfort,PW,89047,86212.22,Nurse,543,2022-10-26,BR031,True,VERIFIED,Canada,Marketing
CUST002666,Karina,Ferguson,11-09-1969,F,bwang@example.org,+1-711-403-5358,000 Lee Pine Apt. 098,Sanchezland,MO,51613,22150.18,Sales Rep,808,12/29/2017,BR036,FALSE,verified,South Georgia and the South Sandwich Islands,N/A
CUST002667,Tammy,Harvey,02/21/2002,F,urobinson@example.org,(703) 980-0619,19244 Tamara Point,East Joshua,00,20426,99686.1,Teacher,837,09-01-2016,BR049,0,Pending,China,ONLINE
CUST002668,Yvonne,Murray,81-01-18,M,destiny51@example.com,952.385.4895,690 David Forges,,NC,55957,26861.68,Self-Employed,369,02-08-06,BR046,0,,Mauritius,N/A
CUST002669,Randy,Velez,04-03-1971,F,costajenny@example.net,1339449752,2408 Tyler Light,New Allisonchester,GU,41275,89330.5,Sales Rep,619,99/99/9999,BR020,FALSE,pending,French Southern Territories,ONLINE
CUST002670,Jesus,Fowler,,F,andrewwilliams@example.net,N/A,406 Jay Harbors,Hessfort,ID,03066,91897.08,Nurse,615,14-07-15,BR023,No,,Australia,ONLINE
CUST002671,  Jennifer,Garcia,22-01-2005,F,sharon19@example.net,,36219 James Lodge Apt. 654,New Kenneth,DE,85300,45612.99,Sales Rep,391,16-04-2018,BR027,False,pending,Bulgaria,Marketing
CUST002672,Ryan,Martin,94-08-02,M,ewhite@example.net,0014639459,8076 Gutierrez Trafficway Apt. 965,Michaelshire,GA,83958,90370.93,Lawyer,663,10-06-28,BR011,,Not Verified,Turkey,Branch
CUST002673,Connie,Adams,25/09/1951,F,joanna17@example.com,000-000-0000,59482 Arias Track,Harperton,FM,73024,79115.48,Contractor,361,"November 13, 2008",BR039,True,,Kuwait,Marketing
CUST002674,Denise,BENJAMIN,40-03-05,M,,480.520.8206,578 Johnson Corners Suite 804,New Jason,RI,70375,51140.54,Retired,301,31/10/2002,BR022,False,Not Verified,Uruguay,
CUST002675,Andrea,Hutchinson,"April 24, 2005",F,ahouse@example.com,2044464307,739 Beth Ridge,Jeremiahmouth,ME,59040,34700.59,Developer,740 pts,13-03-2014,BR023,TRUE,pending,Rwanda,Branch
CUST002676,Ruth,Hanson,1961-02-28,1,robertswendy@example.net,710.658.3784,1886 Linda Keys,Andresfort,NY,71241,1308.1,Student,561,"January 14, 2021",BR016,,,Estonia,Online
CUST002677,Jeremy  ,Armstrong,17/04/1944,M,diana09@example.org,(181) 479-8350,790 Whitney Mission,North Julia,PW,91864,,Lawyer,690,"November 30, 2018",BR046,,N/A,Kiribati,Walk-in
CUST002678,Kara,Freeman,"June 23, 1969",F,williamsjulia@example.org,505.375.4100,962 Sandra Unions Apt. 923,South Michaelview,DC,83248,15231.9,Teacher,401 pts,17/04/2001,BR043,No,verified,El Salvador,Marketing
CUST002679,Jason,Jacobs,17/05/1956,M,,0016403645,57188 Renee Land Apt. 323,New Michaelburgh,CT,91608,73337.05,Manager,478,"January 09, 2006",BR031,True,N/A,Greenland,Online
CUST002680,Joseph,Shaffer,NULL,F,mweaver@example.com,+1-287-846-7409,3563 Vanessa Burg,East Ian,VI,09788,60779.31,Accountant,352,21/03/2007,,No,,Bouvet Island (Bouvetoya),Referral
CUST002681,David,COOK,03/02/1986,M,kaylamercado@example.com,168-631-1416,7473 Cooper Motorway Suite 767,South Lisabury,ME,35476,93770.0,,0,08/02/2019,BR040,Yes,pending,Luxembourg,branch
CUST002682,Stephen,Spencer,88-12-06,Male,,000-000-0000,4713 Jon Village,New Robert,FL,54280,59428.41,Clerk,643,01/13/2016,BR040,TRUE,Not Verified,Belize,branch
CUST002683,Ashley,anderson,06-02-1952,M,rebeccaguerrero@example.com,199.360.7504,1745 Connor Views,Lake Victoriastad,WV,80801,58469.33,Chef,521,18-03-30,BR022,1,Verified,Timor-Leste,Marketing
CUST002684,John,Callahan,11/09/1968,F,timothy19@example.net,651-564-4785,2108 Mcclain Plaza Suite 420,Tiffanyside,TX,16117,95615.47,Teacher,0,"April 26, 2007",BR018,No,pending,Djibouti,Walk-in
CUST002685,Sarah,Armstrong,20-08-1953,F,daniel90@example.com,471-586-7308,1513 Lambert Corner,Hillmouth,CT,27290,81727.03,Developer,670,09/07/2021,BR020,False,Not Verified,Northern Mariana Islands,Walk-in
CUST002686,Jacqueline,Green,,M,manuelharmon@example.com,9899508164,786 Garcia Ports,New Deanna,VI,91876,"$81,065.46",Chef,407,2017-01-10,BR044,True,VERIFIED,Burundi,online
CUST002687,Michael,Becker,"October 05, 1988",Female,gina04@example.com,000-000-0000,89819 Andre Wells Apt. 829,Clarkstad,MD,00000,86424.37,Developer,383,14-01-27,BR035,False,pending,Saudi Arabia,online
CUST002688,Jacqueline,Hall  ,1990-02-07,M,wesley88@example.com,3228124464,669 Morgan Inlet,Port Jessica,NJ,36495,,Doctor,,2000-02-19,BR043,,,Benin,Branch
CUST002689,Jason,Matthews,82-12-25,MALE,vaughngloria@example.com,(001) 822-3897,713 Williams Plaza,,XX,68294,96487.6,Officer,690,"December 08, 2017",BR013,0,verified,Nauru,Referral
CUST002690,David,Graham,25/12/1964,M,jeanettecummings@example.org,000-000-0000,62175 Lopez Rapid,East Jeffrey,OH,29232,91436.41,Clerk,771,17-10-11,BR027,,verified,Saint Martin,branch
CUST002691,Kathy,Jones,06/29/1969,F,melissa76@example.com,,9698 Jason Curve,Lake Caleb,LA,75100,"$34,416.09",Teacher,503,2013-08-10,BR033,,N/A,Guyana,Referral
CUST002692,Joshua,  Mcfarland,19/10/1947,F,brandyjohnson@example.org,,8340 Nash Lodge Suite 504,Summersbury,NY,23327,61457.18,Engineer,363,03/10/2011,BR031,No,,Reunion,
CUST002693,Alyssa,Hall,2004-10-03,m,cperry@example.net,863-815-2717,035 Vaughn Circle,Joshuafurt,RI,64958,68624.24,Chef,0,30-12-2006,BR003,0,,Mayotte,
CUST002694,Bonnie,Mcbride,"July 09, 1949",F,williamssharon@example.com,1862462578,981 Amy Alley Suite 176,North Suzanne,MO,42605,65292.61,Nurse,425,"November 13, 2017",,0,verified,Malawi,Referral
CUST002695,  Amy,PIERCE,16/09/2001,M,georgecoleman@example.com,N/A,357 Chung Trail,Smithside,NJ,08629,81685.1,Doctor,622,"April 28, 2017",BR007,True,N/A,Bangladesh,Walk-in
CUST002696,Jordan,Smith,19/08/1973,M,xparrish@example.net,+14468957555,6415 Ellis Turnpike Apt. 907,Michaelland,NH,35326,120097.84,Accountant,398,04/20/2009,BR014,1,VERIFIED,Vanuatu,online
CUST002697,Elizabeth,Clark,78-05-11,F,toddheather@example.com,000-000-0000,8415 Denise Lodge,Savageville,WV,64506,107861.84,Lawyer,796,"December 11, 2015",BR011,False,pending,Taiwan,Referral
CUST002698,Valerie  ,Hudson,"July 28, 1949",M,,(543) 496-2197,275 Justin Stravenue Apt. 145,Scottland,NE,69739,24072.33,Self-Employed,802,99/99/9999,BR010,False,VERIFIED,Nauru,Branch
CUST002699,Jessica,Maldonado,24/11/1974,f,N/A,276.269.4217,88947 Cole Points,Martinhaven,VI,86477,91772.45,Designer,301,99/99/9999,BR020,0,N/A,Anguilla,ONLINE
CUST002700,allison,Petersen,"September 02, 1957",M,zallen@example.org,,99975 Hobbs Circle Suite 185,South Williamchester,hi,06689,116512.67,Sales Rep,646,2001-06-11,BR037,False,verified,Gambia,N/A
CUST002701,Jason,Fowler,"April 04, 1997",female,lloydlaurie@example.net,+14417088265,6907 James Summit Suite 480,Alyssaborough,XX,02032,83538.3,Student,-1,"September 17, 2007",BR009,0,N/A,Germany,ONLINE
CUST002702,Mckenzie,Johns,23-08-1961,F,marshalljeanne@example.com,000-000-0000,029 Mark Trail Suite 281,Gibsonburgh,WA,88385,108184.31,Manager,732,04-01-27,BR024,Yes,,Kenya,branch
CUST002703,Christine,Bennett,2000-07-19,F,rmaxwell@example.org,+1-401-228-3449,310 Heather Walk Apt. 890,Rachelfort,NM,82216,140429.47,Engineer,784,03/04/2018,BR020,True,N/A,Zimbabwe,N/A
CUST002704,Barbara,Ferguson,29/01/1995,f,bishoprandall@example.com,+19849454064,979 Jason Stream Apt. 848,New Marktown,AK,01751,,Self-Employed,485,15-10-04,BR021,1,Verified,Bolivia,
CUST002705,Kaylee,Wolfe,03/04/2003,F,ncarlson@example.net,(541) 898-9320,,Brittanymouth,GA,31186,78725.8,Analyst,790,2003-06-06,BR001,TRUE,Verified,Honduras,N/A
CUST002706,Robert,Russell  ,10/23/1949,M,stacey77@example.org,3789993703,314 Hansen Mission,Taylorfurt,PA,86882,106578.1,Engineer,545,22-04-06,BR021,FALSE,verified,Uruguay,branch
CUST002707,John,Taylor,1959-10-08,M,dwhite@example.com,N/A,352 Tracie Plaza Suite 712,Kevinfort,NJ,71208,,Nurse,648 pts,05/09/2001,BR048,TRUE,,Luxembourg,online
CUST002708,Courtney,Mcintyre,99/99/9999,M,apalmer@example.com,405.628.4304,5220 Cheryl Points Apt. 533,Lake Patriciaside,MN,39079,70836.61,Developer,838,"May 27, 2001",BR035,FALSE,Verified,Ecuador,Marketing
CUST002709,Kristine,Herrera,28-07-2003,m,marycoleman@example.org,+1-794-958-3852,6024 Williams Club Apt. 432,West Jessicaview,nc,67842,57700.5,Student,709,04-09-29,BR027,TRUE,N/A,,N/A
CUST002710,Adam,Walker,11-02-1965,0,gmartin@example.com,(178) 788-4415,607 Ferguson Valley,New William,N/A,48614,124719.47,Officer,540,"May 13, 2002",BR006,0,N/A,,Marketing
CUST002711,Matthew,Thomas  ,"December 13, 1992",FEMALE,melissajackson@example.com,0015206817,9623 Carter Spurs,Lake Danielburgh,XX,32919,41355.0,Clerk,679,04-04-18,BR018,,verified,Montenegro,branch
CUST002712,Lucas  ,HICKMAN,1996-04-29,M,moralesjames@example.com,1597662202,8437 Smith Row Suite 806,Lake Jessica,PA,18999,123632.87,Engineer,313,"October 12, 2018",BR044,1,VERIFIED,Chad,branch
CUST002713,Scott,garcia,15/12/1946,MALE,jessica52@example.org,845-514-2469,09996 Marsh Expressway Suite 956,New Pamelaville,CT,18914,87495.24,Officer,702,2011-03-12,BR034,No,verified,Mozambique,Online
CUST002714,Chris,Cole,"May 19, 1993",M,monique69@example.com,2115723466,013 Troy Pike,Daviston,IN,55024,21024.28,Chef,549,2010-05-13,BR022,True,,Sudan,Walk-in
CUST002715,jason,Jones,27/01/1975,female,shane21@example.net,+17328871718,7148 Michael Squares,East Anthony,CT,00000,82867.73,Nurse,596,06/01/2010,BR008,,verified,Antarctica (the territory South of 60 deg S),Referral
CUST002716,Holly,Shelton,"February 20, 2011",m,nancy83@example.org,,9636 Mcguire Brooks,New Adam,CT,15635,0,Sales Rep,623,99/99/9999,BR035,True,N/A,Micronesia,ONLINE
CUST002717,Robert,Preston,"September 25, 1943",F,carpenterdaniel@example.com,000-000-0000,2985 Stewart Lake,East Nicolefort,AS,21558,91892.78,Engineer,718,04/07/2003,BR014,1,VERIFIED,Liechtenstein,Marketing
CUST002718,Mario,  King,22/08/1987,F,alice14@example.org,923.645.9992,621 Salinas Mountains Suite 557,Smithhaven,NJ,72987,100983.1,Manager,793,99/99/9999,,No,N/A,Ukraine,N/A
CUST002719,Christina,Chavez,04/23/1962,M,michellesmith@example.net,000-000-0000,18871 Carlson Pines Apt. 351,Sanfordtown,WY,75115,49267.54,Lawyer,443,06/02/2012,BR005,,Verified,Heard Island and McDonald Islands,Online
CUST002720,william,BULLOCK,18-04-1992,M,monica05@example.com,,849 Kendra Pines Apt. 041,,VA,14815,74324.17,Engineer,331,16-11-2009,BR049,TRUE,verified,Seychelles,ONLINE
CUST002721,Melissa,George,1942-12-24,F,brianagregory@example.org,2844040933,38856 Powell Land Suite 862,East Heatherfurt,IL,50292,138395.51,Sales Rep,418,31-07-2001,BR011,,pending,Sao Tome and Principe,Branch
CUST002722,Catherine,Stone,64-02-16,Male,smithmichelle@example.net,+11591568584,733 Morgan Station,Hicksbury,RI,63790,52298.87,Accountant,406,"August 19, 2002",BR041,False,Not Verified,Lithuania,
CUST002723,Scott,Williams,05-09-1957,F,michaelmacias@example.net,899-752-9030,459 Torres Row Apt. 451,Robinsonstad,CT,49449,32938.23,Consultant,388,2017-10-08,BR022,FALSE,VERIFIED,Tonga,N/A
CUST002724,  Teresa,Reed,01/16/1965,MALE,renee45@example.net,N/A,38328 Isaac Roads Suite 353,Davidmouth,IA,58212,"$121,858.22",Retired,0,23-11-03,BR011,TRUE,verified,Syrian Arab Republic,
CUST002725,Charles,Stephens,08/07/1991,M,adriana58@example.com,182.835.7433,3607 Mann Freeway,New Adamstad,AR,39721,138690.55,Developer,374,16/02/2003,BR020,0,Verified,Singapore,
CUST002726,John  ,  Walker,20-03-1982,F,julia99@example.net,1887504628,16064 Patrick Loaf,Lake Jennifermouth,VA,95383,70129.35,Driver,336,"May 11, 2003",BR022,True,Pending,Liechtenstein,N/A
CUST002727,Emily,Mcconnell,"August 19, 1948",M,chungashley@example.com,000-000-0000,51878 Lewis Junction Suite 772,Chavezstad,PR,06268,105401.21,Contractor,588,08/12/2020,BR050,No,Not Verified,Cuba,Referral
CUST002728,Luke,Cooper,99/99/9999,F,  schneiderjeffery@example.org  ,N/A,24458 George Forges,Ayalaberg,PW,35768,116951.66,Engineer,706,10/15/2016,BR044,False,,Antarctica (the territory South of 60 deg S),Marketing
CUST002729,Dustin,Green,05/25/1973,F,garrisontimothyATexample.net,(385) 892-8686,015 Garcia Cliffs Apt. 842,Crystalchester,KY,03052,44013.05,Engineer,656,05-06-2003,,Yes,Pending,Germany,branch
CUST002730,Megan,Washington,1980-07-06,male,april21@example.net,475.295.2146,9177 Conley Manor Suite 007,North Jason,GA,92829,53014.3,Contractor,608,29-04-2019,BR021,Yes,verified,Senegal,Marketing
CUST002731,Elijah,Glover,02/05/1983,1,laurie72@example.net,000-000-0000,0486 Kelly Ridges Suite 509,Davidville,MS,91249,113080.61,Self-Employed,666,2011-11-03,BR027,1,Not Verified,Mozambique,branch
CUST002732,Rebecca,Jones,94-12-15,F,N/A,+19716759300,,Jonathanland,TN,84878,128975.5,Consultant,474,14-11-29,BR028,TRUE,Pending,Liberia,ONLINE
CUST002733,Kiara,Johnson,11/14/1981,m,harrisjessica@example.net,N/A,742 Tanya Groves Apt. 524,West Jeremyhaven,VI,35964,USD 89700.83,,396,99/99/9999,BR026,FALSE,N/A,Andorra,Walk-in
CUST002734,Darren,Torres,99/99/9999,F,,819-427-6378,0994 Joseph Springs,West Michaelshire,FM,75196,39206.5,Student,612 pts,23-07-01,BR045,False,Verified,Namibia,Branch
CUST002735,Erin,Burton,NULL,M,SCOTTTAMMY@EXAMPLE.ORG,+10017043063,6140 Kelsey Groves Suite 060,West Victoriaburgh,MI,73575,,Officer,840,11/30/2001,,0,N/A,,online
CUST002736,Kathryn,Hurst,06/05/1975,M,imassey@example.com,+11971521069,341 Melissa Mills Apt. 834,Thomasborough,AL,00000,51416.02,,593,13-08-2019,BR028,0,Pending,Kiribati,Walk-in
CUST002737,Dale,Brown,"July 07, 1949",M,markgraves@example.org,+1-129-675-7387,,West Jenniferfurt,MN,58528,58270.18,Contractor,,15/09/2011,BR035,,Not Verified,Mayotte,Referral
CUST002738,Joshua,long,08/04/1975,F,cthomas@example.org,,39785 John Mill Suite 233,Nathanview,RI,80456,81981.82,Designer,452,11/25/2003,BR016,0,Pending,Palestinian Territory,online
CUST002739,Jack,Palmer,22/04/1976,M,  cerickson@example.org  ,,95685 Joseph Dale Apt. 704,Mitchellborough,CT,97415,124395.61,Self-Employed,507,"December 25, 2015",BR032,Yes,Verified,Cyprus,online
CUST002740,Natalie,Nixon,09/08/1950,Male,summersampson@example.com,211.435.8884,9989 Kimberly Circle Apt. 118,New Matthewtown,MN,22924,99889.16,Lawyer,300,01/24/2018,BR023,False,VERIFIED,Mauritius,Walk-in
CUST002741,Matthew,Hansen,41-10-27,F,jenniferwilliams@example.org,000-000-0000,6347 Sean Streets Apt. 009,Port Benjamin,IL,30654,,Clerk,705,"February 10, 2009",BR008,Yes,verified,Moldova,online
CUST002742,Nicholas,fuller,68-03-27,F,jwilliams@example.org,000-000-0000,55121 Jennifer Plains,North William,IN,82000,86215.1,Sales Rep,736,24-09-2011,BR017,0,VERIFIED,Tuvalu,N/A
CUST002743,James,Frederick,22/01/1964,1,athomas@example.com,(340) 601-7425,3833 Ricardo Canyon Suite 628,Lake Morganshire,MI,53938,71523.01,Sales Rep,622,07/23/2019,BR044,TRUE,N/A,Andorra,Referral
CUST002744,Matthew,Farrell,1975-08-21,F,,+1-184-797-1002,116 Harvey Crossroad Suite 838,Wigginsmouth,ID,84979,89534.88,Officer,720,"December 05, 2012",BR036,TRUE,verified,Indonesia,Walk-in
CUST002745,Rachel,  Kennedy,2005-12-24,F,clewis@example.org,000-000-0000,38607 Lisa Oval,Suzanneberg,GA,22025,0,Lawyer,424,24-11-2001,BR026,True,pending,Burkina Faso,Referral
CUST002746,Mark  ,Turner,08-06-1989,M,christinebrennan@example.org,+10012924669,59844 Ellis Radial Suite 847,Lake Melaniefort,MN,98492,59618.74,Accountant,303,05/14/2016,BR001,,pending,Iceland,online
CUST002747,Ashley,MITCHELL,20-09-2000,F,danielle48@example.org,+10016092889,56264 Amanda Squares,Stephaniemouth,CO,39695,78446.27,Driver,676,"May 15, 2009",BR031,0,pending,Sao Tome and Principe,Online
CUST002748,Karen,Richardson,11/06/1995,male,valeriejennings@example.net,N/A,9778 Caitlyn Loaf,Chandlerbury,de,40427,29714.51,Teacher,784,2002-03-27,BR043,TRUE,pending,Mexico,ONLINE
CUST002749,Christopher,baker,07/21/1949,M,lnoble@example.com,000-000-0000,3626 Brittany Loaf,New Mark,NE,79287,83521.32,Designer,530,00-03-18,BR005,Yes,pending,Aruba,Walk-in
CUST002750,Michael,LEWIS,1953-03-04,F,michaelfleming@example.com,000-000-0000,3996 Randy Knolls Apt. 475,South Kristinaland,HI,81366,62843.51,Self-Employed,366,05/04/2019,BR050,TRUE,verified,Kiribati,
CUST002751,Diane,Jackson,1964-12-05,F,irodriguez@example.net,,4182 Beck Canyon Suite 044,New Cameron,FM,25410,131441.65,Manager,793,07/11/2005,BR031,,,Trinidad and Tobago,Online
CUST002752,Joan,Williams,04/14/1989,M,rsharp@example.com,1679470415,21596 Berger Plain Apt. 927,North Crystal,NJ,33161,125055.69,Doctor,810,02/17/2002,BR007,True,Not Verified,Saint Pierre and Miquelon,Branch
CUST002753,MAUREEN,Decker,1961-11-15,F,epace@example.org,9856675849,,South Michael,WY,74568,53696.81,Developer,451 pts,"February 19, 2004",BR035,,,,ONLINE
CUST002754,  Eric,Andrade,42-04-05,F,micheal16@example.com,904-934-4846,2302 Dixon Drives,East Hannahburgh,AZ,17331,64720.68,Teacher,759,"December 26, 2003",BR029,True,Not Verified,Saint Barthelemy,N/A
CUST002755,Tristan,Santana,99/99/9999,m,timothy22@example.com,000-000-0000,17968 Davis Hills,Mariaside,MI,35137,67411.84,Student,539,00-02-18,BR041,TRUE,Not Verified,Nigeria,Branch
CUST002756,debra,Taylor,05-05-21,M,,901.956.3143,143 Jennifer Stravenue,Lisafurt,ID,42290,54191.92,Designer,846,03/12/2011,BR045,,Pending,Mauritania,Marketing
CUST002757,Mathew,Davis,09/03/1943,M,whiteheaddavid@example.net,N/A,,East Jason,SD,43921,76825.87,Doctor,728,2014-11-23,BR031,0,Verified,Italy,Walk-in
CUST002758,Michael,Lee,"November 22, 2000",F,briannaprice@example.org,+15885452969,2697 Thomas Views Apt. 790,Allenborough,ND,83569,,Lawyer,600,"September 09, 2022",BR010,False,pending,Belize,Branch
CUST002759,Jennifer,Lawson,02/23/1969,0,brian83@example.net,N/A,975 Jennifer Ridge,Hoffmanchester,AR,09243,USD 30428.46,Officer,793,04-05-15,BR049,True,Verified,Australia,Marketing
CUST002760,TERESA,Roach,12/03/1994,MALE,raymond98@example.org,(189) 756-9971,7540 Wood Canyon,Port Jose,OH,36610,91794.89,Lawyer,424,23-04-13,BR012,True,verified,Afghanistan,online
CUST002761,Jared,OWEN,"December 05, 1999",F,marcus44@example.com,+10013284970,85885 Lisa Rapids,Port Brittney,NV,90608,92033.54,Consultant,514,"April 04, 2011",BR041,TRUE,,Mauritius,
CUST002762,Stacey,Hughes,08/05/1972,M,margaret95@example.net,132.526.3080,1260 Lisa Corners Apt. 312,South Elizabethberg,PA,93235,41848.95,Nurse,419,21-07-08,BR023,0,Verified,Spain,N/A
CUST002763,Chelsey,Farmer,08/04/1999,F,karen46@example.org,,634 Higgins Island,Kimberlytown,MT,00000,101337.44,Analyst,730,12/09/2001,BR013,True,pending,,Marketing
CUST002764,Rachael,Welch,05/19/1977,M,diazadam@example.org,+13989997901,15887 Christopher Islands Apt. 331,Dennisstad,GA,89692,47894.78,Sales Rep,702,03-02-2005,BR040,False,Not Verified,Rwanda,Online
CUST002765,mario,Malone,1953-07-02,M,,274.299.3919,,North Davidview,WV,07590,78860.78,Lawyer,404,22-06-06,BR007,,verified,Slovakia (Slovak Republic),Online
CUST002766,Corey,Cummings,NULL,M,melissagreen@example.net,+1-467-879-5268,4238 Brandi Ramp,Franklinhaven,OH,06019,98712.04,Engineer,557,12/23/2022,BR030,No,Verified,Qatar,online
CUST002767,Joshua,Melton,21/06/1949,F,larsondebra@example.org,N/A,,Tiffanyhaven,PW,19159,"$68,823.56",Nurse,510,09/04/2014,BR020,TRUE,Verified,Benin,N/A
CUST002768,  Lori,Reilly,31/03/1969,F,angelaknight@example.com,6504564202,525 Sharon Springs Apt. 420,West Ericstad,ND,00000,85915.93,Contractor,531 pts,2019-10-11,BR050,,VERIFIED,Rwanda,Marketing
CUST002769,Maria,Hall,05/24/1956,F,lopezrebecca@example.com,1607872244,27884 Hogan Forges,West Alanshire,N/A,64401,51924.96,Manager,695,11/18/2000,BR010,0,verified,Holy See (Vatican City State),Branch
CUST002770,Alyssa,Stewart,24-12-1965,M,tracy24@example.net,+18598876400,9016 Hill Dam Apt. 701,Chadstad,CA,00000,63123.67,Consultant,595,23-06-01,BR018,0,N/A,Saint Pierre and Miquelon,N/A
CUST002771,Bradley,bailey,11/10/1945,F,N/A,,632 Paul Trail,West Jacob,US,57427,62794.92,Clerk,577,"February 02, 2019",BR009,1,N/A,Croatia,N/A
CUST002772,Benjamin,Chavez,11/09/2000,M,fullerjason@example.net,,586 Yoder Ports Apt. 705,East Nicoleton,NJ,12849,,Teacher,773,05-02-2017,BR048,1,Not Verified,Saint Kitts and Nevis,
CUST002773,Kelly,Salas,"October 24, 1954",M,rodriguezchristine@example.com,3722441113,,Melissashire,MS,99894,63812.9,Analyst,752,,BR042,True,verified,Martinique,N/A
CUST002774,Christopher,Collins,"July 03, 1975",1,stodd@example.org,,,Jeffreyside,FL,83570,"$15,798.36",Driver,792,06/04/2010,BR020,TRUE,Verified,Canada,ONLINE
CUST002775,JONATHAN,Hill,"February 06, 1980",m,audreyrogers@example.com,,606 Montes Spurs,Joannaborough,DE,13530,52809.62,Consultant,790,25/03/2003,BR045,1,verified,Czech Republic,Referral
CUST002776,Danielle,Wise,80-06-22,FEMALE,cnielsen@example.com,000-000-0000,062 Brian Island,West Rebeccaside,US,62059,60029.36,,636,12-04-2018,BR025,FALSE,verified,Liechtenstein,online
CUST002777,James,Figueroa  ,05/12/1969,F,mpark@example.net,174-635-2674,7376 Smith Expressway,Candicemouth,NM,21472,61033.71,,777,09/18/2009,BR032,,,France,Referral
CUST002778,LUCAS,Briggs,NULL,M,natalie53@example.net,+1-760-386-0489,687 Stephanie Plains Suite 561,Lake Maryport,RI,95995,61547.59,Designer,562,2007-10-10,BR050,False,Not Verified,Congo,Referral
CUST002779,Jennifer,Cummings,40-04-24,F,swood@example.org,153.190.9388,67898 Sarah Prairie Suite 223,,CT,35034,67838.25,Consultant,304,2018-08-14,BR047,FALSE,,Bulgaria,online
CUST002780,Tiffany,Garcia,54-01-19,F,reginaallen@example.com,,9667 Jenkins Crossing,New James,MI,31950,86780.45,Designer,422,NULL,BR045,1,Verified,Aruba,Walk-in
CUST002781,Chad  ,Robinson,17-05-1967,1,nrangel@example.org,001-959-9757,27651 Schwartz Estate Suite 100,Munoztown,MP,36162,100608.1,Teacher,684,25-09-2007,BR050,0,,Belize,ONLINE
CUST002782,  William,Jones,05/02/1959,F,robertharrell@example.org,566-610-2011,3101 Jessica Lodge Apt. 030,Breannabury,NJ,06249,47258.22,Self-Employed,408,14-08-2007,BR048,1,VERIFIED,Iceland,Marketing
CUST002783,Danny,Roberson,83-10-21,F,michael19@example.com,232-322-6650,056 George Street Apt. 457,Travisview,SC,28031,27887.97,Manager,395,29-01-2003,BR031,,,Guinea,N/A
CUST002784,Charles,Smith,"June 27, 1988",F,michele51@example.com,+16286436568,27891 Stephen Inlet,Michelleville,SC,68430,"$33,528.45",Manager,475,"April 12, 2007",BR019,True,,Grenada,online
CUST002785,Caleb,Johnson,74-02-02,M,  benjamin83@example.com  ,,8184 Stephanie Spurs Apt. 957,Scottstad,AL,45100,52947.9,Student,755 pts,16-08-2014,BR021,,verified,French Southern Territories,Referral
CUST002786,Vincent,Simpson,1950-03-09,M,denise31@example.org,6672823627,171 Cox Shoal Apt. 228,South Daniel,NC,00000,"$57,682.75",Teacher,663,02/10/2018,BR047,0,pending,Bouvet Island (Bouvetoya),
CUST002787,Kyle,Smith,07-05-1996,F,andersontimothy@example.org,000-000-0000,67452 April Manors,South Michaelhaven,WA,14386,43050.14,Manager,464,15-06-17,BR050,No,pending,Kiribati,Online
CUST002788,Kathleen,Robinson,12/03/1993,M,N/A,440.936.0360,7584 Kelly Knoll,New Mckenzie,AS,06373,24635.92,Doctor,548,17-01-2011,BR025,0,Not Verified,Palestinian Territory,Marketing
CUST002789,Nancy,Silva,1948-05-05,F,mendezdiana@example.net,000-000-0000,,Thompsonhaven,GU,45923,54035.77,Contractor,546,05-08-2022,BR035,True,Not Verified,Andorra,branch
CUST002790,Jesus,Medina,1979-05-18,F,smalltracey@example.net,401-301-6329,607 James Falls,Robertfurt,CA,35166,76349.93,Driver,805,01/06/2005,BR048,No,VERIFIED,Turks and Caicos Islands,Online
CUST002791,Edwin,Cruz  ,1984-02-18,MALE,bakerbarry@example.com,000-000-0000,2231 Amanda Views,Christopherstad,SC,24540,90826.03,Chef,375,"January 11, 2007",BR028,0,VERIFIED,Kuwait,ONLINE
CUST002792,  Timothy,Bennett,97-08-03,M,lisa25@example.org,,752 Zachary Mills,East Reneeberg,KY,00000,50490.19,Doctor,625,99/99/9999,BR004,TRUE,VERIFIED,Germany,Online
CUST002793,Amy,Anderson,"July 03, 1980",F,madison31@example.com,,5919 Smith Summit,Barryview,DC,43301,55545.08,Clerk,,24-05-2020,BR019,Yes,Verified,Uganda,
CUST002794,Anthony,Richardson,05/12/1952,M,lbarrett@example.com,7593338419,3884 Armstrong Mission Suite 384,Fritzfurt,ma,75127,37565.56,Officer,792,11/07/2018,BR011,,VERIFIED,Svalbard & Jan Mayen Islands,ONLINE
CUST002795,George,moss,13-05-1996,F,hbender@example.net,000-000-0000,87284 Veronica Bridge Suite 764,Donnaton,MI,56285,68899.63,Clerk,-1,"April 01, 2016",BR034,No,,Aruba,Walk-in
CUST002796,Sarah,Martin,24/04/1984,0,donovanelizabeth@example.org,2737285658,6503 Kelly Burg,North Thomas,AL,00000,40305.0,Designer,694,26/10/2013,BR019,FALSE,VERIFIED,Reunion,Walk-in
CUST002797,Jeremy,Spencer,1988-04-04,M,dawn23@example.net,989.583.7638,4774 Francis Common Apt. 084,New Monica,OR,07504,90059.47,Doctor,836,"March 23, 2013",BR030,False,Pending,Tanzania,ONLINE
CUST002798,Christopher,Miranda,"January 18, 1966",M,michaeljimenez@example.org,660.202.5300,449 Jessica Lakes,Aaronmouth,NH,38913,7494.67,Chef,840,99/99/9999,BR028,1,pending,Zimbabwe,Walk-in
CUST002799,Christina,Smith,77-12-15,F,joshua92@example.com,+1-405-881-3551,08938 Bell Road Suite 806,Colemanview,ID,04450,57412.96,Officer,532,19-03-24,BR024,FALSE,verified,Jamaica,Marketing
CUST002800,SHANNON,Black,1942-10-21,M,billy78@example.com,N/A,66173 Haynes Park,Gregoryland,OR,79420,80538.76,Engineer,460,19/04/2007,BR045,TRUE,,Bangladesh,Online
CUST002801,Keith,Garcia,"February 21, 1950",0,craigscott@example.com,+17022023492,83038 Thompson Prairie Apt. 899,East Amy,KS,06099,76434.21,Driver,778,29/12/2011,BR039,TRUE,,Swaziland,ONLINE
CUST002802,  Brian,FORD,14/06/1955,Male,robertortega@example.net,+1-213-424-1910,,Port Michael,UT,13249,164256.18,Developer,491,11/23/2011,BR027,True,Not Verified,Israel,N/A
CUST002803,Jeffrey,Sweeney,02-03-1976,M,,505.358.9119,05270 Johnny Stream,New Danaport,WI,07925,82243.0,Lawyer,797,14/11/2013,BR028,No,Verified,Russian Federation,Online
CUST002804,Kevin,Dixon,15/11/2000,F,crawfordtiffany@example.com,8406555864,0723 Lisa Gateway Suite 191,Hernandezside,NY,39551,34858.09,Accountant,720,"April 25, 2008",BR049,True,Not Verified,,online
CUST002805,Joshua,  Robinson,08/21/1942,F,ocampos@example.net,4485081026,29619 Robin Branch,North Sean,AL,51343,66658.75,Analyst,389,28-09-2001,BR019,,VERIFIED,Thailand,Walk-in
CUST002806,Kelly,Clark  ,05-06-1959,female,jennifer00@example.net,(191) 744-4117,89466 Moore Passage,New Marissamouth,NY,68514,7831.38,Consultant,471,99/99/9999,BR028,False,VERIFIED,Comoros,Marketing
CUST002807,Michael,Bowman  ,1993-10-02,M,,,810 Floyd Union,Stewartberg,ME,00000,67179.01,Retired,838 pts,10/11/2023,BR024,Yes,N/A,North Macedonia,branch
CUST002808,Maria,Hansen,22-11-1968,Male,mgomez@example.com,000-000-0000,35241 Campbell Motorway,Lisaland,UT,71644,40843.04,Clerk,813,11/16/2008,BR028,False,Verified,Ghana,Referral
CUST002809,tracey,Hurst,"January 06, 1949",M,martinandrew@example.org,392-511-6347,93631 Alvarado Rue Apt. 973,North Kevinland,CT,13016,102038.66,Student,395,11/07/2011,BR006,True,,United States of America,
CUST002810,Brandon,Oliver,74-01-29,f,emily98@example.net,+11205967985,84042 Lisa Mall Apt. 340,South Raymondborough,FM,13112,,Developer,623,2009-09-11,BR009,Yes,Verified,Denmark,branch
CUST002811,Carol,Robinson,1947-03-29,F,elee@example.com,+10017849489,485 David Dam Suite 175,,RI,99249,,Developer,689,08/15/2015,BR037,True,Verified,South Georgia and the South Sandwich Islands,
CUST002812,Daniel,Walter,"August 15, 1982",F,wcarter@example.net,(159) 750-4640,94726 Daniel Loaf Apt. 157,Watersland,mi,61067,47755.48,Chef,354,03/21/2015,BR033,Yes,Verified,France,Online
CUST002813,Wendy  ,Solis,"November 04, 1982",F,,993.401.6945,347 Christopher Ridge Apt. 791,Port Nicolefurt,RI,65954,130859.8,Self-Employed,593,19-06-2022,BR030,TRUE,N/A,South Africa,Branch
CUST002814,larry,Caldwell,67-11-14,M,williamdecker@example.com,,1576 Rickey Turnpike Apt. 012,North Douglasborough,CA,73408,58756.5,Manager,816,"April 17, 2021",BR028,,N/A,Suriname,online
CUST002815,Christopher,  Johnson,1968-11-06,F,jessicadiaz@example.org,N/A,,Whitebury,MS,43966,134139.5,Contractor,523,06/04/2013,BR044,Yes,VERIFIED,Syrian Arab Republic,Referral
CUST002816,Ashley,Cook,30-12-1997,M,kwolfe@example.com,746.485.7494,0833 Marshall Canyon,East Meredith,FM,25617,98495.31,Manager,455,20/09/2021,BR044,FALSE,VERIFIED,Guyana,online
CUST002817,Melvin,Gibson,"March 07, 1961",M,ngriffin@example.net,1887525693,055 Tom Parkway Suite 839,Lake Charles,IL,40490,86872.34,Chef,526,02-04-2009,BR012,1,Verified,Sri Lanka,online
CUST002818,Aaron,Terry,"March 03, 1983",M,N/A,+1-127-721-5061,807 James Forks,West Brandonfort,PA,40315,"82905,66",Manager,725,"March 07, 2021",BR003,No,,Saint Vincent and the Grenadines,branch
CUST002819,Tiffany,Holder,99/99/9999,M,moorerick@example.org,199.369.3357,8257 Jackson Park Suite 204,New Jeff,MA,27852,83782.91,Retired,598,"May 08, 2015",BR009,TRUE,Not Verified,Andorra,Walk-in
CUST002820,Jeffrey,Schultz,04/22/2001,M,lanepeter@example.net,(587) 813-9503,8193 Julia Alley Suite 672,South Georgechester,OH,45100,2531.46,Officer,704,16/03/2000,BR022,No,pending,,Online
CUST002821,Sergio,  Nichols,,F,kennethmurphy@example.com,480-886-1057,84615 Flores Forks Apt. 051,South Michaelhaven,ND,50144,60239.08,Self-Employed,578,09-02-2018,BR025,True,verified,Uzbekistan,branch
CUST002822,Crystal,Velez,41-11-13,F,alejandrabridges@example.net,526.355.9993,931 White Throughway,Lake Andrewland,NE,54285,,Accountant,638,19-03-2023,BR033,True,,North Macedonia,Walk-in
CUST002823,Michael,  Roth,1948-05-25,F,lindsey19@example.com,N/A,143 Graham Garden,Charlesview,NE,24325,68288.6,Contractor,806,31-07-2013,BR029,0,Not Verified,Guinea,Online
CUST002824,MORGAN,Berry,1948-07-06,male,karen12@example.net,N/A,467 Fox Harbor,North Kevinmouth,MN,28354,20818.36,Sales Rep,684,14-02-2011,BR025,TRUE,Pending,Cyprus,
CUST002825,Brittany,Nunez,31/08/1975,f,danielle46@example.org,(478) 408-3124,2157 Sabrina Fort Apt. 488,Mccoystad,PR,48493,68165.84,Teacher,815,15-08-2023,BR046,No,verified,Montenegro,Walk-in
CUST002826,Robert,Green,09/07/1976,M,lopezashley@example.org,+1-488-275-6999,352 Bennett Shores,Parsonsfurt,NE,62372,,Nurse,509,06/06/2019,BR005,0,verified,Cuba,N/A
CUST002827,Deborah,Wood,10/13/1963,M,david14@example.com,176.845.1990,50836 Johnson Mountains,Kylechester,KS,11729,,,659,17/06/2003,BR040,1,VERIFIED,British Virgin Islands,Referral
CUST002828,Lisa,Richardson,11-04-1957,M,natashadouglas@example.net,000-000-0000,0762 Schmidt Groves Suite 998,Port Michaelmouth,CT,83973,67829.86,,810,"September 16, 2002",BR012,,Pending,Thailand,branch
CUST002829,Stephen,Adams,1965-10-26,F,brett19@example.com,N/A,41521 Angela Manor Suite 417,West Kevinstad,WA,81539,103300.72,Self-Employed,445,01/16/2002,BR036,False,N/A,Algeria,
CUST002830,Kristi,Jones  ,"September 04, 1973",M,mathew68@example.com,000-000-0000,449 Lynn Pike,Maryville,PR,19091,57172.25,Officer,802,22-06-2021,BR015,True,VERIFIED,Croatia,branch
CUST002831,Kaitlin,Dixon  ,17/05/2003,FEMALE,lgibson@example.com,126-050-8607,63125 Kimberly Trace,Kimhaven,IL,88343,"$10,364.49",Clerk,333,11-03-10,BR036,Yes,VERIFIED,Ireland,ONLINE
CUST002832,  Michelle,Beck,NULL,M,barbarawoodard@example.net,+1-908-554-2401,4212 Robertson Mountain,South Marcusmouth,WY,07403,37643.69,Developer,520,12-02-25,BR030,FALSE,Pending,Cocos (Keeling) Islands,branch
CUST002833,Emily,Noble,08/10/1977,M,jennifer20@example.net,(714) 381-8548,505 Kayla Ports Apt. 541,,AK,59899,124701.11,Officer,783,12-11-08,BR049,Yes,VERIFIED,Uganda,Marketing
CUST002834,Michelle,Griffin,22-02-1971,Female,briangreer@example.org,,446 Frank Highway,South Andrewchester,PW,85285,60410.24,Lawyer,399,2017-08-02,BR027,No,N/A,Kazakhstan,N/A
CUST002835,Tamara,Mckay,09/03/1999,M,gwilliams@example.net,(001) 403-6814,9441 David Terrace,Annettechester,KS,82454,61481.56,Driver,484,2007-03-12,BR043,,verified,Tanzania,Online
CUST002836,Brittany,Ramirez,52-01-15,F,cclements@example.net,000-000-0000,53484 Brandi Springs,West Annafort,NC,30132,59505.66,Contractor,663,NULL,BR027,0,,Sweden,online
CUST002837,Briana,Austin,03/01/1950,M,fordshannon@example.org,,8837 Davenport Ford,Meghanchester,PW,92059,136644.78,Designer,305,"June 22, 2005",BR039,FALSE,pending,Luxembourg,N/A
CUST002838,Chad,Koch,30-01-1972,M,sarah68@example.org,+15069908840,59662 Erin Inlet Suite 795,Port Amber,NV,65776,126908.56,Accountant,830,07-04-01,BR024,,verified,Nepal,branch
CUST002839,David,Bradley,86-06-10,F,wroberts@example.com,293-276-0288,6141 David Junction,West Melissahaven,MH,00000,147657.31,Student,502,16-06-2010,BR027,0,Pending,Estonia,online
CUST002840,Mary,Ward,,m,wilsonmichael@example.net,872.587.8418,,Lake Daniel,GA,28454,64433.42,Clerk,340,NULL,BR002,False,Verified,Myanmar,online
CUST002841,Derek,Gomez,75-08-31,M,,+17432807744,794 Santiago Lodge Suite 415,Lake Marymouth,NC,42974,80346.86,Contractor,641,2004-11-08,,,verified,Congo,online
CUST002842,drew,Donaldson,15-04-1974,f,wholderATexample.org,+1-167-196-9444,57846 Craig Flat Suite 513,Lake Deanshire,AK,31266,16917.51,Manager,815,2016-09-28,BR028,False,Pending,Anguilla,online
CUST002843,James,Christensen,03/05/2005,F,manderson@example.com,+1-325-205-7521,646 Patterson Mill Suite 076,South Jacquelineport,DC,08627,121692.7,Student,689 pts,"November 24, 2016",BR048,False,Not Verified,Puerto Rico,Walk-in
CUST002844,Dean  ,Rodgers,19/04/1957,M,debracooper@example.net,952-638-4164,,North Angelafort,MT,68741,29127.72,Driver,491,09-01-15,BR044,Yes,verified,Wallis and Futuna,Branch
CUST002845,Danny  ,  Perez,04/29/1965,M,choirachael@example.org,000-000-0000,67747 Clark Forges,West Jennifer,CT,14038,7758714.0,Sales Rep,769,"August 01, 2015",,1,Verified,Liberia,Branch
CUST002846,  Laura,Williams,73-05-25,M,utaylor@example.net,9553973286,750 Lisa Grove Apt. 991,North Maria,TN,10496,31594.41,Driver,709,"October 25, 2014",BR037,,N/A,Philippines,Walk-in
CUST002847,  Matthew,Gaines,"April 30, 1979",FEMALE,N/A,001.475.9223,410 Washington Passage Suite 883,Omarmouth,UT,70264,49389.66,Clerk,471,"January 19, 2021",BR042,True,Verified,Austria,Referral
CUST002848,Kelly,  Silva,1941-08-01,M,joneskathy@example.net,+11602481259,43442 Caldwell Brooks Suite 714,New Bradleyshire,ME,98206,40695.81,Nurse,507,31/10/2011,,1,Not Verified,Korea,Marketing
CUST002849,  Brenda,harris,30-06-1974,Male,meganbrown@example.com,260-745-2369,58028 Patterson Trace,North Laura,XX,00000,48724.37,Consultant,558,24-11-2011,BR040,Yes,N/A,Djibouti,
CUST002850,Thomas,Rollins,10-02-1988,M,mary98@example.com,581-798-6486,85712 Deborah Estates,Gilmoreville,CT,75287,51130.71,Nurse,604,2012-06-20,BR010,0,pending,Burundi,online
CUST002851,DEBBIE,Perez,99/99/9999,M,sean73@example.net,,031 Mark Flats Suite 180,North Nancy,VI,32973,50810.59,Accountant,366,23/03/2008,BR040,FALSE,,Palestinian Territory,N/A
CUST002852,James,  Ellis,"February 11, 2002",F,,647-694-3315,074 Monica Neck Suite 830,West Reginastad,GA,44436,99166.69,Contractor,764,19-03-2017,BR006,False,VERIFIED,Luxembourg,ONLINE
CUST002853,  Michael,Sutton,08-02-1969,F,normancampbell@example.net,589-266-8106,2182 Norris Gateway,Melissabury,ND,21638,31329.8,Chef,804,07-04-13,BR014,0,Pending,Brazil,
CUST002854,Samantha,Rodriguez,1987-11-17,F,sblake@example.org,,758 Blair Trail,Ortegachester,SD,77867,77718.95,Doctor,0,2003-12-01,BR037,1,N/A,Malta,branch
CUST002855,Wendy,Berry,17-06-2019,M,castropatriciaATexample.net,,707 Huber Turnpike Apt. 096,Carpenterville,NE,24876,112628.57,Manager,455,2011-08-06,BR034,False,pending,Argentina,Branch
CUST002856,John,GOMEZ,07/01/1954,F,murphysteven@example.org,(530) 759-6160,386 Keith Track,North Anitashire,WV,73421,52038.13,Driver,603,19/03/2022,BR028,No,VERIFIED,Burkina Faso,ONLINE
CUST002857,Frank,Thomas,30/09/1982,1,dustinlowery@example.net,190-046-5564,612 Jackson Trail,Lake Jennifer,NE,13766,44872.84,Manager,659,2013-05-27,BR039,True,N/A,,Marketing
CUST002858,Ricardo  ,Young,"February 19, 1990",M,cwang@example.com,289.744.5249,132 Shannon Knolls Apt. 579,Jerryport,VA,44680,61931.64,Driver,379,2000-09-06,BR044,0,VERIFIED,,branch
CUST002859,denise,Diaz,16-09-1985,M,amyrodriguez@example.com,,2035 Sullivan Divide Apt. 543,Port Jamieberg,GA,48908,111290.38,Retired,9999,"September 13, 2016",,False,pending,Niue,Referral
CUST002860,Matthew,hodges,1959-03-24,f,  osborncristian@example.org  ,854-478-3643,98618 William Street,Gonzalezland,FL,35031,76793.77,Clerk,711,11-07-01,BR050,False,N/A,Kazakhstan,Walk-in
CUST002861,adam,Cross,"January 10, 1941",MALE,bowmanjonathan@example.org,000-000-0000,71019 Kristina Tunnel Suite 402,Port Joseph,ND,96149,51407.5,,773,09-04-30,BR003,TRUE,Not Verified,,Branch
CUST002862,Bruce,King,"December 09, 1964",1,collinshailey@example.net,+11563932002,73495 Amanda Crescent,,AL,15854,86935.68,Analyst,731,19-03-2021,BR031,TRUE,Pending,Western Sahara,ONLINE
CUST002863,John,Chase,"April 19, 1983",M,fmiller@example.net,000-000-0000,6473 Johnson Garden,Garciahaven,KS,05111,31419.77,Sales Rep,547,22/02/2003,BR015,1,Pending,Iran,branch
CUST002864,Cody,Dennis,"March 30, 1999",F,stephanie46@example.org,581-418-4650,7261 Reynolds Plains,Christinabury,DE,85469,93847.58,Chef,618,11/05/2001,BR044,No,pending,Finland,Marketing
CUST002865,Robin,Sullivan,11/15/1987,F,,6486630188,025 Anna Forges Apt. 295,Jerrybury,GU,96670,84301.26,Officer,833,99/99/9999,BR016,FALSE,Pending,Argentina,Walk-in
CUST002866,Shelby,Brooks,19-04-1991,F,shannon39@example.org,000-000-0000,,East Elizabeth,WV,12422,59226.7,Developer,516,2001-12-17,BR008,Yes,Pending,Pakistan,Online
CUST002867,Christopher,Lopez,1961-01-28,Male,iclark@example.org,4694797099,,West Ashleyfort,WI,79047,40649.5,Sales Rep,429,11/01/2017,BR020,,pending,Marshall Islands,Walk-in
CUST002868,Susan,Patel,"July 29, 1985",F,elizabeth55@example.com,273.305.8163,81595 Thompson Mission,Wadehaven,NJ,75016,38966.17,Nurse,823,06-02-2009,BR043,FALSE,Not Verified,Mexico,Online
CUST002869,Lisa,Powell,05/01/2016,M,petersonchristopher@example.org,000-000-0000,09855 Morris Orchard,Gardnerville,NM,70319,88718.61,,427,04/14/2013,BR005,0,verified,,Marketing
CUST002870,Donald,Wilkins,70-09-06,F,robertobender@example.net,N/A,2314 Joseph Isle,West Kevin,NC,13578,113014.32,Developer,328,19/05/2003,BR033,TRUE,verified,Comoros,Branch
CUST002871,  Terry,WHITE,01/16/1942,F,brianguerra@example.com,1320393574,9507 Jennifer Cliffs Suite 804,Bellberg,CA,13292,47694.23,Designer,704,,BR010,False,pending,Micronesia,Walk-in
CUST002872,Sergio,KNOX,05/08/1965,M,jamie59@example.com,180-325-6511,,Pachecohaven,GU,92878,86043.53,Developer,783,10/06/2005,BR012,False,Not Verified,French Southern Territories,ONLINE
CUST002873,Karen,Johnson  ,"May 05, 1980",F,leonardsamantha@example.com,,69668 Jill Terrace Suite 746,West Christina,MT,74743,0,Student,623,22-07-01,BR038,No,VERIFIED,Brunei Darussalam,N/A
CUST002874,  John,Santos,17/08/1996,M,brian52@example.com,612-504-0784,00315 Cheyenne Drive Apt. 408,South Jamesmouth,MO,29469,49538.38,Engineer,312,"November 21, 2021",BR024,Yes,Pending,Barbados,ONLINE
CUST002875,Matthew,Perry  ,"June 07, 1976",M,lutznichole@example.org,,86370 Eric Meadows,Acostafort,AK,58252,68912.94,Manager,395,31-08-2012,BR010,,Not Verified,Netherlands,ONLINE
CUST002876,  Joseph,Hill,06/08/1963,F,patriciawhite@example.net,+11631244682,079 Mays Pass,Lake Lynnchester,MI,81715,38161.08,Doctor,530,17-11-2012,BR040,0,N/A,Holy See (Vatican City State),ONLINE
CUST002877,  Jeffrey,King,2003-07-29,f,wcarrollATexample.net,+1-365-213-9601,032 Murray Motorway Apt. 224,Clarkebury,GU,77900,37222.28,Self-Employed,565,"August 31, 2002",BR050,1,,Serbia,Branch
CUST002878,Kyle,Baker,"January 27, 1990",MALE,annette69@example.org,+17025850146,866 Aguirre Stream Suite 170,South Tiffany,NH,46307,46627.72,Self-Employed,540,15/02/2004,BR020,FALSE,VERIFIED,Samoa,Referral
CUST002879,Ashley  ,Farley,NULL,1,hayesgarrett@example.com,000-000-0000,467 Sandy Views Suite 221,Colemanview,WV,47713,"$80,226.75",Driver,500,NULL,BR006,0,,Svalbard & Jan Mayen Islands,online
CUST002880,Angela,Brown,21/02/1949,M,greenevanessa@example.org,245.770.0246,94725 Rush Mills,Hardyville,PW,22393,63443.48,Self-Employed,519,21-02-01,BR046,,Verified,Jersey,branch
CUST002881,Emily,Palmer,15-04-1949,M,N/A,800.223.7673,71364 Rogers Summit Apt. 364,Barberside,MN,11097,,Officer,591,99/99/9999,BR019,No,VERIFIED,Brunei Darussalam,branch
CUST002882,Kenneth,Jones,12/28/1969,F,juliecooper@example.net,,837 John Cove,Debrahaven,MT,03347,0,Contractor,501,21-02-2017,BR025,No,N/A,Uganda,ONLINE
CUST002883,Ryan  ,Frazier,05/02/1959,F,hillmichael@example.net,N/A,4249 Ferrell Plains Apt. 754,North Tami,VT,15064,48759.72,Manager,358,2008-07-20,BR032,True,N/A,,Referral
CUST002884,Kevin,Miller,06/10/1987,M,victor15@example.com,+1-999-864-7236,7027 May Trail,West Briannahaven,TN,51371,86019.03,Analyst,713,03/28/2019,BR028,True,,Barbados,online
CUST002885,Corey,West,01/11/1966,F,laura89@example.org,+1-365-434-6192,98955 Shepherd Wall,Port Stevenfurt,NJ,90873,0,Manager,710,01/17/2021,BR023,No,VERIFIED,Denmark,ONLINE
CUST002886,Chad,Thomas,09/03/1979,F,justinking@example.org,9173456026,62096 Bryan Mills Suite 489,Davisview,IA,79108,52509.44,,329,"August 06, 2004",BR020,No,N/A,Jordan,Branch
CUST002887,robert,Strong,51-07-07,M,FIGUEROAAARON@EXAMPLE.NET,+1-267-480-0013,5108 Brenda Shoal Apt. 901,Kirktown,US,00000,51581.33,Clerk,752,09/05/2014,BR044,1,Pending,Western Sahara,Online
CUST002888,Susan,SANDERS,09/21/2012,M,ucunningham@example.net,+1-819-275-3989,58631 Houston Causeway Apt. 579,South Henryburgh,KY,72216,118591.82,Officer,660,01-05-2003,BR006,True,,Senegal,branch
CUST002889,Christian,nash,17/12/1958,F,brendacontreras@example.org,+1-001-987-5276,,,ZZ,83228,56524.24,Self-Employed,463,02-04-2002,BR027,TRUE,,Anguilla,Referral
CUST002890,  Patrick,Diaz,1954-06-20,F,zcastillo@example.com,N/A,923 Timothy Station Suite 114,Simonhaven,NY,17400,83404.61,Self-Employed,712,09/02/2006,BR010,1,Verified,Gambia,Branch
CUST002891,Morgan,Weaver,11/20/1977,M,lauren64@example.org,8433969459,48971 Cook Creek,Patrickbury,AK,96402,74944.0,Clerk,772,"April 28, 2021",BR002,TRUE,VERIFIED,Timor-Leste,Referral
CUST002892,Darrell,Chandler,21-06-1988,M,trevorlozano@example.org,+1-189-372-7665,74401 Mckinney Locks,Wadeview,VA,56781,0,Engineer,795,25/07/2010,BR018,1,Not Verified,Montenegro,Referral
CUST002893,Alexander,Hill,99/99/9999,M,wross@example.net,,235 Sally Glens Apt. 719,Perezport,FL,74941,96887.25,Engineer,336,"June 04, 2011",BR049,False,N/A,Bahrain,ONLINE
CUST002894,  Alyssa,Jones,10-03-1941,M,jmoore@example.com,4906815973,,Lake Daniel,CO,42591,77538.88,Clerk,679,17-04-21,BR044,No,pending,Nauru,ONLINE
CUST002895,Michelle,Green,1984-03-14,F,ashleylong@example.net,+19572299872,2851 Susan Ridge Apt. 971,South Kaitlin,IL,72827,,Officer,592,27/08/2011,BR006,1,pending,Mayotte,branch
CUST002896,Joshua,Best,,M,feliciatravis@example.com,+1-358-549-7277,0948 Douglas Club Suite 764,Robertfort,WV,99374,"207418,32",Student,826,2005-09-04,BR025,0,Verified,Niger,Branch
CUST002897,Michelle,Lutz,80-09-10,F,cdunn@example.com,+19862340582,683 Edwin Forest Suite 947,West Elizabethmouth,FM,31866,0,Accountant,715,08-08-2009,BR032,Yes,,North Macedonia,N/A
CUST002898,Tiffany,  Bates,23/10/1943,F,williamsbarbara@example.net,+15646799073,0029 Wendy Rapid Suite 559,West Gregoryland,TX,50760,130364.38,Self-Employed,838,,BR003,,VERIFIED,Sweden,Walk-in
CUST002899,Tiffany,Nguyen,83-08-21,F,fgonzalez@example.com,+15088979188,4569 Pamela Plains,North Randall,DE,78935,59939.34,Self-Employed,479,24/07/2009,BR038,FALSE,,Morocco,Online
CUST002900,Matthew,KLEIN,1940-05-05,M,joshuaterry@example.com,1381608300,76903 Jackson Valley,Joshuabury,GU,17453,80056.51,Teacher,478,99/99/9999,BR023,TRUE,Verified,Suriname,Branch
CUST002901,STEPHEN,Sparks,12/10/1964,F,michael49@example.org,+18277773023,755 Tyler View,Lake Barry,PW,41621,68407.07,Officer,694,03/08/2001,,0,,Tajikistan,Online
CUST002902,Michelle,Chambers,56-03-24,M,N/A,+1-249-944-2318,91975 Paul Forges,South Lori,NJ,02639,55151.73,Accountant,750,06/12/2009,BR050,Yes,VERIFIED,Ethiopia,online
CUST002903,Tamara,Garner,19-12-1947,F,jlawrence@example.com,734-586-5472,56768 Eric Brook Apt. 472,East Christopher,GA,58001,50055.85,Doctor,746,09/15/2006,BR013,No,Verified,Turkmenistan,N/A
CUST002904,Ana,Hunt,03/03/1951,F,smithanna@example.com,001.503.6444,65359 Arnold Island Suite 838,West Bradleyburgh,FM,52725,81532.81,Chef,735,2015-08-15,BR014,Yes,Not Verified,Saudi Arabia,Referral
CUST002905,William,Ortiz,01/03/2003,F,ajames@example.com,6602093037,639 Joseph Harbor,Brianville,IN,84817,16898.92,Accountant,695,,BR014,Yes,verified,Egypt,Referral
CUST002906,Abigail,Wells,10/27/1947,M,jnelson@example.com,000-000-0000,9181 Murphy Green Suite 368,West Frankmouth,NV,80268,96270.27,Officer,-1,02/05/2005,BR015,1,Pending,Turkmenistan,Branch
CUST002907,Matthew,Gonzales,01/27/1944,F,kmay@example.com,+1-476-816-5532,2651 Jordan Court Apt. 663,Aaronfort,AL,43903,55433.2,Consultant,817,06/24/2009,BR023,No,verified,Morocco,Online
CUST002908,Katherine,Goodman,,M,fgordon@example.com,(934) 528-3323,19182 Tara Locks Apt. 454,New Ryanhaven,N/A,27332,30447.57,,516,04/06/2002,BR010,Yes,VERIFIED,Pakistan,Walk-in
CUST002909,  Jennifer,Brown,,M,clarkamy@example.org,+1-955-312-8783,639 Johnson Bridge Apt. 552,Morsefurt,MA,04295,54249.55,Contractor,385,08-11-03,BR034,True,Verified,Belize,ONLINE
CUST002910,Steven,Hernandez,04/08/1958,F,jasonzimmerman@example.org,N/A,8942 Hicks Freeway Apt. 645,South Reginald,DE,34052,11400022.0,Engineer,346,22-10-2022,BR028,,verified,Botswana,
CUST002911,Angela,Joseph,99/99/9999,F,haydentracy@example.org,+17876116714,95975 Gordon Station,Dustinchester,MS,58455,51263.27,Sales Rep,459,"April 14, 2017",BR049,No,Verified,Uruguay,branch
CUST002912,Daniel,Adams,06/28/1961,male,joseph48@example.com,000-000-0000,428 Christopher Shoal,Lake Robert,OR,94574,82545.88,Student,473,2005-11-11,BR010,TRUE,Not Verified,Cuba,Online
CUST002913,Amy,Macdonald,03/31/1970,F,williamchavez@example.com,197.361.3503,95039 Rice Pass,Perezview,FM,00000,44416.53,Accountant,819,"June 09, 2018",BR037,,verified,Anguilla,ONLINE
CUST002914,Steven,Garcia,27/04/1940,MALE,N/A,N/A,768 Danielle Mountains,West Anitaborough,ND,27707,96527.26,Accountant,594,2004-05-31,BR036,True,VERIFIED,French Guiana,
CUST002915,Marcia,Lopez,"March 03, 1999",M,hamiltonpatricia@example.org,,122 Ann Pine Apt. 326,North Alexis,PR,33156,93992.77,Doctor,727,"October 21, 2000",BR042,Yes,VERIFIED,Spain,branch
CUST002916,  William,Williams,99/99/9999,male,pmartin@example.net,0018668292,5538 Thomas Fords Suite 799,Powersbury,ME,52724,134701.31,Clerk,681,2008-11-14,BR041,0,N/A,Martinique,
CUST002917,jeanette,Rich,56-01-17,M,christinaarnold@example.com,(001) 521-2479,547 Zachary Village,Christinaview,WY,18624,63855.26,Self-Employed,504,"July 22, 2006",BR043,No,Verified,British Indian Ocean Territory (Chagos Archipelago),Walk-in
CUST002918,David,Nelson,1974-05-10,F,karen85@example.com,000-000-0000,81814 Stephen Dale,Angelaside,FM,27375,93402.92,Self-Employed,682 pts,04/28/2015,BR019,1,pending,Bahrain,branch
CUST002919,Alice,Smith,11/07/1971,F,N/A,187-337-7339,22032 Hurley Haven Apt. 813,Cochranfort,VT,62386,73432.36,Driver,320,2013-12-25,BR039,0,Verified,Jordan,online
CUST002920,Jody,Garcia,19-07-1966,M,,565.613.0679,18476 Sandra Inlet Apt. 629,South William,OR,43656,115355.51,Nurse,585,"July 29, 2003",BR028,,pending,Poland,Referral
CUST002921,Tammy,Williams,10-01-1940,F,TODD77@EXAMPLE.NET,N/A,471 Samantha Lodge Suite 436,East Zacharyland,NJ,28952,44840.87,Retired,746,"November 25, 2022",BR004,True,Verified,Paraguay,ONLINE
CUST002922,Charles,Smith,99/99/9999,M,erinwalton@example.com,6279831234,965 Susan Bridge Apt. 850,Walshborough,AK,81800,96075.19,,776,2013-10-01,BR003,,pending,,branch
CUST002923,Nathaniel,Contreras,26-05-1993,M,hcole@example.com,+1-469-217-1591,4446 Terry Cliff Apt. 974,Fryshire,WY,30737,63185.59,Contractor,844,15/07/2018,BR007,True,Verified,Gabon,Branch
CUST002924,Jennifer,Waters,02/17/1952,Female,hogangrace@example.com,307-524-8631,38132 Debra Meadows Apt. 762,Morganchester,ME,99300,67753.41,Driver,425,2018-11-06,BR008,0,pending,Saint Martin,N/A
CUST002925,Anthony,Vance,1947-04-09,F,aaron69@example.com,,4272 Brown Camp,Greenfort,CO,53427,73211.34,Contractor,553,2004-01-21,BR031,TRUE,Verified,Vanuatu,N/A
CUST002926,  Mark,Bailey,1987-12-01,M,laurenkim@example.net,1948205718,3292 Sean Dale Apt. 514,Lake Jeremy,VT,94680,78828.41,Doctor,771,01-08-31,BR042,Yes,Not Verified,Gibraltar,online
CUST002927,Kristy,Rangel,"August 16, 1949",F,heather24@example.org,963-228-3168,502 Jessica Forges Suite 080,Williamsbury,GU,83703,"65931,98",Self-Employed,720,10/18/2014,BR001,1,verified,Belgium,Walk-in
CUST002928,Jessica,Alvarez,1986-03-12,FEMALE,lauriegreen@example.net,,2504 David Islands,Richardfort,NE,13752,7751496.000000001,Contractor,616,12-12-2017,BR027,1,Verified,Western Sahara,Online
CUST002929,Andrew,English,03/21/1997,0,  jonathoncarroll@example.net  ,569-755-4563,2615 Parker Court,West Dawnchester,DC,45172,125234.13,Self-Employed,646,"April 17, 2011",BR050,Yes,verified,Aruba,online
CUST002930,Ross,Kelley,04/01/1982,M,crystalkent@example.org,251-263-5373,476 Rivers Shoal,Stephanieburgh,MH,00000,104490.74,Driver,397,2000-11-25,BR037,,Verified,Jersey,Referral
CUST002931,William,Daniels,24-05-1997,f,zpittman@example.org,5903952336,4615 Hunter Key Suite 519,Crawfordfort,NM,56796,100420.41,Sales Rep,755,"September 06, 2015",BR039,1,Pending,Belgium,online
CUST002932,SAMUEL,Cummings,07-08-1943,M,rowefrank@example.net,+15007062182,63878 Christopher Grove Apt. 449,Stephaniechester,MS,51618,54056.12,Clerk,663 pts,16-11-2001,BR012,Yes,pending,Thailand,online
CUST002933,Joshua,  Mcdonald,12/02/1957,F,pamelaconner@example.net,,,Tamaraton,VT,91305,38876.57,Engineer,664,03/20/2014,BR033,1,pending,,branch
CUST002934,michael,Reyes,27-07-1945,M,michaelcalhoun@example.net,+12479623622,57966 Sanchez Lock,,PA,47374,103435.52,Chef,737,2007-01-27,BR030,No,,Uganda,Referral
CUST002935,Nicole,Escobar,"April 24, 1946",F,N/A,794-434-9677,30062 Bender Divide Suite 113,Danashire,WY,36814,100661.64,Designer,543,02/07/2023,BR023,True,Not Verified,Switzerland,Online
CUST002936,Yvette  ,Graves  ,1980-10-18,M,  jacksontodd@example.com  ,507-433-1407,02123 Brandi Wells Suite 120,Annton,MS,99575,121543.47,Self-Employed,770,21/12/2022,BR023,,Pending,Tokelau,ONLINE
CUST002937,Mark,Lambert,02/20/1957,M,jerryabbott@example.org,(585) 830-2418,30675 Christine Rapid Apt. 975,Lonnieport,UT,88035,48860.68,Lawyer,712,27-01-2003,BR026,1,pending,Saudi Arabia,Branch
CUST002938,Claudia,Abbott,23-11-1955,F,tracy63@example.net,556.752.9526,3420 Bailey Mountains,Pricebury,AL,30012,61965.8,Doctor,392,08-05-08,BR040,TRUE,verified,Andorra,ONLINE
CUST002939,Melissa,pearson,10/05/1966,M,vargaspaul@example.com,518.284.2247,290 Huang Landing Suite 381,New Jessica,UT,71542,12618.05,Nurse,397,06/04/2003,BR049,1,Not Verified,Colombia,Online
CUST002940,Brittany,Lewis,1955-11-15,f,wuisaiah@example.com,000-000-0000,32644 Lewis Valleys,Timothyfort,SD,37902,56263.51,Designer,755,"November 04, 2017",BR041,TRUE,verified,Marshall Islands,N/A
CUST002941,Kathleen,Odonnell,99/99/9999,F,jason12@example.net,(128) 535-2799,17487 Justin Turnpike,Rochamouth,ND,50465,10487997.0,Nurse,451 pts,11/23/2011,BR041,TRUE,verified,Ecuador,online
CUST002942,Kristina  ,Gibson,01/04/1982,f,millspatrick@example.net,+1-733-381-4359,5241 Daniel Mission,Lake Mark,SC,93114,53672.66,Engineer,558,NULL,BR040,True,verified,Ghana,N/A
CUST002943,Jason,Holloway,11/05/1982,M,franciscobentley@example.com,+1-782-738-1449,180 Lopez Ford Suite 851,East Gerald,ZZ,48396,,Lawyer,458,17-08-27,BR014,True,Verified,North Macedonia,ONLINE
CUST002944,Christine,Tyler,,M,dnelson@example.org,(861) 741-0488,46847 William Locks Apt. 081,Lake Frances,CO,77712,USD 63332.39,Teacher,596,10/25/2012,BR007,No,pending,Jersey,N/A
CUST002945,Shannon,Acevedo  ,27-12-1975,M,zmartinez@example.org,176.327.7273,,Williamsmouth,WY,11343,,Chef,643,02-03-13,BR029,No,Not Verified,Korea,
CUST002946,Richard  ,Wallace,16-12-1942,F,douglasrebecca@example.org,+1-527-879-8853,381 Timothy Street,Port William,MT,60026,29830.8,Sales Rep,568,"April 16, 2018",BR031,0,verified,,branch
CUST002947,cassandra,Graves,99/99/9999,M,hensleyjessica@example.net,3956970932,790 Troy Haven,East Clairemouth,HI,00000,72982.33,Nurse,702,09/07/2014,BR001,1,Pending,Saint Pierre and Miquelon,Branch
CUST002948,Jacob,ramirez,65-01-01,male,bradshawluis@example.org,000-000-0000,6856 Burke Ferry,South Mary,KS,23329,0,Teacher,834,09/22/2003,BR008,False,Not Verified,Botswana,Referral
CUST002949,  Timothy,Ward,09/24/1954,M,jill01@example.com,+11761527139,61771 Shelley Ford Apt. 969,Ashleyfurt,PA,51601,,Teacher,710,12-05-2021,BR045,Yes,VERIFIED,Canada,Marketing
CUST002950,Ashley,wiggins,99-09-09,F,nguyeneileen@example.org,001-673-3656,,Port Michaelstad,ID,82061,12933.44,Officer,453,11/04/2009,BR010,Yes,Not Verified,Antarctica (the territory South of 60 deg S),
CUST002951,Tara,Kelly,10/12/1944,M,slee@example.org,807-301-9295,165 Justin Route,New Erica,NC,07257,112209.81,Accountant,443,"September 15, 2003",BR040,1,pending,Solomon Islands,Marketing
CUST002952,Michael,Turner,2005-12-02,F,garrett85@example.org,803-762-6533,3694 Aaron Mission Suite 425,Gabrielport,VA,91465,97209.26,Lawyer,465,"September 24, 2021",BR004,,Pending,Montenegro,Online
CUST002953,Michelle,Mckinney,11/13/1948,F,kimberlyramirez@example.com,(176) 828-0728,051 Katherine Land,Lake Loriland,OK,27225,86333.48,Analyst,409,04/19/2003,BR001,Yes,,Belize,Referral
CUST002954,Karen,Mitchell  ,"May 27, 1975",F,collinschristopherATexample.com,+12229825857,560 Mcfarland Curve,Sarahfurt,FL,45144,123235.22,Developer,364,"August 14, 2007",BR049,No,Verified,Greece,online
CUST002955,Darlene,Miller,21-01-1949,M,juliemcintosh@example.com,(788) 700-9724,12215 Sullivan Fields Apt. 440,Mariochester,NY,34900,36787.92,Developer,765,01/04/2005,BR046,TRUE,,United States of America,Referral
CUST002956,MEGAN,Macias,"May 25, 1956",FEMALE,bnguyen@example.org,991.842.2927,5831 Brian Village Apt. 234,Port Jacob,N/A,38688,131157.71,Officer,409,12-02-13,BR033,1,N/A,Northern Mariana Islands,
CUST002957,Matthew,Chambers,99/99/9999,M,gardnerryanATexample.net,000-000-0000,356 Tiffany Fall,East Raventown,MO,35033,USD 102626.70,Teacher,0,07/03/2016,BR021,0,N/A,Latvia,ONLINE
CUST002958,Stacy,Craig,1959-09-05,0,amanda60@example.net,+17213330571,337 Micheal Fords Apt. 863,Baileychester,ND,20542,,Consultant,559,09/30/2020,BR042,False,,Reunion,Marketing
CUST002959,James,Morgan,04-07-1943,M,davidwood@example.org,+14408533990,266 Smith Port Apt. 730,North Robertside,ND,09730,,Consultant,543,16-03-2017,BR043,0,pending,Lebanon,online
CUST002960,Tracy,Powers,"November 09, 1998",Male,alexismcintyre@example.org,193-248-3111,4694 Haynes Cliffs Apt. 072,South Danielburgh,NY,32168,31279.73,Analyst,459,2014-10-18,,1,,Falkland Islands (Malvinas),branch
CUST002961,Ashley,Fowler,"January 19, 2000",M,qgarrett@example.org,+19483312306,025 Tracy Meadow,East Donaldton,TX,55371,41142.0,Accountant,402,"November 21, 2007",BR034,,Pending,Puerto Rico,Walk-in
CUST002962,Cody,Dennis,19/05/1957,M,larry64@example.org,558.523.1384,7375 Kyle Groves,Ramirezfurt,ME,02011,48699.36,Lawyer,594,2014-05-30,BR009,No,verified,Canada,Online
CUST002963,James,Smith,"March 18, 1953",F,deborah12@example.org,+1-342-283-5946,14033 Simpson Ramp Apt. 235,Berrytown,AL,83770,51485.78,Chef,542,07-08-18,BR048,No,Pending,Comoros,Walk-in
CUST002964,James,Sanders,04/04/1998,F,xdawson@example.net,N/A,165 Stewart Track,Underwoodmouth,MI,40431,33020.48,Sales Rep,333,26/08/2001,BR031,False,VERIFIED,United States Minor Outlying Islands,online
CUST002965,Laura,Shepard,76-06-15,F,blackburnjulia@example.org,N/A,40648 Jones Divide,Singhview,RI,27643,112807.91,Analyst,310,"May 14, 2019",BR049,0,Not Verified,Papua New Guinea,ONLINE
CUST002966,Kaitlin  ,Reyes,03/31/2005,M,curtis77@example.net,749.340.1361,00128 Debra Camp,West Jessica,HI,04701,60940.1,Student,538,"February 05, 2017",BR019,,VERIFIED,Cambodia,Walk-in
CUST002967,Sandra,Herrera,46-05-21,M,lisasullivan@example.net,N/A,65871 Brandon Center,East Dylanborough,FM,18290,82337.67,Doctor,417,2014-06-25,BR019,True,pending,Liberia,Marketing
CUST002968,CHRISTOPHER,Perez,1958-04-08,F,greenekathryn@example.com,N/A,2678 Rebecca Viaduct,West Michaelfurt,NH,96864,50037.7,Student,328,01/02/2014,BR046,,Verified,Finland,Marketing
CUST002969,Jennifer,Harrell,11/03/2004,F,jacksonrichard@example.net,N/A,9886 Bass Glen,Samanthafort,IL,58394,6278.88,Clerk,780,27/10/2011,BR029,0,Verified,Moldova,Referral
CUST002970,Ronald,Jackson,21-11-1972,F,hannah11@example.com,(159) 663-9117,258 Martin Forest,New Lindseyburgh,NH,31575,79452.01,Manager,603,"August 29, 2018",BR041,No,Pending,Ukraine,online
CUST002971,  David,smith,94-11-20,female,callen@example.com,944-635-6480,2793 Maria Mountain,Parkerside,OH,59299,307108.0,Retired,814,05/13/2018,BR048,False,Not Verified,Seychelles,N/A
CUST002972,James,mitchell,63-02-21,M,smartin@example.net,000-000-0000,29486 Mark Brooks Suite 953,Bankston,IA,99600,67597.81,Driver,850,12-09-2019,BR038,TRUE,N/A,Guinea,Online
CUST002973,Erik,Johnson,19-09-1956,F,adambarnes@example.net,,08954 Jeffrey Well,South David,GA,67213,,Engineer,371,"August 22, 2010",BR035,,pending,Morocco,
CUST002974,Jenna,Davis,22/02/1949,F,brad00@example.net,,711 Julie Shoal,New Stephanieside,WA,19029,139554.66,Self-Employed,782 pts,2020-08-26,BR016,0,N/A,Cape Verde,branch
CUST002975,Melinda  ,  Palmer,02/18/1965,M,N/A,000-000-0000,74076 Ramirez Heights Apt. 061,North Veronica,WY,83700,101897.7,Manager,799,23-01-2000,BR040,0,VERIFIED,Georgia,ONLINE
CUST002976,Karen,Bush,12-08-1963,M,dylanmercado@example.org,,39182 Newton Skyway,Lake Robinton,WA,54416,73701.38,Nurse,789,30-10-2023,BR033,Yes,VERIFIED,Western Sahara,branch
CUST002977,Mackenzie  ,Richardson,1997-10-02,M,,+1-673-516-7850,975 Taylor Prairie,Hermanhaven,AL,14305,USD 114229.73,Officer,812,29/09/2021,BR045,Yes,Verified,Saint Barthelemy,N/A
CUST002978,Judith,Hansen,2005-11-10,F,WEISSJILL@EXAMPLE.NET,6533115870,829 Courtney Street,Williamsview,SC,13534,40378.94,Sales Rep,420,24-11-2009,BR035,No,Pending,Guatemala,online
CUST002979,Sara,Lawrence,21-07-1995,0,brian98@example.org,+19146969645,34341 Kellie Parkways,Lake Joy,MN,84919,89021.78,Designer,602,03-11-27,BR014,FALSE,Pending,Bosnia and Herzegovina,Online
CUST002980,Sarah,French,01/01/1967,M,qrodgers@example.org,+12296483022,87439 Lee Keys Suite 213,New Danielleland,MH,94650,76993.37,Teacher,481,07/13/2011,BR014,TRUE,pending,Monaco,Referral
CUST002981,Melissa,hardy,1970-12-05,F,,+1-001-388-9659,34251 William Mews,,DE,58051,79240.7,Officer,840,07/06/2014,BR031,0,Not Verified,Ghana,
CUST002982,Dawn,Barnes,1943-06-07,Male,stevensdebbie@example.net,,8470 Mitchell Summit,Lake Shelbyport,VT,36228,114532.37,,316,11-12-01,BR049,1,pending,Libyan Arab Jamahiriya,
CUST002983,alexa,Hardin,1982-02-23,0,brianduarte@example.net,,612 Smith Forest Suite 222,Paulview,MO,94061,95637.22,Student,700,30/07/2013,BR010,,pending,Saint Kitts and Nevis,Walk-in
CUST002984,Troy,Morris,10/11/1960,Female,along@example.org,+1-631-672-1162,69617 Williams Avenue,Brianside,VA,25108,80105.33,Officer,657,05/26/2022,,TRUE,VERIFIED,Sierra Leone,online
CUST002985,Sarah,Carroll,66-10-14,Female,  rgregory@example.com  ,362-260-8955,5845 Stephanie Parks,Rosarioport,DE,61546,,Manager,323,11/29/2019,BR016,,VERIFIED,Georgia,branch
CUST002986,Alejandro,Crawford,65-03-01,F,  susan29@example.org  ,513-458-8704,046 Brett Prairie,Nguyenfort,WV,26283,,Sales Rep,522,13/09/2000,BR015,1,pending,Congo,Branch
CUST002987,Julie,Booker,"December 09, 1984",M,brenda40@example.net,,05295 Owen Harbor,South Debra,GA,39219,65705.19,Sales Rep,647,05/23/2020,BR014,0,VERIFIED,Solomon Islands,online
CUST002988,Emily,Payne,87-06-11,M,lopezstephen@example.org,000-000-0000,88067 Shields Estate Suite 339,South Ashleeport,SC,21249,73268.03,Sales Rep,334,08/01/2018,BR023,,pending,Chad,branch
CUST002989,Jeffrey,SMITH,41-08-13,m,thompsonpaula@example.com,+12282337079,22427 Colin Lock,Lake Hannah,FL,36937,30442.87,Designer,672,03/28/2003,BR042,TRUE,verified,Belize,N/A
CUST002990,Stephanie,Smith,1964-05-04,M,maddoxpaula@example.com,0013844152,87017 Lawson Creek Suite 027,Chelsealand,PA,19719,154408.68,Analyst,658,12/12/2002,BR030,FALSE,Verified,Nauru,online
CUST002991,JAMES,WEBB,1970-08-26,M,revans@example.net,N/A,3301 Gary Burg Suite 144,Davidfort,OH,74198,"$123,073.79",Nurse,531 pts,"May 30, 2002",BR009,FALSE,Pending,Holy See (Vatican City State),Referral
CUST002992,Scott,Johnson,1974-10-23,M,shannonlewis@example.com,176-425-1678,180 Williams Forges Apt. 508,South Fernandomouth,GA,75706,91074.14,Designer,753,NULL,BR043,No,VERIFIED,Lebanon,
CUST002993,Kevin,  Martin,02/23/1994,M,pamelajackson@example.com,332-423-0970,213 Joseph Views Apt. 743,Ballberg,N/A,99601,USD 72521.29,Doctor,549,99/99/9999,BR010,1,N/A,,online
CUST002994,Derek,Conway,25-05-1994,M,timothysmith@example.com,(494) 939-7242,6290 Cooper Drives,South Timothy,NC,67160,62572.69,Accountant,528,12/25/2005,BR012,False,Not Verified,Togo,N/A
CUST002995,Alyssa,Martinez,99/99/9999,FEMALE,N/A,001.634.2797,6565 Weaver Garden Suite 792,New Cindyport,MI,53285,"$36,682.85",Driver,407,06/22/2013,BR002,1,Verified,Botswana,Marketing
CUST002996,Hannah,Mann,17/10/1967,F,wellsmatthew@example.net,(388) 526-6170,53004 Kelly Estate Apt. 978,New Andrew,MD,30771,72711.82,Manager,814,"October 04, 2014",BR001,FALSE,pending,Guinea,branch
CUST002997,Mary,  Parsons,1983-03-02,M,william71@example.net,+16825133851,34570 Miranda Mountains Suite 343,South Justin,NJ,82062,79021.34,Clerk,495,14-07-2018,BR011,False,VERIFIED,Papua New Guinea,Referral
CUST002998,Diana,Lane,23-06-1996,F,karen55@example.org,,3474 Amanda Drives Apt. 599,,NJ,71138,26538.38,Sales Rep,718,22/05/2018,BR015,True,pending,Haiti,branch
CUST002999,Kevin,BAUER,17/01/1983,M,andrew41@example.com,(187) 990-4806,4939 James Point,North Mark,PR,79278,81696.17,Analyst,555,05-01-14,BR045,FALSE,VERIFIED,Austria,N/A
CUST003000,Kevin,Ross,04-07-1967,F,madison89@example.com,(994) 934-7479,8624 Mora Path,North Gabrielle,AZ,76204,,Driver,618,10-08-11,BR014,FALSE,Verified,Brazil,
CUST003001,Gina,  Ramos,02-03-05,1,timothy70@example.org,N/A,5063 Rios Ridge Apt. 255,Baileyton,KS,14855,3226.74,Lawyer,609,05-07-2003,BR006,0,N/A,Saint Barthelemy,ONLINE
CUST003002,Laurie,Stephens,1995-08-20,f,william62@example.org,N/A,7170 Sarah Hills Suite 273,Donaldtown,CA,29968,USD 39886.52,Teacher,332,26-06-2022,BR049,1,Verified,,Marketing
CUST003003,  Jamie,Page,"September 27, 1942",MALE,jennywillisATexample.com,859.944.5004,00349 Cowan Circles Apt. 529,South Kelly,AR,73490,55523.81,,365,03-07-14,,TRUE,Not Verified,Norfolk Island,N/A
CUST003004,John,smith,24-01-1958,F,jroth@example.com,(930) 654-6587,8519 Lynn Drive Suite 327,North Monique,SC,21047,13606907.0,Chef,622,99/99/9999,BR029,True,VERIFIED,Netherlands,
CUST003005,Angela,Day,"July 24, 1982",FEMALE,williamhubbard@example.com,2698937697,95675 Perkins Crossing,Bushbury,MS,20611,89479.36,Lawyer,330,25-08-2021,BR002,No,verified,,Online
CUST003006,Tyrone,Mcdowell  ,1993-01-27,M,N/A,+1-147-272-2830,8381 Perkins Square,Thompsonport,SC,01742,,Student,596,"April 26, 2021",BR010,TRUE,pending,Palau,online
CUST003007,JULIE,Moore,07/11/1947,female,ASCOTT@EXAMPLE.COM,147.149.3429,432 Heather Mountain,North Lucasberg,IL,95724,87011.27,Designer,381,03/19/2014,BR047,False,pending,Guatemala,Branch
CUST003008,Jessica,Stone,21/04/1989,1,stephanie81@example.net,9203540582,41869 Michael Valleys Apt. 804,North Kevinstad,HI,49587,15844.36,Engineer,770,"September 12, 2014",BR020,1,,Uruguay,Online
CUST003009,EDWARD,EDWARDS,74-07-06,M,,(182) 688-8833,95675 Williams Flats,Proctorfurt,TN,40195,107894.19,Self-Employed,312,01-10-2011,BR012,True,pending,Saint Vincent and the Grenadines,N/A
CUST003010,Suzanne,Palmer,"August 18, 1940",F,perezjesse@example.org,374-262-8691,68358 Simpson Locks Apt. 161,Clayton,MN,33108,53510.64,Contractor,751,,BR019,0,pending,Liechtenstein,Branch
CUST003011,Robert  ,krause,"July 16, 1993",F,,+1-525-620-6057,214 Miller Junction,Halemouth,MO,00000,66722.73,Nurse,458,"December 20, 2021",BR050,FALSE,verified,Aruba,Marketing
CUST003012,Michael,Cannon,03/14/1975,F,callen@example.org,,194 Sergio Ways Apt. 714,Haileyville,LA,03452,116402.88,Developer,767,01-02-18,BR037,FALSE,Pending,,ONLINE
CUST003013,Eric,Wheeler,1969-11-18,f,lyonsjessica@example.net,(001) 583-9486,541 Sheri Turnpike,Jenniferville,WA,11036,24949.28,Teacher,745,11/15/2019,BR038,,pending,Zimbabwe,Branch
CUST003014,Jill,Lloyd,07-12-1974,M,caguilar@example.net,6665540800,2684 Andrea Street Suite 053,Port Brandontown,GU,47748,21100.86,Nurse,768,12-03-31,BR002,,N/A,Monaco,Walk-in
CUST003015,Karla,Noble,11-10-1946,F,  sanchezerin@example.net  ,+10015565565,802 Scott Mountain,North Michelle,NV,55503,49574.02,Driver,458,"June 15, 2007",BR002,Yes,Pending,New Zealand,N/A
CUST003016,walter,  Edwards,1971-03-01,F,,001.264.3606,454 Guzman Lodge Apt. 648,Gonzaleztown,CT,24724,106343.26,Developer,760,04-06-2023,BR046,1,Verified,Cote d'Ivoire,branch
CUST003017,Kathleen,Wilcox,60-08-20,F,connie66@example.org,497-395-5360,5886 Janet Creek Apt. 511,East Christine,OR,65957,16822.89,Lawyer,683,01/01/2019,BR041,No,Not Verified,Lebanon,ONLINE
CUST003018,Gilbert,Simpson,03-11-28,M,ewingnicole@example.com,,6190 Thomas Row,Port Paul,AZ,52153,0,,427,,BR042,1,N/A,Sudan,
CUST003019,Louis,Rodriguez  ,07/01/1992,M,bookerjeffrey@example.com,,0798 Diane Burg,Leebury,CT,43552,"$54,209.44",Doctor,598,07/14/2001,BR015,FALSE,Verified,Panama,
CUST003020,Brian,Walsh,78-04-23,F,acarr@example.com,(907) 312-1138,0839 Sosa Creek,Meredithport,NY,59693,89310.93,Teacher,372,09/24/2021,BR022,Yes,N/A,Bhutan,branch
CUST003021,Sherri,  Parker,1962-09-21,F,barkerkimberly@example.net,+19578134955,07449 Justin Well Apt. 347,New Susanton,MA,00000,112009.16,Designer,332,29/11/2004,BR032,Yes,N/A,Kyrgyz Republic,N/A
CUST003022,mandy,Wilson,11-12-1989,F,nharvey@example.net,6153440987,1998 Rhonda Junction,South Ashley,MH,74139,53789.35,Developer,621,"November 25, 2006",BR041,No,N/A,Saint Pierre and Miquelon,Referral
CUST003023,CODY,Dunn,"August 29, 1983",F,ajones@example.com,+1-001-456-8251,17771 Jesse Summit Suite 121,South William,FM,33582,55600.07,Engineer,9999,02/19/2009,BR023,FALSE,N/A,Central African Republic,branch
CUST003024,jason,Hooper,07/13/1972,F,,1200458749,66840 Collins River,New Renee,NV,59723,110386.53,Designer,741,"September 02, 2013",BR023,No,Not Verified,Slovakia (Slovak Republic),branch
CUST003025,John,Ibarra,01-11-1946,M,chart@example.net,4113327858,2612 Thomas Brooks,Lake Nicolas,GU,04342,4559.04,Self-Employed,652,13-01-28,BR019,False,Pending,Cameroon,online
CUST003026,MARGARET,Rivas,08/12/1942,F,,158-722-4958,33154 Jesse Valley,New Michael,VI,28574,56401.77,Teacher,418,22-10-2016,BR002,0,,Kuwait,branch
CUST003027,Ashley,Sherman,"July 18, 1996",F,marcallison@example.org,001.257.2514,7330 Powell Key Suite 212,Davismouth,N/A,52323,76664.84,Self-Employed,779,20/08/2012,BR048,FALSE,VERIFIED,Gabon,Referral
CUST003028,Andrew,Moore,08/19/1986,male,anna35@example.com,900-671-1691,786 Stephanie Squares,Andreaborough,CO,37674,85722.66,Driver,633,13/06/2010,BR027,,verified,Palestinian Territory,Marketing
CUST003029,Madison,briggs,,Male,wilsonjonathan@example.com,+17535143017,77282 Kramer Junctions Suite 512,Lake Joseph,PA,36957,52156.77,Sales Rep,523,08-08-09,BR046,1,N/A,Vietnam,Walk-in
CUST003030,Alexandra,Wagner,87-07-22,M,ramseyisabellaATexample.org,8675448469,2057 Lisa Expressway Suite 877,,WV,15906,71205.44,Self-Employed,307,02-02-2017,BR022,False,,Saint Kitts and Nevis,online
CUST003031,Caleb,Stein,11/08/1961,f,jamesjames@example.org,+17888813990,7200 Mccarthy Roads Apt. 081,East Gloria,LA,15437,0,Consultant,795,30/09/2016,,1,verified,Svalbard & Jan Mayen Islands,branch
CUST003032,Edward,Mitchell,17/04/1995,M,gsmith@example.net,234-985-3681,7496 Miller Port Suite 712,Melissaton,UT,75562,USD 46961.31,Teacher,717,12/17/2001,BR028,TRUE,VERIFIED,Ecuador,Online
CUST003033,samantha,Brown,2018-12-15,M,munozchristopher@example.com,001-353-8775,283 Henry Land,Lopezside,PW,47502,85872.8,Clerk,709,00-07-16,BR037,No,Not Verified,Turks and Caicos Islands,ONLINE
CUST003034,Jonathan,marshall,"March 02, 1992",Female,evansjanet@example.net,,141 Keith Loaf,Rodriguezstad,WI,54950,35619.71,Clerk,598,25/03/2008,BR028,0,,Bermuda,online
CUST003035,douglas,Smith,2010-05-16,1,cpatterson@example.org,,723 Fowler Neck Suite 830,New Alex,GU,55819,72064.45,Doctor,381,09/01/2011,BR045,1,,Liberia,online
CUST003036,Christopher,Evans,07/24/1978,F,umoore@example.org,000-000-0000,277 Megan Wall Apt. 151,Hamiltonhaven,OH,19967,8564054.0,Driver,390,NULL,BR030,FALSE,Not Verified,Dominica,Branch
CUST003037,Kimberly  ,Ward,04/10/1961,F,michaelthompson@example.com,+1-001-523-2519,785 Diane Shore Suite 388,Haroldborough,NC,50325,58010.78,Manager,682,31-07-2007,BR024,True,pending,Spain,Online
CUST003038,  Nicholas,Day,74-01-02,M,walshwilliam@example.com,(767) 894-3395,23144 Amanda Circles Suite 225,Port Jakeshire,VT,64775,75966.23,Engineer,329,"March 16, 2006",BR010,0,Verified,Bulgaria,Marketing
CUST003039,Timothy,RODRIGUEZ,15-03-2010,M,lvance@example.org,136.459.5691,2206 James Union Apt. 660,South Matthew,KY,95802,36304.36,Retired,0,"March 31, 2002",BR011,Yes,verified,Zambia,Branch
CUST003040,Sara,Baker,13-02-1981,F,,001.979.9805,07445 Brandon Keys,Lake Derektown,MO,25332,62768.61,Analyst,779,15/12/2023,BR010,TRUE,Pending,Uruguay,Walk-in
CUST003041,AMANDA,Brown  ,"January 17, 1998",F,reedcarol@example.org,000-000-0000,086 Lee Meadows Suite 895,West Jerry,DE,08161,91357.57,Clerk,360,15/11/2019,BR001,False,VERIFIED,Egypt,online
CUST003042,Amanda,Turner  ,50-08-12,M,qgarcia@example.com,,9658 Kelly Mission,Diazland,OK,00571,75494.05,Contractor,320,06/01/2015,BR018,0,,Rwanda,branch
CUST003043,Cory,Hill,,FEMALE,michellelopez@example.net,(985) 270-8470,2527 Montgomery Prairie,Jesseport,SD,92750,49471.41,Engineer,407,"May 11, 2013",BR049,0,VERIFIED,British Virgin Islands,Branch
CUST003044,Brian,Mejia,72-10-24,F,,N/A,35960 Sampson Square,Mejiaburgh,ME,67625,77847.57,Analyst,642,NULL,BR019,True,verified,Nigeria,
CUST003045,Travis  ,Morris  ,08/14/1947,f,tarawilliamson@example.net,+19123634267,,Anthonyburgh,PR,73346,95011.34,Designer,605,2011-04-12,BR029,,N/A,Russian Federation,Referral
CUST003046,  Richard,Ross,99/99/9999,male,levymelissa@example.org,N/A,50300 Soto Greens Suite 417,Port Cody,ID,45406,$0.00,,648,06/22/2004,BR012,No,,Mauritius,Online
CUST003047,Anthony,Carr,"March 28, 1942",M,sydney56@example.com,1926681110,4635 Christopher Stream,North Carolhaven,MP,40312,110567.59,Nurse,708,20-08-2012,BR023,1,Pending,Turkey,online
CUST003048,Anna,Gomez  ,09/25/2004,M,calebnewman@example.net,4579179436,79180 Matthew Cape,Lake Elizabeth,FL,56583,58231.08,Chef,755,99/99/9999,BR028,0,Verified,Indonesia,
CUST003049,Michael,fernandez,"August 16, 1985",F,lindamitchell@example.net,831-722-4304,441 David Extensions Apt. 710,Dylanfurt,MI,00000,84892.15,Manager,731,2008-12-28,BR013,No,N/A,Monaco,Branch
CUST003050,Brandi,Moore,1991-01-31,F,,N/A,764 Steven Freeway Apt. 410,Ryanport,MO,13345,111903.64,Teacher,551,09-01-2004,BR006,FALSE,verified,Micronesia,ONLINE
CUST003051,William,BELL,"July 24, 2020",Female,john52@example.com,N/A,40853 Danny Mountains,Stevenland,LA,90319,21991.42,Retired,385 pts,22/07/2014,BR029,TRUE,Verified,Iraq,Online
CUST003052,Christina,Hill,NULL,M,crawforddenise@example.net,+12314457611,1446 Weaver Walks,East Meganburgh,NE,79617,45169.56,Chef,812,03/28/2011,BR041,False,,Korea,
CUST003053,Dawn,Webb,2014-01-19,female,geraldryan@example.com,564.827.1570,1122 Torres Ford Apt. 987,Andrewberg,CT,46276,59900.8,Consultant,527,05/04/2012,BR008,No,,Burkina Faso,Branch
CUST003054,Evelyn,ROSARIO,27-12-2004,F,karenmercado@example.org,000-000-0000,61422 Scott Parkway Apt. 730,Clineberg,VT,05371,42568.63,Clerk,718,10/04/2000,BR001,False,,Korea,N/A
CUST003055,ANDREW,Gonzalez,"June 12, 1967",M,adambenson@example.com,349-660-7085,10315 Clark Field,South Davidbury,WI,74960,130722.78,Student,826,01/24/2023,BR030,Yes,N/A,Switzerland,N/A
CUST003056,Billy,Harris  ,1992-05-16,F,N/A,996-344-3912,35480 Jones Prairie Apt. 196,Brianfurt,ak,10339,,Accountant,849,12/06/2004,BR031,False,,Ghana,Branch
CUST003057,Erika,Johnson,45-04-17,female,katherine38@example.com,000-000-0000,9830 David Throughway,North Brandonborough,NY,62280,50555.86,,769,2007-12-12,BR048,FALSE,verified,Martinique,N/A
CUST003058,Angela,Davis,10-11-1945,Female,janicemichael@example.com,463.959.7293,9886 Freeman Cliffs Suite 949,Ramirezfurt,FM,75104,77153.62,Teacher,689,"November 24, 2011",BR045,1,verified,,
CUST003059,Julie,Dougherty,09-05-1997,M,zmejia@example.org,+1-279-643-4337,2931 Sabrina Parkway,Grantmouth,CO,18964,27924.77,Lawyer,,17-12-20,BR046,0,Verified,Suriname,Online
CUST003060,Adam,King,1957-01-24,M,mikesanchez@example.com,9125169090,068 Amy Village Apt. 076,West Barbara,PW,53913,56151.18,Chef,348,"March 03, 2023",BR031,No,verified,Christmas Island,Branch
CUST003061,Rachel,RAMIREZ,10/06/2001,female,paulmiller@example.net,825.519.4867,19333 Kristen Shores,Normantown,FM,80255,81110.86,Chef,665,2002-01-09,BR032,False,pending,Zimbabwe,Walk-in
CUST003062,Jennifer,Tucker  ,1983-10-22,m,kimberlytaylor@example.net,+14012550675,860 Diana Crescent,Kylefurt,MD,34112,58349.89,Designer,669,10/18/2012,BR004,0,Not Verified,Finland,Branch
CUST003063,Catherine,Ponce,09/11/2004,female,swatkins@example.com,622-772-0438,6445 Santiago Drive Apt. 080,Andrewhaven,AZ,34636,66731.46,Developer,630,03-01-2001,BR009,,N/A,Guinea-Bissau,Referral
CUST003064,Amanda,  Howard,18/10/2002,MALE,walterwhite@example.org,,1601 Taylor Inlet Suite 098,Jonathonshire,CO,47629,,Developer,453,01-08-02,BR013,TRUE,verified,United Kingdom,Referral
CUST003065,Thomas,Oconnor,70-09-16,F,ESALINAS@EXAMPLE.NET,N/A,853 Marcus Vista,West Jason,MS,44738,16993.54,,801,10/06/2020,BR033,1,VERIFIED,Oman,Branch
CUST003066,Melissa,  Spencer,19-08-1947,M,iortiz@example.org,+19089850029,8280 Goodman Parks Apt. 586,Evanshaven,az,00000,81255.76,Analyst,674,"February 07, 2020",BR008,TRUE,,Saint Helena,Referral
CUST003067,  Regina,Larsen,19/10/1955,M,vbradley@example.org,,02736 Kristen Roads,West Grace,WV,76432,131422.66,Chef,644,09-01-2006,BR018,No,Not Verified,Finland,Online
CUST003068,Rachel,Shelton,01/17/1968,M,john25ATexample.net,N/A,940 Padilla Bypass Suite 783,Olsenton,IN,81562,70644.06,Officer,621,02-05-2002,BR013,0,verified,Congo,Branch
CUST003069,Kristina,Cruz,1964-02-14,F,dramsey@example.org,5232739220,0570 Patricia Ville Suite 079,East Christinaton,NH,73130,77884.24,Consultant,613,23-08-29,BR024,True,N/A,Tuvalu,Walk-in
CUST003070,christopher,Haley,17/01/1972,M,rosstammy@example.com,0013907189,343 Arias Courts Apt. 351,New Michael,VT,80045,94245.3,Lawyer,516,04/12/2017,BR032,False,VERIFIED,Cameroon,
CUST003071,Maria,Cooke,48-06-13,M,patrick16@example.org,+19263883715,69247 Daniel Gateway Suite 173,Ashleyfort,AS,20753,25573.43,Nurse,9999,08-03-09,BR026,0,Not Verified,Georgia,Marketing
CUST003072,Katherine,Zuniga,15-12-1959,M,katherine37@example.com,+11331931085,4941 Ruiz Land Apt. 316,Stacychester,KY,60765,129588.01,Accountant,379,"February 02, 2008",BR041,No,Not Verified,Venezuela,branch
CUST003073,Brandon,White  ,"June 05, 1988",F,millerryan@example.org,+1-874-536-9468,415 Brandon Field Suite 377,West Jay,WA,78392,77081.51,Sales Rep,523,04/17/2020,BR011,0,VERIFIED,Norway,Marketing
CUST003074,Megan,Espinoza,99/99/9999,F,lambertryan@example.net,(585) 512-6739,0255 Lori Turnpike Suite 003,Jeffberg,KY,37805,,Doctor,608,23-08-08,BR047,Yes,Pending,Ghana,Marketing
CUST003075,Samuel,Mason,12/06/1999,F,,000-000-0000,1971 Jacob Rest Apt. 326,Davenportburgh,GA,63433,USD 44343.85,Doctor,498,12/13/2010,BR044,No,VERIFIED,Philippines,N/A
CUST003076,Richard,Jimenez,23-04-1999,F,eriksweeney@example.net,190-795-6818,7696 Julia Camp Apt. 692,,VI,10482,133632.17,,351,"August 22, 2018",BR042,False,N/A,Anguilla,Walk-in
CUST003077,Cheryl,Medina  ,22/03/1945,F,harperdouglas@example.com,504.896.8708,2227 Brandon Fall,Davischester,OK,46503,9713044.0,Manager,9999,"May 21, 2014",BR007,False,verified,Croatia,N/A
CUST003078,Kathleen,WALKER,27-06-2000,F,BRUCE64@EXAMPLE.COM,000-000-0000,8309 Sarah Manor Suite 165,Port Thomasfurt,MN,51878,89356.4,Teacher,497,11-11-2009,BR035,FALSE,Pending,Liberia,Online
CUST003079,Monica,Medina,03/02/1991,m,stephen17@example.org,+1-552-224-1491,04441 Kristen Mountain Suite 935,New Kaylafort,SC,04642,78190.86,Teacher,329,2020-08-30,,1,Verified,Australia,Referral
CUST003080,Kristen,Edwards,31-05-1960,F,rvaughn@example.net,+10015232379,,Patrickshire,MT,82345,61301.5,Accountant,604,06/29/2009,BR006,False,N/A,Vanuatu,
CUST003081,Tyler,Harper,"June 20, 1987",F,brooksjohn@example.net,001.984.2282,76837 Pamela Greens Suite 691,Kimberlymouth,WY,43633,112018.61,Officer,475,07-12-2019,BR031,Yes,,Gambia,Walk-in
CUST003082,DOUGLAS,Rios,02/15/1994,M,michael99@example.org,+1-001-485-6338,341 Hunt Junctions,New James,MO,06981,"$74,912.60",Accountant,457,03/15/2003,BR006,True,N/A,Greenland,branch
CUST003083,Stephanie,Beck,1977-04-01,M,scotthunt@example.net,959-750-7162,4290 Woods Villages Suite 842,Rebeccaport,RI,54639,1152.56,Designer,718,15-08-2003,BR001,TRUE,N/A,Sudan,Online
CUST003084,Stephen,  Bennett,"July 02, 1967",Female,odavis@example.org,N/A,58538 Gordon Junctions Apt. 190,Port Diana,AS,74383,30898.47,Developer,767,30-05-2021,BR019,1,Pending,Congo,
CUST003085,Sean,Carey,04/05/1942,M,richard88@example.com,+14859319355,236 Rachael Garden Apt. 434,North John,AS,41354,63495.4,Manager,445,2023-01-28,BR040,True,Pending,,Referral
CUST003086,Christina,Leach,94-05-13,M,vanessafranklin@example.com,848.549.0006,456 Moore Ferry,Lake Olivia,MI,13918,"80849,96",Student,738,2008-08-22,BR038,Yes,N/A,Norfolk Island,Branch
CUST003087,Patrick,Francis,,M,jeffrey01@example.net,(384) 740-4775,566 Amy Island,West Victoria,WI,06563,USD 68019.40,Contractor,653,99/99/9999,BR013,0,VERIFIED,Christmas Island,Branch
CUST003088,Nichole,  Russell,"April 17, 1981",female,vickiegrimes@example.com,N/A,90103 Mendez Ferry,Port Susan,MA,78998,USD 112663.98,Lawyer,558,2001-01-19,BR039,0,Not Verified,Azerbaijan,Marketing
CUST003089,Kaitlyn,Jones,18/12/1970,M,ichase@example.org,(135) 380-3367,26811 Desiree Ports Apt. 283,West Marc,NH,85918,1711.43,Sales Rep,755,20-02-17,BR004,Yes,pending,United States of America,branch
CUST003090,KELLY,Parker,"January 16, 1989",M,xcarpenter@example.net,954-810-3267,13014 Evans Crescent Apt. 486,South Jeffreyfurt,MO,09618,75025.58,Analyst,665,10/03/2016,BR034,1,Not Verified,Saint Lucia,
CUST003091,Victoria,Scott,88-04-05,F,pricebetty@example.com,163-051-3105,856 Todd Hills,Shanemouth,NC,51746,6370.73,Doctor,376,2004-07-02,,Yes,N/A,Saint Martin,Branch
CUST003092,Dustin,Potter,"October 05, 1965",F,rrivera@example.org,N/A,59761 Danny Shore,Davidborough,ID,38905,USD 96589.93,,602,25/03/2009,BR004,,pending,United Kingdom,branch
CUST003093,Sarah,Jackson,1992-05-08,F,howarderica@example.org,,03206 Kline Club,Phammouth,PW,15361,66693.94,Chef,402,11/15/2022,BR007,TRUE,pending,Poland,
CUST003094,David,Hernandez,02/18/1963,F,phillipsjustin@example.com,000-000-0000,5756 Kenneth Pines,Lake Douglas,NJ,69578,,Chef,758,2010-02-11,BR022,0,,Netherlands Antilles,Branch
CUST003095,James,Hobbs,"November 01, 1970",M,,+19248890001,473 Ian Way,North Elizabeth,WA,88403,39764.1,Accountant,450,NULL,BR012,Yes,Verified,,N/A
CUST003096,James,Walker,48-12-22,F,donna41@example.org,+1-545-255-0145,300 Dennis Unions Apt. 077,South Donna,AS,57330,114781.27,Consultant,763,00-10-17,BR009,FALSE,Pending,Greece,
CUST003097,Nathaniel,JOHNSON,08/20/1985,F,paige62@example.org,5362999575,,New Breanna,OR,14154,106460.36,Developer,354,02/14/2014,BR026,,pending,Saint Helena,Marketing
CUST003098,Kristin,Erickson,94-09-13,M,andersonmichele@example.org,N/A,9308 Laura Springs,Shelleystad,AZ,61892,90424.05,Self-Employed,816,17/06/2015,,Yes,Not Verified,Moldova,Branch
CUST003099,  Sharon,Coleman,1957-08-14,1,erinmorenoATexample.net,000-000-0000,8090 Golden Junctions,Robertton,VA,69918,65466.9,Manager,422,99/99/9999,BR006,0,verified,Tuvalu,Referral
CUST003100,Ashley,  Patterson,11-07-1970,F,lberry@example.com,7417349992,595 Anna Ridges Apt. 167,East Nichole,WA,32739,,Retired,607,2020-02-08,BR031,False,Pending,Gabon,branch
CUST003101,Anthony,Flynn,19/11/2018,M,XLAWRENCE@EXAMPLE.COM,N/A,8967 Neal Cliffs Apt. 617,South Katie,OK,93657,45258.76,Teacher,746,"March 28, 2015",BR039,,Not Verified,Ireland,online
CUST003102,Matthew,  Brown,2002-12-03,1,marcfarmer@example.net,000-000-0000,21550 Darren Roads,East Mark,WI,96969,99944.45,Chef,529,99/99/9999,BR038,FALSE,VERIFIED,Japan,Referral
CUST003103,  Robert,Kaiser,18-05-1991,F,foxtiffany@example.com,,698 Young Hills,Carriefort,PA,46984,127731.83,Doctor,780,"October 13, 2022",BR038,TRUE,Verified,Maldives,N/A
CUST003104,  Kayla,craig,18-11-1969,Male,N/A,,355 Valerie Common Apt. 666,East Angelaville,VI,50256,107471.37,Designer,737,07/12/2018,BR023,Yes,N/A,Falkland Islands (Malvinas),online
CUST003105,David,  White,05/02/1968,M,bradleyerin@example.com,758.379.2129,39989 Michael Expressway Apt. 525,Richport,DE,80710,44463.91,Sales Rep,808 pts,NULL,BR031,True,verified,Cocos (Keeling) Islands,branch
CUST003106,Edward,MUELLER,26-04-1981,M,edwardslaura@example.net,N/A,26100 Taylor Bypass,North Hannah,ME,99431,82649.61,Self-Employed,583,12-02-2021,BR032,No,VERIFIED,French Southern Territories,
CUST003107,Kara,Cooper,07/03/1948,F,brownyvonne@example.net,+18093005370,92883 David Prairie Apt. 746,East Genemouth,AR,59825,24740.05,Engineer,594,12/23/2023,,TRUE,pending,Costa Rica,online
CUST003108,Charles,Dean,1991-12-27,F,mendozajanet@example.com,(883) 579-6756,3733 Brandt Mountain Apt. 401,West Cindyville,AL,73514,90033.66,Clerk,544,"May 09, 2021",BR036,No,Verified,Poland,ONLINE
CUST003109,Matthew,Francis,02/21/1996,F,vgillespie@example.com,935.813.5920,75846 Walters Flat Suite 496,East Steve,NJ,51290,85771.12,Manager,817,11-09-15,BR032,No,N/A,Togo,Branch
CUST003110,Christopher,Meyer,NULL,F,esmith@example.org,+15103913434,,North Wesley,ND,42949,,Retired,696,99/99/9999,BR004,FALSE,,Bouvet Island (Bouvetoya),Online
CUST003111,Alison,Miller,56-07-24,F,jbaker@example.org,+1-909-409-8786,957 Kimberly Union,North Morganbury,MN,33027,29337.57,Student,844,2017-05-15,BR042,1,pending,Uganda,Referral
CUST003112,Bryan,Fox  ,22-11-1998,M,fortiz@example.net,000-000-0000,23502 James Road Apt. 023,Lake Lisa,CA,39453,60090.14,Manager,610,09/21/2003,BR029,True,N/A,Montenegro,online
CUST003113,Ross,young,1988-01-01,Male,stephaniewilliams@example.org,000-000-0000,919 Gray Ports Apt. 865,South Austinside,SC,53422,,Self-Employed,697,30/06/2021,BR016,No,Pending,Morocco,Referral
CUST003114,Karen  ,Martin,70-11-05,M,pattersonwanda@example.net,+1-132-882-1135,65705 Dominguez Extension,New Alexandra,ZZ,72647,27668.31,Retired,331,31-01-2002,BR007,FALSE,Not Verified,Congo,Referral
CUST003115,Matthew,Garcia,22-02-1941,MALE,carriedickerson@example.org,,66578 Paul Mount Suite 580,New Danielle,MP,36803,83614.26,Sales Rep,791,"February 16, 2009",BR030,FALSE,N/A,Aruba,
CUST003116,Jessica,Walters,NULL,Male,johnsonrenee@example.net,,65213 Cooper Square Apt. 439,Jamiemouth,NE,85022,78801.58,Contractor,748,"July 18, 2007",BR050,False,Not Verified,Mauritius,Walk-in
CUST003117,Diana,Mann,1973-09-21,M,  powelljanice@example.com  ,001-386-4158,67580 Michelle Loop Apt. 277,Lake Erictown,GA,06886,63200.58,Doctor,489,09-10-24,,Yes,verified,Oman,Branch
CUST003118,Tracy,Sanchez,22-09-1995,1,kimberlydavis@example.com,+17903171645,84175 Diane Union Apt. 783,North Paulmouth,FL,33045,43547.3,Accountant,426,07/11/2009,BR027,FALSE,Verified,Vietnam,Branch
CUST003119,Michael,Zimmerman,"June 08, 1991",F,annarios@example.org,001.303.4240,785 Brewer Neck,East Andrewport,MD,45324,106704.75,Doctor,821,07/24/2017,BR018,1,Not Verified,Korea,branch
CUST003120,Johnny,Coleman,,M,gallagherkelly@example.org,001-731-5682,061 Kerry Crest,Lake Stephen,ID,29365,127939.25,Contractor,617,"January 15, 2004",BR005,,Pending,Mongolia,Walk-in
CUST003121,Shawn,GREEN,1957-06-05,M,antonio14@example.com,+18118597497,91326 Keith Junction Apt. 925,Patriciatown,NC,30841,53075.35,Developer,,05-04-28,BR040,TRUE,pending,Gabon,Branch
CUST003122,Paula,Jones,04/15/1987,m,pearsonvalerie@example.net,147.079.5263,96350 Zoe Ports Apt. 557,Lake Alisonmouth,PW,34992,48574.16,Analyst,9999,19-08-2019,BR030,0,N/A,Korea,Marketing
CUST003123,Robert,murphy,11/02/1948,M,aliciapeters@example.net,+11643524761,83350 Warren Neck Suite 446,Martinezview,PA,01500,87192.27,Nurse,475,2015-03-24,BR036,,pending,Nicaragua,N/A
CUST003124,Emily,nguyen,1994-04-10,M,eric80@example.com,(279) 365-3217,7864 Collins Light,Alejandrahaven,N/A,95147,"$57,468.97",Clerk,587,11-07-02,BR049,False,Not Verified,Gabon,Referral
CUST003125,  Cassandra,Jones,69-11-20,F,,(840) 299-2643,585 Mcdowell Falls,Bryanchester,DE,00000,65121.1,Designer,715,07-09-05,BR016,TRUE,VERIFIED,Cambodia,Online
CUST003126,Lori,Massey,70-10-20,M,nina01@example.com,(145) 569-8983,52835 Bowen Flats,North Robinbury,PR,58291,95887.86,,389,08/07/2021,BR041,TRUE,verified,Yemen,online
CUST003127,Jose,Porter,03/02/1954,Female,emacias@example.com,001.477.9809,7932 Heather Vista,Lake Juan,NE,83795,3172.54,Analyst,596,21-07-25,BR035,1,N/A,Slovenia,branch
CUST003128,Kim,Harris,,M,lsanchez@example.com,000-000-0000,83538 Wilson Mill,North Anthony,WA,25905,116140.58,Student,9999,2005-06-12,BR032,FALSE,verified,Monaco,online
CUST003129,Tiffany,Davis,2003-03-26,M,david04@example.net,N/A,2665 Bridges Camp,Rachelside,mi,02134,72543.82,Contractor,568,99/99/9999,BR025,Yes,,Cook Islands,Walk-in
CUST003130,Amanda,Gross,11/01/1956,M,ryanwoodard@example.org,N/A,471 Andrew Fort,North Danielburgh,NH,34678,55597.74,Consultant,711,10/19/2018,BR035,TRUE,VERIFIED,Lithuania,Marketing
CUST003131,Austin,Edwards,20/11/1983,M,lambertlindsey@example.com,N/A,574 William Mews,Maysstad,AR,22948,66876.8,Teacher,540,04-11-2020,BR002,TRUE,Pending,Serbia,Online
CUST003132,Kelsey,Ramirez,07-03-1997,F,christopher18@example.com,+13816243831,09578 Jennifer Vista,Julieland,UT ,92437,68685.03,Manager,829,03/21/2019,BR046,1,verified,Niger,Marketing
CUST003133,Cassandra,Sullivan,1968-04-24,M,melissasandoval@example.com,+1-327-821-5503,87406 Carroll Stream,North Shannon,WY,49453,9407.95,Sales Rep,429,24-08-2009,BR048,False,Not Verified,Palestinian Territory,branch
CUST003134,Crystal,Long  ,90-09-22,M,benjaminparks@example.org,001-649-6451,071 Allen Brook Apt. 156,North Jamieshire,OR,33944,122322.84,Consultant,583,11-05-03,BR049,True,VERIFIED,Tuvalu,ONLINE
CUST003135,Lori,Kennedy,23/02/1944,F,,821-305-2068,734 Marcus Neck,Lake Christophertown,VT,16888,71446.4,Officer,791,2006-03-22,BR006,Yes,Not Verified,San Marino,branch
CUST003136,susan,Collins,99/99/9999,f,rwatts@example.com,000-000-0000,3221 Alicia Summit Apt. 440,North Robert,WY,75117,85505.07,Consultant,481,2004-01-17,BR032,,N/A,Zambia,Branch
CUST003137,Grace,Gardner,61-12-14,F,qhodges@example.org,(484) 763-4627,3307 Thomas Forest Apt. 256,Cruzport,MO,79936,,Engineer,585,26-02-2000,BR006,TRUE,Verified,Uganda,branch
CUST003138,Michael,Rodriguez,,M,tinalong@example.com,+1-150-583-3920,7443 Martinez Pines,Port Deannaville,NY,40921,34259.31,Nurse,617,06/07/2022,BR009,FALSE,VERIFIED,Turkey,online
CUST003139,Reginald,Haley,1991-01-24,M,brendamiles@example.net,+1-301-307-2287,8878 Jeremy Oval Apt. 202,Jasonmouth,IN,81083,86571.52,Officer,780,12-10-2009,BR014,1,Verified,Western Sahara,N/A
CUST003140,Nicole,stewart,40-02-20,0,adam78@example.com,(660) 374-1688,3893 Teresa Valley Suite 500,Rickyland,US,34345,60632.56,Student,379,2003-11-01,BR010,1,verified,,Walk-in
CUST003141,Angelica,Patel,24-03-1961,Female,chapmanclaudia@example.org,(593) 887-1344,,Gomezstad,RI,34834,,Engineer,722,12/01/2000,,,verified,Wallis and Futuna,Marketing
CUST003142,Samuel,Flores,1997-11-20,female,,+1-001-533-2879,916 Lara Mews,North Jack,WA,20131,0,Clerk,462,"December 27, 2014",BR005,Yes,,Martinique,online
CUST003143,John,randall,1964-12-19,M,faulknerjanice@example.org,136.922.9512,091 Kelsey Landing,North Laurie,FL,77624,66531.7,Driver,622,27-11-2022,BR023,,pending,Saint Helena,Online
CUST003144,Brandon,Scott,03/25/1965,F,nicolemarshall@example.org,+1-231-785-1325,34658 Diaz Summit,Port Maryport,IN,96712,48901.28,Nurse,747,16-06-2000,BR018,True,N/A,Jordan,N/A
CUST003145,Arthur,Garcia,03/20/1988,0,sanchezmadison@example.com,,784 Stafford Forges Suite 610,West Kimberly,KY,37971,85129.2,Engineer,839,"October 12, 2018",BR029,FALSE,N/A,Holy See (Vatican City State),N/A
CUST003146,Eric,Morton,,M,adamszachary@example.net,(001) 434-8157,1671 Benjamin Mission Suite 192,New Brianbury,OR,78007,86451.55,Chef,438,"July 26, 2007",BR033,TRUE,Pending,Jordan,Online
CUST003147,Brandi,Welch,03/29/1978,f,griffinbeth@example.com,4178523035,,East Reginaview,NY,56964,USD 45233.09,Contractor,484,08/15/2001,BR041,0,N/A,New Caledonia,N/A
CUST003148,Patrick,Durham,01/03/1952,male,N/A,523.421.6824,93942 Michael Burgs Apt. 336,,MD,53920,"$45,073.91",Analyst,803,06/02/2009,BR003,TRUE,N/A,Falkland Islands (Malvinas),ONLINE
CUST003149,Christopher,Wiggins,17-05-1951,M,cruzeric@example.org,1927407868,2999 Nicole Unions,Harrisshire,MP,55493,66126.71,Student,714,18-08-2007,BR005,1,VERIFIED,Liechtenstein,ONLINE
CUST003150,Shaun,george,,F,kristinwalker@example.org,1251312683,99106 Brown Square Suite 458,New Kristafort,ME,11549,38617.52,,304 pts,"June 23, 2015",BR007,TRUE,N/A,Tuvalu,ONLINE
CUST003151,  Rodney,Figueroa,"April 12, 1991",F,  shanejohnson@example.com  ,+10013313942,957 Pierce Avenue,Lake Charlesmouth,OH,02590,99469.43,Nurse,622,01-02-2017,BR024,,Pending,Svalbard & Jan Mayen Islands,ONLINE
CUST003152,Scott,FRANKLIN,1967-09-14,F,jschultz@example.org,(001) 981-4277,8561 Paul Estates Suite 287,West Rebecca,ND,61682,57077.75,Contractor,331,04/28/2009,BR022,FALSE,VERIFIED,India,online
CUST003153,Kristen,  Miller,99/99/9999,F,  kendramiller@example.org  ,+12784590126,24840 Richards Radial Apt. 470,Lake Ray,MN,07766,0,Developer,434,06-08-19,BR017,1,VERIFIED,,
CUST003154,Nicholas,Hammond  ,1947-11-26,F,sarahcraig@example.net,6133578261,68669 Annette Wall,Lauraland,NE,67331,56881.23,Driver,589,14-12-31,BR012,TRUE,pending,Saint Martin,
CUST003155,brent,Chase,09/29/1994,female,cooperteresa@example.net,627-772-8663,04703 Jennifer Haven,South Kevinview,KS,26070,33650.97,Lawyer,730,24/04/2007,BR022,TRUE,verified,Denmark,Marketing
CUST003156,Mary,Murphy,"October 11, 1998",M,jacob67@example.net,N/A,6981 Alex Glen,Bowmanside,GU,44872,12905.35,Engineer,430,13-11-20,BR030,TRUE,verified,Tonga,Online
CUST003157,Paula,Tate,46-02-16,F,kevinperry@example.net,+1-301-478-8135,1507 Ortiz Walks Suite 769,Port Haleyton,CT,29975,26690.07,Sales Rep,373,"January 25, 2015",BR040,,N/A,Trinidad and Tobago,
CUST003158,Mark,Lewis,99/99/9999,M,DOUGLASGOLDEN@EXAMPLE.NET,(669) 761-9525,81362 Scott Manors Suite 927,,US,75855,73829.3,Officer,823,,BR019,False,Not Verified,Aruba,Walk-in
CUST003159,Susan,Morgan,30/08/1979,M,charles33@example.org,+1-294-762-3836,3144 Donald Highway,Evansbury,PA,43705,116502.43,Clerk,,27-12-2011,BR031,Yes,Pending,Cocos (Keeling) Islands,branch
CUST003160,Tina,Joyce,"February 17, 1985",M,ptrujillo@example.com,+1-221-960-3808,5113 Erik Grove,Catherinestad,AZ,16174,80961.46,Student,638,05/21/2019,BR028,Yes,Pending,United States of America,Online
CUST003161,Kevin,Mills,,F,adkinsamanda@example.net,+10017799014,01226 Tiffany Underpass Apt. 019,New Joy,VT,73742,48772.38,Lawyer,734,"February 28, 2003",,0,Pending,Tuvalu,online
CUST003162,  Susan,Williams,06/23/1963,M,andreavazquez@example.org,,462 Jones Expressway Apt. 168,New Alexis,TX,74228,85956.65,Nurse,403,"September 19, 2001",BR005,False,Not Verified,Belgium,
CUST003163,Noah,Davis,1983-01-05,F,jennifersmith@example.com,+1-634-562-5384,5204 Adam Fall Suite 803,Port Antonio,MH,60276,53931.84,Developer,685,"June 03, 2019",BR031,True,Verified,Saudi Arabia,branch
CUST003164,patrick,Carr,1951-05-14,FEMALE,smithann@example.org,+1-001-533-3951,228 Carrie Curve,Rubioberg,MI,69119,45688.99,Accountant,9999,99/99/9999,,True,Not Verified,Canada,ONLINE
CUST003165,Ruben,Ramirez,NULL,1,olee@example.net,0012775156,7215 Joshua Ports Apt. 835,South Melody,MO,11137,29597.31,Contractor,640,01/23/2015,BR034,Yes,verified,Korea,N/A
CUST003166,  Christopher,Harris,04/10/1974,0,rlozano@example.net,000-000-0000,199 Michael Mountains Apt. 563,Mortonton,NY,20339,8685.99,Officer,0,07/02/2001,BR036,False,Verified,Ghana,Branch
CUST003167,DAVID,Moore,87-03-31,Female,adkinsbrittany@example.org,+1-433-565-3847,52896 Stevenson Lodge Suite 753,West Erin,MP,60862,56352.67,Retired,604,10-05-05,BR003,Yes,verified,Costa Rica,Online
CUST003168,Angela,  Roberts,95-12-13,Female,N/A,452.289.9885,337 Paul Viaduct Suite 910,Derekmouth,MD,64237,75531.87,Lawyer,464,NULL,BR009,True,Pending,,ONLINE
CUST003169,Christina,  Peters,19-01-1992,M,jenniferhernandez@example.org,0017629823,2192 Jessica Village,Greenfurt,MO,08115,66618.17,Nurse,449,"December 18, 2002",BR005,0,Not Verified,Finland,Online
CUST003170,Heather,Tran,"February 05, 1967",male,matthew28@example.com,+1-001-935-2788,1345 Benjamin Stravenue Suite 335,Fisherstad,GU,60394,55441.16,Doctor,362,01/10/2013,BR001,,Not Verified,Singapore,Walk-in
CUST003171,Michelle,Simmons,1974-02-20,FEMALE,melissagomez@example.com,N/A,85788 Albert Knoll,West Christopher,PA,52267,,Chef,532,"May 30, 2007",BR001,True,N/A,Tajikistan,branch
CUST003172,Caleb,Barnett,"February 04, 1970",M,sandra32@example.net,N/A,854 Brown Mountain Apt. 446,Maryshire,PW,39132,"$91,288.62",Doctor,686 pts,23/03/2000,BR023,1,VERIFIED,Norway,Online
CUST003173,Michael,Lawrence,1967-11-12,F,joseholland@example.net,+1-001-410-3615,791 Lauren Pike,Lorrainehaven,FM,18202,23900.38,Analyst,566,31/10/2005,BR016,No,pending,Gabon,Online
CUST003174,Daniel,Knight,99/99/9999,M,,256-762-9523,,North Michael,AS,31201,97160.98,Chef,601,16-04-2000,BR039,TRUE,,Christmas Island,N/A
CUST003175,Troy,mason,00-05-15,M,markcohen@example.com,(722) 230-8861,33395 Stewart Ways Apt. 579,Richardsonborough,CO,40601,34922.4,Self-Employed,527,"March 26, 2001",BR015,TRUE,verified,Netherlands,Walk-in
CUST003176,  Christopher,Villegas,28-03-1991,M,murraymichael@example.com,,6236 Williams Street,New Robert,US,00000,43664.77,,375,17-10-2010,BR037,No,verified,Jamaica,
CUST003177,Alejandro,Watson,09/15/1994,F,thomas07@example.com,000-000-0000,672 Dana Shoal,Lake Teresa,MI,73010,18662.52,Chef,559,20/12/2010,BR031,Yes,Pending,Ukraine,branch
CUST003178,Russell,Ward,71-11-09,Male,clarkedavid@example.net,N/A,411 Nancy Mill,Lake Kevin,OR,36404,,Self-Employed,606,08/01/2013,BR038,True,Pending,Slovenia,online
CUST003179,Tammy,Saunders  ,"January 09, 1966",M,stevensonlisa@example.org,+1-493-786-3085,828 Frank Pike,South Jillside,GA,87401,104135.94,Teacher,308,99/99/9999,,True,Verified,Croatia,N/A
CUST003180,Jamie,Martin,01/22/1973,M,diane94@example.com,907-985-1815,41190 Smith Pike Apt. 126,East Jennifer,OK,56122,88046.98,Driver,564,"May 29, 2011",BR016,False,Pending,Ireland,Referral
CUST003181,Amy,OLSON,1949-07-13,F,bonnieortiz@example.org,+10012782680,23892 Jones Streets Apt. 563,Kingfurt,MP,18966,10424477.0,Teacher,753,"March 14, 2022",BR038,True,pending,Jersey,N/A
CUST003182,Robert,Dixon,"October 21, 1950",F,adkinsvictor@example.net,000-000-0000,52700 Romero Walks,East Justin,TX,76762,88274.99,Contractor,375 pts,"March 31, 2013",BR034,False,Not Verified,Liberia,Walk-in
CUST003183,Rebecca,RODRIGUEZ,"November 20, 1944",m,alyssahill@example.com,000-000-0000,0722 William Ville,Johnsonmouth,FL,95489,31371.56,Nurse,642,2002-12-06,BR009,Yes,Not Verified,Switzerland,online
CUST003184,Billy,Stafford,12-03-1961,M,curryrachel@example.com,N/A,182 Elizabeth Bridge,,UT,27495,58422.38,,690,03/16/2020,,False,VERIFIED,Bolivia,Branch
CUST003185,  Ashley,Carlson,11-10-1952,F,smithgabriella@example.org,N/A,729 John Creek,East Nicolefurt,ID,03587,42693.03,Driver,682,25/10/2015,BR011,FALSE,Pending,Norfolk Island,ONLINE
CUST003186,Carol,Campbell,1966-08-05,male,masonjamie@example.net,0016936645,8858 Barnett Square,Port David,OK,20909,116570.12,Contractor,630,06-07-2008,BR035,,verified,,Online
CUST003187,Brenda  ,Miller,09-02-1985,M,ronaldclark@example.org,,905 Davis View Suite 653,East Jamieland,MA,00000,28112.4,Manager,535,08/06/2000,BR005,1,VERIFIED,,
CUST003188,Todd,Ewing,02/02/1946,M,WILKINSJONATHAN@EXAMPLE.NET,+1-144-136-9930,5092 Anthony Parkways,Mayborough,NJ,24747,101279.42,Chef,829,03/15/2007,BR030,True,VERIFIED,Cameroon,ONLINE
CUST003189,Stephen,Newman,05/07/1981,M,herringmegan@example.com,+11800953761,208 Christine Groves Apt. 716,,NH,20655,101253.39,Consultant,838,30-07-2008,BR042,True,VERIFIED,,
CUST003190,Jane,Barnes,1969-05-24,F,walkerpaul@example.net,939-534-9230,67198 Foster Mall,Port Rachelbury,wa,75816,134036.71,Teacher,444,05-06-2008,BR013,True,pending,Burkina Faso,Branch
CUST003191,  Kimberly,Hernandez,29-03-1994,F,  baldwinapril@example.net  ,+1-789-452-6492,61663 White Freeway Suite 174,Connieside,KY,69822,55660.97,Teacher,740,06/07/2004,BR047,1,VERIFIED,Turkey,online
CUST003192,Chris,Thomas,"January 02, 1963",F,mford@example.org,(641) 768-3789,9713 Anthony Flats,East Rebeccaville,AL,32688,"94931,28",Retired,379,2005-08-01,BR016,1,verified,Cote d'Ivoire,ONLINE
CUST003193,Shannon,Sharp,74-11-07,M,kayladavis@example.org,000-000-0000,5011 Moore Motorway,Levybury,NY,18404,149857.81,Consultant,611,05/08/2006,BR045,TRUE,Verified,Greenland,Branch
CUST003194,James,Holden,07/10/1990,Male,harrisonsteven@example.net,(001) 260-8132,6793 Sarah Fields,Kennedystad,IA,55113,48382.54,Lawyer,-1,05-03-14,BR029,0,Verified,Rwanda,Online
CUST003195,DANIELLE,Haley,18-01-1969,M,N/A,000-000-0000,906 Regina Shores Apt. 399,Nolanborough,IN,13385,16273.59,Officer,759,10/24/2011,BR014,True,Not Verified,Korea,
CUST003196,Stacey,Cook,1974-04-25,F,cherylbowman@example.net,000-000-0000,0300 Mcknight Passage,Greenshire,WI,22678,4199.65,Engineer,783,17-12-2007,BR019,TRUE,Not Verified,Luxembourg,Online
CUST003197,Christina,Baker,,M,porterkayla@example.com,+18914894420,5291 Aaron Square Suite 751,Jennifermouth,HI,56283,94944.92,Nurse,830,2010-02-16,BR047,FALSE,N/A,Poland,Online
CUST003198,Tyler,Espinoza,15-04-1959,M,ramirezgary@example.org,+1-137-698-8481,035 Renee Green,Jonathanmouth,WY,00000,4089.74,Designer,458,19/05/2021,BR008,True,Verified,Cyprus,Walk-in
CUST003199,Jeffrey,Chambers,09/27/1963,F,bondanthony@example.com,193.190.2511,49208 Flores Junctions,Michaelstad,AL,39054,56968.83,Analyst,476,2008-01-02,BR033,1,pending,Belize,
CUST003200,Ann,  Williams,05/10/1993,M,rcardenas@example.org,1470398378,93738 John Trafficway,South David,ID,24455,85305.96,Clerk,671,00-02-08,BR036,TRUE,Verified,Liechtenstein,Marketing
CUST003201,Ashley,Middleton,1956-04-29,M,garyjackson@example.net,N/A,230 Flowers Terrace Apt. 642,Mendozastad,OK,36955,76481.14,Self-Employed,573,"November 14, 2006",BR042,0,N/A,Liechtenstein,
CUST003202,  Ian,Roberts,1948-08-08,F,whitetravis@example.org,+11929857286,68580 Phelps Spurs Apt. 728,Keystad,MI,11060,"$84,890.57",Lawyer,527,2006-09-07,BR033,1,N/A,Malawi,Walk-in
CUST003203,Zachary,Brown,"February 10, 1978",M,heathergonzalez@example.org,001-782-6911,398 Travis Groves,Nelsonland,VT,25774,"$77,780.14",Officer,738,"December 31, 2006",BR023,False,verified,New Caledonia,Branch
CUST003204,Stephen,Turner,,M,michael88@example.org,000-000-0000,03908 James Mission,West Justin,TX,98078,114760.3,Accountant,602,01-05-13,BR001,No,Not Verified,Georgia,Online
CUST003205,Brenda,Bryan,1990-03-30,M,derrickbrown@example.com,(001) 814-3586,627 Watson Manors Suite 346,North Scott,GA,47725,36668.93,Student,422,22-08-28,BR006,1,pending,Benin,N/A
CUST003206,Alex,lewis,27-05-1963,1,wpatel@example.com,(001) 586-5004,88040 Deleon Lakes Apt. 673,Gonzalezport,VT,24633,46305.17,Nurse,477,03/14/2008,BR003,,Pending,American Samoa,Walk-in
CUST003207,jason,Cruz,99/99/9999,m,bakerdylan@example.org,+1-001-365-5762,64271 Tate Rue Suite 193,Port Amanda,GU,92032,42956.92,Analyst,379,14-04-03,BR027,True,VERIFIED,Saint Vincent and the Grenadines,ONLINE
CUST003208,Joan,wright,"July 21, 1955",M,amyhayes@example.com,129-638-3174,820 Hunter Road Apt. 789,Rickville,WY,70144,99056.71,Analyst,390,01/15/2016,BR010,True,pending,Sri Lanka,Referral
CUST003209,Sherri,Watson,"January 15, 1977",M,N/A,(425) 954-3941,14682 Douglas Route,Lake Julie,AK,77615,101513.95,Accountant,357,08/12/2000,BR042,TRUE,Verified,Wallis and Futuna,branch
CUST003210,John,WARNER,1947-10-20,F,trobinsonATexample.net,4224278692,003 Chelsea Branch,South Tracey,MH,48302,USD 85792.89,Nurse,729 pts,11-06-14,BR033,True,pending,,ONLINE
CUST003211,Justin,Jones,53-01-26,F,xsimpson@example.com,N/A,4008 Cohen Ridge,South Kevintown,NJ,48376,111422.28,Consultant,758,2003-09-27,BR041,True,pending,Christmas Island,
CUST003212,lisa,Brooks,22/11/1998,F,rebeccagonzalez@example.net,140.341.0621,3470 Elizabeth Track,South Jesus,MI,21032,28768.57,Designer,678,2003-03-02,BR046,True,verified,Lithuania,branch
CUST003213,  Elizabeth,Knapp,56-12-20,M,,593-590-7132,3610 Hodges Ways Apt. 844,South Abigailport,IL,46437,128352.84,Designer,635,11-06-2002,BR005,Yes,N/A,,Online
CUST003214,Christopher,Hawkins,21-12-1987,F,N/A,N/A,0956 Michael Path Apt. 499,Raymondchester,IL,63519,123313.35,Retired,-1,"March 24, 2001",BR050,No,N/A,China,N/A
CUST003215,Juan,Yu,99/99/9999,Male,,(503) 576-6507,830 Scott Extension Suite 845,Jessicaland,WI,92633,95746.77,Sales Rep,621,,BR049,True,Not Verified,Yemen,Branch
CUST003216,jeff,Carrillo,56-11-01,FEMALE,veronica02ATexample.net,+10015824810,19107 Lopez Orchard,Hooperhaven,ND,37509,132362.96,Self-Employed,361,NULL,BR049,False,VERIFIED,Lesotho,ONLINE
CUST003217,William,Martinez,"August 22, 1968",Male,sara96@example.net,5947217260,,East Mistyshire,AS,96581,12018.19,Nurse,501,15-08-30,BR047,False,N/A,Samoa,Referral
CUST003218,Francis,Wang,04/08/1968,MALE,allisonsteve@example.net,+1-966-595-6171,797 Miller Port,Hallland,SC,65905,51644.32,Sales Rep,355,2013-10-25,BR043,False,Verified,United States Virgin Islands,Marketing
CUST003219,Troy  ,Bennett,99/99/9999,male,ruben49@example.net,,3540 Samuel Squares Apt. 748,New Andrewfurt,AK,64783,"$44,264.38",Self-Employed,662,06/27/2008,BR022,Yes,VERIFIED,Uganda,ONLINE
CUST003220,Randy,Figueroa,1987-12-09,m,margaret56@example.com,+1-816-638-5731,081 Sutton Knolls Apt. 823,,NV,93979,95251.78,Accountant,539,2002-02-09,,,N/A,Mauritius,N/A
CUST003221,Tracey,  Gordon,1971-10-30,M,kimberlygray@example.org,000-000-0000,019 Jeffrey Hollow,Danielstown,AR,89593,33245.07,Consultant,363,"May 14, 2022",BR010,FALSE,Verified,Denmark,branch
CUST003222,Robert,Best,08/09/1940,F,matthew26@example.org,(567) 561-5181,043 Ellis Loaf,Christineborough,CO,55288,96512.33,Driver,420,2005-10-17,BR039,1,N/A,Sri Lanka,Walk-in
CUST003223,James,atkinson,02/03/1995,1,melissaguerrero@example.net,714-998-0924,,Kaylashire,OH,82357,117968.77,Retired,778,12-01-20,BR050,TRUE,Not Verified,Ethiopia,branch
CUST003224,Steven,Reese,21-03-1968,M,N/A,000-000-0000,7942 Pamela Port Apt. 909,Autumnport,KS,40550,94332.1,Student,500,02/07/2015,BR022,0,verified,Svalbard & Jan Mayen Islands,branch
CUST003225,Sara,Roberson,"July 15, 1941",F,RYAN55@EXAMPLE.ORG,1971371823,277 Chan Extension Apt. 685,Brianberg,NM,62289,,,429,"August 11, 2016",,FALSE,Pending,Uruguay,branch
CUST003226,David,Harrell,28/09/1940,F,milespatrick@example.org,9819989240,3863 Parker Place Suite 496,Rodriguezfurt,AK,70005,35424.43,Self-Employed,0,2011-01-16,BR009,0,,Nigeria,Online
CUST003227,Andrew,Hogan,87-07-11,M,jbriggs@example.com,1922713155,9168 Hernandez Center,Aaronmouth,MI,31258,40360.22,Lawyer,541,"September 05, 2015",BR032,False,N/A,Dominica,Marketing
CUST003228,Melissa,Reed,"August 27, 1974",1,ptorres@example.org,N/A,0408 Rick Radial Apt. 823,Port Nancy,NE,36874,113736.66,Clerk,420,02/24/2008,BR018,,N/A,Iraq,online
CUST003229,Eric,Roman,53-07-02,M,christinesilva@example.net,,21430 Kristen Parkway Apt. 066,Nealbury,NY,14599,97277.22,Nurse,440,"June 18, 2006",BR008,FALSE,N/A,Bulgaria,Walk-in
CUST003230,Sean,Cooper,,M,jason88@example.org,(614) 713-6998,4373 Richard Haven Suite 427,Weavermouth,CO,39418,68634.32,Designer,602,22-01-22,BR045,No,Not Verified,Somalia,online
CUST003231,Oscar,Davis,99/99/9999,0,miranda65@example.net,000-000-0000,2591 Rocha Shore Suite 339,Greenside,WA,92559,55373.17,Officer,838,01-04-26,BR011,1,verified,Antarctica (the territory South of 60 deg S),online
CUST003232,Amanda,Mann,08-05-1960,F,aalexander@example.net,369.918.4345,687 Higgins Port,New Maryhaven,LA,34441,0,Manager,746,21-03-2003,BR048,1,Pending,Congo,branch
CUST003233,  Meagan,Solomon,99/99/9999,MALE,davila@example.com,586.640.9322,,South Lisa,CT,29108,32520.17,Accountant,493,14/09/2022,BR002,True,VERIFIED,Cambodia,online
CUST003234,ERIC,Salinas,"August 04, 1960",M,rosariofelicia@example.net,,4946 Carlson Tunnel Suite 930,South Laurahaven,MP,96607,136899.67,Chef,312,09/19/2016,BR013,,N/A,Swaziland,Marketing
CUST003235,Matthew,yang,"March 19, 1953",F,NCOCHRAN@EXAMPLE.NET,,0815 John Crest Apt. 016,Jacksonton,PW,61717,25184.06,Student,712,NULL,BR050,0,verified,Swaziland,Walk-in
CUST003236,Jeffrey,Armstrong,"February 08, 1962",F,fletcherlaura@example.com,+14154623870,947 Amber Terrace Suite 501,Bradstad,IA,49087,76631.79,,700,11/20/2006,BR050,1,pending,Ethiopia,N/A
CUST003237,Michael,jackson,12-07-1963,M,james22@example.net,000-000-0000,4290 Huynh Freeway,Lake Jessica,NC,96271,105260.54,Developer,661,2009-11-17,BR041,Yes,VERIFIED,Niue,Walk-in
CUST003238,Lauren,martinez,65-05-13,F,,,21506 Manning Points Apt. 149,Davidburgh,OR,35256,26077.71,Developer,445,17/12/2000,BR038,FALSE,pending,Tonga,N/A
CUST003239,Shelley,Marquez,08/11/1986,F,ruthrussell@example.net,000-000-0000,093 Black Pine Apt. 718,Richardfort,AR,65303,76464.87,Teacher,424,15-09-2008,BR050,True,N/A,Tonga,online
CUST003240,Donna,Griffin,69-01-23,M,sparker@example.org,721.761.0606,,Sandrafurt,OK,86280,102827.04,Driver,678,27-04-2020,,True,VERIFIED,South Africa,ONLINE
CUST003241,Joshua,Bowen,79-10-12,F,fergusonchristian@example.com,405.597.0881,45276 Andre Run Suite 087,New Brian,WY,00769,70437.48,Teacher,9999,07/04/2014,BR038,No,Not Verified,Monaco,Branch
CUST003242,Alice,Clark,"July 22, 1953",male,robinmann@example.net,+1-572-899-9233,32256 Holmes Squares,South Alyssa,IL,63342,170394.11,Accountant,723,08/21/2015,BR037,False,verified,Venezuela,N/A
CUST003243,  Charles,Patterson,2005-03-17,f,  longcharles@example.net  ,,6561 Eric Spring,North Toddborough,NE,65684,11599.03,Lawyer,498,2018-11-30,BR021,1,Not Verified,Comoros,Walk-in
CUST003244,Jennifer,Lopez,"October 17, 1961",M,taylorkaitlyn@example.org,362.971.8110,9536 Gallagher Brooks,Lake Alicia,ND,77418,"$107,055.50",Lawyer,681,"March 20, 2016",BR007,TRUE,verified,Libyan Arab Jamahiriya,Marketing
CUST003245,Steven,Munoz,83-09-04,M,xharrison@example.org,N/A,53243 Flores Crescent Apt. 637,Lake Marybury,OK,46108,63951.94,Chef,301,04/04/2008,BR013,False,Not Verified,El Salvador,Referral
CUST003246,Rachel,Mason,99/99/9999,1,N/A,+14679908211,394 Nancy Light,South Richard,GA,72924,97017.21,Nurse,782,17/10/2019,BR048,1,Verified,Uganda,Walk-in
CUST003247,Aaron,Torres,99/99/9999,F,wallerjo@example.org,(317) 878-1703,9671 David Squares Suite 629,Lake Alicia,WY,18005,85445.75,Driver,-1,10-11-2002,BR025,TRUE,N/A,Dominican Republic,Referral
CUST003248,Doris,Brown,85-05-31,M,longjeffrey@example.net,000-000-0000,980 Miller Glen,Juliechester,NE,03357,44339.53,Chef,443,05-06-27,BR018,TRUE,,Japan,N/A
CUST003249,CHRISTOPHER,Morton,"November 25, 1946",F,janice56@example.net,(660) 894-7423,960 Lane Drives,Patriciaburgh,CA,41390,78014.87,Chef,831,05/19/2003,BR015,TRUE,Verified,Togo,N/A
CUST003250,FRANK,Hull,1982-08-26,F,david25@example.net,(607) 310-9728,62805 Erin Square Apt. 438,North Kellytown,NJ,45781,4973.45,Manager,403,14-01-2019,BR050,No,Not Verified,Norfolk Island,Referral
CUST003251,  Tyrone,Watkins,22-05-1971,M,arodriguez@example.net,704-339-1324,948 Green Roads Suite 879,Lake Mark,PR,12293,91113.66,Contractor,749,16-10-18,BR002,No,Not Verified,Georgia,branch
CUST003252,CHARLES,Roberson,"August 09, 1987",F,latoyawest@example.net,+1-349-658-6723,115 Xavier Harbor,South Sarahborough,MD,92248,80435.55,Sales Rep,516,15-08-08,BR050,,verified,Antigua and Barbuda,N/A
CUST003253,Cynthia,Wells,1953-07-10,M,cquinn@example.net,+10015685953,93676 Sean Walks,South Terri,WV,23690,92353.11,Student,761,30-08-2014,BR002,Yes,pending,Nicaragua,branch
CUST003254,Lisa,Johnson,"December 14, 2003",male,richardpadilla@example.net,+11334469162,671 Gomez Mills,East Elizabeth,PR,14256,10703414.0,Officer,735,NULL,BR028,,Verified,New Zealand,ONLINE
CUST003255,Patricia,miller,1981-02-18,M,johngonzalez@example.net,001-834-7527,39029 Odonnell Spring,West Ryanville,IN,79232,82866.69,Self-Employed,654 pts,15-09-06,BR044,True,Verified,Denmark,ONLINE
CUST003256,  Paul,Martin,"May 20, 1979",M,khodges@example.com,+1-755-463-9033,05735 Lewis Shore Suite 952,Johnsonmouth,RI,44657,75183.13,Engineer,699,2004-10-19,BR013,No,Pending,Bahrain,
CUST003257,Sheila,Martin,22/11/1980,F,kwilliams@example.net,+16388077358,5760 April Lodge Suite 826,Charlestown,MH ,85903,39162.61,Designer,691,03/10/2016,BR006,True,VERIFIED,Guinea-Bissau,Marketing
CUST003258,Sara,Wheeler,00-09-13,M,michaelriley@example.net,(897) 611-4776,2772 Christopher Groves Suite 387,Travisland,MS,23762,"$45,072.27",Engineer,376,07/28/2003,BR045,False,Verified,Guinea,Walk-in
CUST003259,Kevin,Little,"October 04, 1954",male,beverlydean@example.org,149-949-8149,1960 Martinez Manor Suite 151,Williamstown,AK,55212,,Designer,436,19/04/2013,BR024,No,N/A,Nicaragua,ONLINE
CUST003260,Karen,Neal,"November 27, 1972",F,wpalmer@example.org,744-610-1672,646 Calhoun Plains Apt. 596,Houstonport,RI,21091,120271.74,Consultant,380,2017-06-04,BR019,No,Pending,Korea,Marketing
CUST003261,Andrew,  Hutchinson,25/05/1940,0,patrick25ATexample.com,000-000-0000,259 Holmes Village Apt. 430,Hughesbury,ME,12769,61666.13,Driver,847,"September 12, 2007",BR045,1,verified,Libyan Arab Jamahiriya,Online
CUST003262,joshua,Webster,1940-07-01,F,stevenhenry@example.net,+18514986278,8147 Flores Mount,South Jonathan,GA,59396,71610.1,Driver,495,16/02/2019,BR005,1,verified,Guinea,N/A
CUST003263,Charles,Rodriguez,02/07/1968,Male,davislori@example.org,+10017108071,7113 Vanessa Curve Apt. 428,Smithshire,MS,86424,38338.5,Accountant,546,04-11-30,BR023,Yes,VERIFIED,Switzerland,Online
CUST003264,Nicholas,Wright,21/01/2004,F,raymondthomas@example.com,+1-756-522-9651,80615 Paul Manors Suite 128,Elizabethton,GA,74559,111046.49,Consultant,573,18/01/2007,BR036,1,N/A,French Guiana,branch
CUST003265,Benjamin,Hernandez,"September 09, 1999",M,kimberlykerr@example.org,925-714-9746,3749 Hobbs Crossroad,,MN,24947,93289.59,Lawyer,794,2012-06-22,BR040,False,,Tanzania,N/A
CUST003266,Natasha,Mayer,"June 01, 1963",0,gsmith@example.com,307.711.7633,9472 Clay Falls,Victoriahaven,MN,44097,137942.61,Nurse,459,04/14/2000,BR022,0,pending,South Georgia and the South Sandwich Islands,ONLINE
CUST003267,Kathryn,Clark,"October 29, 2002",f,jonesandrea@example.com,+17767005894,0911 Davies Valley,Chelseaborough,NC,23445,39258.69,Consultant,815,03-12-2000,BR047,No,VERIFIED,Congo,Referral
CUST003268,ERIC,Spencer,10/10/1990,F,belljessica@example.com,000-000-0000,90904 John Circle,Hardinmouth,ND,58924,"$56,769.72",Manager,316 pts,01/05/2012,BR023,,pending,Colombia,N/A
CUST003269,Angela,Thompson,"February 28, 1992",M,bryanttodd@example.net,(836) 376-1179,766 Vaughn Knolls Suite 187,New Kristyton,DE,58377,,Clerk,462,99/99/9999,BR030,,verified,Martinique,branch
CUST003270,Megan,  Palmer,05/09/1974,F,toddkelley@example.com,,851 Miller Lights Apt. 621,South Christine,RI,27082,92627.13,,517,09/27/2000,BR035,Yes,Not Verified,Tuvalu,Walk-in
CUST003271,  Craig,Henry,82-11-16,F,,,,East Paulborough,PR,65937,62451.63,Analyst,462,04/01/2007,BR042,Yes,verified,Indonesia,Referral
CUST003272,Carlos,Marks,03/07/1959,M,ian31@example.net,572-697-0103,73610 Amy Crescent,Thomaschester,MH,02141,39446.36,Consultant,717,08/17/2019,BR037,TRUE,VERIFIED,Peru,N/A
CUST003273,Mary,Spencer  ,12/21/1949,male,haley98@example.com,000-000-0000,9859 Stephen Walks,East Jared,NV,55682,100849.26,Contractor,614,02-07-02,BR040,No,pending,Philippines,online
CUST003274,Isabella,  Velasquez,28-12-1972,F,haleymedina@example.com,(719) 246-1106,7269 Murray Mountains,Markmouth,TX,66655,95239.74,Clerk,307,10-06-25,,No,pending,Solomon Islands,Online
CUST003275,Meagan,elliott,1940-05-09,M,wrightpatricia@example.net,000-000-0000,69971 Franco Land,East Vanessamouth,NM,91399,37930.41,Lawyer,776,09/14/2000,BR006,Yes,VERIFIED,Belize,online
CUST003276,Travis,Stevens,20-02-1948,M,nmckee@example.org,2465220561,2303 Tammy Throughway Apt. 102,Mortonview,ID,14834,117440.5,Contractor,765,03/29/2021,,False,Pending,Liberia,Walk-in
CUST003277,Carrie,Richardson,08/05/1989,0,jenniferbailey@example.org,+12294911840,07434 Nelson View Apt. 868,Davidstad,MO,28720,110956.95,Contractor,497,01/30/2013,BR039,1,Pending,Kenya,Marketing
CUST003278,Jean,Davila  ,99/99/9999,female,pchristensen@example.net,000-000-0000,1890 Kimberly Square Suite 723,East April,MP,59484,74700.38,Engineer,335,"January 23, 2019",BR005,False,N/A,Kiribati,Branch
CUST003279,roberto,andrews,10-11-1973,M,bridgethowell@example.org,782.513.2551,4937 Alyssa Burg,Burketon,GU,86022,72785.93,,-1,02-10-2003,BR027,True,,Antarctica (the territory South of 60 deg S),Branch
CUST003280,Alyssa,RICHARDS,03-02-1948,FEMALE,julie57@example.org,4193693810,51858 Kristin Summit,,MH,30401,89392.02,Doctor,541,2005-02-20,BR007,,Verified,Lebanon,online
CUST003281,Carrie,tran,02-12-1995,M,ann67@example.net,,81593 Clark Causeway,Lake Melaniebury,PR,47352,3984039.0,Self-Employed,457,04-05-18,BR012,FALSE,Verified,Kyrgyz Republic,Online
CUST003282,Justin,Gutierrez,"April 19, 1950",M,lindabarnes@example.com,705.239.0504,0928 Brandon Prairie Suite 559,Kathyland,US,10467,71051.1,Developer,846,03/02/2003,BR046,True,Pending,,Branch
CUST003283,Kim,Henson,"October 19, 1977",F,LCARSON@EXAMPLE.NET,+1-302-754-2003,8015 Miller Stravenue,Dianeville,IL,10842,0,Lawyer,539,2007-08-20,BR018,,Not Verified,Palestinian Territory,Marketing
CUST003284,Amy,Gordon,16-12-1985,MALE,gonzalezwilliam@example.org,0014427778,8310 Tapia Key,Sheltonburgh,ID,00000,100675.95,Lawyer,370,99/99/9999,BR039,No,N/A,Christmas Island,Walk-in
CUST003285,Kyle,Noble,99/99/9999,M,rebecca54@example.org,(001) 891-3354,84893 Knight Run,Danielland,NH,61986,15347.74,Chef,9999,03-07-2004,BR042,True,verified,Bahrain,Marketing
CUST003286,David,Reynolds,1962-04-05,0,  michelegould@example.net  ,(293) 672-1877,4669 Johnson Neck,Tinashire,MS,49878,122619.69,Driver,598,21-10-2018,BR010,Yes,pending,Jamaica,Walk-in
CUST003287,Isaac,Wright,06/02/1985,F,vmartinez@example.net,+1-891-251-4309,391 Martinez Plains,Garciachester,VT,33324,58445.8,Clerk,,01-03-05,,,Not Verified,Nauru,N/A
CUST003288,Michael,nelson,10/21/1959,F,zknight@example.org,1981629042,,New Stephanie,IL,56302,62591.66,Student,803,"August 09, 2019",BR026,Yes,Verified,Benin,
CUST003289,Eric,Black,02-09-1985,F,robinsonsteve@example.com,,7605 Brown Corners,Andrewstad,IA,78727,,Driver,767,04/12/2012,BR017,TRUE,Not Verified,El Salvador,ONLINE
CUST003290,Meredith,Francis,,M,kimberlystone@example.net,(001) 741-3949,986 Ingram Mills Apt. 179,Katherineport,NV,56033,59918.64,Engineer,628,06-02-15,BR024,No,Pending,Cameroon,Walk-in
CUST003291,Craig,Thompson,79-01-23,F,vsullivan@example.org,(216) 660-1930,02368 Amanda Expressway,Nicholsonfort,MI,57862,119648.6,Lawyer,614,18/02/2004,BR008,TRUE,Not Verified,Nauru,N/A
CUST003292,Alexander,  Olsen,09/01/1952,Male,msmith@example.net,N/A,0923 Bell Fields Apt. 822,Scottville,KS,13534,0,Student,0,12-09-2008,BR028,TRUE,Verified,Micronesia,branch
CUST003293,James,Maddox,30-04-1965,F,susan69@example.com,1208541843,4350 Kelly Branch,Port Angel,IA,01786,114693.79,Engineer,9999,24-02-2019,,True,pending,Zimbabwe,Branch
CUST003294,Bryan,Roberts,"July 17, 2004",F,morrisonlindsey@example.net,(262) 758-9444,981 Wright Stravenue Suite 448,Kimberlytown,GU,03944,81830.82,Student,676,06-03-04,BR050,TRUE,pending,Kyrgyz Republic,Online
CUST003295,David,Morse,79-05-03,M,rhonda59@example.org,2967084111,57259 Judy Garden,,WY,02936,27754.24,Designer,429,2012-07-12,BR030,1,,Serbia,
CUST003296,Alex,singh,1949-10-22,0,dianeowens@example.org,001-899-4455,712 Griffith Crest,South Cheryl,NY,91251,32364.07,Developer,656,04-10-21,BR033,0,pending,,branch
CUST003297,Justin,Garcia,42-12-19,f,,,74837 Cantrell Plaza,North Johnview,NJ,12433,,Chef,708,13-07-2009,BR033,FALSE,VERIFIED,Korea,Walk-in
CUST003298,Jeffrey,Flores  ,02/04/1972,M,amanda08@example.net,000-000-0000,3475 Raymond Street Suite 237,New Jeffreyborough,MD,24863,36907.26,Student,449,"July 25, 2014",BR019,No,Verified,Malta,ONLINE
CUST003299,andrew,Ferguson,73-04-12,F,hlawrence@example.com,697.406.5279,039 Sandra Centers,Lake Nicholasport,NY,98842,29632.73,Student,492,2000-02-13,BR007,1,verified,United States Minor Outlying Islands,Walk-in
CUST003300,Christopher,Koch,2002-12-11,M,KROSS@EXAMPLE.COM,3278630965,8179 Mckenzie Pike Apt. 294,West Andrewland,WY,20556,109806.01,,,11/19/2002,BR029,FALSE,,Saint Barthelemy,branch
CUST003301,Glenda,Mccoy,08/12/2000,F,jasmine41@example.net,4038897731,07540 Griffith Coves Apt. 255,Stephanieville,DE,75805,81849.35,Sales Rep,750,2012-04-07,BR047,No,VERIFIED,Kyrgyz Republic,Referral
CUST003302,George,Lewis,12/26/1968,F,scontreras@example.com,(906) 555-1949,62026 James Point Suite 725,Lake Amy,XX,15109,"37172,6",Designer,658,07-03-29,BR037,True,N/A,,Referral
CUST003303,Jessica,Wallace,1964-10-04,F,castanedajustin@example.org,000-000-0000,933 Carlos Mews Suite 503,Lake Andrew,FL,65617,7758187.0,Teacher,530,23-09-17,BR042,No,VERIFIED,Ukraine,Online
CUST003304,Maria,Smith,74-05-01,male,weaversteven@example.net,,8911 Erin Ports,North Madison,NJ,67282,34098.66,Designer,739,,BR017,0,,Somalia,Branch
CUST003305,Jesse,JOHNSON,NULL,M,gthompson@example.net,7774448307,38704 Nathan Crossing,Amandaton,VT,79228,108528.75,Self-Employed,637,03-12-30,BR024,No,Not Verified,Tunisia,Branch
CUST003306,Scott,Ramos,06/06/2000,M,traceynguyen@example.net,000-000-0000,,Michaelland,MA,94438,107147.98,Driver,539,13-11-2019,BR015,0,,Uruguay,Online
CUST003307,Sierra,Davidson,65-02-11,M,leekatie@example.net,(001) 700-6464,0303 Brandt Station Apt. 766,New Shannon,MA,80921,88620.22,Developer,724,2017-07-10,BR040,1,verified,Myanmar,Walk-in
CUST003308,amanda,Sanchez,1940-05-20,FEMALE,perryangela@example.com,+16907840587,02109 Joshua Cliffs,Kleinside,wi,66024,82658.14,Accountant,698,18-08-2010,BR021,0,Not Verified,Gibraltar,Branch
CUST003309,Connie,Ramos,01/05/1984,F,  edwardwilliams@example.net  ,1944616864,7291 Cox Pass Suite 289,Port Kelly,NE,63759,131641.58,Officer,325,23-12-12,BR040,FALSE,VERIFIED,Czech Republic,N/A
CUST003310,Jessica,Gomez,03/18/1969,f,wbryant@example.net,N/A,83118 Hunter Extension,East Rebecca,VT,62326,69989.02,Designer,511,"August 13, 2008",BR039,1,,Grenada,online
CUST003311,Matthew,Day,2003-08-02,F,perezangela@example.com,576.999.4170,0782 Philip Locks Suite 134,New Marthaton,MH,19326,28634.41,Officer,507,21/08/2011,BR007,Yes,,Israel,Branch
CUST003312,Joshua,Sutton,"March 26, 1983",M,opetersen@example.net,,18081 Whitney Manors,New Ryanport,GU,89308,85731.59,Contractor,573,15-05-2009,BR048,False,VERIFIED,Mali,Branch
CUST003313,Richard,Ho,67-09-11,M,karenchambers@example.org,,80429 Donovan Falls Apt. 349,West Ian,VA,95196,143011.65,Chef,419,"November 22, 2012",BR001,1,N/A,Croatia,Walk-in
CUST003314,Bradley,Burgess,"May 13, 1985",M,davidmarquez@example.org,,9133 Christian Causeway Apt. 208,West Todd,MH,80840,34483.42,Officer,383,06/08/2010,BR027,FALSE,N/A,Benin,ONLINE
CUST003315,Bradley,Newman,1963-12-26,M,pthompson@example.org,9676536248,1287 Silva Corners Suite 606,Leestad,KS,23183,57348.8,,502,28-12-2003,BR021,Yes,N/A,Anguilla,N/A
CUST003316,Katie,wilson,1986-09-19,M,amylawson@example.org,6614191983,53061 Alyssa Road,Port Sharon,GA,32545,84575.61,Retired,,03-03-22,BR043,True,,Samoa,Online
CUST003317,Melissa,Rodriguez,02/06/1995,F,brettturner@example.net,3357446259,1435 Hernandez Estates,Michellestad,GU,36390,68113.33,Clerk,384,"November 02, 2016",BR022,True,VERIFIED,Andorra,Online
CUST003318,ANN,peterson,09/01/1973,F,bradleymartinez@example.net,165.196.4987,2514 Burke Streets,New Charlesport,PR,89334,35619.37,Sales Rep,9999,2023-01-15,BR013,Yes,pending,Venezuela,Walk-in
CUST003319,AMANDA,Moore,19-05-1940,F,CAMERONRODGERS@EXAMPLE.COM,000-000-0000,645 Oliver Island,Port Anneport,IL,13783,109265.02,Engineer,650,,BR034,Yes,Not Verified,Gambia,N/A
CUST003320,Kimberly,  Nichols,"July 19, 1994",M,ogreen@example.net,,22110 David Prairie Apt. 152,North Alexisville,WA,74524,151201.43,Consultant,386,03-02-2004,BR003,0,N/A,Jersey,N/A
CUST003321,michael,Henderson,"November 04, 1945",M,jose68@example.org,,678 Gonzalez Loop,Port Ricardo,CA,51487,76864.6,Retired,711 pts,10/28/2018,BR048,1,verified,Malta,ONLINE
CUST003322,William,Frederick,12/04/1986,F,isaiahkennedy@example.com,N/A,658 Daniels Locks,Fergusonshire,CT,32280,38357.61,Designer,714,"December 10, 2005",BR039,True,N/A,Eritrea,branch
CUST003323,Anthony,Welch  ,59-06-02,M,dustindavis@example.net,N/A,27409 Smith Oval Apt. 047,Lovestad,AS,75692,15786.38,Self-Employed,554,"February 28, 2013",BR046,No,N/A,Andorra,ONLINE
CUST003324,ANGELA,Francis,82-05-19,F,michaelreynolds@example.org,001-696-3467,5539 Hannah Lakes Apt. 433,Ramirezstad,SD,58942,79029.16,Doctor,634,,BR003,True,Pending,Canada,branch
CUST003325,ALYSSA,Thompson,09-12-1970,female,hbaker@example.com,+15874632942,631 Daniel Fork Suite 354,West Patricia,RI,46421,108635.71,Manager,478,10-11-2012,BR003,0,Pending,Guatemala,Walk-in
CUST003326,Colleen,Powell,16-05-1971,Female,robert46@example.net,+1-339-571-3116,816 Reed Plains Apt. 847,South Sherriland,AR,68204,86630.87,Manager,415,05-10-11,,,Pending,Heard Island and McDonald Islands,branch
CUST003327,leslie,Combs,05-11-1958,M,wilkersonheather@example.com,N/A,2762 Paul Ville,Port Danielfurt,MP,55067,69915.87,Designer,325,02-12-2009,BR028,0,VERIFIED,Benin,Branch
CUST003328,Tiffany,Estrada,2004-06-21,male,tamaradavis@example.com,N/A,788 Smith Burg Apt. 081,Schroederbury,AS,56734,,Doctor,424,12-01-21,BR021,0,N/A,Antigua and Barbuda,branch
CUST003329,Megan,Johnson,09/11/1994,1,,483.350.9038,625 Brian Crest Apt. 215,Thomasborough,DC,62475,31774.27,Analyst,747,"November 15, 2021",BR014,TRUE,VERIFIED,Netherlands Antilles,branch
CUST003330,Megan,Neal,99/99/9999,Female,cbrown@example.org,,710 Margaret Knoll,Lukeville,OR,72601,99216.3,Self-Employed,-1,"January 15, 2009",BR021,FALSE,VERIFIED,Seychelles,N/A
CUST003331,Patricia,Knight,04/24/1947,FEMALE,espinozajason@example.org,+1-840-282-9594,1933 Reese Isle Apt. 155,Port Deniseburgh,NV,59738,101982.01,Student,747 pts,10-07-06,BR047,False,pending,Bouvet Island (Bouvetoya),Marketing
CUST003332,Jacob,Glass,72-02-23,M,,,304 Neal Circles Suite 563,Acostaburgh,XX,65941,USD 15899.46,Doctor,443,18-11-2003,BR040,False,N/A,Armenia,Online
CUST003333,erik,Wright,22/07/1968,1,atkinserik@example.net,+1-261-784-7461,,Port Crystalchester,AR,80321,12564436.0,Nurse,636,22-02-01,BR006,No,VERIFIED,Comoros,
CUST003334,Paul,Wilson,04/03/1987,M,blakejones@example.com,(450) 912-8077,2512 Thomas Mills Apt. 904,East Taraville,HI,18246,90092.49,Chef,669,99/99/9999,BR043,Yes,verified,Puerto Rico,Walk-in
CUST003335,  Juan,Davis,76-03-27,female,JENNIFER96@EXAMPLE.COM,+1-360-735-6966,2288 Norris Crossing Suite 129,South Lindsey,MN,50417,118985.81,Student,340,08/23/2007,BR037,False,Pending,Holy See (Vatican City State),online
CUST003336,Scott  ,Wilkins,02-04-1998,F,amanda79@example.org,000-000-0000,9135 Ramos Mountains,Jonesport,DC,61474,23025.53,Driver,671,"July 22, 2023",BR021,TRUE,Verified,Netherlands Antilles,online
CUST003337,Melissa,Walker  ,"October 23, 1988",Female,ebrown@example.com,N/A,51381 Curtis Isle,Nicolefurt,VI,31464,22196.15,Lawyer,407,23-09-2011,BR005,,N/A,Georgia,Referral
CUST003338,Charles,Cook,13/06/1991,F,david34@example.org,896.742.8921,0507 Davis Lake,South Sheilabury,NC,86292,64786.07,Engineer,425,18/04/2012,BR024,Yes,Not Verified,Tuvalu,Referral
CUST003339,Destiny,Morgan,21/06/1973,Female,gabriel75@example.net,N/A,5390 Caitlin Islands,Christineton,SC,31943,87597.45,Accountant,746 pts,00-12-07,BR038,,Verified,Serbia,Walk-in
CUST003340,Amber,ROBERTS,09-12-1968,M,tguerrero@example.com,(389) 835-1675,8734 Derek Underpass Suite 923,Port Sarah,MI,02296,132872.63,Consultant,387,29-04-2023,BR006,0,,Samoa,
CUST003341,Andrew,  Smith,14-08-2003,M,turnerjason@example.net,000-000-0000,0416 Randy Crossroad,East Jennifer,MH,43252,"94712,76",Manager,802,"January 18, 2003",BR019,,Not Verified,Comoros,Online
CUST003342,Lauren,  Robertson,12-06-1992,M,  craigmichael@example.org  ,(976) 531-2042,,Stewartfurt,NY,91659,61506.16,Clerk,592,14/05/2014,BR034,,verified,Faroe Islands,
CUST003343,Robert,english,03-08-2005,F,michaelklein@example.org,702.540.5162,190 Myers Square,East Juliehaven,VT,86703,34077.08,Sales Rep,388,2014-10-14,BR013,TRUE,pending,Latvia,Referral
CUST003344,BEVERLY,Johnson,24-01-1988,M,davidberry@example.com,5773565702,83298 Daniel Square Apt. 358,Derekton,VI,71622,113050.02,Doctor,782,06-11-2001,BR025,TRUE,,Panama,online
CUST003345,Carlos,Wheeler,1990-08-27,m,btrujillo@example.com,000-000-0000,7298 Jeremy Summit,Benjaminmouth,IN,46691,36235.31,,439,2013-11-21,BR032,1,pending,Vanuatu,
CUST003346,Tammy,White,28/03/1943,M,shane42@example.org,000-000-0000,0110 Hernandez Plains Apt. 946,Carolyntown,MH,19173,126996.4,Student,503 pts,05-02-13,BR019,No,VERIFIED,Saint Martin,ONLINE
CUST003347,cameron,  Ramsey,"April 30, 1945",F,hilljoel@example.net,(509) 312-5695,1674 Kara Path Apt. 157,Port Jenniferberg,MT,08242,60046.54,Clerk,493,12-04-30,BR014,1,pending,Switzerland,ONLINE
CUST003348,Randall,King,"December 15, 1976",1,williamskristy@example.net,N/A,7781 Abbott Trail,East Johntown,MI,22400,125670.37,Lawyer,685,"September 29, 2019",BR015,True,Pending,Belgium,
CUST003349,Timothy,SCHROEDER,43-11-29,F,cynthia32@example.org,+17779748212,65801 Collins Plaza,Clarkmouth,NC,44892,93762.6,Lawyer,471,09-06-2011,BR001,TRUE,,Tunisia,Walk-in
CUST003350,Jacob,Travis,20/10/2000,M,fostertammy@example.net,+14484196684,122 Victoria Lodge,Port Brian,NJ,47357,65205.16,Analyst,490,17/03/2022,BR038,No,Pending,Papua New Guinea,
CUST003351,Susan  ,Harper  ,"April 09, 1992",M,zwatkins@example.org,N/A,68831 William Fall,Lake Donald,KY,34794,51821.13,Driver,408,17/10/2017,BR030,FALSE,pending,Turkey,branch
CUST003352,Tammy,Black,73-01-07,F,N/A,+18869896839,,Lake Jamesview,VI,66867,58068.22,Analyst,791,12-12-2008,BR002,True,Pending,,Branch
CUST003353,Angela,Cobb,"January 06, 1943",F,kimberly84@example.com,834-922-3893,36904 Nicholas Isle,West Terrymouth,CO,53990,84991.08,Contractor,576 pts,"September 23, 2002",BR018,,Pending,Macao,Referral
CUST003354,Joshua,Carrillo,99/99/9999,FEMALE,charlesmays@example.com,N/A,74520 Katie Overpass,New Christopherhaven,WV,83282,72700.48,Clerk,341,01-09-02,,FALSE,pending,,Walk-in
CUST003355,Carrie,Robinson,77-10-23,F,erinhendrix@example.org,+1-571-472-4422,9279 Rebecca Camp,West Reneeborough,AR,97543,49216.6,Consultant,488,06/01/2022,BR049,Yes,Not Verified,Andorra,Referral
CUST003356,Michael,Rivas,92-02-10,0,dyoung@example.org,N/A,678 Ryan Island Apt. 918,Terryborough,KS,21302,64202.9,Driver,410,07-07-2011,BR003,True,verified,Swaziland,ONLINE
CUST003357,Donald,WILLIAMS,1959-04-01,F,csnyder@example.org,995-717-0767,7048 Rebecca Court Suite 632,South John,00,09202,72750.2,Self-Employed,476,07-07-08,BR021,,,China,ONLINE
CUST003358,JESSICA,Sullivan,17-06-1974,M,ohernandezATexample.net,372-763-1068,4445 Roberta Road Apt. 764,Spencerville,OH,77960,0,Contractor,558,13-03-2011,BR006,1,pending,Lithuania,Walk-in
CUST003359,David,Bailey,21-03-1947,m,longnichole@example.com,434-944-0923,930 Sean Heights,West Kevin,PW,86922,86035.88,Teacher,565,"August 22, 2010",BR014,No,,Korea,online
CUST003360,Samantha,Garcia,01-07-1981,M,qsmith@example.com,146-589-2446,304 Christopher Fields,West Thomas,ND,37572,35709.76,Accountant,748,11/25/2005,BR043,,pending,,Online
CUST003361,Patricia,Ramirez,06/23/1986,F,vickiecarroll@example.net,187-497-4749,329 Alicia Views,Davidstad,NJ,10434,29633.37,Contractor,518,21-01-01,BR022,True,,Saint Kitts and Nevis,Walk-in
CUST003362,Veronica,Lloyd  ,1944-07-02,1,gary11@example.org,001-858-7888,676 Sutton Port Apt. 801,South Richard,WA,14980,10942.95,Doctor,594,30-07-2005,BR039,TRUE,Not Verified,Saint Martin,online
CUST003363,William,Baker,70-08-19,FEMALE,brian32@example.com,N/A,10701 Luna Curve Suite 809,Martinville,AZ,80121,7213.76,Clerk,457,99/99/9999,BR007,0,,Austria,Walk-in
CUST003364,Kimberly,Frost,43-09-26,M,  wrightlaura@example.com  ,+1-206-534-4362,111 Wendy Orchard Suite 407,Port Bradley,ZZ,14770,22559.34,Sales Rep,398,2011-07-06,BR013,0,Pending,Greenland,Walk-in
CUST003365,Amanda,Perez,45-11-08,F,johnslogan@example.org,001-344-2688,308 Weaver Shores,East Robertmouth,AK,28967,USD 45184.27,Consultant,576,2009-11-22,BR002,0,,Saudi Arabia,Branch
CUST003366,Gina,  Jenkins,1980-07-30,M,jordandonald@example.com,,802 William Isle,West Kenneth,PR,56028,138364.07,Retired,619,06/19/2011,BR013,TRUE,Not Verified,Taiwan,Branch
CUST003367,Allison,STEVENS,1982-11-08,F,paulfrancis@example.net,+1-702-872-4198,42142 Woods Haven Suite 110,Timothybury,US,95528,51594.21,Developer,579,99/99/9999,BR009,True,Pending,Western Sahara,Online
CUST003368,Lisa,Davidson,08/06/1999,F,amy43@example.org,958-718-6382,75626 David Points,Ericberg,HI,85270,76221.25,Chef,501 pts,05-04-2013,BR043,False,Pending,Benin,Online
CUST003369,Jeremy,Brown,"March 03, 1961",M,dbarnett@example.net,1427202372,6394 Watson Drive Apt. 618,Wellsfurt,NM,82240,84016.85,Doctor,416,2011-04-03,BR031,,Pending,Chile,online
CUST003370,Travis,  Cooper,"March 21, 2001",F,carolyn60@example.org,000-000-0000,0583 Joshua Estate,Lake Williamport,MH,13398,74587.28,Manager,604 pts,"September 08, 2021",BR011,0,VERIFIED,Lesotho,
CUST003371,Ashley,Jimenez,03/29/1999,M,bowmanandrea@example.org,990-376-6993,8391 Hall Valley Suite 145,Roberttown,NE,87983,USD 67289.48,Contractor,368,07/18/2013,BR006,Yes,Not Verified,Australia,branch
CUST003372,Shelley,Harrington,"November 28, 1950",M,sandra90@example.org,+1-001-979-2189,,Kaylaview,OH ,23493,28164.72,Student,821,99/99/9999,BR048,0,Verified,British Virgin Islands,N/A
CUST003373,Joe,Ho,74-09-18,M,gina97@example.net,N/A,922 Heather Locks Apt. 287,North Rodneymouth,SC,79377,"$120,782.46",Student,609,07/17/2015,,,Verified,Tonga,Marketing
CUST003374,Amber,Hall,1962-07-09,M,robinsonbrian@example.org,(332) 235-9166,6443 Alex Via Suite 110,Stephanieside,MO,42725,133251.88,Manager,724,2000-04-04,BR004,Yes,VERIFIED,,N/A
CUST003375,Tyler,White,NULL,F,stephen77@example.com,+1-407-518-1025,9727 Newman Land Suite 670,Langshire,CO,93816,"$11,106.95",Accountant,405,16-01-31,BR018,TRUE,verified,Norway,Referral
CUST003376,Robert  ,Olson,26-05-2003,M,susan60@example.net,5565758094,075 Galloway Square Apt. 183,West Danny,VT,17686,34159.0,Driver,634,2005-02-13,BR050,No,,,Marketing
CUST003377,Katherine,Henderson,67-06-21,F,graykelly@example.net,690-641-9025,61672 Mills Neck,Phelpsburgh,VI,00539,60206.64,Driver,802,04/23/2014,BR014,No,Verified,Sao Tome and Principe,
CUST003378,Diane,Winters,,M,crystalroberts@example.net,+1-556-911-6173,183 Pierce Field,South William,VA,54160,36241.18,Self-Employed,455,05-12-2018,BR017,0,VERIFIED,Spain,Walk-in
CUST003379,Jason,Marshall,10-03-1964,F,sandersjillian@example.com,(001) 417-9928,88209 Brown Mountain Suite 990,,MA,66933,87708.79,Self-Employed,323,05/07/2021,BR047,Yes,VERIFIED,Armenia,branch
CUST003380,ashley,Fuller,"June 10, 2001",0,N/A,491.658.8345,6775 Christopher Pines Apt. 191,Jasonside,SD,03059,44510.47,Teacher,622,15/01/2013,BR022,TRUE,,China,Marketing
CUST003381,Anthony,Schmidt,29/08/2004,M,holson@example.net,9917609126,532 Sue Burg,Petersenhaven,GA,61791,145776.96,Nurse,404,"August 22, 2009",BR032,True,Pending,Belgium,Walk-in
CUST003382,Jennifer,Espinoza,1986-11-11,M,lolson@example.com,694-391-9996,597 Villegas Common,Randyside,RI,60416,111669.2,Consultant,755,14/09/2008,BR022,Yes,VERIFIED,Serbia,online
CUST003383,  Jason,Howard,1962-08-26,F,ELLISMARY@EXAMPLE.COM,+10012826819,8863 Christopher Villages Suite 870,Rojaston,WI,53194,77440.09,Doctor,732,"July 29, 2013",BR005,False,Not Verified,Switzerland,ONLINE
CUST003384,Alicia,Reese,58-04-24,m,santiagokenneth@example.net,343.412.6473,180 Cunningham Wall Apt. 774,Danielton,CA,59873,105944.52,Engineer,331,02/10/2019,BR039,TRUE,Pending,Philippines,Online
CUST003385,Rachel,rodriguez,48-06-02,F,,133.432.6903,41520 William Drive,South Mark,PR,16345,108706.51,Contractor,419,29/06/2021,BR035,True,,Uzbekistan,branch
CUST003386,Richard,Thomas,"November 15, 1951",F,alexanderblake@example.com,N/A,912 Rachael Loop Suite 727,West Shawnhaven,VA,57731,50261.84,Self-Employed,601,2013-02-24,BR025,0,verified,Guatemala,Referral
CUST003387,Matthew  ,HOLT,19/09/1979,M,adamadams@example.net,+1-874-669-0647,9044 Jacqueline Valleys,East Jessica,MS,77169,41432.4,,414,13-03-2008,BR048,FALSE,Not Verified,Wallis and Futuna,Referral
CUST003388,Eddie,Cook,25-05-1947,M,robertgarrison@example.com,(741) 662-2034,1604 Michael Vista Apt. 588,Josephview,OH,16722,72735.01,Contractor,409,2013-10-13,BR017,1,verified,,N/A
CUST003389,David,Sullivan,06/17/1963,FEMALE,  stephen98@example.org  ,3295089290,,Michaelside,SD,12924,100157.26,Self-Employed,767,29-11-2009,BR018,,Pending,Angola,Referral
CUST003390,Gina,Morton,99/99/9999,M,roypeggy@example.net,903-825-4286,142 Moreno Oval Apt. 470,Baileyberg,KS,10166,74867.11,Retired,606,11/08/2012,BR033,False,Pending,Oman,ONLINE
CUST003391,Maureen,Conner,1968-05-24,F,gregory45@example.org,000-000-0000,,Lake Heatherport,NH,13713,14805.12,Consultant,465 pts,20-03-11,BR014,0,Not Verified,Guyana,Online
CUST003392,Gary,Glass,99/99/9999,M,,+19704989045,6953 Daniels Ridges,,FL,24944,41901.14,Nurse,751,12/16/2000,BR047,FALSE,N/A,Chad,Branch
CUST003393,Allison,Mcdaniel,40-10-05,M,ymills@example.org,,6595 Hooper Centers,New Michaelshire,VT,67244,67410.95,Clerk,470 pts,21-03-31,BR010,FALSE,verified,French Polynesia,Marketing
CUST003394,Dawn,Solis,2005-03-28,M,phillipssusan@example.org,(001) 734-4052,82068 April Union Suite 366,Lake Debbie,IN,93051,6735170.0,Accountant,626,02-11-2003,BR016,,VERIFIED,Zimbabwe,
CUST003395,Daniel,Williams,14-02-1940,F,burgessbrooke@example.org,+15567056987,9090 Kevin River,Bergport,NY,36862,139038.98,Driver,604,26/04/2010,BR043,Yes,Verified,Belize,Branch
CUST003396,daniel,armstrong,NULL,F,bcook@example.org,000-000-0000,07264 Gray Ferry Apt. 122,North Philipport,IL,61056,21490.42,Lawyer,505,99/99/9999,BR045,Yes,,,Walk-in
CUST003397,Chloe,Christian,58-06-24,female,dtaylor@example.com,000-000-0000,06277 Garrison Villages Apt. 838,East Brittneymouth,MS,18740,87695.62,Student,746,23-02-15,BR015,1,verified,Dominican Republic,Walk-in
CUST003398,Cory,Miller,02/02/1949,F,natasha95@example.org,9263796991,469 Medina Walk Apt. 125,Phambury,SD,71839,122118.96,Retired,654,2005-05-18,BR017,Yes,N/A,Honduras,ONLINE
CUST003399,David,Washington,16/09/1995,M,michaelchavez@example.com,1339862183,1266 Zachary Fork,West Michael,MO,39600,149500.74,Contractor,450,11-05-03,BR043,True,VERIFIED,Singapore,ONLINE
CUST003400,Brandy,Davidson,07/19/1968,Female,catherinewilliams@example.com,N/A,5106 Charles Freeway Suite 494,East Debraburgh,LA,79423,55846.09,Consultant,716,"November 06, 2001",BR028,0,Not Verified,United States Minor Outlying Islands,N/A
CUST003401,James,  Schwartz,15-08-2013,female,pgarcia@example.net,000-000-0000,9076 Ford Shore Suite 224,Kennethport,mo,56273,87200.03,Analyst,401,99/99/9999,BR035,Yes,VERIFIED,Congo,
CUST003402,Andrew,Torres,04-03-16,F,benjaminterry@example.org,914-723-3453,19032 Woodard Court,East Dylan,SC,24025,89941.61,Lawyer,760,15-08-09,BR029,True,pending,Estonia,Walk-in
CUST003403,Karen,Owen,"May 05, 1993",m,thomas83@example.org,(793) 470-8638,967 Christopher Court Apt. 208,West Johnnyfurt,OR,99448,76841.86,Self-Employed,531,2007-06-22,BR019,Yes,,Guinea,N/A
CUST003404,Andrew,DAVENPORT,"January 01, 1964",M,bpalmer@example.net,,14052 Baker Drives Suite 350,South Jamie,ZZ,08289,66540.42,Consultant,557,12/06/2003,,False,verified,Taiwan,N/A
CUST003405,  John,James,04/06/1954,Female,popethomas@example.com,(503) 427-1843,0708 Smith Heights Apt. 976,East Jonathanville,TN,10026,85259.14,Self-Employed,310 pts,01-01-18,BR004,TRUE,,Luxembourg,Referral
CUST003406,  Kristina,Daniels,09-12-1946,F,jenniferbell@example.com,000-000-0000,672 Christie Way Suite 048,,US,30518,,Driver,786,2009-02-11,BR022,No,verified,Korea,Marketing
CUST003407,Chad,  Shelton,"November 22, 2004",M,mccarthynicholas@example.org,+17793143942,244 Bernard Road,West Linda,MD,34812,93872.43,Officer,326,06-05-24,BR042,1,verified,South Georgia and the South Sandwich Islands,Branch
CUST003408,Ricky,Duarte  ,NULL,0,alowe@example.com,000-000-0000,5942 Larry Branch,Ruizshire,KS,30187,,Student,849,2007-09-25,BR015,Yes,Pending,Congo,Marketing
CUST003409,Derek  ,Dickson,1958-08-26,F,burtonkimberly@example.net,,9171 Perkins Roads,East Debra,VT,30151,62213.38,Consultant,824,2009-03-06,BR010,1,N/A,Nicaragua,N/A
CUST003410,Brenda,Cortez,"August 19, 1942",M,james81@example.com,392.203.6584,2891 Dawn Tunnel Apt. 611,Millerbury,DC,22022,141640.18,Driver,444,"August 28, 2023",BR030,,Verified,Romania,ONLINE
CUST003411,James,LOVE,05/01/1986,M,hshaw@example.com,416-932-7154,,Garrettville,00,05791,46377.31,Clerk,590,03/28/2010,BR019,False,VERIFIED,Croatia,Branch
CUST003412,michael,Brown,61-06-01,M,tray@example.com,N/A,44178 Brandon Oval Apt. 921,Port Stephanieville,KS,81939,55892.34,Doctor,486,"May 24, 2006",BR035,True,VERIFIED,Belarus,Walk-in
CUST003413,Kathryn,  Adkins,19-02-1966,Male,jenniferhull@example.com,1504620190,1648 Megan Pass,Hillville,MD,62289,139704.37,Lawyer,541,17/07/2000,BR037,TRUE,Pending,Korea,Marketing
CUST003414,Donna,MOORE,NULL,M,tina13@example.org,000-000-0000,7305 Townsend Club Apt. 477,,CT,56717,40877.85,Retired,522,"April 27, 2013",BR016,True,Pending,Peru,
CUST003415,Megan,Tucker,19-07-1985,M,whitneysharp@example.org,(848) 527-2105,260 Rebecca Key,Michaelton,CO,48110,50745.97,Driver,651,26/04/2009,,,Verified,Qatar,N/A
CUST003416,lisa,Morris,,f,williamedwards@example.org,(139) 394-8647,,North Carrie,MA,70464,64854.11,Accountant,679,30-12-2015,BR029,0,verified,Kenya,N/A
CUST003417,Jacqueline,white,99/99/9999,M,smithangela@example.com,+14729641941,13714 Greene Corners,East Jack,OR,66385,"$99,425.71",Engineer,690,2010-05-06,BR045,No,N/A,,Walk-in
CUST003418,Lee,Mitchell,01/13/1975,M,ppowell@example.org,315.369.1085,6496 Wilson Throughway Apt. 961,Benjaminton,ME,42403,77273.09,Retired,813,23/05/2003,BR006,No,verified,Turkmenistan,ONLINE
CUST003419,Patrick  ,Gibbs,"October 26, 1966",Female,scott43@example.net,000-000-0000,4009 Jose Cove Suite 625,Dawsonborough,FL,00887,24758.11,,516,,BR039,False,verified,Bermuda,Marketing
CUST003420,Brenda,Jones,23-04-1959,F,  wheelerwendy@example.com  ,+11667865929,768 Rivera Haven,Traceyberg,UT,46067,51374.1,Chef,662,21/11/2006,BR005,TRUE,N/A,Bouvet Island (Bouvetoya),online
CUST003421,Elizabeth,Robinson,01/21/2004,MALE,fbarnett@example.net,+1-001-453-8563,18099 Marcus Island Suite 963,Leahborough,NC,59851,48742.59,Teacher,826,"October 28, 2020",BR036,0,VERIFIED,Northern Mariana Islands,Online
CUST003422,Henry,Mitchell,99/99/9999,M,bmccullough@example.org,001.982.6863,212 Tracy Run Suite 653,North Toddton,AR,89985,67297.26,Developer,560,06-11-26,BR030,,N/A,Nepal,
CUST003423,Kathryn,Hall,1949-03-28,M,jenny46@example.com,(332) 508-0256,36576 Benjamin Wall,,AK,00000,84904.53,Engineer,513,06-01-2021,BR048,0,Pending,United States Virgin Islands,Referral
CUST003424,Elizabeth,Cooper,22-02-2000,M,vgarcia@example.net,+18399234186,45905 Conner Highway Apt. 650,Mistyland,SD,39627,84637.2,Chef,842,07-09-02,BR029,FALSE,pending,Czech Republic,Branch
CUST003425,Melissa,Green,99/99/9999,Female,gregorywelch@example.com,N/A,57188 Sullivan Rapid Apt. 658,Christopherburgh,WY,42755,7839.59,Self-Employed,698,2006-09-21,BR048,FALSE,Pending,Burkina Faso,Referral
CUST003426,EVELYN,Lopez,1997-09-14,M,lpatterson@example.org,142.258.6698,17127 James Green Suite 223,,MA,26443,10723793.0,Chef,0,02-12-10,BR017,No,VERIFIED,Togo,Marketing
CUST003427,Jeffrey,Oconnor,01/06/1954,F,deannaweaver@example.org,(383) 649-5387,42395 Walter Light,Berrymouth,WA,49050,78839.91,Chef,539,19-01-01,BR015,Yes,pending,Malta,
CUST003428,Stacey,Rodriguez,"January 07, 1961",M,josephfitzpatrick@example.org,(001) 365-9716,182 Smith Run Suite 913,East Brandonhaven,MH,71743,118458.62,Teacher,603,2000-08-08,BR015,Yes,pending,Tokelau,Marketing
CUST003429,Patricia,George,1984-08-01,F,mrivera@example.net,N/A,877 Zamora Spur,Richardview,KS,73829,"85546,94",Sales Rep,604,"August 15, 2021",BR033,Yes,,Estonia,Branch
CUST003430,Dawn,west,10/02/1985,M,warren86@example.org,897-890-6454,648 Nicholson Harbors,Tiffanystad,MT,54794,10854630.0,Accountant,595,27-03-2014,BR007,TRUE,Pending,Saint Lucia,Online
CUST003431,Nicole,Norton,12/02/1944,0,moranbrian@example.com,0019758373,107 Kimberly Shores Suite 386,North Austinmouth,PA,57690,86329.09,Doctor,643,20/02/2006,BR048,Yes,Verified,Zimbabwe,N/A
CUST003432,Kenneth,Hall,11/25/1963,F,julia11@example.com,001-633-5766,2397 Samantha Run Apt. 150,East Adrienne,CO,67829,117117.9,Sales Rep,826,2013-09-29,,True,VERIFIED,Georgia,
CUST003433,Keith,Blanchard,05/10/1946,F,xhayes@example.org,,691 Griffin Burg Suite 928,Nicholasfort,ND,93597,88278.77,Student,509,26/11/2008,BR033,FALSE,Not Verified,,ONLINE
CUST003434,Angela,Johnson,76-10-07,M,tiffany33@example.com,,9952 Riley Loaf Suite 924,Carolborough,TX,80124,66572.97,Developer,357,99/99/9999,BR018,True,Verified,Bulgaria,branch
CUST003435,Heather,Anderson,1976-09-15,M,reneeshah@example.com,+16642875032,5995 Wheeler Key Apt. 312,North Sarahstad,VA,15153,USD 149535.22,Officer,428,2021-06-07,BR037,True,Verified,Bhutan,Marketing
CUST003436,Leslie,Moreno,14/03/1945,F,  phillipgonzalez@example.com  ,775.374.1924,22290 Simpson Circle,East Sylvia,WV,10025,101116.3,Sales Rep,703,07-06-2010,,,Verified,Netherlands,Online
CUST003437,Kimberly  ,Hammond,09/10/1986,M,aschneider@example.net,(937) 873-2864,712 Smith Throughway,,MN,45450,90081.05,Driver,384,"December 13, 2002",BR048,1,Verified,Estonia,Marketing
CUST003438,Sandra,Allen,"January 01, 1957",F,mmoore@example.com,5273864913,45387 Tucker Creek Suite 589,,FM,76602,USD 25329.35,Retired,719,99/99/9999,BR003,1,pending,Sao Tome and Principe,online
CUST003439,JACK,Mckee,16-03-1970,M,nicole26@example.com,001.527.8186,20402 Jones Groves Suite 796,Amyhaven,NH,14393,24909.23,Driver,738,"November 10, 2019",BR038,0,N/A,Niger,Marketing
CUST003440,Catherine,Gilbert,"May 25, 1941",female,daniel10@example.net,245-906-1615,919 Brown Mall,West Sarahport,ut,67879,80245.04,Officer,747,"January 07, 2009",BR050,FALSE,Not Verified,Burkina Faso,ONLINE
CUST003441,Dustin,  Hernandez,02/12/1978,M,qstevens@example.com,0013108993,1992 Derek Passage Apt. 857,South Sandraland,AZ,29672,75093.24,Accountant,391,"November 18, 2005",BR039,FALSE,verified,Andorra,Marketing
CUST003442,Cody,Cervantes,01-05-1947,male,jameshart@example.net,(001) 697-4035,379 Daniel Valley,Paulshire,PA,59409,48505.71,Retired,710,2008-12-02,BR040,Yes,verified,,branch
CUST003443,Sara,Jarvis,52-08-27,F,russosarah@example.com,576.969.7917,4380 Sharon Roads Suite 230,South Christiemouth,FM,33432,74934.39,Consultant,380,NULL,BR040,1,pending,Honduras,N/A
CUST003444,Samantha,Pham,"September 14, 1971",F,gdelgado@example.com,(682) 272-2006,864 Castillo Falls,South Louisburgh,VI,04272,125601.94,Lawyer,719,14-04-23,,Yes,VERIFIED,,Referral
CUST003445,Tammy,garcia,08/01/2004,male,gerald96@example.net,001-688-3579,139 Justin Lakes,Michaelside,CT,21434,94339.09,Contractor,605,27/02/2023,BR048,False,Verified,Saint Helena,Walk-in
CUST003446,Kristine  ,Harvey,80-04-09,F,brandon89@example.net,,779 Davis Shore Suite 179,Jefferyborough,TN,78020,USD 30064.70,Sales Rep,707,28-05-2015,BR007,TRUE,VERIFIED,Monaco,Marketing
CUST003447,Gregory  ,Wong,71-01-09,Male,turnermartha@example.org,0014225450,68702 Charles Via Suite 502,North Kathleen,UT,96637,66097.19,Designer,540,05/16/2011,BR002,No,VERIFIED,Niger,ONLINE
CUST003448,Gregory,Zhang,"May 17, 1941",F,murrayrobert@example.com,N/A,331 John Causeway,New Davidstad,OH,13936,41826.17,Consultant,458,06-06-2021,BR036,1,verified,,
CUST003449,Anthony,Kaiser,1955-01-31,F,obrooks@example.net,336-802-9196,576 Kevin Underpass,Lake Holly,UT,43671,56430.5,Doctor,638,04/29/2014,BR018,True,VERIFIED,Papua New Guinea,Referral
CUST003450,Tammy,Vazquez,"February 20, 2018",M,keyapril@example.org,,97556 Kenneth Brooks Apt. 034,New Josephhaven,ME,40843,55523.45,Clerk,694,01-10-2001,BR004,,N/A,Saint Martin,ONLINE
CUST003451,Amanda,Pearson,1984-04-26,M,dana31@example.net,000-000-0000,75763 Clark Drive,North Leeland,IL,05016,53282.4,Designer,782,05-05-09,BR033,No,VERIFIED,Sao Tome and Principe,Marketing
CUST003452,Douglas,mendoza,NULL,F,tgilmore@example.net,0019897595,3428 Blair Village,New Ericville,AL,23464,26070.26,Doctor,334,05-06-2002,BR037,Yes,pending,Sri Lanka,branch
CUST003453,  Christine,Aguilar,10/03/2005,F,travis29@example.org,+1-653-536-0536,,Lake Dennisborough,WY,73771,65532.09,Clerk,761,15-04-2012,BR034,0,Pending,Guinea-Bissau,
CUST003454,Sarah,Flores,03/14/1986,M,abigail81@example.com,000-000-0000,08711 Fitzpatrick Falls Suite 383,Ramirezshire,MN,78737,50378.73,Accountant,346,09-07-2014,BR019,FALSE,Not Verified,Jersey,Marketing
CUST003455,David,simpson,1965-05-15,f,tonya82@example.org,,90930 Chang Divide Suite 347,New Ashleyburgh,DC,38747,0,Driver,817,"December 16, 2012",BR031,FALSE,N/A,Saint Lucia,Referral
CUST003456,Renee,ATKINSON,1970-01-12,M,barbara37@example.org,(574) 942-0844,37957 Donna Expressway,North Thomas,IL,47891,141854.02,Manager,466,08/09/2007,BR005,Yes,pending,Comoros,ONLINE
CUST003457,megan,Shields,93-04-19,M,margaret81@example.org,5657792708,23662 Tom Centers Suite 069,Mariomouth,SC,60104,,Driver,362,2009-05-08,BR009,0,pending,Barbados,Marketing
CUST003458,Michelle  ,Howard,10/23/2003,F,dkrueger@example.org,001-306-4935,99512 Kendra Trafficway,North Angela,MA,65883,56829.47,Driver,814,2006-08-25,BR037,No,Verified,Kazakhstan,Referral
CUST003459,Theresa  ,Jones,20/12/1997,f,kelly38@example.net,(172) 428-4358,12809 Olson Forges Suite 205,Lake Travishaven,VI,41692,70658.67,Lawyer,,2001-09-29,BR027,1,pending,Trinidad and Tobago,ONLINE
CUST003460,Gregory  ,harris,,M,brucewalker@example.com,,0912 Davis Views,East Tracy,OR,80713,28992.1,Analyst,442,13-04-06,BR021,Yes,N/A,Cambodia,Branch
CUST003461,Aaron  ,Kim,58-10-03,Male,scottandrew@example.org,,091 Allen Crescent Apt. 809,Yolandaton,DC,49584,129350.3,Nurse,656,2011-07-22,BR003,1,pending,Ethiopia,online
CUST003462,Wendy,Martin,13-04-1983,M,N/A,,359 Kristin Mountain,West Catherinefort,ZZ,51842,"136405,1",Sales Rep,335,08-11-08,BR008,0,N/A,New Caledonia,Branch
CUST003463,Robert,Harris,56-01-08,F,,+1-440-989-6230,431 Benjamin Dale,West Michael,HI,94257,75484.28,Sales Rep,737,03/29/2000,BR049,,N/A,Guadeloupe,Online
CUST003464,Michelle,Pham,08/02/1997,M,whiteapril@example.net,384-745-1493,69712 Green Fort Apt. 828,Julianside,HI,86856,105823.57,Lawyer,762,2015-02-06,BR026,Yes,Not Verified,Iran,Branch
CUST003465,Jack,Jones,81-02-14,Male,laurajacobs@example.com,218-550-2177,4459 Smith Heights,Davidmouth,OH,14267,76135.04,Consultant,817 pts,"August 20, 2002",BR027,TRUE,Pending,Niue,ONLINE
CUST003466,Kevin,Morgan,03/04/1955,F,gregorykrueger@example.com,,45687 Diane Spurs,,AK,42306,23214.61,Sales Rep,625,99/99/9999,BR040,1,,Finland,ONLINE
CUST003467,Sylvia,Whitney,"August 07, 1974",M,scott94@example.net,,75077 Tracy Prairie,Port Annville,AL,00000,55586.18,Engineer,-1,22-08-20,BR026,TRUE,,Montserrat,Online
CUST003468,daniel,PHAM,45-12-22,F,yanderson@example.net,378.692.0010,368 Rodriguez Harbors,South James,PA,17740,USD 74617.48,Consultant,9999,2015-04-20,BR038,No,Verified,Norfolk Island,Online
CUST003469,ASHLEY,Parker,06/17/1961,1,  qmarsh@example.net  ,000-000-0000,90565 Gray Mall,Christopherchester,MT,83905,54090.83,Nurse,521,"March 26, 2001",BR021,False,pending,Uganda,
CUST003470,Kenneth,Watson  ,07/10/1954,M,jennifer67@example.org,3774017701,4665 Harry Rue,Pollardshire,NH,25031,62347.14,Driver,577,20-07-2008,BR043,True,pending,,N/A
CUST003471,Shawn,Tyler,18/06/1980,M,wross@example.net,N/A,0044 Nelson Unions,Port Belindatown,NC,00000,66801.02,Teacher,508,28/06/2019,BR011,0,Verified,Barbados,branch
CUST003472,Natalie,Rosario  ,06/28/1948,M,ptrevinoATexample.net,0012218192,4680 Laura Alley Suite 561,East Zacharyshire,ZZ,87918,67169.25,Engineer,334,21-04-10,BR031,TRUE,Pending,Slovenia,Online
CUST003473,Elizabeth,Moss,,F,ortizrobert@example.com,+1-791-974-5546,625 Fisher Lane Apt. 049,Moodyfurt,VA,13207,71829.05,Contractor,403,,BR017,,pending,Martinique,ONLINE
CUST003474,Cynthia,  Pacheco,30-05-1985,F,perezedward@example.org,(630) 364-9085,008 Anthony Stream Suite 887,Phillipsfurt,CO,11607,32878.82,Contractor,316,"December 19, 2005",BR007,FALSE,N/A,Denmark,online
CUST003475,Frank,hudson,05/01/2000,M,jameszuniga@example.com,+19679900711,021 Joseph Shore Apt. 380,Carpenterstad,WY,12416,,Engineer,793,"February 23, 2017",BR025,0,VERIFIED,Cook Islands,Branch
CUST003476,Christopher,Lynch,12/01/1942,F,durhamtravis@example.com,+1-153-171-0310,17631 Crane Cliffs Apt. 869,Port Joannatown,DE,65920,25039.55,Designer,415,2018-08-01,,,Pending,Sri Lanka,N/A
CUST003477,Lisa,Turner,1978-05-12,F,vaughanmarissa@example.org,(001) 881-4451,4908 Hawkins Cliffs Suite 884,Port Danielton,NY,03780,104223.54,Engineer,848,16/01/2020,BR048,TRUE,pending,Nauru,online
CUST003478,brittany,Santana,62-10-14,female,emilyriveraATexample.org,,149 Cynthia Glens Suite 947,Bennettfurt,IN,65353,0,Nurse,0,2013-12-25,BR011,FALSE,,Lesotho,Walk-in
CUST003479,Natalie,Hernandez,11/03/1969,M,uwu@example.org,,33173 Raymond Hill,Lake Morgan,00,43450,110375.66,Officer,468,08/11/2013,BR014,True,VERIFIED,Ukraine,Referral
CUST003480,manuel,Miller,91-02-16,M,destinybrown@example.com,5375731809,138 Carney Ville,New Jason,WV,56166,118522.23,Contractor,358,09/19/2013,BR025,1,Pending,Gambia,N/A
CUST003481,Eugene,Hopkins  ,26/06/1957,Female,  colemary@example.net  ,687.857.7774,060 Samantha Alley,Port Sandrashire,MI,71689,59423.68,Analyst,544,24/07/2018,BR008,True,pending,,branch
CUST003482,Katie,smith,04-04-1994,F,zimmermanmark@example.net,(622) 976-0348,47245 Jones Roads,Snyderburgh,NC,01424,0,Sales Rep,304,09-11-2001,BR001,,VERIFIED,Kenya,
CUST003483,Jessica,Mcintosh,1981-11-02,F,williamscarol@example.org,+1-746-768-0797,611 Strickland Valley,Meaganmouth,PW,92727,57354.13,Developer,424,04/29/2021,BR011,FALSE,Verified,Malawi,ONLINE
CUST003484,Brad,Smith  ,23-06-1944,F,swhite@example.net,+1-589-674-1964,6109 Church Turnpike,Lake John,MN,89482,67753.55,Engineer,362,05/14/2021,BR011,1,pending,Dominica,N/A
CUST003485,Brianna,Davis,08/05/1972,M,shannonmartinez@example.com,1492571147,659 Martin Vista Apt. 361,Nicholsonhaven,RI,49930,34629.06,Driver,768,12/21/2023,BR050,False,VERIFIED,Thailand,Online
CUST003486,Karen,Davis,04/23/1942,M,watkinsjoshua@example.com,N/A,65670 Tyler Valley,Burnettland,KS,79769,USD 51967.36,Lawyer,487,19-02-15,BR024,True,verified,New Caledonia,branch
CUST003487,Theresa,holland,01/05/1970,F,arielwebb@example.net,(001) 889-9088,2706 Rebekah Prairie Suite 161,East Brandonview,VT,42427,123556.83,Accountant,700 pts,12/31/2006,BR026,,Pending,Niue,Marketing
CUST003488,Rebecca,Khan,27/05/1955,F,coxchristopher@example.net,799.622.8921,3174 Ibarra Skyway,Michelleshire,TN,03556,93272.45,Student,488,02-09-15,,0,Not Verified,Malaysia,branch
CUST003489,Jacqueline,Grimes,1998-11-27,F,charles50@example.com,N/A,1626 Haynes Orchard Apt. 229,Port Sheilafort,PW,85535,37640.26,Self-Employed,575,10/31/2004,BR045,False,Verified,Antarctica (the territory South of 60 deg S),ONLINE
CUST003490,BRIAN,BRIGGS,77-09-30,M,kristy82@example.org,238-551-6019,71766 Ramirez Corners,Clarkberg,VI,27379,14084.03,Doctor,778,11/01/2020,BR002,0,Pending,Antigua and Barbuda,branch
CUST003491,Courtney,Cole,01/19/1954,M,mosessharon@example.net,,639 James Circle,Mariabury,MS,62485,58554.39,Officer,357,05/01/2008,BR032,TRUE,,Kiribati,branch
CUST003492,Steven,  Lewis,,F,thomas26@example.org,3058614189,928 Camacho Isle,New Laurachester,IN,00000,62529.01,Analyst,614,01/24/2013,BR031,No,,,Referral
CUST003493,Carrie,Shaffer,"November 21, 1988",M,salazarvalerie@example.org,,02451 Timothy Ranch Apt. 169,Gilmoreview,TN,55053,87366.97,Lawyer,672,15-06-03,BR011,Yes,Verified,Tanzania,ONLINE
CUST003494,Jennifer,Murray,"May 13, 1990",M,N/A,,36330 Ashley River Suite 572,Melissachester,WA,61382,51263.92,Accountant,427,"July 24, 2012",BR011,No,pending,Fiji,
CUST003495,  Donna,Gray,05/01/1962,M,austin16@example.org,,,South Michaelton,RI,36617,87902.49,Doctor,-1,"September 17, 2021",BR019,FALSE,Not Verified,Christmas Island,Walk-in
CUST003496,dennis,Cook,06/20/1990,m,morganjessica@example.com,N/A,0577 Lozano Via Apt. 554,Johnsonville,MD,41765,137730.39,Student,612,03-05-21,,0,Pending,,Online
CUST003497,Brandi,Hicks,"February 08, 1949",M,tylerdrake@example.com,N/A,884 Reed Land Suite 132,Cardenasport,GU,78951,98542.54,Consultant,-1,01-10-15,BR046,True,verified,Syrian Arab Republic,
CUST003498,Kelly,KOCH,"March 26, 1991",F,,145-621-1527,640 Mcconnell Loop,Tiffanystad,VI,72105,68316.9,,628,99/99/9999,BR006,No,Not Verified,Serbia,online
CUST003499,Barry  ,Hanson  ,2003-01-20,F,jackie72@example.net,N/A,3557 Gomez Highway,Lake Allen,IN,32133,63589.73,Engineer,613,27/10/2015,BR008,True,Pending,Mayotte,online
CUST003500,Patricia,Perez,1997-03-22,FEMALE,hickskimberly@example.com,000-000-0000,58676 Rodriguez Road Apt. 711,East Kimberlyhaven,NM,09463,57516.44,Engineer,609,16/11/2003,BR038,False,Pending,Hong Kong,N/A
CUST003501,Carrie,Ward,80-11-19,F,michael48@example.org,000-000-0000,6296 Loretta Mission Apt. 150,Dylanview,MI,09870,111322.43,,346,2009-08-13,BR019,False,Pending,Australia,Marketing
CUST003502,Kelsey,george,1973-07-09,f,,N/A,850 Watson Union,Port Michaelchester,CT,71714,48044.03,Accountant,496,2003-04-21,BR022,Yes,Verified,Kyrgyz Republic,Online
CUST003503,Crystal,Mitchell,1978-09-06,M,stephenskim@example.net,001-754-2746,104 William Pine Apt. 222,Yatesmouth,FM,86277,71582.79,Officer,526,20-05-2005,BR041,0,verified,Samoa,N/A
CUST003504,Steven,  Bush,"June 11, 1963",F,mcgeejeffrey@example.net,+1-001-428-4991,601 Lori Points Suite 470,Nathanberg,GU,43219,"$71,791.93",Retired,640,99/99/9999,BR033,1,VERIFIED,Djibouti,Walk-in
CUST003505,Lisa,Roth,02/13/1954,female,troy84@example.org,+11638588301,7052 Walker Isle,Lake Brandy,NJ,74002,52437.55,Analyst,360,24-08-2003,BR041,False,VERIFIED,Iceland,online
CUST003506,Linda  ,Walker  ,"October 29, 1964",0,brownkiara@example.com,5339939834,3748 Kelli Tunnel Suite 834,Valerieshire,SC,54389,21963.71,,693,26/11/2020,BR021,False,Pending,Bhutan,N/A
CUST003507,christina,Cummings,"April 20, 1974",f,sanchezsamuel@example.net,6077210269,7550 Nolan Meadow,Johnview,LA,27159,81304.11,Analyst,445,07/07/2022,BR046,TRUE,Pending,French Southern Territories,Branch
CUST003508,Paul,King,1953-01-09,F,moorejacob@example.com,166.245.6147,7539 Ashley Bridge Apt. 344,Nelsonville,SC,13529,67864.86,Self-Employed,377,09-03-30,BR033,1,Verified,Norfolk Island,Branch
CUST003509,Kenneth,Whitaker,,F,emily47@example.net,+16009056161,,Port Emilyton,NH,72280,87508.42,Accountant,827,05-11-2012,BR036,,VERIFIED,Malaysia,
CUST003510,Ashley,Conner,22-11-2000,M,kristin22@example.org,2966234091,38850 Bell Canyon Suite 310,Ochoaton,KY,70984,51323.99,Clerk,318,2023-03-22,BR021,Yes,verified,Iraq,ONLINE
CUST003511,Anne,Harding,"July 12, 2005",M,xwhite@example.com,796-346-9009,69662 Santiago Ramp,Lake Jacob,CT,58195,112728.75,Clerk,647,12/06/2002,BR025,0,Verified,Comoros,Online
CUST003512,Richard  ,Morton,24-09-1958,M,jasongriffin@example.com,661-487-2249,236 Sullivan Skyway,Michelleport,IA,01128,39312.92,Student,800,02/07/2001,BR008,,Pending,Tokelau,online
CUST003513,Allen,Fleming,12/30/1997,F,,000-000-0000,755 Courtney Corner Apt. 132,West Michelleton,IL,59420,129921.41,Analyst,666,20-05-2001,BR005,1,N/A,China,Branch
CUST003514,Gordon,Jones  ,,F,philip15@example.com,(386) 553-4693,336 Hernandez Passage Apt. 847,Kellytown,CO,62586,,Consultant,,24-02-2022,BR031,False,VERIFIED,Christmas Island,
CUST003515,Randy,hayes,18-11-1952,M,marissablair@example.org,+1-001-511-4374,9959 Burnett Neck Suite 616,West Brianville,TN,49523,85216.95,Officer,598,,BR004,Yes,Pending,Russian Federation,
CUST003516,  Gary,Garcia,99/99/9999,F,wthomas@example.com,971.206.8150,91604 Mccullough Inlet Suite 461,,WY,02969,86640.07,Nurse,390 pts,"July 10, 2009",BR035,True,Not Verified,,
CUST003517,Andrea,Schmidt,1976-03-25,MALE,millsmary@example.org,000-000-0000,820 Isaac Inlet,Johnbury,WA,17594,42155.5,Officer,341,23-01-2017,BR019,,Not Verified,Armenia,Branch
CUST003518,kenneth,Mcdonald  ,12/23/1972,F,gonzalezsarah@example.org,(939) 236-3647,,Williamsview,WA,18168,84853.79,Driver,811,2022-03-13,BR039,True,N/A,Norway,branch
CUST003519,Michael,Mata,04/12/1943,MALE,andrewbuck@example.org,2694703394,2397 Michelle Square,North Dominique,AL,00000,114783.15,Manager,688,NULL,BR042,False,pending,Bolivia,ONLINE
CUST003520,Cassidy,Scott,13/04/1947,F,lwilcox@example.com,+1-281-652-2882,6380 Jeremy Trail Suite 658,Dannyfurt,RI,17995,0,Analyst,408,,BR031,,,Chile,Online
CUST003521,Stephen  ,Melendez,23-04-1958,F,christopher91@example.org,(001) 808-2781,305 Charles Ramp Suite 078,South Donna,PR,70407,87596.07,Analyst,365,19/12/2011,BR008,,Verified,Germany,branch
CUST003522,Brenda,Knight,51-11-03,F,gespinoza@example.org,941.327.4925,305 Michelle Grove Suite 566,Conradbury,RI,41455,$0.00,Manager,501,07/12/2000,BR047,No,verified,,ONLINE
CUST003523,Debra,Snow,29-11-2000,M,,772-371-0679,712 Boyd Bridge Apt. 007,Port Kennethstad,MS,50416,36201.73,Clerk,751,NULL,BR007,FALSE,Not Verified,Kenya,branch
CUST003524,Margaret,  Hicks,13/02/1958,F,,N/A,620 Watson Vista,Linville,AS,20773,127020.82,Developer,748,09/22/2021,BR012,True,,Paraguay,Referral
CUST003525,Margaret,Mason,1941-06-23,MALE,christina40@example.com,,16306 Sarah Mission Suite 329,Lake Douglas,CA,98592,49637.63,,803,18-12-2018,BR037,No,Not Verified,,Marketing
CUST003526,Heather,Ramirez,"May 08, 1976",male,rogerbaker@example.net,325.443.6444,8530 Alec Skyway Apt. 644,Hughesland,CT,00516,28914.2,Developer,362,15/09/2017,BR017,0,Pending,Gabon,Referral
CUST003527,Katherine,Henderson,"February 03, 1995",F,lisa20@example.org,+19795559149,91652 Angel Rapid,West Maryton,NH,83033,63072.18,Developer,794,16-04-2010,BR050,TRUE,VERIFIED,Switzerland,branch
CUST003528,Ryan,Jordan,NULL,M,kingpaul@example.com,N/A,864 Jason Haven,Michaelberg,PW,47145,142376.72,Manager,495,2011-06-27,BR014,1,verified,Trinidad and Tobago,Branch
CUST003529,LAURA,Taylor,06/03/1979,M,ubell@example.org,530.744.1672,561 Lindsey Fort,Georgefurt,AS,88721,5891.12,Accountant,696,NULL,BR021,0,Verified,Brunei Darussalam,Marketing
CUST003530,William,Kelley,02/04/1965,F,qcooper@example.net,+1-750-262-9859,106 Baker Lodge,Barbaramouth,NM,27403,"$33,204.15",Lawyer,,14/03/2006,BR010,Yes,VERIFIED,Belize,branch
CUST003531,Matthew,Howell,07/19/1967,F,edwinjohnson@example.net,,2881 Summer Canyon Suite 393,North Christopher,SD,62806,122410.11,Designer,818 pts,"July 14, 2007",BR018,TRUE,verified,Lesotho,online
CUST003532,Lisa,Farmer,"January 28, 2017",M,jasongentry@example.org,000-000-0000,7131 Christopher Flats,Hamiltonberg,MA,56949,135019.58,Contractor,549,2005-03-08,BR028,Yes,VERIFIED,Saint Vincent and the Grenadines,Referral
CUST003533,Jeffrey,Walker,03/04/1943,F,N/A,N/A,7200 Megan Fields Apt. 723,Davidtown,IL,01793,6637991.0,Contractor,,2006-04-16,BR007,No,VERIFIED,Niger,Branch
CUST003534,Matthew  ,Miller,"November 19, 1981",F,steven41@example.net,8756436542,83737 Harvey Port Suite 609,West Victor,VI,05860,26633.16,Student,812,03-10-16,BR038,No,Not Verified,Botswana,N/A
CUST003535,Andrew,Hill,02/14/1944,male,aaronwilson@example.net,,642 Elizabeth Way Suite 174,New Stephen,DE,57791,143354.52,Doctor,762,2006-04-20,BR029,False,pending,Pitcairn Islands,Online
CUST003536,Chad,Ramsey,19/08/1961,F,james93@example.net,743.543.9838,63015 Hood Prairie Suite 090,Danachester,PA,02717,125805.48,Self-Employed,660,2011-05-20,BR010,No,,Cyprus,ONLINE
CUST003537,laura,Schneider,1972-02-13,f,lewisbelinda@example.org,568-838-4123,380 Navarro Villages Apt. 155,West Robert,US,71982,93763.14,Chef,708 pts,03/06/2015,BR034,True,pending,San Marino,
CUST003538,Michelle  ,  Graham,05-09-1984,M,karen88@example.com,(542) 813-1705,5776 Jesus Centers Suite 030,Lisaville,AR ,08060,41565.92,Sales Rep,543,2020-10-06,BR034,True,N/A,San Marino,branch
CUST003539,Bobby,  Smith,73-06-14,M,,+1-839-563-3177,07146 Joanna Square,New Alanstad,LA,37931,68283.97,Developer,727,02/19/2018,BR008,1,N/A,Tanzania,Walk-in
CUST003540,Kayla,  Kelley,16/10/1945,1,cruzjennifer@example.org,N/A,70384 Walsh Circles,Scottfort,WV,76163,64387.4,Contractor,724,21-01-16,BR024,False,VERIFIED,Puerto Rico,Marketing
CUST003541,Caleb,Dickson,"July 02, 1957",F,jack20@example.net,+13192341358,6471 Guzman Way,Jordanmouth,ok,84294,81579.8,Driver,831,08-03-28,BR024,False,pending,South Georgia and the South Sandwich Islands,Marketing
CUST003542,Laura,Jones,23/12/1942,F,,+14525232742,,North Robert,AR,53012,120785.05,Designer,377,"April 22, 2007",BR045,Yes,Pending,Marshall Islands,online
CUST003543,Ronald  ,Smith,"October 21, 1994",F,burchkimberly@example.net,+1-309-703-0186,,Davidhaven,DE,12262,100779.6,Student,339,15-11-2013,BR020,No,Not Verified,Moldova,Referral
CUST003544,amanda,taylor,10/01/1968,F,thomasparks@example.com,864.794.0883,37144 Christopher Pass Suite 659,North Heather,MN,23619,32291.84,Contractor,810,11/01/2000,BR008,False,,Saint Kitts and Nevis,Marketing
CUST003545,Robin,Espinoza,1982-08-17,Male,johnroberts@example.com,000-000-0000,6450 Ferguson Grove Apt. 977,Murrayview,NM,16711,"$118,177.38",Self-Employed,506,24-06-2015,BR023,No,pending,Pitcairn Islands,N/A
CUST003546,Jessica,Burnett,"October 21, 1953",Female,davidbeck@example.com,+13915198262,9467 Olson Rest Suite 409,South Melissa,PR,08224,80959.62,Driver,574,12-03-26,BR016,Yes,pending,Sierra Leone,N/A
CUST003547,Nicole,Wilson,14/06/1957,m,griffithkatie@example.org,,9894 Drake Shoal Suite 063,Lake Michaelfurt,MP,17652,94047.3,Doctor,556,03/04/2016,BR036,0,verified,Malta,Marketing
CUST003548,Michael,Hall,06/23/1990,F,jasonpugh@example.org,001-416-4446,65421 Paige Estates Suite 333,East Melanieburgh,KS,87782,12132893.0,Analyst,565,2018-03-09,BR022,Yes,Pending,Gabon,Branch
CUST003549,Jessica,Glass,1994-09-28,Male,kyle66@example.org,(001) 799-8978,8857 Ferguson Harbors,Lake Marieside,NY,39035,31094.69,Retired,673,11/16/2008,BR020,TRUE,,Djibouti,ONLINE
CUST003550,Stacy,Wilson,10/15/1973,M,cervantescarolyn@example.net,000-000-0000,090 Cline Avenue Apt. 540,Diazmouth,NE,97066,68746.1,Driver,676,"February 11, 2011",BR004,,N/A,Colombia,online
CUST003551,Timothy,Knight,NULL,F,,4227207429,8982 Butler Mountain Suite 074,Port Rogerhaven,CA,65326,51399.09,Sales Rep,345,08/09/2022,BR043,1,Verified,El Salvador,N/A
CUST003552,Anthony,Osborne,2004-09-16,F,amandacoffey@example.net,324.552.4141,85620 Amanda Courts Apt. 451,Frankberg,VI,50623,15124.92,Contractor,605,14-02-04,BR047,No,Not Verified,Puerto Rico,
CUST003553,Derrick,Kelly,08/08/2000,F,mrodriguez@example.com,N/A,014 Johnson Valleys Apt. 447,Jefferytown,WV,41998,82134.85,Analyst,605,,BR027,False,Pending,Panama,Online
CUST003554,Stephen,Baxter,1997-06-14,f,balllaura@example.org,528-834-8410,482 David Plain,Robertview,MI,28643,15790448.000000002,Designer,695,2016-04-21,BR029,1,VERIFIED,United States Minor Outlying Islands,ONLINE
CUST003555,Kyle,Coleman,02/11/1965,F,michelle70@example.net,846-528-2446,211 Sharon Ports,North Joshua,TX,19538,5597.28,Manager,745,19/06/2019,BR030,1,VERIFIED,Slovakia (Slovak Republic),Branch
CUST003556,Tyler,Whitehead,41-06-25,M,emilylawrence@example.org,+1-534-621-3299,145 Daniel Brooks Apt. 298,Port Gloria,OR,53653,68870.18,Self-Employed,324,26/04/2022,BR029,1,,Anguilla,Walk-in
CUST003557,Randall,Christian,"August 19, 1981",M,paynejohn@example.net,+16243492442,3637 Jenkins Ville Suite 121,South Yvonne,00,09031,92419.0,Driver,673,"March 22, 2011",BR046,,Verified,Belize,
CUST003558,Sherry,VASQUEZ,99/99/9999,F,ophillips@example.org,5478728795,792 Sara Street,East Kristinachester,ND,71882,74307.74,Developer,850,"October 08, 2003",BR024,True,,Haiti,Branch
CUST003559,Angela,Martinez,,M,michaelcampbell@example.org,(344) 560-1132,24859 Gregg Motorway Apt. 676,Brockside,SC,54350,66040.52,Lawyer,672,13-03-2013,BR019,No,Verified,Yemen,branch
CUST003560,Ashley,Rios,91-01-24,F,arthurdaniels@example.org,(282) 587-1053,5393 Tiffany Common,North Robert,OR,09302,24527.43,Accountant,529,"March 28, 2023",BR013,TRUE,N/A,Cuba,Branch
CUST003561,Denise,Franco,03/20/1982,Female,james08ATexample.net,845-879-4706,3752 Sarah Ville,South Laurenland,IA,85625,,,398,15-10-2021,BR030,False,pending,Honduras,Branch
CUST003562,Tracy  ,Holland,"June 26, 2024",Female,trivera@example.org,731-594-0967,,Romeroberg,KY,84690,43513.26,Sales Rep,579,"May 05, 2010",BR027,1,N/A,Western Sahara,Branch
CUST003563,Joel,Bradford,"January 24, 1968",male,dalesmith@example.org,0016306925,607 Bobby Crescent,Hallshire,WI,48004,0,Consultant,780,30/01/2014,BR005,No,Verified,Namibia,Marketing
CUST003564,Darrell,Jacobson,56-07-11,F,tmiller@example.net,,6533 Price Mountains,East Kelly,ND,27580,111810.73,Lawyer,339,04/19/2022,BR023,TRUE,pending,Nigeria,online
CUST003565,William,  Hawkins,"May 16, 1953",M,stephaniebrown@example.net,000-000-0000,4317 Hall Canyon Suite 776,Sharonton,PR,95425,103543.5,Engineer,733,,BR026,No,Verified,Palau,Referral
CUST003566,Brandon,Ponce,"June 16, 1993",M,vharris@example.net,807.840.1236,275 Brandon Throughway Suite 366,South Charlesmouth,VI,67759,7180813.0,Retired,775,2001-05-14,BR038,,Pending,Montserrat,Marketing
CUST003567,Jose,Reed,71-11-01,FEMALE,phillipslatoya@example.org,000-000-0000,0724 Jaime Ville Apt. 445,Port Terrance,AR,62420,78017.61,Teacher,508,"May 19, 2011",,,,Latvia,Online
CUST003568,Mark,kramer,19/06/1948,F,geraldhanson@example.org,,320 Jessica Overpass,Daniellehaven,NV,51946,USD 107601.13,Doctor,-1,09/29/2013,BR023,1,verified,Senegal,Branch
CUST003569,Judy,Hughes,03-05-08,FEMALE,,000-000-0000,768 Erin Unions Apt. 757,Garrettville,NC,23058,77851.89,Lawyer,352,29/06/2016,BR040,TRUE,Pending,Niue,online
CUST003570,Christopher,Shields,16-04-1959,M,wadechristina@example.com,715-238-2553,4025 Pamela Inlet,Stevenview,NH,86732,USD 101640.61,Nurse,331,"July 29, 2001",BR034,TRUE,N/A,France,Branch
CUST003571,Cynthia,Shepherd,07/06/1970,F,  zmcmillan@example.org  ,+15296671784,7724 James Groves Suite 844,East Rachel,AK,90698,59588.12,Student,497,"September 19, 2010",BR039,FALSE,Verified,Burkina Faso,branch
CUST003572,Laura  ,Tucker,06-11-2003,0,eric73@example.com,N/A,0335 Chambers Plains,Lake Catherine,MP,67928,,Accountant,845,2000-07-25,BR013,Yes,Pending,Equatorial Guinea,Branch
CUST003573,Howard,Diaz,1972-05-17,F,qrodriguez@example.net,+1-820-629-9259,39302 Baldwin Plaza Suite 027,Lopezmouth,ME,56616,81227.5,Sales Rep,748,"January 21, 2007",BR045,TRUE,Pending,Reunion,Marketing
CUST003574,James,Elliott,2004-04-11,M,hendersonbrittany@example.net,+19586113379,10431 Douglas Circle,Port Brandiside,US,72106,76791.82,Chef,676,NULL,BR030,False,verified,Czech Republic,Branch
CUST003575,Thomas,Reed,20/05/1998,M,ujohnson@example.com,353-571-7750,77248 Murphy Skyway Suite 363,Wilsonview,AL,60682,25547.86,Driver,352,2002-07-20,BR003,TRUE,Pending,Chile,Referral
CUST003576,Manuel,Galvan,1966-08-27,M,lori08@example.org,N/A,1384 Thomas Village Suite 411,Hectorhaven,AS,60415,80043.45,,325,2015-01-13,BR047,No,N/A,Swaziland,Marketing
CUST003577,  Katherine,Solomon,1969-07-25,F,JUSTINWALLACE@EXAMPLE.COM,,1850 Ramos Inlet Apt. 250,Mooreborough,NH,07172,"40881,58",Retired,457,21-12-2007,BR048,Yes,pending,Hungary,Marketing
CUST003578,Alicia,Mitchell  ,1963-08-17,F,valerie44@example.net,6553373133,876 Gross Gardens,Larryview,NY,70962,47660.1,Designer,712,03-11-14,BR039,,VERIFIED,Gambia,
CUST003579,Jacqueline,Marquez,1983-01-07,m,christopherpena@example.com,,571 James Fall,Lake Emilyland,OH,59288,41461.85,Analyst,589,08/19/2013,BR001,FALSE,VERIFIED,Philippines,Referral
CUST003580,Emily  ,Frank,"September 19, 1962",M,gshields@example.net,001.320.7850,508 Brady Motorway Suite 748,Kennethtown,WV,14691,,Driver,502,29-05-2001,BR040,False,pending,Korea,Branch
CUST003581,Brandon,  Osborn,1953-08-28,M,rebecca34@example.net,154-628-2776,365 Melissa Ferry Suite 994,Judithport,NE,88498,144367.0,Contractor,786,12/06/2003,BR050,True,Verified,Cameroon,Branch
CUST003582,Heather,Diaz,25-11-1941,M,qnicholson@example.org,+1-865-958-2430,73388 French Corner,North Matthewchester,PA,00000,116596.87,Consultant,348,23-07-2018,BR028,True,Pending,Bermuda,branch
CUST003583,Leah,Harris,01/03/1947,F,joseph47@example.org,(001) 533-6730,50568 Ricky Fields,New David,AR,60678,137212.86,Manager,429,"May 27, 2017",BR003,No,Pending,American Samoa,
CUST003584,Randy,Schaefer,54-12-16,F,contrerasandrew@example.net,+19612109483,521 Gregory Court,Catherineland,KY,51668,27198.67,Driver,495,99/99/9999,BR045,True,Not Verified,Greece,ONLINE
CUST003585,Margaret,Moreno,99/99/9999,female,mgutierrez@example.net,+16702313282,143 Paul Greens Apt. 344,West Carolynfurt,ID,34114,72493.88,Nurse,701 pts,11/17/2011,BR012,True,Not Verified,Brazil,ONLINE
CUST003586,Jennifer,powell,08-08-1974,F,FMAYER@EXAMPLE.COM,000-000-0000,247 Stone Cliff,New Emily,CT,48997,24727.23,Chef,532,"February 05, 2022",,False,Not Verified,Montserrat,branch
CUST003587,Antonio,Day,06-08-1970,M,vreyes@example.org,144.683.6772,868 Adam Row Suite 067,Lake Benjamin,AR,09813,45650.68,Doctor,731,2006-03-28,BR014,,pending,Belize,Branch
CUST003588,  Brooke,Wu,07/19/1990,F,gonzalezjames@example.com,,704 Moran Roads Suite 596,Serranobury,VT,27010,37865.56,Chef,328,10-07-21,,,N/A,Martinique,Marketing
CUST003589,Travis,Reynolds,1941-09-30,M,,001.531.3584,9247 Karla Course,Brittanyton,UT,85865,USD 113385.44,Retired,334,23-04-27,BR015,No,VERIFIED,Wallis and Futuna,branch
CUST003590,Shannon,Warren,20-04-1956,F,kathleen78@example.net,(810) 897-7297,,Steeleside,SD,16083,56131.96,Self-Employed,586,27/07/2022,BR043,1,N/A,China,online
CUST003591,Sandra,Davenport,97-08-16,M,mcooper@example.net,(198) 292-9716,654 Gutierrez Rest Apt. 815,South Margaret,FL,38663,"107393,28",Contractor,303,10/23/2003,BR008,False,VERIFIED,Cuba,Online
CUST003592,Carolyn,Steele,"October 29, 1992",M,bridget10@example.net,+1-001-508-8377,09335 Gerald Route,Garciaton,PW,74968,91144.23,Accountant,528,26/12/2002,BR044,FALSE,verified,Belgium,Referral
CUST003593,Connie,Wilkerson,28-02-1951,M,wwong@example.net,000-000-0000,1277 Heather Shoals Suite 592,New Monicahaven,FM,44159,150627.36,Consultant,778,"August 26, 2012",BR008,True,Pending,Norfolk Island,online
CUST003594,Evan,Brown,30/07/1964,M,,(396) 812-5103,86189 Thomas Points Suite 719,Amberchester,SD,00000,18219.45,Contractor,796,17-06-2007,BR007,False,Not Verified,,
CUST003595,Robert,Brooks,1949-08-31,M,michael05@example.net,000-000-0000,728 Wall Way Suite 464,Lake Karen,PR,65626,114073.16,Driver,387,08/18/2017,BR025,1,verified,Belgium,N/A
CUST003596,Jessica,Bradley,"March 28, 1948",F,cookmichelle@example.com,,6255 Megan Pine Suite 528,Palmerview,PR,62211,110125.43,Driver,368 pts,14-12-2012,BR022,FALSE,pending,Comoros,online
CUST003597,Edgar,Bennett  ,1973-09-17,FEMALE,michaelturnerATexample.com,6378915112,3147 Erin Falls,Anneborough,CO,63174,35931.74,Self-Employed,699,"August 14, 2018",BR036,False,Verified,Suriname,branch
CUST003598,Amanda,Smith,1949-03-11,M,jasonmillerATexample.net,N/A,2029 Tina Walks,Bethanychester,AZ,00000,,Contractor,352,09-12-2000,BR043,FALSE,verified,Brunei Darussalam,Marketing
CUST003599,  Justin,YODER,20-09-1990,M,hallwilliam@example.net,+1-001-252-7078,915 Mejia Expressway,Port David,OR,00000,81765.07,Developer,604,11/15/2005,BR007,TRUE,Verified,Dominican Republic,branch
CUST003600,Paula,Lamb,"February 21, 1959",male,briannaellis@example.com,N/A,02378 Sanchez Creek,Haroldland,SC,12875,62038.33,Manager,645,11/01/2021,BR014,,Not Verified,Vietnam,Branch
CUST003601,Timothy,Bush,27/07/2002,F,heather84@example.net,+11354209807,47441 Stephen Junction Apt. 920,Davenportfurt,MH,00000,41162.26,Nurse,773,07/01/2016,BR028,0,Pending,Australia,Walk-in
CUST003602,Shannon,Hernandez,09/26/1996,MALE,ovalenzuela@example.com,2004900366,6449 Mary Pine Suite 627,Katiechester,CT,93575,44831.17,Designer,776,"July 10, 2016",BR011,False,pending,Vanuatu,online
CUST003603,Kathleen,Harding,11/18/1989,M,patriciaboyd@example.com,0014633766,477 Martin Centers Suite 747,East Jackberg,NE,37432,"$141,743.42",Sales Rep,799,"February 17, 2010",BR025,TRUE,verified,Saint Barthelemy,N/A
CUST003604,Erin,Ramsey,24-05-1993,M,beverett@example.net,+1-001-864-6768,1246 Bennett Junctions,West Amanda,00,69252,70023.9,,645,08-03-20,BR025,0,pending,Nauru,ONLINE
CUST003605,Tracey,Smith,09/24/2003,F,nathanblair@example.org,+19375894207,,Thomasfurt,NJ,35734,97374.55,Clerk,0,22-06-20,BR004,0,Not Verified,,ONLINE
CUST003606,Danielle,Tanner,99/99/9999,M,kelsey36@example.org,001.818.3242,3397 Tracey Unions,Nathanielton,MO,03492,42318.52,Chef,543,03/06/2005,BR013,FALSE,verified,Ukraine,online
CUST003607,PAUL,Walter,07/15/1990,FEMALE,markrivers@example.com,,82081 Samantha Roads,West Melissafurt,FM,44814,42705.15,Retired,667,16-03-21,,No,,Fiji,Online
CUST003608,Drew,Jordan,1945-02-04,Female,N/A,996-849-5018,9758 Harris Knoll,South Carrie,AR,80327,107869.47,Officer,571,03/04/2021,BR029,FALSE,Pending,,N/A
CUST003609,Jennifer,Raymond,07/30/1950,female,lynchandrew@example.org,+19277543453,72619 Riddle Radial,Gentryville,AS,39208,"22764,83",Contractor,530,2019-12-18,BR017,0,Verified,Honduras,Referral
CUST003610,Melody,Cole,2015-08-10,M,N/A,+16064182090,7811 Lopez Square Suite 123,New Dakota,NY,01363,55467.52,Teacher,728,08/23/2017,BR045,No,Pending,Mali,Branch
CUST003611,Brian,Ross,"November 07, 2002",M,oliverrhonda@example.org,4054366427,2160 William Extension Apt. 181,West Karl,NY,00000,71190.96,Chef,566,00-10-17,BR009,Yes,Verified,Slovakia (Slovak Republic),Online
CUST003612,Douglas,Clark,1997-01-13,F,dgriffith@example.net,6964425983,5637 Carter Mews Apt. 463,Nathanmouth,MT,42262,73898.04,Accountant,325,12-07-05,BR033,TRUE,,Switzerland,branch
CUST003613,Melissa,Evans,"March 20, 1968",M,carriekelley@example.com,5539344125,,New Emilyview,SD,08115,63731.74,Sales Rep,706,2021-12-19,BR024,FALSE,Verified,China,
CUST003614,Jennifer,Morse,"March 31, 1944",F,dcopeland@example.com,(408) 959-8594,182 Lee Forges,Michaelview,DC,12858,83853.69,Developer,473,"April 22, 2007",BR026,TRUE,Pending,Belize,online
CUST003615,Ronald,Baker,99-06-09,Female,royrobert@example.org,N/A,0111 Martinez Haven,Thomasberg,GU,58202,94249.95,Officer,583,26-01-2011,BR045,No,N/A,Pitcairn Islands,N/A
CUST003616,Ryan,Rose,"May 08, 1967",M,scottmendoza@example.net,,973 Paul Forest Suite 914,North Sandramouth,NY,37154,95712.31,Chef,458,29/10/2018,BR016,1,pending,Serbia,online
CUST003617,Dale,Mckinney,NULL,M,pford@example.net,,724 Courtney Green,Powellview,ZZ,62144,35496.87,Officer,615,"September 28, 2006",BR027,Yes,Verified,Lesotho,online
CUST003618,Jeremy,Wilson  ,04/10/1988,M,chavezmercedes@example.org,+1-318-811-9988,431 William Mission,North Kristen,NJ,60538,60054.57,Contractor,449,2022-06-22,BR034,,N/A,British Indian Ocean Territory (Chagos Archipelago),N/A
CUST003619,Mario,Williams,03/21/1960,Female,N/A,601.493.8394,896 Rodriguez Glens,,FL,44166,111816.7,Analyst,747,08/27/2002,BR011,TRUE,VERIFIED,Gambia,N/A
CUST003620,Renee,Williams,24-09-1978,M,yvelazquez@example.org,,9124 Hendrix Summit Suite 898,Port Allison,GA,70530,101312.65,Doctor,847,25-05-2004,BR005,Yes,Not Verified,Kyrgyz Republic,branch
CUST003621,  Michelle,Brooks,02-02-1989,M,kellianderson@example.org,N/A,242 Suzanne Valleys,New Courtneyport,CO,22675,21949.92,Analyst,592,2007-06-12,BR002,No,VERIFIED,Peru,ONLINE
CUST003622,Mary,Hunt,1973-12-24,F,steven06@example.org,,924 Murphy Lodge Suite 889,,MI,45027,82301.8,Manager,587,"January 16, 2023",BR032,TRUE,Pending,Czech Republic,branch
CUST003623,Heather,Boyd,25-05-1964,M,,000-000-0000,043 Castillo Port Apt. 886,,ND,84731,762.12,Engineer,664,20-09-2003,BR032,Yes,verified,South Africa,Walk-in
CUST003624,Kurt,Henry,07/04/1968,M,lnorman@example.net,001.298.2014,13787 Elizabeth Fields Apt. 398,South Mariabury,MH,34353,71642.72,Driver,324,14-07-02,BR007,TRUE,Pending,Ecuador,online
CUST003625,Natalie,Bailey,21/07/1952,F,hawkinsbrandon@example.com,000-000-0000,68808 Medina Alley,,GU,44978,136421.85,Contractor,697,26-03-2001,BR033,Yes,verified,United Arab Emirates,N/A
CUST003626,Nicolas,Foster,"August 21, 1975",F,,000-000-0000,81958 Hughes Overpass Suite 664,East Robertfort,WV,18797,36823.75,Consultant,522,,BR018,TRUE,verified,Israel,Marketing
CUST003627,  Jackie,Arroyo,09/12/2001,F,danielleperez@example.org,N/A,2809 Steven Parks Suite 455,New Ericborough,AZ,84044,"40798,69",Consultant,721,2019-01-23,BR024,No,Verified,Honduras,N/A
CUST003628,John,Glass,11/02/1969,F,cory44@example.net,+11820504357,86288 Nichols Fork,Cassandraport,PR,67556,96741.04,Sales Rep,561,08/11/2016,BR001,No,,Sierra Leone,
CUST003629,Joshua,Preston,27/08/1973,F,dylan66@example.com,181-436-7411,344 Jessica Hollow Apt. 997,New Jason,MD,50178,16001.95,Driver,306,11/12/2012,BR021,No,Verified,Kazakhstan,N/A
CUST003630,ryan,Yu,"March 26, 1997",F,harriselizabeth@example.com,+18414790734,88870 Brown Circles,,AK,91571,47853.57,Analyst,310,18-08-03,BR036,FALSE,Pending,Cayman Islands,ONLINE
CUST003631,Michelle,Griffith,09/18/1990,F,melaniehenry@example.com,N/A,606 Ashley Green Apt. 536,Saratown,LA,81475,90875.44,Designer,839,"November 05, 2016",BR040,False,verified,United Arab Emirates,ONLINE
CUST003632,Andrew,Montgomery,03-01-1970,f,diazeric@example.net,(989) 471-4977,31371 Kaylee Viaduct Apt. 075,Buckberg,KY,23063,47800.0,,704,"January 14, 2010",BR045,False,,Lao People's Democratic Republic,Marketing
CUST003633,Michael,Martin,1944-01-20,M,ajohnson@example.net,3828793465,36309 Vasquez Isle Suite 138,Johnsonton,GU,42035,61741.05,Sales Rep,499,10-11-09,BR017,FALSE,pending,Poland,branch
CUST003634,Jeffrey,FOWLER,99/99/9999,1,victoriagrant@example.net,000-000-0000,900 Sanders Ferry Suite 612,New Terranceborough,HI,91245,96046.5,,769,25/10/2017,BR022,1,,Bahrain,Referral
CUST003635,Laurie,Booker,"January 24, 1994",M,schaeferrobert@example.com,,30233 Catherine Tunnel,Lake Vernon,TX,68016,84754.11,Driver,693,22-09-10,BR011,,N/A,,Online
CUST003636,Jasmine  ,Oliver,45-02-25,F,cooperdale@example.net,850.999.1715,73592 Taylor Mountains Apt. 100,Markton,IL,97873,79338.64,Student,718,31-03-2009,BR024,TRUE,Pending,Puerto Rico,Walk-in
CUST003637,justin,Johnson  ,02-10-1941,female,  waltercarlson@example.com  ,,64133 Hester River Suite 274,West Stacie,PR,11701,58130.72,Retired,614,NULL,BR015,True,Pending,,
CUST003638,Jesus,Douglas,07/26/2020,male,hayneseric@example.com,543.973.8178,0447 Sherri Court,Lake Christopherview,RI,27743,82952.14,Officer,843,08/15/2015,BR017,0,verified,Monaco,Branch
CUST003639,Alexander,Peters,NULL,f,mccarthysandra@example.com,565.870.8841,59028 Edward Grove,North Brandiville,MD,67989,65669.36,Developer,331,2015-03-13,BR025,Yes,Not Verified,Niger,Referral
CUST003640,David,Ramirez  ,74-06-02,M,  yharrison@example.com  ,+1-463-978-9525,721 Phillip Villages Suite 436,Port Justin,ID,36500,86023.2,Developer,0,19/06/2008,BR016,True,verified,Tunisia,Branch
CUST003641,MATHEW,GREEN,10/29/1950,1,shannonjimmy@example.net,942.833.5519,50358 Marco Flat Suite 458,Gonzaleston,KY,39078,52607.38,Sales Rep,414,2018-03-17,BR030,TRUE,Not Verified,Niger,Branch
CUST003642,Lisa,Chavez,"December 15, 1961",Female,,001-455-7329,0554 Ford Locks,Michelleside,ND,50884,63610.09,Teacher,827,2011-03-21,BR010,FALSE,pending,Korea,Marketing
CUST003643,Michelle,Ford,1950-08-07,M,wvargas@example.net,6492209782,349 Luis Canyon Apt. 280,Greenhaven,MT,31408,35351.48,Lawyer,575,01/01/2010,BR023,,,Iran,online
CUST003644,Shannon,Harris,"January 25, 1982",M,wberry@example.com,000-000-0000,1280 Huffman Shoal,Normahaven,WI,32770,68774.73,Self-Employed,528,08/03/2021,BR016,No,Pending,British Virgin Islands,Online
CUST003645,Phillip,Murray,10/20/1986,1,garysmith@example.com,,21494 Ryan Plaza Apt. 520,Lake Natashaside,MP,50246,41614.97,Designer,0,13-03-26,BR046,False,Pending,Maldives,Walk-in
CUST003646,TIMOTHY,Hodges,"October 25, 1980",M,perezsavannahATexample.org,,25032 Johnson Fall Suite 180,Marychester,SD,79015,31008.37,Lawyer,426,10-08-28,BR037,False,Verified,Uganda,ONLINE
CUST003647,Rebecca,Baldwin,1955-01-28,M,mmiddleton@example.net,142-850-2562,2965 Warren Parks Suite 244,South Michaelhaven,MS,32821,79053.14,Engineer,543,"October 24, 2011",BR010,0,Verified,Saint Martin,N/A
CUST003648,Kevin,reese,1961-05-29,M,prodgers@example.org,9248991443,4764 Kimberly Bridge,Travisview,MI,74318,77445.89,Chef,506,31-12-2020,BR014,True,Verified,Taiwan,ONLINE
CUST003649,  Cynthia,White,1968-06-19,M,jeremyneal@example.net,+1-121-980-9370,28951 Duncan Mount,South Williamport,NH,17933,97400.58,Self-Employed,388,"January 21, 2004",BR041,FALSE,VERIFIED,Aruba,branch
CUST003650,Patty,Jones,26/01/1969,F,derekjackson@example.org,000-000-0000,84456 Thomas Lakes,East Elizabeth,ME,80166,54910.61,Officer,595,08/06/2010,,,,Lao People's Democratic Republic,Online
CUST003651,Melissa,Sutton,1965-10-27,F,,+14422171815,,Charlesside,CA,67782,84281.85,Officer,523,01/09/2020,BR008,TRUE,N/A,El Salvador,Marketing
CUST003652,Spencer,Coleman,30/05/1940,M,hicksanthony@example.com,(506) 882-5753,889 Keller Square Apt. 190,North Jonathanfort,LA,62170,89277.92,Doctor,595,21-11-2009,BR014,FALSE,Pending,Vietnam,Branch
CUST003653,Christina,MENDEZ,"November 24, 1950",M,jenniferfoster@example.org,+1-192-469-3282,04915 Cobb Passage Suite 257,Michaeltown,KS,33630,"$85,567.08",,308,10/02/2008,BR024,False,N/A,South Africa,
CUST003654,Kimberly,Newman,07/24/2003,M,michelle52@example.com,7787481928,3499 Thompson Port Apt. 779,Meganberg,AZ,19326,41102.12,Manager,415,2019-08-07,BR032,0,Verified,Heard Island and McDonald Islands,ONLINE
CUST003655,Katie,Green,1945-01-06,F,michael23@example.org,250.897.5324,7735 Johnny Common,Lake Daisy,CO,96678,75227.72,Self-Employed,309,17/11/2008,BR050,FALSE,N/A,Western Sahara,ONLINE
CUST003656,Michael,Allison,22-02-18,F,cbennett@example.com,N/A,02342 Huff Dam Apt. 991,Martinezport,AK,09453,"$82,744.91",Doctor,726,16/08/2017,BR043,No,Verified,United Kingdom,Marketing
CUST003657,Joseph,Swanson  ,10/02/1990,M,deannacline@example.org,,813 Hughes Shoal Apt. 857,Port Justin,PW,57846,70251.25,Officer,547,14-06-2002,BR032,0,pending,China,N/A
CUST003658,Jeffrey,hansen,99/99/9999,F,mschultz@example.com,301-263-1599,5381 Murray Wells,Kristiside,RI,65281,0,Self-Employed,697,2001-05-31,BR037,Yes,Not Verified,Lesotho,N/A
CUST003659,Thomas,Montgomery,70-02-06,M,michael00@example.com,001.947.5164,1967 Murphy Knoll Suite 958,East Haley,AK,80762,75617.14,Nurse,842,"April 22, 2003",BR033,FALSE,verified,Svalbard & Jan Mayen Islands,Online
CUST003660,COLIN,Walker,"April 07, 1996",M,patelsteven@example.org,270.822.6782,7169 Joyce Meadows Suite 017,Paynetown,MH,64294,147438.59,Designer,743,02/25/2013,BR013,FALSE,pending,Western Sahara,online
CUST003661,Tyler,Anderson,1964-02-28,F,riveralori@example.com,(598) 252-6082,4629 Nicolas Branch,Rodriguezberg,PR,34383,57398.63,Lawyer,712,10-05-17,BR031,TRUE,pending,Canada,online
CUST003662,Darren,Green  ,01/05/1956,m,gbell@example.net,1822822615,9522 Green Mountain,New Kimberlyport,WI,02496,44517.3,Chef,479,"November 17, 2016",BR030,No,Verified,Monaco,Online
CUST003663,Jonathan,Goodman,29/03/1998,MALE,jaclynhorne@example.org,+11431895319,171 Chavez Plains Apt. 530,Sandrabury,AK,03926,83067.2,Teacher,760,01-02-06,BR022,False,pending,Ethiopia,Marketing
CUST003664,Dale,  Rodriguez,07/05/1988,F,,N/A,01707 Neal Squares Apt. 724,North Nataliehaven,MI,54588,USD 80933.24,Manager,339,99/99/9999,BR014,Yes,Not Verified,Costa Rica,N/A
CUST003665,Brandon,Garcia,13-01-1993,F,richard25@example.net,,938 David Neck Suite 156,North Mistyfort,MP,50205,111745.73,Retired,,06-07-11,BR024,Yes,N/A,Guatemala,branch
CUST003666,Jonathan,  Clark,99/99/9999,FEMALE,adamsvincent@example.net,2843701154,7800 James Drive Apt. 465,Bautistatown,PA,34411,25974.61,Nurse,830,2016-05-21,BR040,,Verified,Bahamas,Online
CUST003667,Leslie,lopez,11/01/1957,M,kellybush@example.net,000-000-0000,4287 Christopher Course,Rodrigueztown,NV,13049,USD 95598.31,Analyst,819,26/05/2003,BR028,No,Verified,Mozambique,Marketing
CUST003668,Ryan,Sutton,06/26/1963,0,brandon43@example.com,000-000-0000,27439 Linda Canyon,Lake Larryview,AZ,82241,90664.77,Driver,567 pts,NULL,BR034,TRUE,Not Verified,Lesotho,ONLINE
CUST003669,Jason,WILLIAMS,26-10-1986,M,adamsabigail@example.org,569.601.3039,07411 Lindsey Tunnel,New Tiffany,GA,00000,65024.87,Contractor,354,06/22/2004,BR030,Yes,,Pitcairn Islands,Referral
CUST003670,Jennifer,byrd,30/10/1960,M,N/A,+10014529969,48134 Kelly Union Suite 455,Lake Eugenemouth,CA,62326,"$81,854.06",Developer,505,,BR037,FALSE,,Saint Pierre and Miquelon,
CUST003671,Ralph,Rowland,1976-01-17,F,davisteresa@example.com,3147456969,0492 Bowman Springs,Stacyton,MS,21690,106031.01,Clerk,576,,BR049,1,Verified,Guinea,N/A
CUST003672,Joshua,Taylor,1946-07-23,m,calvinjones@example.org,001-319-8964,5459 Melissa Pike,New Maryfurt,UT,86983,100531.04,Contractor,348,04-07-15,BR046,1,Pending,Kiribati,Online
CUST003673,JENNIFER,Parker,03/22/1953,M,cassandra41ATexample.org,000-000-0000,66595 Harper Branch,Diazburgh,NJ,44470,29994.32,Retired,539,01/09/2021,BR045,False,N/A,Czech Republic,online
CUST003674,WAYNE,Gray,18-07-2013,M,lesliejohnston@example.net,2662969361,1250 Gray Vista,South Davidfort,MA,94072,98705.54,Chef,802,09/21/2017,BR003,1,verified,Singapore,Marketing
CUST003675,Victor,Krueger,21-03-1999,1,faithharrington@example.com,N/A,344 Kim Loaf,South Karenview,DC,73885,67735.9,Accountant,778,03/11/2007,BR002,False,verified,Macao,ONLINE
CUST003676,Gerald,Sullivan,30-06-1977,M,rosariochristopher@example.com,000-000-0000,694 John Field,East Mary,MA,44786,72550.59,Nurse,646,01-04-2021,BR036,FALSE,,Korea,N/A
CUST003677,Andrew,Daniel,06/04/1965,F,madison94@example.net,,8383 James Lock Apt. 925,New Coreymouth,VI ,52816,72561.89,Designer,0,28-09-2001,BR027,1,VERIFIED,Estonia,Online
CUST003678,Erica,Chung,08-06-2003,F,gallagherdavid@example.com,6238824308,339 Larry Valley Apt. 588,Zimmermantown,DE,34211,64741.5,Retired,687,16-08-02,BR044,FALSE,Pending,Afghanistan,Walk-in
CUST003679,Nicole,Young,12/21/1966,F,pmiranda@example.org,(001) 371-6317,960 Thomas Prairie Suite 617,East Margaret,MS,81600,111709.76,Sales Rep,9999,2001-06-28,BR033,,verified,United Arab Emirates,
CUST003680,Angela,Perkins,05/11/1981,M,qgutierrez@example.net,000-000-0000,0288 Eaton Run Apt. 014,Tammymouth,NE,22064,67069.87,Officer,694,17/11/2019,BR039,1,VERIFIED,Niue,N/A
CUST003681,Gregory,Nichols,"June 26, 1960",F,stevencruz@example.org,,28540 Ruiz Drive Suite 373,Teresaburgh,NV,30487,30815.89,Accountant,553,13-06-03,BR050,True,verified,Norfolk Island,Referral
CUST003682,Justin,Walker,02/14/1962,M,todd25ATexample.com,+1-703-502-0805,1744 Mitchell Club Apt. 850,Krystalchester,VA,12216,5622646.0,Sales Rep,732,2023-11-27,BR043,False,VERIFIED,Malta,ONLINE
CUST003683,Alyssa,Campbell,"September 01, 1946",M,owensalicia@example.com,256.834.4254,3782 Pamela Ville,,CT,59187,76254.32,Contractor,783,31/12/2006,BR048,Yes,pending,Suriname,
CUST003684,Courtney,Wells  ,01/10/1970,M,sabrinavargasATexample.org,+15906675925,004 Simpson Highway,South Elizabethshire,UT,50781,113022.52,Chef,340,07-11-22,BR018,Yes,N/A,Svalbard & Jan Mayen Islands,N/A
CUST003685,Morgan,Olson,10-07-1941,F,emedina@example.com,6495976797,736 James Freeway Suite 189,North Catherine,LA,95845,91108.31,,450,28-09-2001,BR031,False,pending,French Polynesia,ONLINE
CUST003686,Patricia,Brewer,2001-09-25,F,hbrooks@example.net,911-584-0002,558 Villa Villages,Hendrixstad,GA,68311,40231.27,Driver,830,09-06-02,,TRUE,Not Verified,Hungary,Branch
CUST003687,Michael,Murphy,1987-08-05,F,michelle95@example.com,(551) 272-0135,713 John Village,Ronaldburgh,MO,79799,156981.65,Driver,767,2007-10-16,BR022,Yes,Verified,,
CUST003688,denise,Gillespie,03/10/2001,M,wilsonkrista@example.org,+17828501505,74206 Reeves Forks Suite 127,Hortonburgh,NY,54981,79267.14,Manager,642,99/99/9999,BR033,1,Verified,Djibouti,N/A
CUST003689,Marcus,Perry,2023-09-30,M,sotokelly@example.org,+1-756-784-2962,3553 Pacheco Ramp Suite 723,Port Heather,LA,11132,114638.68,Contractor,417,23-02-08,BR047,Yes,Pending,Mauritania,Referral
CUST003690,Emily,HUNT,87-05-06,F,lauraadams@example.net,800-225-3946,87722 Thompson Plains Suite 070,North Nicholashaven,NJ,84663,64689.99,Accountant,514,16-11-19,BR006,0,pending,Iceland,Branch
CUST003691,Connor,Goodwin,1988-06-12,M,  ghernandez@example.net  ,,09184 Jones Springs,North Elizabeth,OR,09399,88667.57,Teacher,442,03/17/2008,,Yes,VERIFIED,Chad,Walk-in
CUST003692,Gail,MORENO,"February 13, 1987",M,wbishop@example.net,461.645.3590,78826 Johnson Loaf Suite 636,Fordborough,NJ,34885,99381.4,Retired,782,06/11/2005,BR029,False,N/A,Kuwait,Walk-in
CUST003693,Kara,Holmes,21-05-1974,F,donaldthomas@example.com,+1-315-598-9020,4883 Watkins Springs Suite 963,New Brendamouth,VT,72976,112636.81,Self-Employed,720,02/10/2014,BR048,,VERIFIED,Kyrgyz Republic,online
CUST003694,Cameron,Lewis,10/07/1951,M,  elizabeth05@example.com  ,5072030054,,,VA,32204,107007.89,Nurse,361,"June 24, 2015",BR032,TRUE,N/A,Slovenia,branch
CUST003695,Heidi,Savage,1956-05-29,M,donald32@example.com,356.244.3367,514 Amy Underpass,Alexaland,PR,20829,100526.9,Doctor,567,01/05/2003,BR006,True,pending,Falkland Islands (Malvinas),Branch
CUST003696,Joe,Blake,96-04-16,F,shannoncummings@example.net,+13564793770,879 Gonzalez Plain Suite 459,Markmouth,PA,56214,,,364,"August 03, 2004",BR033,,Pending,Guam,Branch
CUST003697,Danielle,Avila,03/05/1950,M,annette68@example.org,304-367-4577,83183 Greer Place,,LA,72833,49988.89,Lawyer,672,2011-08-21,BR024,0,Pending,Hong Kong,Walk-in
CUST003698,Paul  ,Jarvis,29-05-1949,F,floresjames@example.net,885.873.8454,2274 Mary Overpass,Vaughntown,WV,71617,81641.26,Developer,427 pts,2007-05-08,BR041,Yes,VERIFIED,Bangladesh,Branch
CUST003699,Anna,Mann,NULL,Male,yolandapowers@example.com,9548222425,28652 Laurie Crescent,Port Kathleen,N/A,71337,102659.48,Designer,9999,"March 26, 2008",BR009,True,Verified,Luxembourg,online
CUST003700,Paula,Wallace,14/06/1966,f,brendan05@example.net,001.610.2509,998 Christina Path,Port Tracey,GA,05406,62204.78,Retired,468,04-03-05,BR049,TRUE,verified,France,branch
CUST003701,Stephanie,Haley,19-08-1945,Male,chelsea02@example.com,889-875-2436,906 Shaw Fort,East Phyllisshire,OK,69176,107281.02,Nurse,718,26/12/2021,BR020,True,verified,Zimbabwe,online
CUST003702,Scott,Choi,09/05/1965,F,sgreer@example.com,+10015926213,2120 Hurst Estate,Melissastad,ZZ,66841,,Designer,346,,BR027,True,Not Verified,Sao Tome and Principe,Referral
CUST003703,Andrew,Deleon,15-06-1984,F,davidmiller@example.org,N/A,837 Anderson Road Apt. 533,Johnton,IL,28757,37928.77,Nurse,395,27/04/2002,BR042,,verified,Eritrea,Marketing
CUST003704,Chelsea,Coleman,1956-07-11,F,tknapp@example.net,N/A,5992 Gordon Gateway,North Katherine,PR,01713,40707.78,Designer,652,18-10-2012,BR037,False,,Chile,Branch
CUST003705,Michelle  ,Proctor,02-02-1963,Female,alyssa41@example.org,467-896-5243,3467 Johnson Common Apt. 428,Castanedaburgh,CT,24787,65086.87,Lawyer,345,"August 17, 2022",BR020,True,VERIFIED,South Africa,Branch
CUST003706,George,Jones,10/22/1971,1,  johnnelson@example.com  ,N/A,348 Lopez Roads,Freemanborough,PW,95143,80766.44,Analyst,548,09/09/2002,BR031,FALSE,Not Verified,Falkland Islands (Malvinas),Branch
CUST003707,Shane  ,Carter,12/21/1996,Female,aprilcox@example.com,000-000-0000,,East Ryan,MH,90348,51640.15,Designer,667,02/13/2014,BR011,True,verified,Korea,branch
CUST003708,Tommy,Barrera,"March 21, 1984",F,kennedyvictoria@example.net,+16483733492,88702 Mason Underpass Suite 570,South Keithland,SC,80131,117327.09,Designer,666,NULL,BR044,TRUE,N/A,Hong Kong,branch
CUST003709,Carl,Bowman,06/22/2000,M,michael38@example.com,(247) 854-8892,53240 Collins Lock,West Sarahport,MN,56123,84842.34,Doctor,464,10/04/2022,BR007,Yes,,Gambia,online
CUST003710,  Roger,Yates,,M,barberdwayne@example.net,5882706707,627 Barry Park Suite 857,Laceyland,SD,15822,71380.65,Student,346 pts,14/08/2003,BR024,FALSE,VERIFIED,Tunisia,
CUST003711,Janet,friedman,20-04-07,FEMALE,,483.733.9578,03372 Freeman Stream,Anthonytown,FL,51780,"$19,743.17",Developer,725,20-12-02,BR016,Yes,VERIFIED,Czech Republic,online
CUST003712,Amy,Smith,19/08/1959,M,nunezchristopher@example.com,+1-280-379-8190,43163 Williams Port Apt. 974,Christineville,NY,48031,"$23,946.45",Designer,717,08-02-23,,TRUE,Verified,Lao People's Democratic Republic,Referral
CUST003713,Courtney,Walsh,04/23/1984,F,RENEEDAVIS@EXAMPLE.COM,N/A,914 Derek Manors,South Rachelborough,N/A,37183,USD 79835.32,Student,438,2010-06-02,BR041,FALSE,N/A,Slovenia,Referral
CUST003714,John,Wilson  ,09/23/1980,F,robertsharp@example.net,000-000-0000,44309 Alvarez Hill,Charlesshire,NY,34915,0,Accountant,596,09-11-2004,BR008,Yes,,Fiji,
CUST003715,derek,BARRY,99/99/9999,M,  joanna75@example.net  ,N/A,6366 Kristine Plaza Suite 340,North Angela,VI,85714,105442.31,Clerk,,"November 19, 2007",BR019,FALSE,Pending,Dominican Republic,online
CUST003716,Timothy,Lewis,13-04-1973,F,albert23@example.com,(578) 321-7453,3215 Amanda Hill Apt. 202,Mendezhaven,ME,23736,64464.62,Officer,0,"September 21, 2014",BR031,FALSE,Pending,Isle of Man,online
CUST003717,  Andrew,JOHNSON,03/04/1958,M,adamyork@example.org,557-875-0164,268 Cuevas Shoal,East Kevin,TX,07841,183508.25,Manager,846,05/04/2006,BR030,FALSE,Verified,American Samoa,Branch
CUST003718,Amy,STEVENS,03/16/1974,M,charlesdelgado@example.net,272.471.6835,67144 Curtis Islands Suite 056,South Alexischester,PR,33962,150777.07,Sales Rep,441,09-07-2015,BR049,No,pending,Afghanistan,Online
CUST003719,Margaret,Powell,04/05/1942,F,williambennett@example.com,000-000-0000,646 Hoffman Passage,,NJ,38899,"$63,649.28",Nurse,319,05/27/2021,BR006,0,pending,Canada,N/A
CUST003720,Donald,Jackson,70-05-08,female,michaelwalker@example.net,+18699781187,513 Gregory Tunnel Suite 395,Port Jay,GA,12299,66278.2,Lawyer,9999,11/30/2006,BR019,0,VERIFIED,Chad,online
CUST003721,Christina,Wilson,09/05/1941,M,mccormickamber@example.org,+1-551-516-0764,68515 Robert Ways,North David,KY,00000,104845.35,Clerk,783,26/06/2018,BR050,1,pending,Niger,Referral
CUST003722,Erica,Robles,99/99/9999,M,,N/A,1050 Monique Rest,Martinezland,ID,87000,USD 129611.04,Teacher,338,"June 21, 2022",BR023,TRUE,Verified,Greenland,online
CUST003723,ROBERT,WADE,1975-09-22,M,kcook@example.com,000-000-0000,701 Moran Extensions,Jefferyton,MT,59707,,,583 pts,15/08/2022,BR016,Yes,pending,Kiribati,online
CUST003724,Kim  ,Montgomery,,F,,1311650742,896 Anderson Manors,Youngport,NV,51705,7476.86,Developer,814,09-08-11,BR044,,verified,Cyprus,Branch
CUST003725,crystal,Weber,"January 09, 2004",f,amy40@example.com,+12665131378,92861 Watkins Prairie Apt. 752,Matthewsland,VA,84325,48228.78,Officer,,2007-11-02,BR031,True,Not Verified,Macao,
CUST003726,  Tasha,Hardin,43-01-20,MALE,whitekristen@example.com,433-773-6365,9603 Kristen Valley Suite 094,Benjaminfurt,SD,87879,90395.82,Chef,589,15/03/2008,BR009,Yes,Pending,Maldives,Marketing
CUST003727,joshua,Knight,42-09-27,M,kennethfernandez@example.com,1739707525,336 Ross Ford,Joshuachester,SC,83084,87390.58,Engineer,409,"January 17, 2001",,TRUE,verified,Qatar,Walk-in
CUST003728,Donald,Miller,11/05/1982,M,john85@example.org,+12414887117,392 Andrea Forge,Hortonton,IA,01564,107442.0,Manager,496,21/02/2022,BR025,False,Not Verified,Libyan Arab Jamahiriya,
CUST003729,Kenneth,Moore,12/25/1986,M,ginaestrada@example.org,1580596807,3250 Angela Locks,South Patrick,PA,32493,"$28,010.59",Student,595,11-03-10,BR016,,Pending,Serbia,N/A
CUST003730,Christina,Clay,27/12/1954,M,perezbonnie@example.net,,24309 Kelly Crest,Port Sandrastad,WV,68910,0,Driver,654,2000-07-27,BR007,FALSE,Not Verified,Guinea,N/A
CUST003731,william,Delacruz,63-02-04,M,jimmy94@example.com,581-984-7849,65076 Austin Prairie Suite 239,East Marissafort,AL,77094,100030.5,Designer,733,2006-09-25,BR044,False,verified,United States Virgin Islands,Walk-in
CUST003732,Heather,Mills,67-05-04,F,marissa45@example.net,(514) 291-1689,49558 Michelle Port Apt. 927,North Stephanie,PA,36889,41013.13,Manager,621,03/14/2022,BR005,1,pending,Guam,branch
CUST003733,Travis,Coffey,"June 06, 1997",MALE,blakeriggs@example.com,(216) 259-3153,811 West Lights,Brandonville,VT,82135,0,Driver,506,06/13/2010,BR025,TRUE,VERIFIED,Russian Federation,Branch
CUST003734,Taylor,Calhoun,07/10/1950,M,rebeccamckenzie@example.com,(292) 317-5903,412 Mcgee Street,Marissaborough,VT,89794,75077.23,,447,20/09/2019,BR036,1,Not Verified,Kyrgyz Republic,Marketing
CUST003735,John,Taylor,1969-03-11,F,timothymoyer@example.org,(730) 635-4443,0695 Bell Ramp,Brookeland,DE,35132,97761.15,Self-Employed,818,23/02/2009,BR031,TRUE,Pending,South Africa,Marketing
CUST003736,Laurie,TORRES,1984-09-09,female,alexander60@example.org,+1-001-402-9258,56452 Estrada Station Apt. 498,Donnaport,ND,71320,65728.0,Analyst,585,99/99/9999,BR028,Yes,,Belize,N/A
CUST003737,Megan,Edwards,06/25/1982,Female,stevensjohn@example.com,513-602-5626,,Benjaminfort,FL,63721,53975.31,Consultant,654,2020-01-21,BR012,True,N/A,Namibia,Walk-in
CUST003738,Jonathan,  Walls,"July 27, 1965",M,cheryl33@example.org,N/A,,Henryfort,NH,42791,64422.32,Teacher,831,22-02-08,BR031,False,Not Verified,Lao People's Democratic Republic,ONLINE
CUST003739,  Richard,Walker,25/11/1977,F,jonestimothy@example.org,0018816296,063 Michael Mission,Alanbury,WI,73916,57029.6,Self-Employed,796 pts,24/11/2012,BR033,0,Not Verified,Morocco,Referral
CUST003740,Kevin,Paul,46-08-21,F,whitestephanie@example.org,N/A,518 Warner Ramp,Melissafort,DE,90693,22818.35,Chef,562,10/14/2021,BR011,TRUE,N/A,Eritrea,N/A
CUST003741,Danny,Torres,1962-12-25,0,leslie43@example.org,000-000-0000,9246 Rebekah Centers,Theresatown,MA,77635,44986.18,Manager,319,2023-06-01,BR040,,,Poland,online
CUST003742,Lisa,Davis,16/06/1985,M,smason@example.org,179-468-7965,33613 Cameron Lake Suite 763,South Matthewmouth,AL,27920,88244.8,Lawyer,633,10/10/2021,BR014,TRUE,pending,Colombia,
CUST003743,Dominique,Patterson,26/06/1996,M,sandersjesse@example.net,+10014664932,812 Mann Square,Kevinstad,00,44544,81258.75,Officer,310,2007-12-20,BR009,FALSE,VERIFIED,Vanuatu,Marketing
CUST003744,John,Henderson,2003-09-28,M,destiny85@example.com,5735953874,,Gonzalezshire,CA,14176,75882.09,Contractor,459,19-03-2000,BR008,1,verified,Peru,ONLINE
CUST003745,Steven,Watson,21/10/1953,M,qfleming@example.org,N/A,6307 Mullen Via,Port Kyle,VI,58317,35169.8,Retired,604,10/12/2017,BR049,0,Verified,,branch
CUST003746,Rhonda,Brooks,30-07-1998,M,jacob86@example.net,+1-001-330-9631,791 Caldwell Tunnel,Lindsayhaven,UT,19236,63647.39,Manager,426,06/12/2015,BR006,True,pending,Gibraltar,online
CUST003747,Gina,Hendricks,05/07/1991,M,ngillespie@example.org,+1-170-532-5722,89943 Scott Turnpike,Martinezfort,NH,92491,0,Designer,548,06-05-2022,BR049,No,Verified,Bouvet Island (Bouvetoya),
CUST003748,  Gavin,Espinoza,81-11-15,M,rfrank@example.org,000-000-0000,10745 Proctor Highway,New Nathan,VA,16671,76246.68,Accountant,332,"April 01, 2022",BR007,Yes,pending,Qatar,Referral
CUST003749,Scott,Weeks,"April 13, 1958",M,elewis@example.org,+1-130-929-2016,662 Anthony Forest Apt. 847,Alexandraton,MT,10780,,Retired,426,"April 08, 2006",BR027,Yes,pending,Thailand,ONLINE
CUST003750,Amanda,Bell,29-04-1963,F,erinmartinez@example.com,000-000-0000,48407 Brock Route,Port Jamesview,LA,57302,18405.38,Teacher,502,2010-10-05,BR028,No,Verified,Korea,N/A
CUST003751,Regina,Jones,58-11-02,F,pamelanichols@example.net,N/A,58698 Garner Highway Apt. 204,North Chelsea,FM,94833,49492.53,Driver,808,2019-10-07,BR037,False,Not Verified,Micronesia,Branch
CUST003752,Andrew,Aguilar,1994-03-01,M,,+1-255-523-7361,32103 Karina Street Apt. 995,Donaldchester,MN,22923,81518.74,Clerk,687,09-09-14,BR039,0,N/A,Guinea,N/A
CUST003753,TIFFANY,Brown,1962-01-05,F,fshelton@example.org,000-000-0000,755 Moon Drives Apt. 597,New Michael,MI,00780,113849.49,Sales Rep,514,09/06/2015,BR021,True,,Moldova,ONLINE
CUST003754,Peter,GONZALES,17-09-1966,F,yramos@example.net,+10012414139,74932 Andres Garden,,TX,42888,,Sales Rep,704,01-05-14,BR043,True,pending,Belize,Walk-in
CUST003755,kevin,Fernandez,1943-11-09,M,rebeccaconway@example.net,+12199122079,7364 Taylor Skyway,Myersbury,TX,24959,45771.24,Sales Rep,304,04-09-2012,BR022,False,Pending,Brunei Darussalam,
CUST003756,Edward,Ryan,27-11-1995,F,lhill@example.net,446-652-6813,748 Costa Unions Suite 549,New Jonathan,NV,07494,1087.69,Chef,311,09-03-30,BR019,1,verified,American Samoa,branch
CUST003757,Derrick,Perkins,06/11/1947,F,tkim@example.com,313.735.4927,36193 Daniels Cliffs,Kimberlyview,SD,76016,73620.33,Officer,,02/07/2023,BR043,True,VERIFIED,Bosnia and Herzegovina,Referral
CUST003758,David,Hill,14/10/1973,M,michaelhayes@example.net,,1550 Foster Coves,Lake Janet,ND,36456,141472.66,Retired,456,,BR020,True,,United States Virgin Islands,Marketing
CUST003759,Nicole,Booth,21-08-1942,M,  donaldhines@example.com  ,+1-562-816-9983,431 Fletcher Fort,Patrickmouth,VT,18105,79707.55,Clerk,834,23/06/2010,,FALSE,Verified,Venezuela,Walk-in
CUST003760,Sandra,White,1974-08-13,F,,N/A,11229 Rebecca Parkway Suite 468,South Mary,MI,16352,,,697,27/10/2012,BR039,0,,Greece,branch
CUST003761,Joan,Hall,1969-12-28,M,imurray@example.org,+10012163407,8061 Jeremy Walk,Deniseton,NJ,46993,81272.88,Consultant,509 pts,22-01-11,BR042,Yes,N/A,Trinidad and Tobago,Referral
CUST003762,Bryce,Perry,07/17/1998,m,randalltamara@example.com,+1-253-428-3257,692 Susan Islands,South Stuartshire,00,78578,69611.78,Nurse,743,12/04/2010,BR031,False,VERIFIED,Venezuela,N/A
CUST003763,William,STONE,45-04-17,0,yrodgers@example.org,,3481 Pace Courts,Port Johnhaven,IN,31287,USD 41544.50,Officer,412,09/30/2015,BR046,TRUE,,Netherlands Antilles,
CUST003764,Joshua,Reyes,02-07-1953,F,bankssusan@example.org,000-000-0000,03389 Erin Canyon,Williamshaven,PR,62814,98814.8,Engineer,664,"January 16, 2004",BR045,TRUE,verified,South Africa,Branch
CUST003765,Mathew,Thompson,24-11-1998,M,N/A,+1-890-719-8146,197 Ray Ridge Apt. 851,Thompsonfurt,DE,43724,77901.65,Designer,0,99/99/9999,BR047,TRUE,Verified,Venezuela,branch
CUST003766,Rebecca,Massey,1974-09-10,F,hammondjennifer@example.org,710.455.8587,6575 Danny Ridge,Clarkside,KY,16499,70616.46,Officer,551,01/10/2012,BR017,TRUE,verified,Ecuador,ONLINE
CUST003767,David,Gonzales,58-10-10,M,christinabrown@example.com,,081 Maldonado Lodge,South Nicholas,OH,79723,35862.19,Teacher,692,99/99/9999,BR029,TRUE,pending,Holy See (Vatican City State),
CUST003768,Arthur,Marshall,01/27/1988,M,paul33@example.net,+1-001-593-5633,8235 Monroe Mall Apt. 543,Kathleenton,UT,01242,115622.78,Designer,794,2020-02-22,BR040,False,verified,Iceland,Online
CUST003769,vincent,Lang  ,03/01/2017,F,nguyenchristopher@example.com,0012812070,979 Eric Landing Apt. 421,Charleschester,HI,85921,93264.6,Student,414,2014-09-26,BR007,0,pending,Finland,
CUST003770,Kenneth,Thomas,28/05/1969,M,victorolson@example.net,,679 Kathleen Pines,Lake Jamesside,UT,26094,50647.77,Contractor,833,2012-06-14,BR010,0,,Swaziland,branch
CUST003771,Debra,Wiley,99/99/9999,M,robinsonkeith@example.org,176-678-5622,468 Smith Knolls Suite 722,Port Michaela,WV,95695,105063.87,Engineer,624,29/01/2005,BR007,False,Not Verified,New Caledonia,online
CUST003772,Tyler,Carr,12-08-1998,0,shirley24@example.net,501.815.1802,154 Brian Lodge Apt. 131,West Tyler,FM,77737,52585.02,Clerk,547,23/05/2002,BR017,1,Pending,Switzerland,ONLINE
CUST003773,Monique,Watson,22-10-1945,M,,+17604229405,545 Park Light Suite 120,South Joelborough,TX,80280,42629.88,Analyst,550,02/18/2000,BR040,TRUE,pending,Dominica,Branch
CUST003774,Michael,Salazar,"September 27, 1988",M,qlopez@example.com,+12127691741,190 Gordon Unions,New Mark,NJ,03903,43410.39,Developer,677,04-05-30,BR046,False,N/A,Faroe Islands,Online
CUST003775,Katherine,Dodson,"January 28, 1997",FEMALE,bryanjohnson@example.net,+1-001-251-5845,45224 Miller Inlet,West Jennifer,MN,11139,8012.6,Engineer,0,NULL,BR001,True,VERIFIED,Guinea-Bissau,online
CUST003776,Jeremy,Johns,68-03-22,M,travis13@example.com,(867) 566-6600,468 Joseph Harbors,Figueroaport,AS,10840,86503.98,Sales Rep,9999,04/07/2021,BR001,TRUE,,Nicaragua,Branch
CUST003777,Paul,Crawford,82-02-07,M,,612-330-4249,870 Fowler Falls,North Jacobville,az,74200,5909.93,Driver,845,00-12-16,BR029,0,Verified,,Walk-in
CUST003778,Amber,Miller,1951-05-09,F,emily98@example.net,+1-517-213-7744,2029 Dustin Knolls,,WV,45241,27004.47,Chef,802,"February 16, 2023",BR015,0,Pending,Saint Pierre and Miquelon,Branch
CUST003779,Tamara,Wilson,07-01-1972,F,kgray@example.org,8879321382,3552 James Run,Hubbardburgh,MD,42317,0,Doctor,579,"June 10, 2008",BR023,TRUE,verified,Turks and Caicos Islands,
CUST003780,elizabeth,Figueroa,07/18/1985,M,N/A,,93414 Reed Spur,Wendymouth,VT,12018,66987.56,Lawyer,614,"October 27, 2014",BR010,True,VERIFIED,China,Marketing
CUST003781,Caroline,Fritz  ,78-06-14,0,annettelawson@example.net,(679) 850-3160,769 Tate Dale Suite 278,New Calvin,CA,69054,64738.78,Self-Employed,568,2009-03-17,BR015,,Not Verified,Mauritania,Online
CUST003782,Nicholas,Miller,40-11-12,F,zlopez@example.net,+17829507250,717 Small Orchard,Jenniferhaven,CO,60441,,Nurse,830,"April 18, 2008",BR009,,,,branch
CUST003783,Robin,Mcfarland,21-04-1997,0,gibsonaustin@example.net,N/A,0335 Alexis Road Suite 896,Lake Sheryl,FM,34711,33509.78,Lawyer,436,31/05/2015,BR029,No,pending,Nigeria,Walk-in
CUST003784,  Cassandra,West,99/99/9999,F,phillip81@example.net,N/A,1306 Bennett Lake Apt. 465,Port Bradshire,ri,84232,28971.82,Consultant,478,"February 28, 2002",BR020,Yes,pending,Tanzania,Branch
CUST003785,ERIC,Burton,30-01-2004,M,kerrijohnson@example.org,+11855987865,8772 Patrick Mountains,Hernandezmouth,MI,35044,86252.95,Analyst,399,2015-02-28,BR019,No,N/A,Haiti,Marketing
CUST003786,Amy,George,26/06/1993,M,melaniecastillo@example.com,8424880289,495 Juan Hollow,South Gabriela,WI,30132,50730.68,Manager,0,19-06-2009,BR016,False,Not Verified,Cyprus,
CUST003787,Kimberly,  Owens,99/99/9999,FEMALE,james33ATexample.com,(270) 640-3801,9521 Michael Stravenue,Romanside,OR,84873,81072.54,Sales Rep,9999,09-03-2006,BR041,,Not Verified,Angola,Referral
CUST003788,Charlotte,hayes,77-02-09,F,N/A,000-000-0000,06278 Thompson Springs,Reyesstad,GU,22598,39016.3,Student,-1,99/99/9999,BR029,TRUE,Pending,Zambia,N/A
CUST003789,Barbara,Smith,09/27/1978,M,galvanashley@example.com,(947) 567-6728,470 Scott Forest Apt. 736,,MP,22396,7633720.0,Engineer,425,16-03-2011,BR040,False,Not Verified,Somalia,ONLINE
CUST003790,Dennis,Beard,99/99/9999,M,hancockjustin@example.com,N/A,05643 Donald Glen Apt. 221,Skinnerburgh,RI,14133,115614.73,Nurse,628,"November 14, 2023",BR022,0,verified,Turks and Caicos Islands,online
CUST003791,Debra,Parker,23/01/1945,F,allisonjeff@example.net,+1-001-413-2568,79946 Courtney Trail,Clarkborough,UT,32055,9051580.0,Nurse,326,05/05/2005,BR010,,Pending,Jordan,Branch
CUST003792,Marcus  ,Moore,"January 06, 1944",M,HUTCHINSONGARY@EXAMPLE.ORG,168-097-4100,57247 Andrea Oval,,MS,00000,,Officer,9999,2000-02-19,BR046,Yes,Verified,Portugal,Referral
CUST003793,Kathleen,Coleman,04/16/1999,F,camposkristopher@example.org,001-680-9917,4145 Garcia Trail Apt. 608,Chavezton,US,77658,USD 79001.96,Contractor,819,28-03-2018,BR032,No,,Marshall Islands,Branch
CUST003794,Kristin,Mccoy,"January 19, 1962",F,romeroadam@example.org,247-790-7171,12850 Mary Views Apt. 847,Port Roseville,PA,63882,61576.72,Lawyer,528,NULL,BR017,,Verified,South Africa,N/A
CUST003795,Kristi,  Moore,"March 02, 1977",F,hannah05@example.com,+12235756201,83789 Kayla Meadow Suite 516,Kristiview,AS,29894,70275.81,Retired,395,08/28/2022,BR010,0,Not Verified,Rwanda,Branch
CUST003796,Monica  ,Griffith,"April 18, 1957",MALE,ashley15@example.com,438.244.2773,2488 Martinez Manors,Philipberg,MS,00000,58603.61,Designer,550,99/99/9999,BR037,,verified,Portugal,ONLINE
CUST003797,John,  Anderson,NULL,f,mariaharnold@example.net,154-378-2032,5228 Armstrong Drive,,NV,23737,64248.27,Analyst,718,01/31/2004,BR005,0,pending,Egypt,N/A
CUST003798,Christina,myers,"January 30, 1971",M,jonathangreen@example.com,+18046045899,98170 Scott Ridges Apt. 150,Drakeberg,CO,50859,77423.27,Doctor,317,04-03-2021,BR020,True,Not Verified,Serbia,Online
CUST003799,David,Griffin,10/31/1970,M,buchananheather@example.org,001.507.8342,566 Rhodes Groves,South John,PW,06195,,Accountant,848,NULL,BR026,FALSE,,Angola,N/A
CUST003800,Matthew,Miller,26-04-1990,1,bhicks@example.com,,4355 Golden Lock Suite 011,Lewiston,ND,20679,34444.24,Contractor,0,11/16/2009,BR030,FALSE,N/A,Panama,N/A
CUST003801,James  ,WATSON,12/23/1975,M,cohenmolly@example.org,215-700-1818,70237 Rowe Terrace,Sarahborough,ND,58032,,Self-Employed,826,20-04-13,BR030,0,pending,Pakistan,online
CUST003802,Matthew,Martin,,M,rodriguezlisa@example.net,(001) 410-3388,5998 Holly Gateway Apt. 301,West Harry,RI,49918,13990.51,Engineer,832,13-01-11,BR007,False,pending,Eritrea,Branch
CUST003803,Justin,Adams,08/11/1955,F,shannon78@example.org,,815 Gary Estates Apt. 620,South Pamelashire,MS,85778,27395.11,Self-Employed,423,2023-06-18,BR022,1,verified,Korea,Referral
CUST003804,Lori,  Fry,07-06-1987,M,heatherbaker@example.com,000-000-0000,389 Erin Spur Apt. 928,South Stephanie,DE,35657,"$75,581.19",Sales Rep,491,10-06-15,,,Verified,Argentina,branch
CUST003805,Joshua,  Hardin,NULL,M,williamsonmolly@example.net,8305038575,678 Jeffrey Curve Suite 674,Kristopherstad,ZZ,19671,"$38,752.44",,-1,99/99/9999,BR008,TRUE,verified,Lithuania,N/A
CUST003806,Daniel,Hatfield,05/25/1948,F,aleccoffey@example.net,N/A,16134 Cruz Shore Apt. 317,Port Jeremyfurt,AL,23007,87976.51,,775,23/12/2004,BR018,Yes,pending,Christmas Island,ONLINE
CUST003807,Craig,  Macias,78-11-15,F,andrew64@example.net,,214 Garcia Plains,Coxborough,WI,48230,7121498.0,Lawyer,729,2000-01-12,BR007,FALSE,pending,Rwanda,Walk-in
CUST003808,Lauren  ,Brown,20-05-1987,F,felicia62@example.org,,5792 Anderson Forge,Martinstad,FM,92626,1102.35,Developer,397,20-02-15,BR046,False,pending,Kyrgyz Republic,Online
CUST003809,Mike  ,Schaefer,1953-09-05,F,riceelaine@example.com,+1-313-590-0077,1083 Douglas Keys Apt. 224,Lake Deborahview,MT,29027,92924.15,Analyst,514,2018-07-27,BR006,True,N/A,Tajikistan,Online
CUST003810,Chad,OLSON,30-10-1942,F,rhonda36@example.com,2118760217,088 Mitchell Ranch,Jenniferport,CT,66203,98377.95,Consultant,505,09-03-26,BR025,False,pending,Tokelau,Online
CUST003811,Michael,Arnold,"March 09, 1961",M,fromero@example.com,000-000-0000,3949 Jose Falls,Port Wendyfort,AS,87014,35214.81,Teacher,627,10/22/2019,BR011,TRUE,Not Verified,Dominican Republic,ONLINE
CUST003812,Derek,Parker,11-05-1980,F,eric50@example.net,+16966616908,106 Malik Lodge Apt. 069,Danielburgh,TX,39453,,Driver,846,03-02-14,BR050,False,Pending,Jordan,ONLINE
CUST003813,Andrea,Alexander,"January 21, 2001",Female,kaylacolon@example.net,481-373-1323,012 Angela Inlet,South Shaunside,MS,26463,40022.56,Officer,520,2012-09-21,BR039,Yes,Verified,Saint Barthelemy,Referral
CUST003814,Stephanie,Wilson,13/01/1972,F,lynchwilliam@example.org,000-000-0000,6379 Michael Ramp,Petersmouth,WY,99133,73418.46,Manager,337,10-11-2023,BR044,No,Not Verified,Luxembourg,N/A
CUST003815,Bradley,West,"February 03, 1985",M,davewarner@example.com,N/A,54790 Jeremy Forest Apt. 900,Elizabethchester,OK,53056,25742.56,Analyst,770,NULL,BR046,True,,Grenada,Marketing
CUST003816,Matthew,Smith,10/04/1984,female,bmcdonald@example.org,000-000-0000,769 Dominguez Shoals,Mcdanielburgh,UT,89013,7241.27,Lawyer,334,23-10-2010,BR009,Yes,verified,Suriname,Referral
CUST003817,Michael,Watkins,27/10/1966,m,callahanmichelle@example.org,(727) 720-7217,48302 Norma Forge,Johnhaven,WI,18632,56601.4,Accountant,407,04/04/2004,BR020,TRUE,,Zambia,branch
CUST003818,Kristina,Mcdaniel,"October 06, 1960",F,josephcordova@example.org,N/A,66410 Richard Skyway,North Johnville,GU,48560,65669.49,Manager,348,03-11-27,BR031,FALSE,pending,Equatorial Guinea,Referral
CUST003819,Zachary,  Chen,1964-11-23,male,mitchelllarry@example.org,168-477-4517,87075 Trevino Turnpike Apt. 703,New Josephshire,AK,75374,56081.21,Clerk,547,,BR011,1,pending,Vietnam,Referral
CUST003820,Thomas,RUSH,"January 09, 1951",F,gardnermatthew@example.org,001.826.5366,4523 Greer Island,Victorshire,VA,93475,28558.93,Engineer,644,04-11-12,BR002,0,verified,Romania,Walk-in
CUST003821,Spencer,Moreno,78-06-27,FEMALE,john69@example.com,482-768-7768,92577 Virginia Course Apt. 946,Joshuaberg,ME,59499,56003.53,Student,745,21/06/2013,BR029,TRUE,verified,Czech Republic,branch
CUST003822,Courtney,Turner,81-01-07,Female,eramirez@example.com,,5638 Kevin Locks Suite 101,Amandaport,KS,92461,79425.32,Nurse,766,2000-08-22,BR039,0,N/A,Uruguay,
CUST003823,ASHLEY,Sanchez,89-02-16,F,pkoch@example.org,0013219914,,Mackmouth,AK,45355,,Accountant,753,27/07/2015,BR046,False,Pending,Switzerland,Marketing
CUST003824,Kristen,Brown,50-08-20,female,,+1-001-773-8668,09273 Tracey Parkways Apt. 424,Port Paulport,SC,29565,"$76,387.54",Chef,392,,BR003,FALSE,N/A,Fiji,Marketing
CUST003825,Miguel,Hogan,"February 03, 1956",M,zmack@example.org,N/A,,Lake Kevin,ND,14942,46545.97,Driver,714,2002-05-14,BR043,TRUE,Verified,Martinique,N/A
CUST003826,Nicole,  Thompson,19-05-1979,F,arielellis@example.com,(800) 754-3527,24475 Ryan Walk,New Heathertown,WI,71435,111010.13,Sales Rep,794,2002-04-26,BR029,False,VERIFIED,,N/A
CUST003827,Jamie,Alvarez,04/17/1957,F,james23@example.com,000-000-0000,1962 James Brook,Davidsonland,GU,39834,28833.93,Student,696,07/02/2007,BR044,Yes,VERIFIED,Cocos (Keeling) Islands,Referral
CUST003828,Lori,cox,"May 02, 1974",F,danny59@example.org,848.779.0068,969 Wanda Bridge,Sarastad,MO,19308,87064.61,Student,529,01/23/2000,BR018,TRUE,verified,San Marino,N/A
CUST003829,chad,MILLER,76-04-07,M,kylefisher@example.org,6542209844,131 Bennett Road Apt. 318,West Jessica,MA,12178,111366.19,Retired,722,"June 01, 2001",,,verified,Belize,Referral
CUST003830,MICHELLE,Lee,15-11-1988,F,lindsay19@example.org,001-821-2821,245 Peter Pike,Lake Chad,PW,48541,86831.78,Contractor,718,14-11-25,BR035,False,Pending,New Caledonia,Referral
CUST003831,  Kenneth,White,17/06/1951,F,kford@example.net,541.335.6530,861 Justin Crossroad Apt. 656,Bryantland,PA,34617,62911.65,Analyst,686 pts,00-08-11,BR019,FALSE,,Lesotho,ONLINE
CUST003832,Stacey,Nelson,02/04/1945,F,jeffreymyers@example.com,(147) 240-9944,161 Bryan Mission Suite 923,East Jenniferview,OR,89719,51509.6,Nurse,654,11/01/2012,BR033,FALSE,VERIFIED,Antigua and Barbuda,Referral
CUST003833,Lisa,Ramirez,03/11/1958,F,RYANASHLEY@EXAMPLE.NET,7267328085,197 Tracy Neck Apt. 955,South Russellbury,SC,18657,106263.07,Clerk,-1,2008-07-07,BR025,True,Not Verified,Mozambique,
CUST003834,Joseph,Griffin,1966-07-10,F,ljacksonATexample.com,2325845729,9086 Melody Spring Apt. 685,Patrickville,LA,22709,20195.88,Doctor,617,27/11/2011,BR027,,,Aruba,Branch
CUST003835,Linda,Hall,,F,justintran@example.com,239.238.3983,330 Kimberly Oval,Lake Cassandra,FM,34974,36045.65,Chef,542,30/09/2003,BR007,0,Verified,Nauru,Branch
CUST003836,Roy,Reed,10-06-1995,f,sjones@example.com,001.543.7015,95987 Misty Island Apt. 622,North Robertborough,CO,63662,56085.48,Student,578,2006-12-16,BR013,No,VERIFIED,Thailand,online
CUST003837,Christopher,  Barnett,15-01-1977,M,kevin76@example.org,844-876-8747,43374 Harris Plaza,West Brianside,TN,08444,113317.88,Accountant,365,2003-06-18,BR044,FALSE,Verified,Congo,Marketing
CUST003838,Chad,Carroll,1943-05-22,M,qstevens@example.com,+1-864-369-1372,046 Smith Summit Suite 551,Tiffanyville,MN,37887,83291.87,Analyst,389,27/06/2021,BR009,No,Pending,New Caledonia,Marketing
CUST003839,Nicole,graham,99/99/9999,M,robinsonkristi@example.net,497.876.8268,71343 Gonzalez Pine,Maureenfurt,KY,79032,,Retired,579,"April 20, 2023",BR039,TRUE,Pending,Congo,Marketing
CUST003840,Stephanie,Hines,07/11/1983,F,reyesjamie@example.com,374.395.8358,2406 Michelle Corners Apt. 766,Krystalmouth,AK,42166,"59139,23",,556,2020-07-02,BR031,TRUE,pending,Colombia,N/A
CUST003841,Douglas,Meyer,"July 05, 1987",F,shortsamuel@example.com,N/A,472 Hernandez Mills,Port Christophermouth,CO,27537,48498.69,Contractor,321,"January 03, 2022",BR019,No,verified,Guatemala,Branch
CUST003842,Megan,Ramirez,1993-10-08,f,vhickman@example.net,(614) 609-6499,35586 Mark Valley,Gregoryburgh,MT,24892,45157.39,Retired,503,16/06/2006,BR050,,pending,Iran,branch
CUST003843,Jennifer  ,Miller,1980-05-22,F,,(459) 463-9067,067 Tanya Garden Apt. 815,Moniqueberg,MH,31850,104261.13,Clerk,564,08-09-24,BR023,True,Verified,Gambia,online
CUST003844,Joshua,Glass  ,62-02-01,F,cwright@example.net,,407 Donna Courts,Lewisview,MH,61288,21988.99,Consultant,536,06/11/2002,BR010,True,,Botswana,
CUST003845,Michael,Glenn,1982-10-03,male,jasminereynolds@example.org,149-020-0237,89124 Petersen Rest,Amandaborough,NV,68925,126307.33,Developer,433,08-12-30,BR010,True,verified,Syrian Arab Republic,N/A
CUST003846,Eric,Henson,47-12-20,M,qboyd@example.net,000-000-0000,4305 Dixon Trace Apt. 146,South Mark,WI,11041,98988.04,Accountant,559,13-02-2018,BR030,False,N/A,Uganda,N/A
CUST003847,Ashley,Macias,NULL,M,N/A,8033640624,14949 Mills Key,Mcdonaldton,N/A,36895,108180.16,Nurse,-1,03-10-17,BR044,Yes,VERIFIED,Tonga,online
CUST003848,Michelle,MARTIN,07-04-1982,0,patrickcochran@example.org,,33832 Gonzalez Ranch,Riverafort,IL,25853,53797.12,,792,17/06/2007,BR006,FALSE,,Canada,branch
CUST003849,Jacob,Jones,1976-10-12,M,robert44@example.com,,834 Rice Square,South Sharon,VT,11270,64752.07,Clerk,596,10/12/2020,BR007,,verified,Singapore,branch
CUST003850,Tracie,Pierce,"February 25, 1982",M,eware@example.com,N/A,7124 Joseph Vista Suite 521,New Michaelmouth,NJ,00000,19839.69,Consultant,413,"August 06, 2007",BR018,1,,Panama,N/A
CUST003851,william,ALLEN,97-09-29,M,ortizdylan@example.org,000-000-0000,49963 Vanessa Islands Suite 103,Wheelerchester,HI,79236,51636.82,Retired,352,04/11/2002,BR040,1,verified,Slovakia (Slovak Republic),Branch
CUST003852,Dawn,Gutierrez,65-06-19,F,N/A,552-944-5628,064 Garcia Dam,Port Michael,WA,92648,87277.92,Clerk,325,2003-07-17,BR040,,Verified,Ethiopia,Marketing
CUST003853,Beth,Mccormick,03/28/1982,F,myersjessica@example.com,439.398.1829,14365 Jimmy Branch Suite 969,New Michael,NY,93939,115362.21,Accountant,649,2018-03-08,BR025,False,,Wallis and Futuna,N/A
CUST003854,  Ryan,Peterson,03-04-1987,1,moonjason@example.com,,19129 Amanda Tunnel,Lake Don,OH,13946,31249.51,Retired,609,2007-09-28,BR026,,pending,Bulgaria,ONLINE
CUST003855,Christopher,Davis,06-12-2001,F,shirley96@example.com,+1-388-499-9045,14167 Vincent Shore,Miguelstad,WA,02351,57207.29,Accountant,433,,BR022,FALSE,pending,Lao People's Democratic Republic,Branch
CUST003856,Stephanie,Swanson,01/06/1961,F,cassandra37@example.net,+15238100396,43416 Freeman Skyway,Lynnchester,IN,84168,64704.53,Doctor,416,21-08-26,BR019,,VERIFIED,Croatia,Branch
CUST003857,Julie,BOYER,11/15/1942,F,katiebuchanan@example.org,+1-135-646-2670,7632 Amanda Brooks,Hooverberg,NC,02447,21147.38,Student,632,09-02-27,BR046,TRUE,pending,Mauritania,Marketing
CUST003858,Denise,Cobb,12/09/1996,F,cruzkimberly@example.com,,7903 Bradley Forks Suite 203,West Cody,IL,43771,90697.22,Designer,452,99/99/9999,BR003,Yes,N/A,Ukraine,Marketing
CUST003859,Vincent,Marks,1956-05-12,F,adammoore@example.net,+1-001-909-4683,1567 Powell Green,Smithfort,VI,97943,44660.34,Analyst,638,16-07-29,BR025,,Verified,Tuvalu,online
CUST003860,Andrew,Meza,"July 02, 1945",F,rodgersjohn@example.org,761.610.2174,1230 John Street,West Caleb,WI,87326,63161.34,Engineer,538,,BR018,Yes,Not Verified,French Southern Territories,Branch
CUST003861,Megan,Edwards,03/09/1954,M,adam39@example.net,+1-682-344-8564,,Jessicafort,CA,41574,54181.77,Lawyer,377,2001-05-02,BR002,No,Pending,Kazakhstan,Referral
CUST003862,Alexander,Stevenson,"March 08, 1965",M,frostdavid@example.org,159-833-0827,573 Tanya Haven,Normanfurt,MP,80532,42373.15,,656,"March 22, 2000",BR015,Yes,VERIFIED,Ghana,Marketing
CUST003863,Tracy,  Stevenson,09/05/2000,Female,anthonyshaw@example.net,241-346-7010,93518 Thompson Plain Suite 504,New Daniel,OH,67912,69753.43,Developer,,21-01-21,BR047,True,Pending,North Macedonia,
CUST003864,JOSE,Jimenez,08-08-1988,F,traviswalters@example.org,5229096539,2562 Moore Points,Simsfort,NV,46131,62453.66,Sales Rep,363,09/09/2017,BR020,0,pending,Guinea-Bissau,online
CUST003865,Paul,Newman,"December 19, 1984",Female,turnerwendy@example.org,0013708485,5204 Tricia Knolls,Natalieberg,CT,88613,5698497.0,Chef,809,"November 17, 2003",BR031,1,Pending,French Polynesia,Walk-in
CUST003866,Brenda,Ross,"December 18, 1959",M,paulabarnes@example.net,N/A,627 Daniel Green,Port Jeremiahton,CA,72718,44503.84,Contractor,644,27/10/2019,BR005,True,Verified,Guadeloupe,Branch
CUST003867,Marissa,Todd,1994-10-02,F,trichards@example.com,+1-707-358-8376,798 Theresa Wells,North Joshua,PR,40414,81183.36,Clerk,776,19-12-25,BR001,,verified,Namibia,N/A
CUST003868,kevin,Lyons,"June 30, 2021",F,benjamin71@example.org,N/A,67037 Clark Mill Apt. 774,New Michael,MT,57713,"127876,6",Student,828,09/01/2009,BR027,,verified,Sao Tome and Principe,online
CUST003869,Meagan,Frazier,20/12/1948,F,ybean@example.net,,76583 Wilson Rue,Frazierborough,MP,34340,74896.05,Contractor,330,99/99/9999,BR047,Yes,verified,Paraguay,N/A
CUST003870,Elizabeth,Deleon,55-08-01,MALE,thomasanne@example.com,000-000-0000,43844 Patel Track Suite 863,North Jeremy,SC,23184,,Clerk,795,07/31/2012,BR017,1,Verified,Cayman Islands,Walk-in
CUST003871,Charles,Martinez,05/07/1962,M,ericmalone@example.net,N/A,73995 Goodman Street,Josephland,DC,87013,21342.23,Officer,692,12-05-08,BR014,False,N/A,Barbados,Referral
CUST003872,Brandon,Jordan,01-12-1981,F,gutierrezwyatt@example.com,N/A,995 Mckay Gateway Apt. 186,,AK,33671,75521.65,Clerk,759,"August 15, 2014",BR024,FALSE,N/A,Turkey,Branch
CUST003873,kimberly,Pineda,18-08-1943,F,lancerivera@example.net,7683480543,11327 Amanda Knolls Apt. 251,Thompsonborough,VA,31883,31592.11,Engineer,311,01/09/2016,BR023,FALSE,Verified,Guinea,ONLINE
CUST003874,Tyler,Stokes,"June 21, 1960",M,isaac48@example.com,,2380 Sullivan Wells,Hernandezmouth,MD,41919,,Self-Employed,420,12/20/2010,BR049,No,N/A,Slovakia (Slovak Republic),
CUST003875,Anne,Hall,65-09-05,M,allenmatthew@example.org,7848587899,079 Taylor Mews,Katherineport,AS,64792,44122.0,Analyst,732,04-04-19,BR039,0,VERIFIED,,Referral
CUST003876,Justin,Lopez,55-02-10,FEMALE,tapiaamanda@example.net,920.913.7029,1026 Griffin Bypass Suite 822,Deantown,VT,93796,111716.48,Retired,607,2014-02-28,BR043,,verified,Congo,N/A
CUST003877,Heather,Beasley,21-10-1958,Female,gyu@example.net,N/A,08870 Barajas Mall,South Brandonmouth,OR,14670,,Doctor,353,02-01-2017,BR049,TRUE,,Turks and Caicos Islands,
CUST003878,Monica,Lopez,,FEMALE,ebony62@example.org,001-259-7493,684 Kevin Parks,Jenkinsside,WV,85885,78505.17,Engineer,677,99/99/9999,BR028,False,Verified,Moldova,Walk-in
CUST003879,Terrence,Collins,18/01/1999,M,qmoore@example.net,,5379 Rodriguez Forks Suite 290,Gibsontown,GU,46558,16355.48,Consultant,609,01-07-2002,BR048,False,VERIFIED,Colombia,Marketing
CUST003880,Frank,patterson,05/31/2023,F,rhonda27@example.com,N/A,23792 Sutton Lakes Suite 494,North Dennis,MP,92436,63130.18,Consultant,540,"January 08, 2016",BR017,0,pending,Iran,N/A
CUST003881,Daniel,Green,83-09-13,M,coxisabella@example.net,N/A,392 Gordon Route Suite 939,East Stevenshire,OR,68704,80559.5,Self-Employed,379,22-05-2004,BR014,0,verified,Egypt,Branch
CUST003882,Rose,Perez,29/11/1992,Female,bgarcia@example.com,2972878615,256 Francis Crossroad,Markland,FL,14375,76143.77,Retired,502,11/21/2004,BR022,FALSE,verified,Rwanda,online
CUST003883,Monica,Lawrence,"November 11, 1976",M,cantrellkathleen@example.com,971-997-5456,93820 Bradley Motorway Apt. 825,West Michael,PA,75247,"5467,22",Clerk,503,2007-09-14,BR027,TRUE,Verified,Spain,Referral
CUST003884,Jonathan,Robbins,"September 04, 1993",F,N/A,+1-282-356-0062,6637 Karen Lane,Alexisport,CT,53642,38838.88,Manager,9999,18-01-20,BR033,Yes,Pending,Vanuatu,branch
CUST003885,David,Andrade,07/03/2020,F,christopher33@example.com,+1-188-061-4004,02752 Shannon Pine,North Davidmouth,NY,77174,67757.28,Manager,392,"November 29, 2014",BR039,False,,Indonesia,N/A
CUST003886,Paula  ,Shaw,48-04-22,MALE,,+1-205-773-7909,80893 Smith Glen Suite 538,Hickmanchester,KS,62676,88770.18,Manager,811,10/07/2014,BR007,1,,French Southern Territories,Walk-in
CUST003887,Virginia,harvey,99/99/9999,F,ahayden@example.com,000-000-0000,29727 Espinoza Squares,North Jessicaburgh,OR,94278,0,Designer,440,13-07-2009,BR005,0,Not Verified,Lao People's Democratic Republic,
CUST003888,kathleen,Davis,96-08-22,F,kevin63@example.com,803-284-2579,132 Johns Parks Suite 769,Port Daniel,KS,56392,64325.66,Clerk,423,16-10-12,BR039,No,N/A,United States Minor Outlying Islands,
CUST003889,Ryan,Ferrell,03/02/2003,F,matthew09@example.net,(346) 963-6865,013 Johnson Oval,Josephfort,MT,56864,75006.71,Retired,358,04-07-2008,BR033,No,,Cape Verde,branch
CUST003890,Paul  ,Vincent,10/08/1944,F,lcole@example.org,+1-186-540-4885,121 Phyllis Causeway Suite 544,Josefort,CO,00000,99736.42,Officer,414,10-11-16,BR014,TRUE,VERIFIED,Georgia,Online
CUST003891,Jennifer  ,Johnson,10/11/1946,M,,,1476 Jennifer Common,Lake Amberchester,TN,69864,94250.02,Chef,610,04/26/2003,BR027,FALSE,VERIFIED,Cayman Islands,Marketing
CUST003892,Kimberly,Nichols,"August 30, 1950",male,jose92@example.org,156-245-9214,3189 Warren Isle Suite 154,,00,00000,90390.0,Manager,322,2005-04-04,BR038,No,Verified,Tajikistan,
CUST003893,Charles,BALDWIN,25/01/2004,M,lesliehess@example.net,581.414.2515,,Joshuaport,NV,98895,42002.08,Developer,553,06-09-03,BR050,Yes,verified,Panama,N/A
CUST003894,Jocelyn,  Charles,03/30/1952,F,richard26@example.net,+1-158-720-1084,52135 Mullen Fields Suite 758,Port Erika,FM,28434,"3219,93",Developer,778,16-07-07,BR031,TRUE,N/A,Nicaragua,online
CUST003895,Taylor,Serrano  ,,F,,N/A,0474 Abigail Cape,North Erinborough,WA,21339,56243.15,Contractor,725,2004-06-18,BR003,No,Not Verified,Turkey,Online
CUST003896,Rachael,  Ramsey,"July 14, 1990",F,maychelsea@example.com,(001) 649-4217,511 Joyce Plains,Cameronburgh,AZ,56939,105057.11,Clerk,599,08-02-07,BR006,1,Pending,Cuba,branch
CUST003897,  Nancy,Dawson,NULL,F,nicholas18@example.com,000-000-0000,6440 Christopher Square,Nicholasfurt,RI,68940,118770.91,Clerk,821,NULL,BR005,1,VERIFIED,India,
CUST003898,Daniel,Thornton,98-10-03,M,ewingkristina@example.net,(541) 437-5442,143 Justin Via,South Jamesmouth,DC,73176,9486922.0,Officer,406 pts,NULL,BR011,0,verified,Fiji,Referral
CUST003899,Cameron,Sherman,27/04/1940,M,james78@example.net,+1-200-531-5791,82436 Wilson Hollow Apt. 305,Brownville,NV,91018,85026.93,Teacher,,12/04/2022,BR041,False,verified,Burundi,branch
CUST003900,Katrina,Harvey,1945-12-07,F,,000-000-0000,7615 Scott Fords,Port Alexander,OR,22681,,Manager,763,20-10-2020,BR010,True,VERIFIED,Congo,ONLINE
CUST003901,Dennis,Case,"September 19, 1971",M,gonzaleskathryn@example.com,N/A,65791 Nicole Drive,Andrewport,WV,99789,"$50,535.84",Doctor,592,2020-04-08,BR002,,verified,Faroe Islands,N/A
CUST003902,Rebecca,Johnson,1981-11-16,m,kenneth96@example.org,000-000-0000,95802 Vickie Ridge,Annetteton,AR,39494,65447.89,Analyst,495,02/08/2000,BR001,FALSE,Pending,Suriname,online
CUST003903,Allison,ROMAN,13/10/1957,F,apeterson@example.org,2755517230,1878 Christine River Suite 664,Estradafort,GU,80486,128417.43,Retired,305,07-06-06,BR039,0,,Spain,branch
CUST003904,Erika,  Christensen,"December 13, 1976",F,petersenmeredith@example.org,248-514-1926,275 Barker Trafficway Apt. 917,East Timothy,PR,52790,37010.47,Sales Rep,469,"November 15, 2009",BR048,1,,Bulgaria,online
CUST003905,adriana,Howard,09/16/1950,M,ysalazar@example.com,,6625 Joel Ramp,North John,NV,91193,126517.26,Sales Rep,828,99/99/9999,BR011,False,verified,Guyana,Referral
CUST003906,Jeffery,Cooper,10-10-02,M,markramos@example.org,+11436792694,3383 Bryce Cape,West Juliefort,DE,04661,"$58,729.01",Officer,9999,2008-03-22,BR037,0,N/A,United Kingdom,Marketing
CUST003907,Jamie,Williams,06/22/2005,M,N/A,+17763425080,88190 Gonzales Center,New Michael,MN,48965,116390.12,Student,550,2022-03-18,BR012,True,Not Verified,Taiwan,Marketing
CUST003908,Judy,Keller,08/15/1955,F,perkinsdoris@example.net,,4057 Natasha Neck,Andreaborough,WI,09072,20761.47,Officer,528,2005-06-22,BR030,,N/A,Christmas Island,Branch
CUST003909,Alexis,Robertson,1940-06-28,F,lucasjamesATexample.net,,634 Frank Fords,Zacharytown,OH,77100,"$90,506.65",Developer,840,NULL,BR012,Yes,N/A,Brazil,ONLINE
CUST003910,Kimberly,Gonzales,03/27/1955,M,cwilliams@example.org,000-000-0000,7255 Leonard Points,West Anitatown,AZ,13779,44213.05,Retired,774,99/99/9999,BR048,FALSE,Not Verified,Tuvalu,Branch
CUST003911,Glenn  ,Rowland,09/16/1975,F,howardcrystal@example.org,+17998804294,818 Seth Divide,Stephanieport,PR,03236,20465.65,Teacher,522,"December 14, 2000",,FALSE,verified,,Referral
CUST003912,Joshua,Hawkins,04/12/1950,f,kevincollins@example.com,000-000-0000,80816 Angel Inlet,Ellisonchester,LA,81390,77648.69,Nurse,427,06/06/2019,BR044,FALSE,Verified,Northern Mariana Islands,branch
CUST003913,Paula,May,"April 20, 1963",F,wrightbrian@example.net,000-000-0000,033 Dustin Falls Apt. 910,South Joshua,NC,63140,105331.51,Analyst,831,02-01-28,BR013,Yes,VERIFIED,Saint Barthelemy,
CUST003914,Dale,Mayer,99/99/9999,F,wayne56@example.org,001-464-8667,04524 Harris Divide,Josephville,RI,06091,40427.05,Teacher,554,"November 21, 2005",BR014,,Pending,Turkey,Referral
CUST003915,William,Bauer,"September 21, 1982",F,wmorris@example.com,633.519.0690,1184 Mosley Brooks,Williamsstad,ME,88676,17534.44,Manager,655,01-09-2001,BR034,FALSE,pending,,Referral
CUST003916,Julia,Reilly,26/11/1980,M,robinsonvictoria@example.com,+11943327531,742 Johnson Lane Suite 510,Norrisport,NM,98610,66785.43,Retired,613,99/99/9999,BR001,No,VERIFIED,Belize,
CUST003917,Michael  ,Young  ,43-08-27,F,katherine64@example.net,631-466-1741,4712 Douglas Roads Apt. 662,North Sabrinashire,DE,70065,66939.76,Chef,724,24-09-2018,BR021,FALSE,Not Verified,Australia,online
CUST003918,  Charlene,Lynch,1967-11-29,M,cynthiarogers@example.org,N/A,17862 Ronald Lane Apt. 268,Port Kristenland,ID,64159,USD 89191.19,,-1,25/02/2012,BR001,FALSE,Not Verified,Wallis and Futuna,
CUST003919,Robert,Murray,01/02/1942,0,santiagocynthia@example.org,+10017342950,8452 Ryan Coves,Lake Elizabeth,IL,16899,103235.81,Sales Rep,842,02-10-2013,BR009,False,Not Verified,Western Sahara,Walk-in
CUST003920,Robert,Newton,01/03/1990,M,xpetersATexample.com,+1-122-280-6141,1106 Brandon Trafficway,South Catherinebury,NY,43311,67920.47,Lawyer,366,29-11-2019,BR029,No,verified,Monaco,Referral
CUST003921,john,Lynch,21-01-1991,F,jacobclark@example.org,+1-158-735-0435,,Port Scottton,KY,13477,134942.62,Developer,311,2017-10-21,BR006,,,Rwanda,
CUST003922,Kevin,Munoz,05/22/1946,Male,heatherobrien@example.org,N/A,394 Matthew Mountains,Jeffreyton,LA,61955,"77848,22",Teacher,723,15-04-26,BR043,No,Not Verified,,ONLINE
CUST003923,Robert  ,Hill,1990-05-02,M,steven87@example.com,000-000-0000,49806 Cheryl Park Suite 456,Kendraberg,CO,21653,57875.07,Analyst,848,04/29/2004,BR026,No,verified,Turkey,Referral
CUST003924,John,Hicks,99/99/9999,F,nsmith@example.net,001-887-7034,32730 Joel Club Apt. 479,Sarahmouth,PA,45467,USD 13595.14,Developer,645,02/08/2003,BR005,No,VERIFIED,Grenada,ONLINE
CUST003925,Veronica,Harper,14-05-1947,F,dixonterri@example.org,(610) 670-0131,21156 Shaw Point,Cassandraland,MI,74215,60806.92,Analyst,305,06/17/2022,BR009,Yes,Verified,Saint Martin,N/A
CUST003926,Christopher,Smith,04-04-1983,F,robertenglish@example.com,N/A,84857 Brewer Points Apt. 635,North Rebecca,DC,89237,58226.46,Developer,591,03-02-03,BR020,1,pending,Fiji,Branch
CUST003927,Anthony,Calhoun,08/06/1985,F,DIANEPOWELL@EXAMPLE.ORG,000-000-0000,4827 Calvin Land Apt. 770,East Kimberlyside,AZ,05915,103610.67,Consultant,661,2021-02-01,BR001,TRUE,Verified,Belgium,Online
CUST003928,Hannah,Lambert,18-12-2001,female,sarahburgess@example.com,603-454-5794,25887 Kayla Mews Suite 408,Williamsport,ZZ,21864,86186.93,Driver,708,2010-02-27,BR005,1,Verified,Guam,Walk-in
CUST003929,Darren,  Herrera,1995-07-08,Male,cameronmelinda@example.org,N/A,5681 Michael Rapids,South Cherylton,NH,64186,28722.08,Sales Rep,675,12-06-2022,,True,,Madagascar,
CUST003930,  Christine,Smith,64-12-12,F,shane12@example.net,,070 Mitchell Route Apt. 283,Jenniferland,AL,01860,76028.9,Student,355,2021-04-17,BR045,FALSE,pending,Belize,online
CUST003931,Sean,Mendoza,77-03-04,M,ericorozco@example.com,9899987351,3791 Elliott Bridge Apt. 732,Lake Jacqueline,PW,20841,93503.59,Developer,733,15-08-2023,BR022,TRUE,Pending,Ecuador,Online
CUST003932,Brittany,Hickman,99/99/9999,F,uschneider@example.net,000-000-0000,647 Smith Groves,Michaelmouth,IA,02230,123481.1,Developer,380,15-01-2022,BR049,True,N/A,Central African Republic,ONLINE
CUST003933,Jose,JACKSON,07/20/1988,Male,kristinasilva@example.net,5755974553,877 Danny Crest,Port Linda,PA,07279,101062.64,Retired,651,2020-05-23,BR033,No,Pending,Finland,
CUST003934,Sabrina,Evans,14/03/1977,M,smitchell@example.net,N/A,590 Angela Cliffs,Lake Marcuschester,LA,43190,96629.63,Chef,300,2002-05-18,BR009,True,Verified,Bulgaria,Marketing
CUST003935,Anthony,Lee,1973-11-08,male,clementsmelissa@example.com,000-000-0000,6340 Mary Centers,Johnsonport,AS,27499,72103.01,Sales Rep,632 pts,28/07/2002,BR027,False,verified,United Kingdom,branch
CUST003936,Robert,Harris,"May 28, 2003",F,louiswu@example.net,000-000-0000,6270 Cruz Mountains Suite 268,Rachelfort,DE,34064,"83590,92",Analyst,665,09/10/2021,BR028,,verified,Micronesia,branch
CUST003937,Steven,walker,12/25/1994,M,,000-000-0000,337 Reynolds Orchard Suite 767,South Jeffrey,FM,45839,113732.67,Accountant,592,11-06-2010,BR039,TRUE,N/A,British Indian Ocean Territory (Chagos Archipelago),ONLINE
CUST003938,Brian,jacobson,13-02-1963,M,chamberslisa@example.org,1395625690,2121 Susan Track Suite 857,East Johnny,fl,64286,23352.79,Driver,423,NULL,BR017,FALSE,VERIFIED,,Referral
CUST003939,Angela,Perkins,04/06/1974,M,contreraspatrick@example.org,+1-555-326-8337,3709 Desiree Plain Suite 652,Parkerchester,AZ,07223,57769.62,Manager,559,08-09-29,BR010,1,Pending,Bahrain,Referral
CUST003940,Matthew,Moore,04/09/1971,male,renee51@example.com,138.978.5023,4288 Nielsen Drive,South Elizabethchester,VA,02227,42960.09,Student,844,06-03-2019,BR022,False,,Canada,Walk-in
CUST003941,Bryce,Harris,99/99/9999,M,galvantiffany@example.com,+15738160740,705 Scott Manor Suite 286,Port Alexanderport,GU,01291,,Chef,762,99/99/9999,BR042,0,Verified,Mayotte,Referral
CUST003942,Helen,Mcpherson  ,20-06-1943,F,wsolomon@example.org,1981712628,2299 Alexander Lock,Parkview,MP,78435,113057.78,Driver,807,"January 16, 2007",BR032,FALSE,,British Indian Ocean Territory (Chagos Archipelago),ONLINE
CUST003943,Erika,Hernandez,16/03/1976,male,lwebster@example.org,(169) 641-3971,114 Freeman Union,Amandabury,SC,22336,49105.9,Sales Rep,648 pts,"January 28, 2022",BR034,True,,Jordan,online
CUST003944,cheryl,Walsh,18/09/1952,female,charlesjones@example.net,3646984816,4059 Banks Mills Suite 822,North Daniel,DC,60792,0,Engineer,312,22/05/2000,BR018,True,Pending,Afghanistan,branch
CUST003945,Emily,Salazar,74-04-05,M,jacob61@example.org,N/A,9951 Thomas Ferry,Byrdborough,DC,53113,55572.27,Developer,389,11-06-2001,BR022,,VERIFIED,Taiwan,Branch
CUST003946,Colin,Brooks,25/12/1980,M,juliepowell@example.org,945.666.1820,970 Destiny Lodge Suite 215,Riggstown,NV,90950,101971.58,Lawyer,709,"July 15, 2006",BR020,TRUE,verified,Swaziland,N/A
CUST003947,Christopher,Rose,2014-04-24,F,lindsey78@example.net,+18409740675,4095 John River,Lake William,VT,72365,88817.05,Contractor,719,28/12/2018,BR016,Yes,Verified,Cook Islands,online
CUST003948,Donald,Austin,"August 11, 1975",M,alewis@example.net,927.466.5677,85325 Jaime Port,Kevintown,CT,07180,84986.52,Manager,525,13-11-2014,BR044,True,Verified,Kenya,Referral
CUST003949,andrew,Smith,"June 13, 1944",F,charles70@example.net,140-148-2785,20302 Jared Street Apt. 777,Williamport,XX,83704,60200.23,Doctor,,2016-08-19,BR049,No,verified,Bahrain,Online
CUST003950,Donald,Smith,1966-09-26,M,qgouldATexample.com,176-667-6932,8283 Kristi Common,Melissafort,VI,19114,25233.92,Analyst,707,"January 15, 2007",BR047,1,Pending,Estonia,ONLINE
CUST003951,Louis,Wright,52-02-11,F,mooretodd@example.com,000-000-0000,15518 Teresa Way Apt. 956,Bentonberg,NC,25303,88035.3,Clerk,784,"December 11, 2013",BR050,TRUE,N/A,Libyan Arab Jamahiriya,Online
CUST003952,JOSE,Brown,1976-06-07,1,dturner@example.net,,7970 Daniel Ridges,,AL,56055,40800.14,Nurse,688 pts,"September 18, 2013",BR022,0,N/A,Martinique,branch
CUST003953,Luke,hess,,m,,(579) 627-0439,10138 Danielle Drive Suite 209,Barkerberg,GU,81129,146443.39,Self-Employed,600,19-03-05,,1,Verified,Honduras,Walk-in
CUST003954,Melissa,Brown,49-01-16,FEMALE,cedwards@example.org,4874856095,843 Lee Plains Suite 999,New Veronica,LA,93689,89967.75,Manager,305,17-08-2012,BR010,Yes,pending,Angola,N/A
CUST003955,Katherine,WOLF,12/15/1973,F,stevenmartin@example.com,N/A,3995 Gordon Springs,East Beckychester,IA,02088,49677.31,Analyst,822,11-08-2004,BR029,True,,Lebanon,Online
CUST003956,Eric,Anderson  ,88-03-30,F,patricklee@example.net,723.310.3545,00651 Wyatt Corner,,AK,26968,"$48,601.52",Developer,410,21/08/2000,BR029,1,N/A,Somalia,Branch
CUST003957,Jason,  Boyd,,M,margaretdorsey@example.org,+1-475-333-4313,93624 Oliver Parkways Apt. 102,Quinnview,TN,10361,66746.95,Contractor,696,12/05/2015,BR010,FALSE,Not Verified,Japan,Branch
CUST003958,Samantha,Wright,02/01/1988,M,sherry61@example.net,+17786573294,381 Lisa Shoal Apt. 580,South Kennethton,WY,18776,USD 61617.43,Teacher,481,28-10-2003,BR014,1,,Portugal,Marketing
CUST003959,Brandon,Hughes,1994-02-10,M,christophercastro@example.net,(600) 663-4580,8232 Goodwin Land,Oscarburgh,LA,40960,109089.18,Nurse,436,2020-09-20,BR050,TRUE,N/A,Anguilla,Branch
CUST003960,Samuel,  Mcdowell,28/03/1991,F,kevin82@example.org,+11337803920,047 Michelle Port,Hallchester,OH,41126,76524.57,Manager,443,19-03-2001,,TRUE,Not Verified,Bermuda,branch
CUST003961,Michael,Moody,08/07/1954,M,batesleroy@example.com,588-337-6534,3749 Walker Ranch,Masonland,MO,48446,44392.89,Designer,542,08/16/2013,BR032,No,VERIFIED,Kazakhstan,Marketing
CUST003962,JESSICA,Alexander,10/05/1963,female,denisemartinez@example.com,001-836-9487,561 Aimee Place,North Jasonbury,00,91922,136165.42,Self-Employed,411,01-09-05,BR027,,Not Verified,Turkey,Online
CUST003963,Cory  ,GREER,"October 04, 1948",F,cmoore@example.com,+1-133-049-0997,1655 David Fall Apt. 693,Matthewfurt,KS,68208,71725.79,,780,20/12/2007,BR030,1,pending,Israel,online
CUST003964,THOMAS,gonzales,23/11/1969,F,williemoss@example.net,725.745.2299,619 Hannah Locks,East Jerry,NJ,78710,96909.39,Nurse,-1,06/26/2006,BR049,,pending,Montserrat,branch
CUST003965,Michael,Moreno,10-05-1945,Female,jeffreytaylor@example.net,+16408193879,85983 Massey Curve Apt. 360,Wallaceberg,XX,33161,48712.07,Retired,358,08/23/2021,BR018,FALSE,Not Verified,Netherlands Antilles,Referral
CUST003966,Timothy,Long,05/08/1995,1,heather23@example.com,1754973074,591 Donald Circles Apt. 994,West Daniel,GU,45115,82709.05,,652 pts,2017-05-29,BR013,True,verified,Sri Lanka,
CUST003967,Christopher,King,73-04-08,MALE,jesus00@example.com,000-000-0000,548 Thomas Manor Apt. 203,Joycetown,GU,40231,,,722,07/15/2000,BR013,No,verified,Andorra,
CUST003968,Victoria,Turner,11/13/1999,M,garyfoster@example.com,(877) 720-9125,823 Lawrence Mission,New Wendy,PW,49238,3862.27,Contractor,,2003-05-05,BR015,,Not Verified,Botswana,Online
CUST003969,Rachel,Alexander,21/11/2023,M,michelehaney@example.org,423.794.6619,83789 Jonathan Run,Hernandezton,NE,15742,140534.63,Self-Employed,519,02/04/2011,BR040,Yes,VERIFIED,Qatar,Branch
CUST003970,Michele,Clark,27-02-2000,F,virginiamartin@example.org,,66329 Alyssa Trail Suite 105,South Brett,MO,09094,115172.56,,631,06/30/2009,BR049,True,Pending,Armenia,ONLINE
CUST003971,Kevin,Blair,,F,otran@example.com,,1487 Roberts Ford Apt. 466,Lake Elizabeth,NE,86425,56098.16,Engineer,379,2004-10-15,BR049,1,Not Verified,,online
CUST003972,Ronald,Clark,10/04/1986,0,valerie07@example.net,293-821-5416,706 Kenneth Bridge Apt. 153,,MP,29219,31420.56,Developer,812,06/03/2002,BR027,1,N/A,Australia,Branch
CUST003973,Joy,Oconnor,66-01-24,m,melindacrawford@example.net,+1-001-376-8855,998 Brown Estates Apt. 638,Crosbyport,00,63680,82164.66,Self-Employed,818 pts,2014-01-22,BR021,False,N/A,Congo,Branch
CUST003974,RODNEY,Roberts,29/06/1996,Female,thomas58@example.org,+15439180903,57326 Nicolas Inlet,South Karenburgh,ME,94820,73034.42,Consultant,681,20-06-2021,BR001,No,Not Verified,Nepal,Marketing
CUST003975,Keith,Anderson,60-09-21,1,moralesjose@example.org,N/A,474 Diane Mountains,Jenningsberg,MO,70429,82448.41,Contractor,528,15-12-16,BR037,TRUE,VERIFIED,Mongolia,online
CUST003976,Lisa,Stout,02-04-1947,F,stewartfrank@example.net,000-000-0000,1439 Green Roads,West Markland,NJ,82683,76705.21,Engineer,381,08/02/2001,BR039,Yes,Verified,Madagascar,ONLINE
CUST003977,Alexandra,Osborne,20/04/1997,F,,+1-594-318-8464,19683 Dana Ridge,West Stephanieberg,MP,25221,87718.43,Chef,0,04-12-2006,BR021,1,Not Verified,Latvia,Marketing
CUST003978,Heather,GONZALEZ,23-10-1941,F,jamessheppard@example.net,167.294.7214,3388 Amanda Rue Apt. 831,East Robertchester,CT,32494,USD 120655.70,Retired,646,2021-09-15,BR002,FALSE,pending,Oman,
CUST003979,Phillip  ,Aguilar,1954-02-14,F,rebeccacasey@example.net,+1-279-595-8378,342 Lori Lakes,New Loriview,WY,56735,89883.61,Chef,9999,"January 07, 2005",BR044,Yes,Verified,Azerbaijan,Marketing
CUST003980,Charles,  Ford,10/02/1999,M,wanderson@example.com,000-000-0000,3385 Smith Inlet Apt. 572,Gibsonborough,KS,63218,33262.06,Designer,600,18-02-2006,BR033,,pending,Bhutan,N/A
CUST003981,Kathy,  Cooley,1972-08-09,M,vramsey@example.org,001.630.3426,95425 Patricia Expressway Suite 431,South Gloriashire,NJ,05753,117689.7,Driver,9999,22-04-2008,BR012,True,N/A,Martinique,Walk-in
CUST003982,Corey  ,Flores,28/03/1953,M,hbruce@example.org,4087151573,8180 Mary Spring Suite 976,Stuartfurt,MN,08763,127421.51,Doctor,673,2018-04-28,BR017,TRUE,VERIFIED,Malta,Referral
CUST003983,Michael,Miller,44-02-28,F,mooneysamanthaATexample.org,166.299.4053,0136 Wilkerson Bypass Apt. 616,West Nancy,GA,14142,180321.99,Designer,776,"September 13, 2005",BR025,FALSE,verified,Senegal,branch
CUST003984,Steven,Mcclain,18/08/1983,F,ljones@example.org,+1-204-871-7558,50385 Cruz Path,Jenniferside,WI,14837,3067771.0,Retired,724,09-03-12,BR022,True,VERIFIED,Bangladesh,Walk-in
CUST003985,Kristen,Miranda,05-07-1952,M,watsonsara@example.org,906-956-6759,853 Yolanda Port Suite 209,Mooreburgh,NV,00000,78500.87,Doctor,810,2015-09-27,BR026,FALSE,N/A,Austria,online
CUST003986,  William,Thomas,14/09/1963,M,N/A,883-580-6181,58868 Kimberly Corners,Hamiltonbury,MI,93169,0,Doctor,813,25/11/2003,BR025,0,Pending,Saint Barthelemy,Referral
CUST003987,Christy,Mclean,27/07/1989,M,rmartin@example.com,,,East Jacob,NM,28239,89360.22,Teacher,531,2006-07-26,BR031,TRUE,pending,South Georgia and the South Sandwich Islands,Walk-in
CUST003988,Paula,Davis,"October 17, 1940",M,gyang@example.com,562-593-4931,65045 Ricky Course Apt. 286,South William,in,42793,,Officer,828,2007-04-07,BR046,TRUE,pending,,
CUST003989,Kevin,Hicks,17-05-1971,F,zdawson@example.org,(164) 699-1790,0721 Ricky Estates,Herrerahaven,SD,29025,137320.6,Lawyer,355,17/07/2008,BR015,,Pending,Djibouti,branch
CUST003990,Julie,Ellis,51-10-23,m,wilsonjohn@example.net,6702322656,59471 Ferguson Mount Suite 534,Hodgesmouth,US,61189,42888.48,Analyst,773,2002-03-19,BR035,TRUE,Verified,Portugal,Marketing
CUST003991,Kimberly,campbell,1943-10-25,FEMALE,evansshannon@example.com,000-000-0000,796 Perkins Parkways,,OR,38221,10878.59,Clerk,563,"March 14, 2012",BR038,Yes,VERIFIED,Netherlands,Referral
CUST003992,Aaron,Johnson,90-05-28,F,aarontaylor@example.org,,755 Solomon Lodge Suite 038,Zacharybury,MH,90083,53505.77,Designer,704,2015-08-30,BR017,0,Verified,Pitcairn Islands,Online
CUST003993,William,NAVARRO,09/22/1953,M,lopezkyle@example.com,+18343735098,74737 Susan Ferry,Adambury,MH,31141,857.93,Chef,717,19-02-2016,BR039,Yes,,Botswana,N/A
CUST003994,Michael,Santiago,47-01-07,F,colleen36@example.com,523.876.3529,6958 Atkins Ferry Suite 620,Perezfort,PW,44034,96288.48,Designer,486,22-05-2020,BR028,0,pending,Uganda,Marketing
CUST003995,Katrina,Hernandez,10/01/1944,F,david34@example.net,N/A,505 Marvin Forks,Underwoodchester,NY,58510,0,Engineer,491,01/09/2000,BR027,False,Not Verified,Romania,ONLINE
CUST003996,George,Phillips,09/06/1947,F,samantha84@example.net,,9260 Kelly Path,New Vincent,PW,11478,USD 70996.02,Designer,610,08/24/2012,BR050,False,pending,South Georgia and the South Sandwich Islands,Referral
CUST003997,lindsey,COLEMAN,"August 26, 1983",M,tonyestrada@example.net,351.364.1317,551 Hopkins Fort,New Corey,VI,50485,0,Lawyer,478,99/99/9999,BR032,TRUE,verified,Croatia,branch
CUST003998,Deborah,Taylor,98-07-06,F,ALEXANDERCOX@EXAMPLE.NET,382-562-9759,6214 Rogers Park,Bonnieberg,MI,51056,58789.58,Designer,569,99/99/9999,BR007,,Verified,Argentina,Branch
CUST003999,Cristina,Vasquez,,F,hillfrank@example.net,1359667398,803 Watson Point Suite 484,West Anna,MP,44912,127518.24,Teacher,9999,23-08-05,BR043,,Verified,Mozambique,N/A
CUST004000,Zachary,May,2005-06-29,F,andersonrobert@example.net,8582133349,196 Ray Stream,Robertbury,WY,67300,82622.68,Designer,566,15-03-13,BR028,1,Pending,Chile,Branch
CUST004001,Gabriel,  Schneider,86-02-07,M,robertjones@example.net,(120) 094-1499,860 Shawna Ports Apt. 376,East Robertville,MD,03288,39777.72,Designer,0,2007-03-08,BR029,,pending,Maldives,ONLINE
CUST004002,JESSE,Thompson,04/01/1975,F,  campbelljean@example.net  ,(975) 739-5774,858 Virginia Stream Apt. 377,North Joshua,AK,20334,68907.88,Engineer,478,22-08-2014,BR014,Yes,pending,Bahamas,Walk-in
CUST004003,Kayla,Lewis,50-02-18,M,amberburke@example.net,000-000-0000,009 Noble Neck,Brandonport,FL,00000,70630.59,Analyst,378,12-09-15,BR040,True,Pending,France,branch
CUST004004,Nicole,Valdez  ,"June 13, 1987",M,ochoakristen@example.com,+14952513121,4077 Conway Crossing Suite 651,Carterhaven,SD,79536,86542.06,Clerk,351,2018-12-23,BR030,TRUE,verified,France,N/A
CUST004005,Thomas,Wood,30/09/1962,M,ehouse@example.org,522-252-8913,5164 Samantha Mills,East Kathleen,KY,50356,22159.96,Consultant,845,"September 18, 2009",BR017,False,N/A,Mauritius,branch
CUST004006,Amy,Smith,1974-02-02,M,DONNAWILLIAMSON@EXAMPLE.ORG,000-000-0000,154 Shawna Corner Suite 489,Warrenport,AR,82450,90739.85,Clerk,516,"September 02, 2020",BR015,False,verified,Gibraltar,branch
CUST004007,Evan,Hamilton,16/08/1976,M,johnsonkristen@example.com,795-303-1096,57283 Parks Grove Suite 652,Emilytown,IN,36454,$0.00,Engineer,742,2007-01-12,BR020,No,Pending,Spain,online
CUST004008,Erin,Robinson,"October 17, 1978",F,amanda68@example.org,137.220.5251,,Stephenport,MP,10174,,Manager,535,"September 16, 2016",BR017,0,Not Verified,Martinique,Online
CUST004009,Sean,Byrd,07/03/1978,M,robert11@example.net,971.434.4835,002 Eric Brooks,Coltonview,MP,77714,52910.42,Student,575,08/25/2004,BR024,No,VERIFIED,Korea,online
CUST004010,Emily,Schroeder,"January 09, 1989",F,gerald03@example.com,925.340.7955,6878 Floyd Vista Suite 991,New Juan,DE,43218,,,761,13-11-05,,,Pending,South Georgia and the South Sandwich Islands,Referral
CUST004011,Amy,Valdez,06/03/1960,F,derrick12@example.org,(197) 540-5991,,Kennethhaven,ID,27159,"$70,792.08",,644 pts,2010-06-24,BR003,TRUE,Verified,Djibouti,branch
CUST004012,Sean,Mcdonald,29/10/1955,M,N/A,+16142816371,01048 Morales Knoll Suite 053,Katherinebury,UT,17778,20805.29,Retired,354,NULL,BR036,False,pending,Zambia,Walk-in
CUST004013,Mario,Watson,75-04-07,M,jonesshawn@example.com,501.583.7540,,Port Katherineton,PR,26375,35525.24,Accountant,829,09-06-2020,BR012,No,Pending,Italy,Branch
CUST004014,Melanie,Rodriguez,1951-06-26,F,baileycindy@example.net,,60750 Payne Crescent Suite 283,North Cody,SD,56452,76953.8,Designer,404,2020-04-05,BR001,0,Pending,Thailand,Marketing
CUST004015,Adam,Brown,"November 22, 2005",female,longdavid@example.net,(001) 585-4000,0096 Woods Avenue Suite 916,Peterberg,KY,28654,67232.64,Clerk,562 pts,20-02-19,BR035,No,N/A,India,branch
CUST004016,Shannon  ,Rogers  ,"November 29, 1946",F,N/A,,373 Bishop Port,Lake Tanyafurt,NE,05246,USD 49730.66,Chef,493,23-02-13,BR028,FALSE,Not Verified,Martinique,online
CUST004017,  James,campos,07/31/2002,F,ofloyd@example.com,+18849670802,26257 Bright Views Apt. 651,Port Ericastad,VT,80721,53170.82,Designer,358,,BR027,0,verified,Kuwait,Marketing
CUST004018,Matthew,Johnson,1948-09-28,MALE,kevin81@example.net,000-000-0000,465 Huerta Bridge Apt. 335,South Markmouth,WV,82440,94365.88,Developer,543,02/12/2022,BR041,Yes,pending,Ireland,Marketing
CUST004019,CHRISTOPHER,Cox,68-11-17,F,uthomas@example.com,+13889289004,62401 Wells Bridge Apt. 440,Troyberg,PW,76719,51880.76,Contractor,791,,BR045,No,Pending,Nigeria,Branch
CUST004020,ROBERT,Anderson,05/25/1940,M,shawnpearson@example.org,,4677 Miller Views,North Matthewton,IA,06696,"$66,916.81",Designer,402,08/01/2022,BR001,No,N/A,Mauritius,online
CUST004021,Mark,Lutz,"February 18, 1943",1,chanson@example.net,(720) 217-8847,933 Raymond Neck Suite 415,Williamsborough,AK,55231,145947.78,Contractor,510,99/99/9999,BR010,FALSE,Not Verified,Venezuela,
CUST004022,Robert,Cannon,67-01-15,F,ufox@example.net,4709929162,4729 Ethan Meadows,Port Tinaport,MN,42884,"20171,11",,335,12-08-2023,BR007,TRUE,N/A,Guinea,Online
CUST004023,Jessica,Shah,NULL,FEMALE,james20@example.net,(746) 970-3870,4031 Perry Shore Suite 609,Lake Ryan,DE,93559,5185.5,Manager,756,01/24/2019,BR010,TRUE,VERIFIED,United States Virgin Islands,Branch
CUST004024,Timothy,Summers,10/03/1956,M,stephanie50@example.com,0012123936,9247 Knight Vista,New Steventown,AZ,62662,97425.64,Nurse,737,12-02-08,BR009,False,Pending,Czech Republic,
CUST004025,Jennifer,Haynes,2002-05-15,M,kgeorge@example.org,+10012708087,525 Armstrong Island,Jeremyport,MT,51810,46247.49,Teacher,315,12-03-2012,BR042,FALSE,Not Verified,Kyrgyz Republic,Walk-in
CUST004026,Jasmine  ,Tran,16-02-2003,F,gallen@example.org,,90378 Saunders Harbors,Port Daleville,DE,32061,"$58,861.69",Manager,803,04-01-2007,BR013,1,Verified,Austria,Walk-in
CUST004027,Robert,Stewart,11/03/1991,M,thomasamanda@example.net,001.743.5849,529 Gilbert Islands Apt. 003,Wrightton,GA,76119,,Officer,327,99/99/9999,BR019,No,Verified,Burkina Faso,Marketing
CUST004028,Virginia,Snyder,1981-11-21,M,aperry@example.org,660.849.7694,,Patrickmouth,IA,59605,"$60,907.00",Contractor,674,16-01-2013,BR033,FALSE,pending,Bosnia and Herzegovina,Branch
CUST004029,Andrew,Ford,67-02-21,M,kevinallen@example.com,000-000-0000,539 Jessica Stream,Cruzville,MP,10023,125948.83,Consultant,352,02-03-25,BR044,Yes,VERIFIED,Bahrain,branch
CUST004030,daniel,Harris,08/10/1988,M,herbertschwartz@example.com,(306) 280-1391,5846 Robert Ports,Smithview,MN,70767,USD 98074.50,Sales Rep,316,03-04-2020,BR009,,pending,Kiribati,N/A
CUST004031,matthew,Hicks,"January 13, 1965",F,preyes@example.net,001.227.3185,1164 Davis Groves,South Timothyfort,ID,73248,100177.82,Chef,495,2000-06-06,BR049,1,Verified,Guinea-Bissau,Walk-in
CUST004032,Harold,Thompson,47-09-22,M,qbyrd@example.com,710-297-4291,25881 Monique Mews Apt. 700,Martinside,GA,99484,20432.05,Consultant,842,2006-07-01,BR010,FALSE,,Trinidad and Tobago,N/A
CUST004033,Laurie,donaldson,92-05-25,M,pattonkatie@example.net,,273 Tammy Trace,West Christina,US,75169,29709.62,Manager,624 pts,04/11/2020,BR037,FALSE,Pending,,Online
CUST004034,Tyler,wolf,"December 25, 1961",M,dean85@example.net,801.491.4779,043 William Walks,East William,ME,18331,$0.00,Developer,377,11-11-2003,BR040,,Verified,Bangladesh,Online
CUST004035,Jonathan,medina,1993-08-31,M,ogreer@example.net,000-000-0000,86295 Justin Shores Suite 108,South Eugene,FM,79471,41671.67,Developer,836,00-12-12,BR006,,Not Verified,Mayotte,ONLINE
CUST004036,Jennifer  ,Miller,1998-08-25,M,dsnyder@example.net,,45610 Mary Island,Heatherport,NE,16066,103484.61,Teacher,696,"November 05, 2015",BR039,No,Verified,New Caledonia,branch
CUST004037,Amanda,Buck,47-07-08,M,williamspatrick@example.org,1955934083,79356 Robertson Fork Suite 597,South Loretta,VA,18409,"$88,093.13",Developer,684,03-02-25,BR042,Yes,Not Verified,Egypt,Referral
CUST004038,Lori,Robinson,1956-06-28,F,,+14935175083,760 Cunningham Views,Gregorymouth,ZZ,74414,62247.04,Lawyer,559,22/03/2018,BR006,Yes,,Bangladesh,ONLINE
CUST004039,Beth,  Wade,2000-11-23,M,megan55@example.net,+11228815557,073 Thomas Island,West Tyler,GA,68118,69219.49,Manager,694,05/19/2006,BR049,Yes,Verified,Guyana,Referral
CUST004040,Charles,Hernandez,"June 02, 1948",M,bradley14@example.com,4148434256,193 Harry Trail Suite 310,North Wesleyview,PR,08241,"45889,01",Student,578,12-12-05,BR033,,pending,Botswana,branch
CUST004041,amy,Foster,09/12/1951,M,kelseyrobles@example.com,+1-788-487-6320,9130 Barnes Ports Suite 567,,CT,16203,77166.56,Engineer,730,23-03-27,BR020,1,Pending,Kenya,
CUST004042,michael,Cox,1983-03-08,male,theresahorn@example.org,+1-804-215-8175,947 Graham Cove,New Mike,PR,51705,96805.74,Analyst,565,13-04-05,BR050,,,Samoa,Branch
CUST004043,Olivia,Moore,66-11-03,M,amandalloyd@example.org,(001) 768-6253,8444 Heather Forge,Juliemouth,ME,00000,13443.96,,457,07-10-30,BR005,False,VERIFIED,Zimbabwe,Marketing
CUST004044,Selena,Roth,02-01-1986,M,ngarcia@example.org,+14942117623,780 Maxwell Island,West Sierrafort,TN,80520,80487.67,Consultant,650,04/20/2009,BR025,No,verified,Swaziland,Branch
CUST004045,MICHELLE,Gilbert,93-07-20,m,dcross@example.net,620-404-6177,1893 John Parkways Suite 178,East Patricia,UT,57907,102635.22,Student,359,,BR022,0,Verified,Andorra,Referral
CUST004046,Kristen,Morales,87-10-22,m,keymatthew@example.org,+1-731-683-8148,91284 Hunt Motorway Suite 812,North Jeffreyport,IL,89863,55471.49,Consultant,492,"July 10, 2000",BR017,Yes,Verified,Saudi Arabia,branch
CUST004047,  Maria,Mcdonald,03/28/1957,M,  udavis@example.com  ,+14103592677,3623 Thompson Loop,Jacobsonview,MP,16326,,Manager,,06-05-2022,BR024,TRUE,VERIFIED,Vietnam,Walk-in
CUST004048,Eric,lewis,1942-09-20,FEMALE,khoffman@example.net,,67708 Freeman Turnpike Suite 478,South Thomasshire,MI,37093,168512.91,Teacher,727,2012-07-08,BR023,FALSE,pending,Guyana,branch
CUST004049,Henry,davis,11/25/1990,MALE,reyeswalter@example.com,,24287 Lauren Ridge Suite 052,West Melissa,MP,76431,"$66,348.00",Contractor,740,01/17/2016,BR023,False,VERIFIED,Tuvalu,online
CUST004050,Elizabeth,Garcia,1960-01-09,M,mcclainkristina@example.net,+1-470-936-5340,17955 Matthew Views Apt. 182,North Adam,WA,50673,,Lawyer,483,2006-12-07,BR029,TRUE,Verified,Monaco,Branch
CUST004051,Heidi,FLYNN,07/17/1986,M,williamhenry@example.net,3139436503,723 Fisher Club Apt. 250,West Calvinhaven,PA,69730,"$44,168.00",Self-Employed,560 pts,20-01-31,BR013,No,verified,Bhutan,
CUST004052,Nicholas,Fuller,1968-07-28,M,burkecharles@example.net,,330 Smith Views,Jacobton,KS,90982,76343.79,Lawyer,708,2015-04-18,BR027,No,,Latvia,ONLINE
CUST004053,Shannon,Moore,26-10-1953,M,yhubbard@example.org,000-000-0000,836 Miranda Parks,East Daniel,HI,92423,86109.51,Clerk,363,06/28/2007,BR005,1,Not Verified,Moldova,online
CUST004054,William,Pruitt,07-03-1970,M,christineramos@example.org,+1-725-567-9257,2060 Alejandro Lodge,Rebeccashire,IL,43158,76819.48,Clerk,354,08/13/2016,BR022,1,Pending,Georgia,ONLINE
CUST004055,Paul,BURTON,09/28/1964,F,rogerreid@example.net,000-000-0000,403 Gomez Rapid,Baileychester,WV,36586,34310.66,Officer,437,02-02-18,BR002,0,Verified,French Southern Territories,Branch
CUST004056,Kelly,  Holden,20-09-1970,1,kimberly83@example.com,+1-459-577-9020,6842 Jackson Burgs,Barrettmouth,PR,58431,,Engineer,420,"December 11, 2005",,,VERIFIED,Afghanistan,Walk-in
CUST004057,LISA,HENDRIX,1981-03-05,Female,lucasvictoria@example.org,N/A,6619 Nolan Rest,East Tiffanytown,NM,00000,121176.86,Accountant,760,18-11-2023,,0,Not Verified,Jordan,online
CUST004058,RICHARD,  Hoffman,01/20/1941,f,michael21@example.com,9813969270,6468 Gibbs Stravenue,New Traceymouth,VA,62798,85702.25,Engineer,768,03-08-2009,BR042,0,,United Arab Emirates,Referral
CUST004059,terry,Blackburn,66-05-24,M,avalencia@example.com,N/A,797 Tammy Road Suite 247,Tranmouth,OR,26818,"103669,55",Doctor,767,14-10-22,BR036,0,Pending,,Online
CUST004060,Zachary,palmer,06/09/1986,F,goodmansean@example.org,0016112496,147 Shannon Forge,Tracyfort,MT,29775,61704.58,Doctor,633,2002-01-16,BR034,True,Verified,Slovakia (Slovak Republic),Marketing
CUST004061,James,Ballard,51-02-08,M,gileslisa@example.com,+14905367160,3325 Scott Fields Apt. 365,West Maureenton,PA,04397,96246.51,Driver,579 pts,05-11-14,BR001,No,,Guam,Referral
CUST004062,Sarah,Reynolds,87-04-29,M,annettedonaldson@example.com,,99733 Nancy Light,Nicholasstad,KY,00000,79774.37,Manager,596,10/03/2002,BR040,FALSE,pending,Bolivia,Marketing
CUST004063,Jennifer,Hicks,08/31/1965,Female,shelby89@example.com,,5126 John Causeway Suite 065,North Chelsea,CO,66317,36718.12,Manager,772 pts,"January 11, 2021",BR029,0,pending,Finland,N/A
CUST004064,JAMES,Carter,1964-02-03,M,cassandraosborne@example.net,001-721-8533,9185 Ramos Forges Suite 001,East Lisastad,ME,83590,"$81,148.24",Sales Rep,481,2002-04-12,BR022,No,Verified,Pakistan,Walk-in
CUST004065,stephen,Palmer,1972-12-31,Female,lorimiddleton@example.com,5647975776,9971 Miller Trace Apt. 867,Port Jasminemouth,nv,21531,35290.62,Teacher,757,2012-08-31,BR007,0,pending,Costa Rica,
CUST004066,  Kelly,REYES,1997-06-09,F,tjones@example.com,000-000-0000,39890 Wallace Divide,Lisaview,NY,20769,47849.19,Chef,427,18-11-03,BR001,True,Pending,Cambodia,Branch
CUST004067,Wayne,Jones,"March 18, 1966",F,hlowe@example.net,+1-228-331-2429,838 Samantha Forks Apt. 466,Lake Amandaland,RI,36604,76626.49,Chef,460,,BR050,False,,Latvia,N/A
CUST004068,Mark,Joseph,01/24/2005,F,qgrimes@example.com,(631) 313-9840,,New Lisafort,SC,61949,80403.55,Chef,581,01-04-13,BR012,True,Not Verified,Bosnia and Herzegovina,online
CUST004069,Patrick,Gibbs,95-03-03,M,barneslarry@example.org,8012240550,656 Gary Center,Karihaven,WI,38044,28376.86,Engineer,385,2017-08-23,BR033,FALSE,Verified,Bosnia and Herzegovina,Walk-in
CUST004070,Mark,Macias,05/02/1941,F,kyle88@example.net,000-000-0000,443 Beck Mountain Apt. 566,South Angiemouth,MS,55571,106889.5,Teacher,391,20-06-2012,BR029,True,pending,Libyan Arab Jamahiriya,Walk-in
CUST004071,Andrew,TAYLOR,01/09/1968,F,jasontapia@example.com,846-736-0588,76708 Marc Squares Apt. 150,Buckleybury,DC,39010,"90020,22",Sales Rep,519,15-06-22,BR034,FALSE,,Saint Helena,Branch
CUST004072,Deborah,Alexander,"July 05, 1998",F,matthew45@example.org,,497 Joseph Grove Apt. 352,Amymouth,WY,63333,45334.5,Doctor,491,NULL,BR031,True,,Ethiopia,Referral
CUST004073,  Stacey,rogers,"July 03, 1950",F,bradfordmadeline@example.com,000-000-0000,847 Sara Camp Apt. 986,Garnerhaven,GU,90292,16184.53,Officer,,23-03-14,BR004,TRUE,VERIFIED,Somalia,N/A
CUST004074,ROBERT,Martinez,13-06-01,F,thomashill@example.org,N/A,4268 Smith Mountain,Kelleyberg,WI,51539,64928.34,Driver,431,04/09/2016,BR032,Yes,verified,Singapore,Walk-in
CUST004075,Michele,Scott,10/01/1942,F,  lambphillip@example.org  ,917.952.3427,79223 Sheryl Common,New Michael,WI,33879,54391.97,,687,2018-06-06,BR047,True,Verified,Tonga,Marketing
CUST004076,Nathan,Lynch,03/15/1984,M,gabriel89@example.org,001-672-8107,300 Harold Square,Lake Courtneyshire,NM,78551,,Sales Rep,732,03-08-2013,BR043,FALSE,verified,Estonia,Walk-in
CUST004077,Barbara,mayo,1977-12-29,M,dodsonandrew@example.com,,811 Johnson Corners Apt. 281,Shaneville,ND,50048,"$57,290.92",Designer,488,12/12/2006,BR035,0,Verified,Bouvet Island (Bouvetoya),Walk-in
CUST004078,Brian,  Silva,"April 10, 2014",1,  mfigueroa@example.com  ,+19855161269,7696 Yvonne Via,Atkinsonmouth,VA,25760,0,Nurse,752,06-06-27,BR021,No,N/A,France,
CUST004079,Billy,Price,1980-04-13,m,reyesanna@example.com,(717) 531-5852,29121 Dawn Mountains,Shirleyport,NM,65357,56407.86,Retired,340,24-05-2023,BR041,0,pending,Central African Republic,Online
CUST004080,Sara,Dean,07-10-1970,Female,huangbeverly@example.net,356.870.2395,4835 Jessica Spur,Lake Joshuaport,ND,82424,59303.33,Contractor,688,12/13/2020,BR050,FALSE,Pending,Austria,
CUST004081,Douglas,  Horn,29/08/1963,F,tanyarichard@example.com,000-000-0000,971 Hodges Cliffs Suite 311,Elizabethmouth,MH,47559,92178.14,Consultant,544,10/08/2017,BR048,,Pending,Zimbabwe,branch
CUST004082,Michele,WILLIAMS,24-04-1949,Female,patrick80@example.org,000-000-0000,34453 Delacruz Knoll Apt. 665,Reginaldmouth,CT,46546,,Accountant,825,30-08-2007,BR028,True,VERIFIED,Guernsey,
CUST004083,Elizabeth,Griffin,"January 18, 1996",M,zbutler@example.net,240.658.4898,511 Erin Mountain Apt. 504,Maureenside,NJ,84439,128753.61,Contractor,304,18-10-2011,BR038,,pending,Vanuatu,Branch
CUST004084,Heidi,Howard,1958-03-14,female,,(900) 603-6271,0621 Pamela Meadows,Teresatown,MA,61484,3092.58,,424,29/04/2023,BR036,No,verified,French Polynesia,online
CUST004085,Cynthia,Smith,1952-07-10,1,larsontracy@example.com,(617) 224-2819,89131 Steven Haven Apt. 327,Davidmouth,SD,03994,115890.86,Doctor,785,17/09/2016,BR032,1,Verified,Bahamas,Walk-in
CUST004086,Victoria,Garner,1995-12-05,Female,osims@example.org,+1-974-857-1074,6727 Isaiah Light Apt. 202,Burnsbury,LA,58809,62148.84,Sales Rep,672,"August 13, 2004",BR037,FALSE,pending,Heard Island and McDonald Islands,Online
CUST004087,Amanda,Escobar,99/99/9999,F,SARAHLOPEZ@EXAMPLE.COM,2179106567,57680 Scott Pine,North Austinbury,MO,73634,,Chef,629,02/11/2016,BR021,Yes,verified,Andorra,Walk-in
CUST004088,Heather,Stephens  ,20/01/1991,M,manderson@example.net,+12612574356,10450 Hensley Neck Suite 582,,NH,36940,72793.05,Sales Rep,626,2007-12-31,BR018,FALSE,verified,Chile,Branch
CUST004089,Christina,Kane,1946-03-23,M,sherri29@example.org,,273 Martinez Way Suite 283,Evansstad,DE,65647,"$109,884.44",Clerk,534,19-05-2003,BR034,No,,Saint Barthelemy,online
CUST004090,Rodney,Burke,05/29/1973,M,owensisaac@example.org,156.555.4734,341 Alvarez Alley Suite 634,Amandaland,PR,57737,56442.33,Driver,404,03-05-16,BR020,1,verified,Croatia,Online
CUST004091,AMANDA,Smith,1949-07-23,M,coledonna@example.net,000-000-0000,131 Love Cliff,Michelleside,IA,51256,31548.29,Self-Employed,845,12-08-2019,BR037,True,pending,Chad,N/A
CUST004092,sarah,Peterson,12/13/1994,M,gutierrezsamuel@example.com,+15337469481,7800 Andrew Avenue,New Andre,CO,42886,119717.65,Nurse,697,"June 09, 2020",BR047,TRUE,Pending,Mauritania,N/A
CUST004093,Elizabeth,Joyce,25/05/1992,F,pereztami@example.com,,46733 Wiggins Islands Suite 905,New Gary,CO,95237,"$66,028.18",Accountant,428,13/10/2001,BR019,False,Pending,Lithuania,Marketing
CUST004094,Laura,  Graham,"August 26, 1953",F,joseph44@example.com,,6638 Jennifer Crest,South Lisaberg,VT,96945,77754.55,Doctor,656,07/05/2004,BR013,,verified,Uganda,
CUST004095,Dillon,  Simpson,2000-04-25,F,pnewman@example.org,,3873 Taylor Knoll,Doylefort,MI,78006,113216.32,Consultant,843,06/06/2004,BR015,Yes,N/A,United Kingdom,branch
CUST004096,Gregory,Ball,1946-11-23,F,austinsamantha@example.org,127-678-0123,37317 Johnson Island,Castilloberg,SC,71211,33881.57,Self-Employed,545,07/04/2013,BR007,0,N/A,Saint Martin,Branch
CUST004097,Jennifer,Thompson,01/16/2003,F,coreydennis@example.com,N/A,77181 Torres Garden Suite 889,Port Sarahfort,MD,83657,90842.18,Chef,,04/01/2012,BR029,0,Verified,Venezuela,ONLINE
CUST004098,Robin,Robertson,99/99/9999,F,N/A,+1-688-520-5907,651 Moreno Fords Suite 271,East Dana,WY,12429,49353.68,,0,04-06-20,BR039,TRUE,Pending,Equatorial Guinea,N/A
CUST004099,Vanessa  ,Alexander,01/08/2000,m,dharrison@example.org,+19515699619,9612 Timothy Pass Suite 975,Jessicaview,NY,90730,65374.07,Self-Employed,828,16-01-2001,BR049,FALSE,verified,,Online
CUST004100,Karla  ,SMITH,99/99/9999,female,lindsaymiller@example.net,345-865-4252,099 Ricardo Square,Reyesberg,TN,21498,72529.76,Manager,782,07-06-2014,BR002,False,,Equatorial Guinea,ONLINE
CUST004101,jared,Turner,1957-07-21,Female,akim@example.net,000-000-0000,644 Steven Crescent,Christinaland,NC,42624,17492.23,Doctor,419,NULL,BR004,No,Not Verified,Falkland Islands (Malvinas),ONLINE
CUST004102,Elizabeth,Barker,01/01/1981,F,mckenzie69@example.org,+16886323754,586 Potts Rue,Mayerstad,IL,23317,42740.7,Analyst,522,2005-05-26,BR038,False,Not Verified,Liechtenstein,Walk-in
CUST004103,  Stephanie,Flores,13/11/1940,M,xgill@example.com,N/A,2664 Mark Crescent Suite 541,Port Ashley,UT,35742,117287.55,Consultant,459,NULL,BR034,0,pending,Monaco,Online
CUST004104,Ashley,Mata,2004-07-30,M,christinephillips@example.com,806.537.5873,8261 Daniels Trail,Ruthshire,FM,64296,101016.69,Designer,800,99/99/9999,BR012,True,Pending,Guyana,Walk-in
CUST004105,Diane,Haas,03-12-2021,F,N/A,000-000-0000,492 Megan Corner Suite 976,New Jesus,NJ,23310,67807.61,Manager,422,11-01-19,BR023,,pending,Switzerland,ONLINE
CUST004106,Veronica,Cameron,43-08-30,F,miguelbarnes@example.net,225.958.7990,029 Jensen Drive Suite 502,Lake Craigchester,WY,10453,78509.32,Nurse,370,16/02/2009,BR004,Yes,pending,Puerto Rico,Branch
CUST004107,Billy,Price,08/01/1983,F,leonardchristopher@example.net,441.428.9566,9967 Daniel Lights Apt. 437,Frederickmouth,AZ,18016,59701.51,Contractor,757,10-11-2009,BR041,0,VERIFIED,Pitcairn Islands,Walk-in
CUST004108,Juan,Jordan,,0,jimmyfoster@example.com,+11545975436,,West Renee,ME,13100,117480.42,Officer,698,22/03/2005,BR008,1,,Reunion,N/A
CUST004109,Christopher,Oconnell,63-05-31,F,donna36@example.org,,836 Tracy Hill,Port Jeffrey,LA,99794,62987.66,Driver,390,03-10-22,BR019,Yes,,Uganda,online
CUST004110,Larry,Kelley,,FEMALE,paul70@example.com,(565) 247-1176,510 Thomas Burg Suite 292,Schultztown,N/A,91919,78114.47,Teacher,590,,BR041,FALSE,pending,Bouvet Island (Bouvetoya),branch
CUST004111,Faith,Lara  ,1967-11-21,female,michaellove@example.org,+11974415177,219 Lauren Light,Michellebury,ID,46810,110111.06,Contractor,,24-09-2004,BR025,TRUE,verified,Timor-Leste,branch
CUST004112,Eric,BRIGHT,1948-08-14,Male,james92@example.com,5474307483,389 Brock Drives Apt. 565,South Theresa,WV,75410,42792.0,Developer,832,,BR026,True,Pending,Guyana,Walk-in
CUST004113,Sarah,jones,22/11/1978,M,johntodd@example.com,+18612328541,01275 Lee Haven Suite 803,Bradyborough,IL,80302,124557.62,Analyst,707 pts,06/01/2019,BR021,Yes,Verified,Grenada,branch
CUST004114,Stanley,Morales,1981-03-24,F,singletonkevin@example.net,769.413.1911,147 White Village,West Stephenborough,CO,80875,16433.85,Manager,820,29/01/2000,,,verified,North Macedonia,Online
CUST004115,Jennifer,Gilbert,80-05-03,F,victoria05@example.net,(673) 465-3056,666 Briana Knoll Apt. 802,Dominiqueville,GA,44891,127037.47,Driver,683,04/18/2018,BR042,No,verified,Spain,Branch
CUST004116,Heather,Brewer,17/09/2012,M,oscar61@example.net,N/A,4085 Matthew Trace Suite 652,Lake Lindaton,ND,35799,56956.35,Self-Employed,388,2006-10-02,BR011,FALSE,pending,Wallis and Futuna,
CUST004117,Philip,Doyle,85-06-11,male,,N/A,44330 Jennifer Rapid,South Judy,CA,61917,"$61,505.54",Retired,598,03/08/2020,BR024,No,N/A,,branch
CUST004118,Jose,Kelly,1948-05-27,Female,coxtyler@example.net,+13553381994,,West Taylorfurt,GU,20446,USD 3849.64,Retired,595,,BR038,False,Not Verified,United States Virgin Islands,Online
CUST004119,Jeffrey,Rogers,"November 04, 2017",MALE,birdamanda@example.org,+11906586245,44614 Travis Village,Woodsburgh,MS,63549,54082.18,Doctor,681,05/07/2001,BR026,True,pending,Antarctica (the territory South of 60 deg S),Referral
CUST004120,Kimberly,Bowman,"November 24, 1946",M,,161-085-4110,7294 Adam Dam,Josephbury,NY,51167,33606.77,Clerk,757,03-06-2018,,False,verified,Haiti,Branch
CUST004121,Michael,Marsh,01-05-02,M,susan09@example.com,743-526-4799,055 Barton Mountain,Lake Timothy,MS,18826,48732.38,Chef,617,31-10-2011,BR014,TRUE,,French Polynesia,Walk-in
CUST004122,Michelle,White  ,47-12-15,F,michellevalentineATexample.net,260-421-2757,4092 Rogers Road,Banksland,IL,27262,65194.12,Clerk,404,"February 09, 2000",,TRUE,Pending,Ukraine,Marketing
CUST004123,Eric,Kelley,11/09/1970,M,hjordan@example.org,(300) 874-0774,2507 Fowler Divide Apt. 076,South Michael,HI,11410,103522.71,Sales Rep,639,2011-11-27,BR031,FALSE,pending,Liberia,Referral
CUST004124,Raymond,Foster,03/20/1973,F,N/A,,17483 Christopher Bypass,Batesfurt,AS,16235,77266.12,Clerk,541,08-12-23,BR001,FALSE,verified,Malta,Marketing
CUST004125,Ashley,Norman,24-05-22,F,davidmiller@example.org,(001) 706-7568,069 Ronald Fort,South Rachel,XX,30413,80768.68,Engineer,429,04/29/2019,BR047,True,,Netherlands Antilles,ONLINE
CUST004126,Kristy,Harris,14-04-1986,F,mariavaldez@example.net,+19416608420,9865 Wilson Overpass,Randyland,KY,70827,31656.82,Contractor,733,23-04-07,BR041,False,N/A,Guadeloupe,branch
CUST004127,michael,Simmons,1942-04-22,M,catherinejones@example.net,5924043853,176 Oconnell Village Apt. 939,Johnbury,GA,13225,39173.61,Accountant,666,05/05/2011,BR050,,Not Verified,,Walk-in
CUST004128,Stacey,Smith,"August 05, 1940",FEMALE,johnsonrebecca@example.net,+19179150359,106 Sheri Inlet Apt. 667,Jonesmouth,CA,76459,132955.38,Driver,-1,10/04/2017,BR025,,,Cote d'Ivoire,Walk-in
CUST004129,Sarah,Colon,"July 09, 1990",F,johnsonsarah@example.net,N/A,64570 Lawrence Path Apt. 593,New Elizabethfort,DC,58223,44267.96,Engineer,523,2013-11-22,BR012,,Pending,Gambia,ONLINE
CUST004130,Richard,Evans,29-10-1954,M,josephhenry@example.com,,82191 Michael Fields,Lake Steven,LA,85931,127967.29,Clerk,670,"September 19, 2005",BR038,TRUE,pending,Malaysia,online
CUST004131,kelly,Gallegos,05/21/2002,male,N/A,(177) 687-6618,7692 Judy Divide,Michaelton,TX,75246,6149286.0,Teacher,389,02/27/2000,BR022,FALSE,pending,Tokelau,branch
CUST004132,SHELBY,Stewart,91-06-22,M,darlenehill@example.org,000-000-0000,812 Reyes Rue Suite 316,Jeremychester,DE ,28768,70080.08,Manager,472,28-02-2009,BR025,True,VERIFIED,Montenegro,branch
CUST004133,Anthony,  Howard,25-10-1955,M,whenderson@example.com,408.261.0529,4387 Valerie Shore,South Daniel,MD,10857,107462.78,,453,2016-01-31,BR016,Yes,VERIFIED,Saint Lucia,Online
CUST004134,David,Noble,21/10/1985,F,parkmicheal@example.net,217.649.1970,83594 Boone Ranch,Brookeport,AK,68017,114516.23,Contractor,541,16-09-11,BR009,Yes,Pending,Croatia,Marketing
CUST004135,Matthew,Haney  ,01-06-1953,m,snyderjennifer@example.org,000-000-0000,8726 Johnson Summit,Dunntown,CT,56592,,Officer,846,2010-08-08,BR003,No,N/A,Nigeria,Branch
CUST004136,Rebecca,Miller,,FEMALE,jeffreylawson@example.com,149-923-7816,04464 Dominic Gardens,Josephbury,MS,11225,56411.49,Developer,668,"July 13, 2013",BR011,TRUE,Not Verified,Romania,Referral
CUST004137,Nicole,Torres,1955-12-25,M,jordanjohn@example.net,+10018755921,4666 Sandra Shoals,Port Albert,MS,07183,68042.78,Engineer,739,01-09-2013,BR003,False,Not Verified,Heard Island and McDonald Islands,ONLINE
CUST004138,Gary,Munoz,1969-08-04,M,talvarado@example.net,3929125331,4560 Quinn Squares Suite 903,Wrightview,NC,04595,,Chef,781,08-04-2009,BR016,0,Not Verified,Antigua and Barbuda,Marketing
CUST004139,  Trevor,Clark,13/01/2000,M,yolson@example.net,+11828959156,35225 Joshua Radial Suite 872,Montgomeryside,WA,25765,101195.63,Sales Rep,465,11-08-2000,BR001,,Not Verified,Somalia,Referral
CUST004140,John,Hobbs,"February 20, 1989",F,jrogers@example.net,+1-173-086-5769,0343 Anderson Pike Suite 707,Ianview,IN,26900,70148.05,Developer,778,24-01-2020,BR012,Yes,Not Verified,Martinique,Referral
CUST004141,  Donna,Brooks,25/06/1996,M,robert13@example.org,,9567 Michael Oval,Colonbury,PR,75761,91661.02,Analyst,360 pts,"June 27, 2020",BR016,No,,Azerbaijan,ONLINE
CUST004142,Sheri,Porter,1954-06-07,M,who@example.net,,94174 Gabriel Spur Apt. 024,Ryanburgh,NH,25381,127342.59,Developer,841,2019-07-14,BR034,,verified,Norway,Branch
CUST004143,Robin,ortiz,02/03/1953,F,gwheeler@example.com,165-434-0977,2046 Kyle Rapid,Murphyton,NH,11929,,Nurse,820,31-05-2008,BR035,TRUE,verified,Botswana,Walk-in
CUST004144,Greg,Gomez,09-04-1997,M,wilkinsondylan@example.com,001.995.2640,22524 Jamie Plaza,South Gary,00,21297,80907.85,Analyst,477 pts,2016-12-15,BR045,No,verified,Ethiopia,Walk-in
CUST004145,Melissa,wiley,48-02-13,1,pwright@example.net,000-000-0000,91580 Salazar Locks,Lake Tiffanyland,mh,85677,16838.12,,709,23-07-2001,BR022,Yes,verified,Guernsey,Online
CUST004146,Brianna,Perez  ,05/07/1958,M,sgray@example.org,(155) 651-8061,2067 Barbara Motorway,Keithberg,VT,23790,0,Designer,465,"November 23, 2016",BR001,,pending,United States of America,Branch
CUST004147,James,Smith,66-02-21,F,shelly07@example.com,+12453955872,05244 Stephen Lodge,Ryanshire,DC,50206,83593.15,Nurse,522,12/27/2015,BR038,0,Not Verified,Portugal,Referral
CUST004148,Eric,Velazquez,1998-03-20,F,burtonmatthew@example.com,000-000-0000,086 Franklin Junction,North Yvettebury,MS,91710,66681.15,Accountant,440,16-06-10,BR027,TRUE,pending,Kyrgyz Republic,
CUST004149,David,Clarke,29-06-1963,F,brianwilson@example.com,+1-161-522-3664,40333 Jon Parks,Juanfurt,CO,83401,51982.61,Officer,459,2020-09-30,BR049,TRUE,,Cambodia,ONLINE
CUST004150,Kayla,Cox,09/07/1989,f,wmontgomeryATexample.com,,21566 Williamson Knolls Apt. 121,East Christineland,MN ,77926,78523.56,Lawyer,493,99/99/9999,BR007,No,Verified,Mauritius,N/A
CUST004151,Stephanie  ,Gonzales,07/28/1960,f,tanyavillegas@example.com,+1-130-079-0442,1259 Taylor Shoal,Boydtown,ME,91468,67885.87,Teacher,699,04/03/2009,BR049,No,Verified,Benin,branch
CUST004152,Andrew,Garrison,,F,gibsonjanet@example.org,001-416-4050,8628 Jennifer Streets,South Malloryfort,DC,08951,USD 109472.31,Analyst,378,05-12-09,BR024,1,Pending,Heard Island and McDonald Islands,online
CUST004153,Veronica,Coleman,"February 15, 1959",M,gwhite@example.com,+1-370-529-9397,8578 Mitchell Mill Suite 472,Port Brittany,FM,78236,73013.88,,744,10-07-2021,BR038,0,Pending,Brunei Darussalam,Online
CUST004154,Elizabeth,  Hughes,"February 02, 1971",M,bjones@example.com,N/A,392 Johns Rapids,Sharontown,HI,32391,43857.69,Self-Employed,659,"December 15, 2014",BR022,,N/A,India,Online
CUST004155,Steven,Rangel,NULL,F,sarah85@example.org,,5733 Roth Terrace,South Matthew,az,22858,104655.82,Clerk,546,25-03-2005,BR020,Yes,N/A,Slovakia (Slovak Republic),Online
CUST004156,Amanda,Drake,13-08-1945,m,stevenmartin@example.com,000-000-0000,160 Cruz Extension Suite 983,,OK,21799,62400.41,Manager,839,19-09-30,BR024,No,VERIFIED,Gibraltar,Walk-in
CUST004157,William,Martinez,06/11/1955,M,natalie14@example.net,000-000-0000,5539 Dillon Forge Suite 605,Jonesfurt,NJ,45203,88428.78,Chef,696,2018-11-16,BR019,True,VERIFIED,Czech Republic,Online
CUST004158,Katie,Weber,21-10-1980,M,uphillips@example.net,N/A,962 Hannah Valleys,Millerland,IL,70975,53290.63,,696,10/31/2003,BR038,,verified,Netherlands Antilles,ONLINE
CUST004159,Travis,Harris,87-04-02,f,ecummings@example.net,N/A,0660 Vanessa Roads,Freemantown,ME,71771,47256.06,Self-Employed,677 pts,09/05/2012,BR031,1,pending,Niger,Referral
CUST004160,Christy,Franklin,54-01-24,1,daniel30@example.org,767.477.9201,65065 Samuel Points,Johnsonhaven,KS,42010,72945.89,Driver,9999,04/30/2006,BR008,FALSE,VERIFIED,British Indian Ocean Territory (Chagos Archipelago),
CUST004161,Robin,Moody,21-05-1969,FEMALE,edavis@example.org,,07895 Bryan Lake Suite 984,New Justin,ID,60221,70449.0,Lawyer,305,21-06-09,BR012,FALSE,Verified,Palau,branch
CUST004162,Paula,Mora  ,,F,daisy55@example.com,4173574159,98061 Roth Point Apt. 128,Jamesborough,LA,00000,86793.95,Accountant,739,13-09-2006,BR042,,VERIFIED,Northern Mariana Islands,ONLINE
CUST004163,David,West,99/99/9999,M,stephenjohnson@example.net,,7492 Renee Flats Apt. 391,Theresatown,IL,91305,60597.4,Developer,632,"April 05, 2008",BR027,Yes,N/A,Latvia,N/A
CUST004164,Debra,Harrington,04/10/1973,Female,jessicapatel@example.com,+1-001-521-3373,569 Elizabeth Place Suite 015,Nathanhaven,KY,11019,5727.41,Developer,805,20-10-2018,BR006,TRUE,pending,Burundi,branch
CUST004165,Steven,Kim,,F,kelly74@example.net,+10016965578,05880 Chelsea Stream Apt. 138,Pereztown,XX,41512,54852.91,Engineer,838,07-08-2015,BR025,False,VERIFIED,,Branch
CUST004166,Pamela,Cline,"January 31, 1945",F,keithvasquez@example.net,N/A,36163 Smith Lock,South Robertoville,WI,94857,97783.65,Officer,483 pts,17-05-08,BR042,0,Pending,Moldova,branch
CUST004167,Glenn,Wilson,12/21/1962,F,donna90@example.com,158-349-5454,6489 Cook Passage Apt. 789,Hornfort,MS,31701,59591.84,Doctor,593,12/17/2020,BR015,TRUE,Verified,Canada,Referral
CUST004168,Alexandria,West,04/02/1969,MALE,javiertran@example.org,(996) 256-1155,41662 Jennings Junction,New Amber,NV,81032,,Officer,508,07/30/2004,BR019,True,pending,France,Online
CUST004169,Mark,Rose,,M,harmonsteven@example.org,N/A,83921 Mark Underpass,New Tyler,WV,47513,104523.18,Analyst,446 pts,21/01/2009,BR041,1,pending,Iceland,Branch
CUST004170,Robert,Camacho,59-01-04,1,daughertypatrick@example.org,1497709571,7080 Jessica Common Suite 642,Alexandertown,AR,46358,USD 45080.94,Nurse,327,"March 21, 2014",BR048,True,Pending,Mexico,Referral
CUST004171,Katie,Jones,1996-06-21,M,schultzkathy@example.org,431.348.3410,,Dominguezbury,SD,47896,16001.89,Accountant,339,16/05/2002,BR025,TRUE,pending,Wallis and Futuna,Walk-in
CUST004172,Gina,Blair,"September 06, 1977",F,bfischer@example.net,642.982.3032,2263 Anne Cove Apt. 089,Lewisborough,NV,61455,,Officer,534,"April 30, 2017",BR014,False,Not Verified,Saint Vincent and the Grenadines,branch
CUST004173,Mary,Brown,04-11-23,M,christopher72@example.com,+1-146-075-1957,972 Timothy Forges Suite 398,Lake Louisland,UT,51649,53053.91,Driver,756,01/08/2004,BR049,0,Verified,Micronesia,Online
CUST004174,Annette,Garza,02/24/1982,F,zayala@example.net,192-439-8503,7131 Tran Mountain Suite 286,Floresberg,KY,30720,36181.38,Developer,773,"September 06, 2023",BR015,1,Not Verified,Faroe Islands,Marketing
CUST004175,Cynthia,Fletcher,12-12-1994,F,davidflynn@example.net,(357) 922-2634,486 Claudia Islands Suite 449,Richardsonmouth,PR,27694,63861.75,Chef,720,10-06-25,BR029,,Verified,Wallis and Futuna,
CUST004176,Anthony,Bean,"May 02, 1973",F,bridget27ATexample.com,+1-165-860-9181,14048 Sandy Trace Suite 738,South Heather,NV,16356,87202.7,Consultant,-1,"July 15, 2018",BR038,Yes,pending,Iceland,Referral
CUST004177,Donald,Hill,2002-12-16,F,mfleming@example.org,+1-955-882-2925,17693 Matthew Bypass Suite 898,Carriebury,RI,84986,69674.9,Doctor,470,2020-02-17,BR001,Yes,Verified,Tonga,
CUST004178,  Jonathan,Berry,04/03/1977,M,N/A,000-000-0000,736 Bennett Trace,Aprilview,WA,76379,80744.34,Teacher,347,04/26/2004,BR030,,VERIFIED,Australia,ONLINE
CUST004179,Kristina,Mason,09/09/1997,F,fischerkaren@example.net,,38180 Solis Stravenue,West Patrick,N/A,12597,133469.27,Student,414,99/99/9999,BR025,1,verified,,branch
CUST004180,John,Watson,1968-01-04,Female,robertcontreras@example.org,N/A,665 Baker Forest,,PW,64419,57999.24,Designer,609,"September 27, 2017",BR011,TRUE,N/A,Israel,Marketing
CUST004181,Brandon,Parsons,07/02/1941,M,enelson@example.org,+1-748-404-9877,8780 Cody Viaduct Suite 440,,AR,60528,79742.2,Lawyer,759,02/26/2001,BR004,1,N/A,Papua New Guinea,ONLINE
CUST004182,ALYSSA,Church,08/01/1996,M,keith75@example.org,(833) 209-0857,688 Garcia Rest,Sanchezview,NJ,55193,,Developer,476,30-06-2015,BR041,FALSE,Not Verified,Liechtenstein,Marketing
CUST004183,TINA,Thomas,1991-03-12,F,lhayes@example.org,N/A,4924 Miles Plains,West Heather,OK,27587,40377.41,Self-Employed,621,2017-02-15,BR003,FALSE,Not Verified,Libyan Arab Jamahiriya,Marketing
CUST004184,adam,  White,NULL,Male,jeffreywallace@example.net,,,North Ronaldhaven,IA,83384,49528.23,Clerk,381,05/12/2019,BR022,TRUE,Pending,Anguilla,ONLINE
CUST004185,Linda,Miller,"April 07, 1941",M,N/A,7799251306,094 Long Rest Apt. 021,,IL,92065,53243.45,Manager,394,2002-04-12,,0,verified,Svalbard & Jan Mayen Islands,branch
CUST004186,Christopher,Tucker,77-04-02,F,haynesjimmy@example.net,+1-752-315-8724,4401 Moody Stravenue Suite 490,East Megan,VI,09468,82581.65,Accountant,553,99/99/9999,BR034,FALSE,N/A,Burkina Faso,Branch
CUST004187,Brian,Alvarado,05/24/1965,M,REIDERIC@EXAMPLE.COM,N/A,030 Regina Prairie,West Andreafort,FL,00000,,Analyst,789,2022-02-05,BR010,TRUE,verified,Greece,Walk-in
CUST004188,Monica,Glover,07/22/1998,M,patrickbarnes@example.com,923-625-5474,9147 Matthew Ramp,Lake Joelhaven,WV,52488,44938.48,Student,396,15-05-2007,BR025,TRUE,verified,Svalbard & Jan Mayen Islands,branch
CUST004189,Kimberly,Baker,"June 15, 1983",F,ghardy@example.com,738.908.5904,9718 Kathy Spur,Smithfort,CT,28504,55418.11,Nurse,398,17/05/2007,BR020,Yes,,Papua New Guinea,Walk-in
CUST004190,Allison,Skinner,05/04/1970,M,andrehayes@example.net,7227975796,985 Mitchell Prairie,East Jimberg,MS,34363,67790.69,Designer,634,2008-05-08,BR005,,pending,Chile,Walk-in
CUST004191,Ralph,Schmidt,28-08-1960,f,bakerdennis@example.net,N/A,6584 William Station,Chadstad,MD,41146,,Officer,498,03/03/2004,BR002,False,,Zambia,Walk-in
CUST004192,Diana,Pierce,08/02/1955,female,N/A,+1-859-499-0270,592 Acosta Valley,West Christy,CO,42899,79224.28,Designer,459,17-03-2005,BR014,No,Pending,Greenland,ONLINE
CUST004193,  Heather,Gonzalez,1987-08-22,F,christopher07@example.com,477-796-8000,26649 Weber Mall,Ashleyport,NE,42544,114943.35,Manager,395,03/05/2000,BR014,True,Not Verified,Vietnam,Branch
CUST004194,Claudia,Barnes,17-05-2001,FEMALE,robert00@example.org,8587155600,829 Rodriguez Forges Suite 916,Jamesside,FL,66169,0,Developer,,"April 25, 2011",,No,pending,Armenia,Branch
CUST004195,XAVIER,Davis,"August 29, 1993",M,nolanzachary@example.net,588.337.6367,13110 Griffin Common Apt. 910,East Stephanieberg,MP,95028,0,Clerk,377,24/06/2007,BR050,False,VERIFIED,El Salvador,
CUST004196,Sandra,Neal,2004-05-09,1,lduran@example.net,123-822-4522,555 Cynthia Roads Suite 896,North Luis,NE,69872,52644.26,Consultant,675,02/07/2021,BR022,No,Pending,Malawi,ONLINE
CUST004197,Eric,Davis,19-02-1997,F,langcorey@example.net,965-581-0167,67436 Khan Coves Apt. 250,Barnesport,KS,48779,"$108,405.51",Teacher,535,"October 24, 2003",BR026,,Not Verified,Korea,
CUST004198,John,  Estes,05/17/1998,M,erin42@example.org,,0968 Jennifer Causeway Apt. 470,Ericksonhaven,IA,79908,"$15,202.32",Nurse,415,14-08-21,BR001,1,VERIFIED,Aruba,Walk-in
CUST004199,  Jeffery,Williams,14/09/1983,F,PENNYSCOTT@EXAMPLE.ORG,(939) 948-2466,83525 Clark Valley Suite 870,North Patriciaberg,RI,61880,0,Driver,368,11-03-25,BR031,No,N/A,Tanzania,N/A
CUST004200,Daniel,Mills,10-09-1968,F,gilbertjuan@example.com,6726353709,53284 Clay Spur Apt. 984,Hillside,MH,20434,89991.28,Chef,360,"January 17, 2004",BR039,0,VERIFIED,Serbia,Branch
CUST004201,justin,Jackson,"November 19, 1979",M,harmonandrew@example.com,+1-001-379-7288,73611 Conrad Rapid Apt. 595,Port Andreatown,WI,66856,,Retired,553,15-05-25,BR049,No,N/A,Guernsey,Walk-in
CUST004202,Evan,Hayes,"December 24, 1949",m,michael84@example.net,+16869360430,389 Kenneth Route Suite 627,South Mariafort,SD,73819,31842.71,Developer,303,99/99/9999,BR017,TRUE,N/A,Indonesia,online
CUST004203,Krystal,Williams,,MALE,burnsmichael@example.net,423.577.7937,0424 Daisy Grove,Lake Michael,ND,16149,35506.11,Analyst,589,24-05-2017,BR045,TRUE,Not Verified,Gibraltar,Online
CUST004204,Christina,Collins,85-09-01,male,beth29@example.org,,82665 Dunn Vista Apt. 751,South Georgemouth,NH,38176,36058.97,Developer,746,05-10-2023,BR021,TRUE,N/A,Swaziland,Online
CUST004205,Stephen,Gilbert,"March 03, 1972",f,hilleric@example.org,702.533.5236,462 Jason Freeway Apt. 901,Rossshire,WV,49672,73868.74,Accountant,344,18-05-2003,BR044,No,Not Verified,Morocco,Branch
CUST004206,Nathan,  Contreras,"April 03, 1994",F,autumn91@example.net,,325 Diaz Knoll,Port Jamestown,VA,89792,48078.97,Self-Employed,846,21/07/2023,BR003,TRUE,verified,Mauritania,online
CUST004207,Justin,Freeman,1973-03-23,F,barbaramartinez@example.com,+12088661212,3230 Harmon Ports Suite 089,Williamsonfort,NV,35403,87292.24,Nurse,0,05/09/2008,,1,VERIFIED,Kuwait,
CUST004208,gina,Morse,56-03-12,m,OLIVERDANNY@EXAMPLE.NET,N/A,499 Johnson Field Suite 537,Lake Duane,CA,00000,0,Lawyer,362,2001-01-21,BR037,,pending,United Arab Emirates,Branch
CUST004209,Angela,Morris,1987-06-05,F,sgonzalez@example.com,+19296865866,5765 Barr Pine Apt. 519,Martinezburgh,AS,39962,,Student,723,2003-11-13,BR012,True,verified,Northern Mariana Islands,online
CUST004210,Kimberly,Saunders,1971-01-30,M,john00@example.net,N/A,25035 Reid Crossing,Christianland,ME,62303,30588.11,Sales Rep,419,"February 25, 2004",,FALSE,N/A,Moldova,Branch
CUST004211,Jason,FLETCHER,NULL,female,davisvanessa@example.org,(634) 536-3936,67918 Morgan Bypass Apt. 158,Jackiehaven,ME,64447,61028.08,Retired,848 pts,26/03/2010,BR027,1,Pending,Kuwait,Marketing
CUST004212,  Laura,Bullock,43-09-29,F,michelleburke@example.net,000-000-0000,3293 Katherine Junctions Suite 760,,NM,75184,51168.33,Developer,561,06/02/2009,BR048,0,Pending,Norfolk Island,Marketing
CUST004213,Sandra,MEDINA,14/07/1951,M,seanleach@example.com,001.759.2746,05247 Jones Creek,North Thomasburgh,PW,27823,97924.53,Manager,659,2012-01-03,BR021,0,Pending,Moldova,Online
CUST004214,Megan,  Williams,"December 14, 1976",M,rmoore@example.net,535.896.1715,984 Michael Drives,North Valerietown,NV,70217,4923.21,Accountant,492,"May 07, 2019",BR003,False,verified,Norfolk Island,
CUST004215,Jose,JACKSON,23-02-1958,M,sgibson@example.org,(900) 752-9707,46770 Bowen Port,New Elizabethbury,TN,55057,71592.2,Designer,610,NULL,BR020,No,N/A,Samoa,Marketing
CUST004216,Andrea,Barnett  ,79-10-12,M,alexjennings@example.net,001.573.7047,737 Jack Terrace Suite 746,East Benjaminton,IL,21535,89541.77,Chef,355 pts,08/07/2000,BR029,True,verified,Azerbaijan,branch
CUST004217,Carolyn,Parker,,M,wschmidt@example.org,+1-628-380-3345,2567 Ryan Corner Apt. 583,Terryton,MT,86537,134982.66,,384,18/12/2012,BR039,No,VERIFIED,American Samoa,Online
CUST004218,Jorge,Cox,18/06/1980,F,SELLERSMEGAN@EXAMPLE.ORG,+13505569119,81262 Walker Springs Apt. 166,Wrightburgh,DC,48544,53138.19,Developer,442,20-06-15,BR013,0,N/A,Saint Vincent and the Grenadines,Referral
CUST004219,Colleen,Johnson,49-03-13,M,marc84@example.org,+18846047373,18030 Holmes Drives,New Crystal,SC,23694,81356.05,Doctor,581,2003-08-09,BR006,True,Pending,Cote d'Ivoire,N/A
CUST004220,Michael,  Reyes,"January 26, 1966",F,lucasjenkins@example.org,(559) 518-9853,1643 Rivera Club Apt. 721,Port Rachelbury,RI,42739,6864.8,Designer,346,03/09/2001,BR042,Yes,Not Verified,Egypt,branch
CUST004221,  Jessica,Rice,08/06/1978,M,kimberly86@example.com,001-620-4290,40658 Torres Views Suite 008,East Margaret,WY,63746,0,Consultant,500 pts,17-02-2008,BR020,True,,Egypt,Walk-in
CUST004222,James,Bray,99/99/9999,F,davidbrown@example.org,0015578817,9522 Megan Grove,South Thomas,HI,72452,,Driver,588,30-08-2000,BR022,1,Verified,Tanzania,Referral
CUST004223,Cynthia,Swanson,"July 14, 1973",F,swillis@example.net,672-352-9426,10315 Smith Plain,North Jeffrey,NC,22383,69805.39,Consultant,512,99/99/9999,BR044,0,VERIFIED,Anguilla,Branch
CUST004224,Amanda,Vaughn,03/06/2005,m,jsanchez@example.com,001.808.5281,3007 Taylor Highway Apt. 111,Port Alan,PW,64346,111247.94,Manager,725,19/06/2002,BR020,TRUE,Verified,Bolivia,
CUST004225,MARTIN,Zhang,12/11/2003,F,,988-507-2724,31676 George Trace Suite 917,Caldwellchester,ID,32680,21930.9,Consultant,553,2013-07-09,BR048,No,Pending,Lao People's Democratic Republic,Branch
CUST004226,Samantha,Davidson,03-10-1940,M,clinejoseph@example.org,0019492193,38785 Katie Mission Apt. 783,New Robertfurt,IA,74852,88196.57,Contractor,572,2004-05-18,BR013,TRUE,Not Verified,Latvia,Online
CUST004227,Amanda,Jones,11-08-1949,f,xsmithATexample.net,001.308.8839,0348 Barbara Green,West Victoriaborough,GU,58384,135408.62,Engineer,331,2021-04-03,BR003,False,Verified,South Africa,Referral
CUST004228,Andrew,Mcknight,99/99/9999,1,david78@example.org,9045102296,447 Roy Radial,Stewartfort,ND,23933,84689.7,Driver,673,06-12-2018,BR034,False,pending,Senegal,N/A
CUST004229,Christina,Morris,99/99/9999,F,  hollandangela@example.org  ,N/A,855 Erik Corners,West Shanefort,HI,82609,79680.35,Teacher,517,08/05/2000,BR002,False,verified,Congo,Marketing
CUST004230,Jaime,Gomez,29/08/2005,M,,000-000-0000,35929 Salazar Forges,Wolfbury,TX,26118,70299.46,Lawyer,599,28/07/2012,BR037,0,Verified,Palau,online
CUST004231,Steven,Richards,NULL,M,walkermonica@example.net,(360) 949-5428,209 Andrea Point,Ballshire,LA,99886,15019.15,Accountant,327,10/10/2016,BR016,0,pending,Hungary,Walk-in
CUST004232,  Terri,Clarke,10-06-1961,M,richard73@example.com,N/A,,North Linda,KY,01088,117445.05,Sales Rep,565,17/11/2001,BR017,True,VERIFIED,Nicaragua,ONLINE
CUST004233,Tricia,Collins,01/14/1975,M,tmaldonado@example.net,1714391359,3794 Gonzales Rue,East Morgan,TN,16419,48619.98,Chef,365,13-01-29,BR029,1,Pending,Sao Tome and Principe,Referral
CUST004234,David,Young,10/05/1940,F,stevenpeterson@example.org,657.587.2335,0611 Smith Mountain,North Jennifer,MT,48221,87656.91,Student,684,24/07/2023,BR010,FALSE,VERIFIED,Kazakhstan,Marketing
CUST004235,Michael,Wiggins,1965-11-22,F,mariamays@example.net,(865) 353-9794,31753 Susan Creek,Rodriguezberg,IN,92084,15293.8,Clerk,598,14/01/2012,BR042,TRUE,verified,Heard Island and McDonald Islands,Referral
CUST004236,Daniel,SMITH,NULL,Male,teresa86@example.org,(358) 788-6128,48348 Carroll Branch,North Nathan,FM,91514,28718.91,Self-Employed,452,09-09-06,BR013,0,,Samoa,N/A
CUST004237,Austin,Avila,25-04-1995,M,CATHY65@EXAMPLE.ORG,N/A,8074 Miller Groves,Brewerchester,VT,57612,120228.06,,747,07/04/2014,BR050,1,Not Verified,Niue,Online
CUST004238,Jeffrey  ,Mcclure,86-10-30,F,smithabigail@example.net,+10016217254,14255 Dean Crossroad Apt. 013,Mikestad,TN ,82266,57844.42,Officer,607,01/20/2020,BR028,TRUE,VERIFIED,Luxembourg,Branch
CUST004239,Deanna,Mclaughlin,NULL,M,tracy88@example.com,(194) 427-2079,2156 Guy Underpass Suite 457,Zacharyfurt,AZ,17650,,Sales Rep,381,99/99/9999,BR048,0,pending,Timor-Leste,branch
CUST004240,Michael,Roberts,02/10/1988,M,,000-000-0000,823 Lindsey Mountains Apt. 753,West Mollyfurt,UT,87368,67261.93,Sales Rep,503,05/12/2009,BR022,0,pending,Bouvet Island (Bouvetoya),N/A
CUST004241,Jennifer,Bartlett,11/07/1984,M,brownnancy@example.com,N/A,836 Steven Loop,,WV,63414,5533.58,Clerk,388,23-12-29,BR006,1,Verified,Slovakia (Slovak Republic),
CUST004242,Yolanda,Richardson,54-07-22,M,chelsearodriguez@example.com,+15265623515,871 Hester Landing,Port Evelynstad,FM,04877,101222.37,Consultant,489 pts,"June 02, 2011",BR023,0,verified,Korea,N/A
CUST004243,Stephen,Black,"October 22, 1989",M,lamerin@example.org,437.747.5256,43820 Moore Isle Suite 522,Taylorstad,MO,00000,49353.77,Analyst,802,22-02-03,BR033,,Verified,Puerto Rico,branch
CUST004244,Cindy,Buchanan,06-11-1960,f,jacobschmitt@example.net,144.278.7785,607 Nicholas Alley,Conradfort,FM,61897,94454.11,Accountant,505,06-01-27,BR004,TRUE,Verified,Bouvet Island (Bouvetoya),branch
CUST004245,Benjamin,Chandler,13-04-1940,M,daviscatherine@example.com,,87607 Meghan Burg Suite 852,Morganmouth,NY,08736,70882.38,Analyst,327,2000-08-15,BR032,0,pending,Cyprus,Branch
CUST004246,Amber,Rojas,1975-10-25,1,andersonbriana@example.org,001.508.7806,40107 Andrew Prairie,Millerland,FL,82640,15990.86,Doctor,449,05-02-12,BR010,False,Pending,Guyana,Branch
CUST004247,Randall,Flores,71-03-06,M,tmays@example.com,2177395266,5707 Dustin Crescent,East Lindsey,WY,09943,75750.32,Self-Employed,9999,27/09/2011,BR030,TRUE,Pending,Guyana,N/A
CUST004248,Jeanette,Beltran,1981-09-30,Female,stewartsamantha@example.com,000-000-0000,4181 King Station Suite 162,New Mollyhaven,MN,74369,"$146,867.81",Chef,339,2019-12-26,BR046,1,Pending,Saint Barthelemy,Referral
CUST004249,Leslie,Moody,19/08/1956,F,randy80@example.org,,6778 Michael Ramp,North Seantown,MT,74977,87254.53,Driver,538,02-02-12,BR044,TRUE,Verified,Ethiopia,
CUST004250,Mark,Munoz,"December 12, 1994",MALE,taylorlarry@example.net,3468104344,833 Samuel Corner Suite 986,Monicastad,de,00000,67986.88,Accountant,-1,99/99/9999,BR041,1,,Andorra,Online
CUST004251,Melissa,Williams,20-05-1962,F,melissasmith@example.net,,1854 Ramirez Forges,Johnstad,VT,22942,107637.02,Clerk,847,23-10-01,BR017,No,Verified,Cape Verde,
CUST004252,Judith,Mcclure,24/01/1953,f,nancymiller@example.com,000-000-0000,30313 Jared Plain,Lake Dianaland,CA,86597,77373.4,Consultant,688,04-09-11,BR023,,Not Verified,Syrian Arab Republic,Branch
CUST004253,Sara  ,Wagner,"August 22, 2005",M,uwright@example.com,000-000-0000,0965 Randy Gateway,West Edward,NC,29139,77333.7,Student,820,"March 16, 2006",BR036,1,Pending,Azerbaijan,branch
CUST004254,Jennifer,Stout,08/29/1975,M,catherine50@example.com,686.602.4896,0274 Shane Pines Apt. 019,Lake Laura,RI,17895,31793.12,Chef,609,12/18/2000,BR036,TRUE,VERIFIED,Bangladesh,Branch
CUST004255,Victoria,Sanchez,19-07-27,M,qjones@example.net,+1-001-375-7563,19748 Pamela Stream,East Racheltown,NC,32957,78184.68,Student,796,10-03-18,BR022,No,verified,United Arab Emirates,Walk-in
CUST004256,Anthony,May,11/12/1992,M,sjoseph@example.net,+1-218-517-5753,5377 Gonzalez Spurs,Evanmouth,MI,69724,106240.52,Analyst,0,02/13/2012,BR009,1,Verified,Hong Kong,online
CUST004257,Michael,walker,27/02/1946,M,henryjones@example.org,000-000-0000,516 Travis Shoal Apt. 261,North Jacob,NM,52291,40737.82,Doctor,812,18/03/2021,BR033,Yes,Verified,Jersey,Walk-in
CUST004258,Scott,Conley,05-10-06,M,jamesjohnson@example.com,,099 Warner Harbor Suite 549,Delacruzfort,IL,12074,119857.35,Consultant,670,NULL,BR019,Yes,Pending,Malawi,Online
CUST004259,Taylor,THOMPSON,49-03-01,Female,stricklandjames@example.net,+14708974466,54581 Tabitha Shoals Apt. 448,Robertside,TN,47962,66790.29,Analyst,583,05/03/2020,BR016,False,pending,Indonesia,Referral
CUST004260,Frank,Martinez,,F,byrdmatthew@example.org,8809715583,443 Susan Landing Suite 895,Wernerhaven,AR,93352,"$38,928.07",Officer,778,08-07-2004,BR013,No,Not Verified,Wallis and Futuna,N/A
CUST004261,David,Lee,23-08-1998,M,CORYLOPEZ@EXAMPLE.COM,+1-670-558-3576,04214 Sutton Mission,New Kyle,WI,91017,104917.12,Student,783,01/11/2000,BR041,False,pending,Gambia,Referral
CUST004262,Belinda,Wyatt,07/04/1987,F,qrodriguez@example.net,0017675881,74487 Townsend Center,East William,NY,27420,59962.2,Doctor,599,"May 22, 2015",,1,verified,French Southern Territories,
CUST004263,Hunter,Martinez,05-09-20,M,isabelwalls@example.org,(451) 387-9323,071 Martin Shoals,Hensonland,WV,73063,96583.02,Consultant,703,16-08-2001,BR010,,verified,Seychelles,
CUST004264,Edward,Mcbride,26-03-1977,F,darrellcollins@example.org,+1-001-878-3817,667 Kerri Spurs,New Kevin,VT,21192,59788.45,Lawyer,523,NULL,BR005,False,pending,Malaysia,Online
CUST004265,jeremy,Espinoza,1970-01-13,F,kendra06@example.org,N/A,2083 Martin Lakes,Kimbury,ME,90464,67906.08,Lawyer,780,12-12-15,BR045,FALSE,VERIFIED,French Polynesia,Referral
CUST004266,bridget,Anderson,81-05-16,F,brian96@example.com,192.339.2778,8523 Linda Manor Suite 800,South Teresa,CT,55829,USD 87274.61,Retired,313,22-10-2016,BR042,TRUE,Not Verified,,Branch
CUST004267,  Amanda,Taylor,"October 01, 2005",female,hwong@example.com,9973341613,10883 Shaw Point Suite 986,Valdezberg,WA,01356,80181.4,Engineer,610,09/04/2013,BR009,1,Verified,Puerto Rico,
CUST004268,LAUREN,SANDERS,2004-01-30,F,asingh@example.net,N/A,86364 Danielle Forges Suite 176,Stephenmouth,AZ,23564,156.39,Officer,733 pts,"November 28, 2018",BR042,FALSE,Verified,Venezuela,Walk-in
CUST004269,Howard,Taylor,52-02-12,M,morenokimberly@example.org,N/A,646 Noble Grove Suite 700,West Mariahberg,AZ,48061,"$30,756.47",Officer,788,"August 23, 2005",BR042,True,N/A,Suriname,Walk-in
CUST004270,Tyler,Martin,1974-12-20,Female,melissa77@example.com,+1-867-282-8940,54910 Susan Isle Suite 215,Alexisshire,OK,46318,102529.35,Clerk,592,06/17/2013,BR030,FALSE,VERIFIED,Burundi,Walk-in
CUST004271,LAUREN,Davis,74-07-06,f,brandibaker@example.com,+17802214718,84196 Davis Light Suite 108,East Philliphaven,SD,84868,65375.22,Nurse,381,31/05/2001,BR035,FALSE,pending,Christmas Island,Marketing
CUST004272,  Christopher,CANNON,1989-11-14,F,jason76@example.com,,323 Kevin Islands,Rebeccashire,MI,57974,51669.4,Engineer,793,10-11-29,BR031,False,N/A,Christmas Island,online
CUST004273,Garrett,Oliver,99/99/9999,0,brent74@example.net,N/A,89408 Berry Bridge,South Kevin,US,44615,22449.91,Driver,-1,10/11/2009,BR041,0,Pending,Saint Helena,Marketing
CUST004274,Ricardo,Pugh,"April 27, 1971",F,morrowkevin@example.com,N/A,1878 Vazquez Run,Port Jenniferburgh,TN,82712,32209.23,Manager,372,"March 22, 2022",BR035,0,pending,United Arab Emirates,Online
CUST004275,Rachel,Wong,"February 21, 1956",male,,N/A,9267 Charles Shores Apt. 638,Taylorfurt,OK,81832,0,Teacher,723,17/08/2007,BR033,TRUE,pending,Belgium,ONLINE
CUST004276,Gina,hudson,12/30/1947,MALE,,N/A,,North Anthonyburgh,MT,25523,66455.17,Clerk,505,22-06-13,BR006,,N/A,Cayman Islands,Branch
CUST004277,jessica,Morton,"April 29, 1962",M,jonathan94@example.net,+17034529225,903 Patrick Shoals,Aliciaville,MO,70392,"$49,054.68",Accountant,723,29-06-2011,,1,VERIFIED,Grenada,Marketing
CUST004278,JON,  Johnson,"March 03, 1964",MALE,steven66@example.com,+1-169-379-1792,9327 Beth Oval,,DC,56127,36169.42,Driver,559,"September 25, 2014",BR045,TRUE,,Tunisia,N/A
CUST004279,Rachel,Martin,24-12-1997,M,,+1-001-746-2669,560 James Centers,Mooreshire,AZ ,84897,67615.68,Nurse,,15-11-20,BR011,1,pending,Nauru,Branch
CUST004280,James,Hernandez,,1,ahardy@example.com,N/A,54040 Jeremy Park Apt. 166,Sanchezville,PR,01925,82738.97,Student,445,2012-06-07,BR020,1,verified,France,Referral
CUST004281,Virginia,Francis,05/01/1974,0,heatherashley@example.com,(435) 567-7299,02140 Derrick Center Suite 766,North Carmenfurt,RI,95001,143261.93,Engineer,843,00-07-29,BR039,1,Verified,India,N/A
CUST004282,Tracy,Jones,96-05-26,Female,PAULTODD@EXAMPLE.NET,0019554628,762 Ramirez Mountains,Lake Daniel,ME ,62406,17084.08,Sales Rep,500,19-01-17,BR048,1,pending,Guinea-Bissau,branch
CUST004283,Pamela,nixon,25-08-1992,M,virginiamiller@example.org,,829 Kristen Garden,Mercedesfurt,MH,76279,110578.34,Contractor,422,,BR029,FALSE,Not Verified,Turks and Caicos Islands,Walk-in
CUST004284,James,Martinez,18-06-2000,f,kfox@example.org,356.445.3628,3115 Gregory Ranch,Middletonton,IN,81268,104058.55,Developer,313,28/11/2017,BR046,No,Pending,Heard Island and McDonald Islands,Marketing
CUST004285,Jacqueline,Hernandez,04-02-1992,M,,+1-434-717-6083,,North Teresa,IN,70923,42731.75,,561,27-06-2003,BR022,Yes,verified,Puerto Rico,Online
CUST004286,Monica,Thompson,08-08-1951,M,james52@example.org,4947089126,403 Brandon Creek,Port Thomasland,ND,22461,77113.26,Engineer,635,18-02-2012,BR044,True,pending,Seychelles,online
CUST004287,Stephen,Smith,04/21/1987,M,coltongould@example.com,,500 Ann Stravenue,South Lisa,SD,82503,53982.84,Contractor,326,08/09/2021,BR025,True,Pending,Taiwan,branch
CUST004288,Thomas,Phillips,09/11/1971,F,fhumphrey@example.com,000-000-0000,182 William Roads,Mooreberg,FM,72904,76499.1,Doctor,608,27-06-2009,BR001,False,Not Verified,Swaziland,branch
CUST004289,  Stephen,Foster,22-03-1961,F,,000-000-0000,232 Jay Haven Apt. 638,Michaelborough,NY ,14252,122819.59,Analyst,706,13-07-2021,BR037,No,,Nauru,online
CUST004290,Christopher,  Ford,09-08-1972,F,wgomez@example.com,975-746-4254,02776 Amy Mountains Apt. 712,East Christophermouth,MH,03719,91196.22,Designer,332,"December 13, 2021",BR024,Yes,,Netherlands Antilles,online
CUST004291,Jared,Roberts,05/06/1966,M,smithgregory@example.com,0013619792,11492 Alvarado Lodge,Salinasport,ND,61280,87801.29,Accountant,835,01/01/2006,BR002,TRUE,Pending,Maldives,Online
CUST004292,NICOLE,Roberts,02-07-1965,MALE,jacob26@example.org,1610922939,61568 Kristin Cliffs,Lake Erinchester,XX,58655,54939.17,Sales Rep,668,23/08/2023,BR004,False,verified,Tajikistan,branch
CUST004293,angela,Shah,1957-06-10,F,jeanette66ATexample.org,,9145 James Island Suite 392,Lindaview,DC,11351,,,448,99/99/9999,BR034,1,N/A,Bulgaria,online
CUST004294,Tracy,Smith,18-08-1959,F,zryan@example.net,N/A,7463 Julia Vista Apt. 166,Lindaborough,KS,26643,"$62,703.61",Clerk,784,06/12/2008,BR003,TRUE,VERIFIED,Romania,ONLINE
CUST004295,David,Lynn,15/07/1947,M,qsimpson@example.net,559.282.4889,4543 Cannon Garden,Lake Robertview,FL,98592,112231.29,Consultant,380,2018-07-19,BR039,,VERIFIED,Gambia,Online
CUST004296,Craig,ford,1943-04-26,1,N/A,+16248233805,674 Roman Lane,Brianmouth,DC,84862,16549.13,Clerk,439,,BR034,No,N/A,Marshall Islands,Branch
CUST004297,Michael,Mills,2020-02-23,F,mmitchell@example.net,264-547-7776,4166 Ellis Dam Suite 386,West Matthewside,MD,76304,33071.87,Retired,709,05/12/2012,BR050,0,Not Verified,Korea,
CUST004298,Robert,Woods,"April 30, 2010",F,laura89@example.com,000-000-0000,09813 Alvarez Lights,Michaelhaven,TN,40856,74419.37,Sales Rep,541,04/07/2013,BR018,False,,Kiribati,N/A
CUST004299,Ashley,PERRY,09/12/1983,M,woodardcarla@example.org,+13196629510,945 Yolanda Shoal,West Ericview,IL,32358,,Contractor,0,"July 26, 2018",BR024,True,N/A,Yemen,Marketing
CUST004300,Sarah,ARNOLD,02/19/1946,F,livingstonmatthew@example.net,227-378-7205,140 Hall Mall,Lake Crystalstad,AL,99545,42261.68,Contractor,-1,05-12-2003,BR011,1,verified,Kuwait,N/A
CUST004301,Melissa,Nelson,"November 30, 1999",F,brianellis@example.net,142-720-3876,,North Stephanie,NM,02519,55174.05,Officer,311,08/29/2023,BR016,TRUE,N/A,Liechtenstein,Branch
CUST004302,Diane,Harper,26-03-2003,F,harmstrong@example.com,N/A,,Hudsonburgh,MN,97837,2220339.0,Doctor,743,03/16/2010,BR041,True,N/A,,branch
CUST004303,mary,gibson,12/14/1977,male,ymedina@example.org,,2027 Barr Courts,Port Matthewshire,GU,59181,35905.74,Nurse,501,26/04/2001,BR004,0,Verified,Oman,ONLINE
CUST004304,Tammy,Atkins,03/06/1990,F,barreramichael@example.com,(502) 988-9360,233 David Hollow Apt. 527,Griffithland,DE,64577,94619.98,Chef,736,02/01/2004,BR036,1,Verified,Indonesia,Marketing
CUST004305,Dillon,Scott,01/07/1951,F,peterbuchanan@example.net,+16455219721,9110 Vanessa Lake,Jamesville,VA,08343,24242.06,Accountant,399,22/11/2010,BR019,FALSE,VERIFIED,Malta,online
CUST004306,  Ronald,Santos,14/12/1986,F,jessewhite@example.org,4816077259,505 Christine Via Apt. 002,Jesuschester,VI,43439,14074.48,,787,22-10-2014,BR007,FALSE,VERIFIED,Liberia,Online
CUST004307,Sophia,Mitchell,10/10/1989,F,frankvega@example.com,000-000-0000,3706 Mark Avenue,New Bradley,ZZ,77824,47949.13,Student,826,18-07-28,BR015,No,,Turkmenistan,Branch
CUST004308,Rebecca,Jackson,29/01/1962,M,  brendanlowe@example.com  ,+1-332-375-3097,34012 Rhonda Orchard,Graveshaven,IL,94951,95618.44,Engineer,460,09/20/2022,BR043,1,verified,France,ONLINE
CUST004309,Jennifer,Pierce,1943-10-30,F,qanderson@example.org,0012783225,0692 Austin Islands,Taylorchester,IL,03814,63107.74,Developer,377,02/16/2012,BR020,TRUE,N/A,Switzerland,Online
CUST004310,  Lynn,moore,1967-07-02,M,jeffmiller@example.org,N/A,5644 Kristen Mission,North Anthony,SC,11874,53739.66,Student,460,2016-01-20,BR047,No,pending,Greece,Branch
CUST004311,Michelle,Figueroa,29-10-1969,F,samuelwilson@example.com,000-000-0000,13959 Melissa Valleys,Ramirezburgh,00,29232,71552.56,Chef,364,25/10/2022,BR006,0,N/A,Haiti,Walk-in
CUST004312,Sheila,Ward,04/29/1946,F,ghornATexample.com,336.967.8861,761 Cherry Burg Apt. 217,East Gregoryport,UT,42713,8900.24,Sales Rep,421 pts,"January 29, 2009",BR022,True,Not Verified,Tanzania,Referral
CUST004313,Jennifer,Fields,"April 26, 1970",M,briannacook@example.org,,0675 Robin Roads,West Andrewshire,PR,06432,87314.7,Self-Employed,497,24-04-2010,BR036,Yes,N/A,Niger,Referral
CUST004314,Michael,Kennedy,76-11-27,female,,1509247128,96721 Elizabeth Street Apt. 697,New Sharontown,OR,87823,USD 83420.23,Accountant,741,2014-11-22,BR029,0,Verified,Morocco,Walk-in
CUST004315,emily,Johnson,1989-09-11,M,N/A,2352290156,0517 Gregory Gateway,North Jermainestad,MO,93797,55674.2,Consultant,845,00-06-17,BR016,,,Angola,branch
CUST004316,Amy,Acevedo  ,"February 25, 1953",F,HEATHER93@EXAMPLE.ORG,+11974550620,09809 Walters Dam Suite 153,East Bruceborough,AZ,75371,105207.36,Sales Rep,560,16/08/2003,BR018,1,Pending,Macao,
CUST004317,Destiny,Tucker,NULL,m,amygoodman@example.org,198-824-8318,,East Mark,MT,72133,30537.64,Consultant,9999,01/27/2002,BR022,Yes,Not Verified,Egypt,
CUST004318,Erin,Stevens,06/21/1975,F,rebecca27@example.com,334-427-2258,7681 Miller Spur,North Heatherborough,NH,70091,"$109,476.81",Teacher,630,22-12-2023,BR008,Yes,pending,New Caledonia,Marketing
CUST004319,Jonathan,Vance,"December 25, 1995",M,janice82@example.org,881.905.1794,2768 Ashley Prairie,Port Judithberg,NY,07129,75407.28,,784,18-09-16,BR016,TRUE,VERIFIED,Togo,Walk-in
CUST004320,Katherine,  Morton,01/05/1973,f,williamsjoshua@example.org,+11439928853,1570 Raymond Streets,New Andrewstad,NC,03288,58220.66,Self-Employed,565,15/03/2009,BR011,1,pending,Burkina Faso,
CUST004321,Krystal,Long,24/09/1947,M,gregorydickson@example.net,5705521947,211 Ward Highway,East Ronaldview,UT,19210,69304.42,Doctor,468,03/02/2016,BR029,True,VERIFIED,Iceland,Online
CUST004322,Melanie,  Goodman,"June 14, 1965",F,,,5353 Carolyn Viaduct,Larryview,ME,77892,66245.73,Developer,760,07/07/2018,BR029,TRUE,verified,Italy,branch
CUST004323,Frank,Ryan,28-12-1995,FEMALE,thomas70@example.org,4394037853,913 Austin Fork,Barkerfurt,LA,98753,,Engineer,732,23-08-09,BR005,Yes,verified,Swaziland,ONLINE
CUST004324,Michelle,Robinson,91-07-08,F,melissa05@example.com,+11335899051,424 Sarah Pike Suite 597,Jasonborough,IL,00000,32316.23,Accountant,313,11/06/2009,BR011,1,,Pakistan,Online
CUST004325,Jamie,Hartman,64-04-15,M,robertssean@example.net,,6144 Walsh Mews Suite 928,,N/A,06863,43311.83,Sales Rep,628,2010-06-28,BR017,TRUE,Verified,Malawi,branch
CUST004326,Karen,compton,08-11-1964,M,jonescharles@example.com,893-554-5418,,East Kimberly,PA,41677,106270.6,Teacher,766,2012-04-09,BR035,,Not Verified,Northern Mariana Islands,Branch
CUST004327,Susan,Ortega,86-02-20,F,shawn14@example.com,+11370676088,66413 Barton Brook,Davidburgh,ID,80212,49156.28,Teacher,625,2014-08-06,BR018,,VERIFIED,Djibouti,Online
CUST004328,Mark,Cortez,06/07/1965,FEMALE,ypacheco@example.org,7415123949,1163 Michael Points,Kristymouth,CA,80064,"101518,66",Lawyer,,18/09/2008,BR048,,Pending,Uruguay,Branch
CUST004329,Dwayne,Neal,"October 03, 1997",M,samanthapoole@example.net,7233384173,20115 Reyes Creek Suite 567,Lake Tony,MA,74760,129480.26,Chef,638,00-03-25,BR005,FALSE,Pending,Rwanda,online
CUST004330,  Linda,  Hester,04/02/1997,F,zjohnson@example.net,+1-001-693-2007,048 Kelly Alley,North Jacquelinechester,NJ,48762,55937.17,Nurse,633,09-10-30,BR040,1,Pending,Portugal,ONLINE
CUST004331,Jeremy,cook,1946-01-23,m,CHRISTOPHER21@EXAMPLE.NET,000-000-0000,865 Sanders Mills Apt. 734,North Tracey,HI,21983,93847.68,Consultant,840,2003-09-15,BR045,,Not Verified,Australia,online
CUST004332,Brandon,harris,07/13/1957,M,timothyfischer@example.net,(001) 615-6067,265 Knox Haven,East Brandon,VA,21055,29620.77,Designer,630,2016-01-28,BR024,No,Pending,Hong Kong,branch
CUST004333,Carol,Sellers,1954-02-20,M,,+19602521021,889 Jenkins Freeway,Port Thomasfort,SD,71994,96415.67,Teacher,588,08-07-2012,BR025,0,Pending,Saint Kitts and Nevis,
CUST004334,  Susan,carter,15-06-1955,M,ycantrell@example.org,000-000-0000,6381 William Village,Tammybury,KY,81578,76979.84,Clerk,315,04-01-03,BR008,True,VERIFIED,Niue,N/A
CUST004335,Danielle,Vincent,03-05-1960,F,michelle81@example.com,,0239 Sandra Wall Apt. 914,Monroemouth,MT,83023,86556.34,Driver,382,15/01/2016,BR034,Yes,,Equatorial Guinea,Online
CUST004336,TARA,Tucker,19-08-1984,F,progers@example.net,N/A,36281 Conley Route,West Barbarabury,CA,53511,47404.98,Officer,371,,BR025,FALSE,N/A,South Georgia and the South Sandwich Islands,
CUST004337,Rachel,  Moses,03/13/1977,F,jensenchristine@example.org,N/A,35049 Mason Glen Suite 361,East Marcside,HI,43147,11862.08,,815,2014-08-25,BR014,False,,Libyan Arab Jamahiriya,ONLINE
CUST004338,Ethan,  Maldonado,20-12-1988,1,andreaharris@example.net,001-597-7198,7624 Deborah Stravenue Apt. 659,New Jamestown,PW,23781,87613.82,Manager,436,"April 03, 2002",BR017,Yes,Not Verified,Marshall Islands,Walk-in
CUST004339,Tara,Garcia,"August 23, 2002",Female,fostersharon@example.org,N/A,406 Flowers Plains Apt. 247,Rachelborough,XX,81338,0,Consultant,309,00-01-07,BR027,No,VERIFIED,Kuwait,branch
CUST004340,John,Weaver,79-08-10,F,adamwilliams@example.org,340.614.4362,2486 Mccann Track Suite 913,West Stevebury,NC,35936,58892.73,Engineer,,12/12/2000,BR014,FALSE,Pending,Jersey,branch
CUST004341,Travis,Grant,16-04-1953,M,vcampbell@example.com,000-000-0000,5536 Steven Forks Apt. 249,Kellystad,HI,46267,102941.37,Developer,620,17-05-06,BR015,FALSE,N/A,Cape Verde,ONLINE
CUST004342,Kristina,Woodard,,m,judith05@example.com,921.667.5912,3485 Jennifer Crossing Suite 808,Port Amandaside,ND,47884,76716.42,Student,730,"March 05, 2017",BR022,False,N/A,Bhutan,Online
CUST004343,Stacey,Cook,NULL,F,carla37@example.net,N/A,9225 Mccarty Loop Suite 860,West Ashleyville,UT,46036,138191.99,Chef,340,22-05-2021,BR020,TRUE,verified,Papua New Guinea,Walk-in
CUST004344,Gabrielle,Escobar,05/21/1984,0,nancyburgess@example.org,(312) 911-6107,448 Brenda Mills Suite 555,West Monicaland,AZ,50027,105878.82,Analyst,575,2008-06-04,BR036,0,verified,South Africa,branch
CUST004345,Michele,Fisher,1949-07-02,M,hlambert@example.org,,7774 Cynthia Fall Suite 488,East Stevenside,NJ,52393,47113.56,Retired,446,03/04/2010,BR044,1,verified,Sao Tome and Principe,Online
CUST004346,Glenda,Logan,18/01/1944,Female,fergusonbarbara@example.org,3432303176,83849 Alyssa Drive,Port Kenneth,IN,71133,70955.97,Officer,-1,24/02/2006,BR049,No,Pending,Heard Island and McDonald Islands,Branch
CUST004347,Nicholas,martinez,17-01-1968,female,hfernandez@example.com,+15466145302,7477 Thompson Spur Suite 069,Jonesland,PA,14175,68342.03,Sales Rep,0,2023-07-10,BR023,0,Verified,Christmas Island,ONLINE
CUST004348,John,Hobbs,1969-10-15,FEMALE,davidcole@example.org,(954) 983-1229,8980 Robinson Fort,Ashleystad,TN,32086,14623.81,Doctor,777,15/08/2023,BR004,0,,Syrian Arab Republic,N/A
CUST004349,Michaela  ,Sanchez,07/27/1962,F,sydneysuarez@example.org,(407) 961-0984,063 Mcmillan Views,Port Michael,IN,89181,37086.04,Designer,380,99/99/9999,BR048,Yes,Not Verified,Anguilla,online
CUST004350,Jacob,Williams,1958-07-02,M,ryan86@example.org,000-000-0000,,New Christianport,AK,27434,50373.37,Driver,636,"February 11, 2005",BR020,FALSE,N/A,Slovenia,branch
CUST004351,Whitney,Carter,"March 31, 1957",f,herreraanthony@example.com,+10015484636,52303 Jones Tunnel,East Taylorstad,HI ,33754,0,Contractor,491,2014-03-21,BR045,Yes,N/A,Belgium,online
CUST004352,George,Gibbs,21/02/2001,M,hatfieldjohn@example.net,+1-990-944-5755,85570 Emma Estates,West John,CO,69000,71662.27,Accountant,514,07-03-2003,BR032,No,VERIFIED,Luxembourg,Online
CUST004353,Michael,PETERSEN,1982-03-11,FEMALE,oallen@example.com,683-994-6944,7104 Brian Well,,MD,31360,61282.49,Student,0,23/11/2022,BR047,1,Pending,Pakistan,online
CUST004354,Jacob,Torres,99/99/9999,M,peter35@example.com,N/A,50262 Mary Run Suite 607,Morenoton,PW,07932,11448.71,Self-Employed,744,2013-10-06,BR036,Yes,verified,Heard Island and McDonald Islands,branch
CUST004355,Andrew,Ibarra,23/08/1991,0,samanthaadams@example.org,+1-001-297-4958,6683 Stephanie Glens,Lucashaven,MH,00000,84147.45,Nurse,748,"February 07, 2005",BR017,1,,Jamaica,ONLINE
CUST004356,Michael,Perry,26-05-1977,MALE,walter15@example.net,335.603.1410,30504 Oconnor Extensions,Beardport,FM,22090,95055.55,Lawyer,,30-08-2012,BR006,0,,Morocco,branch
CUST004357,Jesus,Martinez,01/20/2001,F,,(880) 480-0314,93956 Cook Ridge Apt. 431,West Dylanville,OK,92884,USD 77946.21,Sales Rep,453,01-10-2017,BR020,False,Verified,Grenada,Online
CUST004358,Ryan  ,Finley,12/09/1954,M,aprice@example.com,,052 Robert Square,Lake Brooke,N/A,93597,58657.61,Designer,650,11/03/2013,BR038,1,Verified,Ireland,Branch
CUST004359,Cynthia,Ramirez,"June 13, 1975",FEMALE,david80@example.org,000-000-0000,72277 David Pines Apt. 967,West Jessica,WA,71399,90700.48,Chef,650,18-01-27,BR011,0,VERIFIED,Spain,Walk-in
CUST004360,Pam,George,22-03-05,M,MEGAN20@EXAMPLE.COM,151-971-1533,931 Turner Spring Suite 249,South Justin,PA,20225,93807.71,Nurse,644,"September 16, 2011",BR028,1,VERIFIED,Lebanon,N/A
CUST004361,Robert,Chen,21-10-1946,M,amycrawford@example.com,8955398219,57203 Travis Knolls Apt. 410,South Rebeccaburgh,KY,85314,80759.12,Driver,841,14-09-2019,BR042,True,Pending,Cambodia,Branch
CUST004362,David,Smith,1955-12-30,m,bradley44@example.net,(496) 465-7035,28504 Buckley Avenue Apt. 208,Fryfurt,ME,87048,41138.57,Teacher,602,23-07-2018,BR013,No,,Suriname,Referral
CUST004363,Joann,Bruce,1964-02-28,M,deleonaaron@example.com,307-253-6353,5342 Mcguire Summit Suite 424,Grayborough,PR,00000,79681.03,Self-Employed,601,24-02-2005,BR035,FALSE,Verified,Timor-Leste,Walk-in
CUST004364,William,LAWSON,21-12-1957,FEMALE,sandra29@example.net,147.768.4225,60908 Reyes Junction,North Douglasmouth,PR,18877,111841.82,Manager,,17-07-15,BR028,0,,Lesotho,N/A
CUST004365,HENRY,BLAIR,10/09/1950,F,brendahoward@example.net,,0778 Jordan Turnpike,West Leslie,ME,49038,49117.98,Driver,821,NULL,BR009,True,verified,South Africa,Marketing
CUST004366,TIMOTHY,Cole,13-09-2004,F,simmonslance@example.org,+1-172-927-4240,4525 Long Greens,Andreaton,ME,13373,143427.88,Accountant,534,25/08/2000,BR044,FALSE,verified,Netherlands Antilles,N/A
CUST004367,Kristopher,Robbins,,M,mark12@example.org,+17669447728,9118 Mike Mountain Apt. 950,South Melissa,WV,46486,51602.92,Nurse,783,18-08-2000,BR030,No,Pending,Namibia,Online
CUST004368,Sergio,Alvarado,"September 13, 2020",M,rogercastillo@example.net,(275) 649-6529,,South Jason,AK,91055,71134.25,Accountant,570,99/99/9999,BR009,TRUE,Verified,Seychelles,Referral
CUST004369,ANTHONY,Alvarado,15/06/1957,F,,N/A,0464 Joseph Lakes,Greeneborough,TN,94116,46463.0,Engineer,575,09/11/2007,BR044,TRUE,pending,Slovenia,N/A
CUST004370,Zachary,Woods,2002-09-15,F,freemantracy@example.com,6414406171,487 Timothy Mountains Apt. 524,Conleyhaven,AL,51830,77814.48,Designer,516,09/07/2005,BR029,1,pending,New Zealand,Walk-in
CUST004371,Michelle,Lewis,05/02/1973,MALE,marcus15@example.net,999-658-3063,56136 Chase Neck Suite 155,New Adam,KY,80117,9022.24,Contractor,523,10-05-2003,BR023,True,verified,Sweden,N/A
CUST004372,Brandon,Juarez,1970-09-07,F,jeffreyclark@example.org,,34631 Joanna Mission,New Johnborough,ZZ,44234,50888.54,Clerk,836,2020-03-10,BR001,1,N/A,Libyan Arab Jamahiriya,
CUST004373,Angel,Munoz,07/23/1957,M,sorozco@example.org,+1-001-523-3274,6775 Erica Gateway Apt. 297,Christopherton,SC,54619,31775.76,Manager,707,18/10/2011,BR039,Yes,VERIFIED,Burundi,Referral
CUST004374,Mark,Bell,20/07/1980,M,hernandezlaura@example.org,,960 Hector Creek Suite 209,Lake Kathyshire,IL,77702,,Accountant,795,07-12-11,BR034,0,VERIFIED,Ghana,Branch
CUST004375,Leonard,Vaughan  ,10/10/1982,M,omatthews@example.net,+1-968-746-9340,5030 Justin Summit,North Cody,ID,92239,104805.66,Student,509,09-02-15,BR035,,N/A,Namibia,N/A
CUST004376,Thomas  ,Smith,99/99/9999,F,OAGUIRRE@EXAMPLE.COM,000-000-0000,90701 Mark Spring Suite 766,South Austinville,LA,45926,92610.22,Nurse,474,13-02-17,BR035,Yes,Pending,Turkey,Walk-in
CUST004377,Thomas,MONTOYA,"September 11, 1947",M,grayrebecca@example.org,+17175500942,,Port Melindachester,GU,80787,0,Contractor,0,07-08-2007,BR034,TRUE,Verified,Mongolia,N/A
CUST004378,  Michael,Kaiser,44-03-23,F,heatherclark@example.net,(496) 551-6207,739 Zamora Place Suite 159,Shawfurt,FM,25227,141472.44,Manager,505,"January 16, 2009",,TRUE,Verified,Samoa,ONLINE
CUST004379,Melissa,Ramsey,17-04-1990,F,aaron18@example.com,,724 Daniel Island Suite 775,Port Desiree,WI,75651,80334.8,Analyst,350,11-02-2004,BR044,,VERIFIED,Mongolia,online
CUST004380,Pamela,Davis,"September 06, 1954",F,youngtammy@example.net,,8260 Brown Locks,North Elizabeth,ME,43806,42822.53,,457,"April 19, 2000",BR006,Yes,VERIFIED,Brazil,Branch
CUST004381,Lisa,Webster,26/06/1981,M,jgrant@example.com,536.456.5666,916 Rice Stream,Mcguireville,PA,28058,75499.48,Consultant,544,28/11/2007,BR016,No,pending,Holy See (Vatican City State),
CUST004382,Karen,Howell,1980-12-02,F,justinhernandez@example.org,124.326.8153,8866 Jimenez Pike Apt. 722,Port Danielleton,AZ,96761,,Officer,544,,BR036,True,Not Verified,Afghanistan,branch
CUST004383,Darryl,Stewart,11-07-1987,M,frazierapril@example.net,708.216.9828,2394 Cunningham Glens Apt. 609,South Davidfurt,SD,42376,46660.29,Officer,376,"May 22, 2003",BR018,False,Verified,Guyana,branch
CUST004384,Matthew,Webb,NULL,Female,iwashington@example.com,+1-225-669-2671,9496 James Lights Suite 063,North Teresachester,VI,43037,76927.08,Officer,722,16-06-02,BR004,1,,Israel,branch
CUST004385,Diana,Andrade,20-08-1981,FEMALE,kelly69@example.org,(001) 520-7966,1337 Dustin Port,Vanessaberg,hi,53533,48738.47,,725,"January 26, 2019",BR020,True,VERIFIED,Chile,Marketing
CUST004386,Patrick  ,Berry,12/23/1972,Female,cferguson@example.com,+1-001-742-3472,1954 Caitlyn Falls Apt. 674,West Andrea,KY,69828,"55847,33",Officer,9999,20-12-2002,BR022,True,Not Verified,North Macedonia,Marketing
CUST004387,Denise,Wells,25-12-1986,F,jennifer89@example.org,228.228.4783,32483 Blake Tunnel Suite 417,Lake Aliciaburgh,ID,43576,45980.23,Engineer,9999,21-11-2008,BR031,1,Not Verified,Iran,ONLINE
CUST004388,Christopher,Jones,11-01-1971,M,rhall@example.com,5055231031,361 Bauer Route,South Brandyburgh,N/A,54717,19856.5,Engineer,768,2002-10-14,BR004,False,Verified,Sudan,Referral
CUST004389,Judith,Mclaughlin,08-04-1996,M,,+1-323-252-3849,957 Jason Mews Apt. 470,Tylerburgh,NY,67701,75104.28,Contractor,541,2002-07-26,BR003,No,Not Verified,Korea,Marketing
CUST004390,Jacob,Graves,05-08-1964,M,IMARTINEZ@EXAMPLE.COM,(001) 242-7656,,Timothymouth,MA,24140,90485.48,Teacher,765,2014-09-21,BR018,FALSE,Not Verified,Turkey,Branch
CUST004391,Aaron  ,Jordan,03-10-1977,F,chapmanmichael@example.org,000-000-0000,83682 Jeffery Union Suite 634,Johnville,WV,55693,"88020,93",Manager,436,04/07/2010,BR001,TRUE,verified,United States Minor Outlying Islands,Online
CUST004392,james,Copeland,88-03-21,Male,howelllisa@example.com,288.822.8974,7692 Leach Parks,Nicoleside,NE,22256,98697.38,Driver,425,01/21/2003,BR046,TRUE,VERIFIED,Paraguay,
CUST004393,Michael,Wright,"March 23, 1979",male,flemingjohn@example.com,001-470-4915,288 Thomas Squares,North Bryanmouth,MA,26561,81351.91,Analyst,549,10-12-2023,BR035,TRUE,pending,Kenya,Branch
CUST004394,JANET,Carney,52-09-27,F,linda88@example.org,000-000-0000,31700 Sophia Shore,Carterfurt,TN,92699,51354.61,Officer,772,05/04/2008,BR033,Yes,Not Verified,Mozambique,branch
CUST004395,Nicholas,  Carson,94-03-19,F,N/A,(244) 980-8511,652 Emily Road Suite 189,Brewerland,IA,64628,USD 99388.24,Developer,662,10/12/2002,BR020,TRUE,Pending,Switzerland,Walk-in
CUST004396,George,Garrett,"March 19, 1968",M,zkennedy@example.com,N/A,2443 Jennifer Mountains Apt. 104,West Miguelchester,GU,54101,22486.89,Self-Employed,693,NULL,BR025,Yes,,Wallis and Futuna,branch
CUST004397,Steven,bates,86-12-17,M,eric77@example.com,+17824541434,7218 Hector Isle,West Steven,MN,15078,38476.5,Engineer,366,14/09/2018,BR034,TRUE,Not Verified,Mozambique,Walk-in
CUST004398,GERALD,Farrell,98-09-25,m,codysims@example.net,N/A,,West Christinabury,PR,40201,36253.0,,594,07-09-2014,BR019,True,pending,Cocos (Keeling) Islands,Walk-in
CUST004399,Tammy  ,Meyer,02/26/2021,M,brittany19@example.org,N/A,049 Smith Valleys,Alanborough,AS,80513,107801.96,Designer,,"March 06, 2010",BR009,False,verified,Cote d'Ivoire,Walk-in
CUST004400,Robert,Brock,42-11-15,M,kenneth16@example.net,000-000-0000,,New Anthony,MI,65247,102997.6,Driver,618,11/04/2003,BR025,0,verified,Belize,N/A
CUST004401,Cynthia,Reed,20-08-1983,M,vargasmichele@example.org,790.468.7524,5646 Harris Ways Apt. 400,Kingchester,HI,82895,"$87,055.68",Driver,615,20/10/2023,BR003,True,pending,Afghanistan,ONLINE
CUST004402,Martin,Davis,"June 19, 1955",M,ydavis@example.org,+1-732-376-5496,063 Thomas Divide,New Michaelborough,PW,72557,107517.55,Retired,778,06-01-10,BR031,Yes,Verified,Andorra,branch
CUST004403,Anthony,Summers,1987-02-24,M,omarclarke@example.net,192-097-3053,272 Johnson Trace Apt. 738,Georgeborough,FL,16513,39225.1,Developer,646,2010-05-15,BR026,False,Verified,San Marino,Branch
CUST004404,STEVEN,Francis,"June 01, 1961",Male,martinjones@example.net,(417) 234-6131,3808 Wade Passage,Hallhaven,MH,23157,82200.83,Doctor,,2001-10-01,BR044,TRUE,Pending,Mali,N/A
CUST004405,Amber,Harrington,62-11-09,f,william79@example.com,0013599110,379 Garrison Pine Suite 169,Port Sonyatown,KS,94024,65618.9,Nurse,590,01-12-10,BR024,Yes,Verified,,branch
CUST004406,  Jerry,Meyer,01-11-1950,F,robert49@example.net,+1-192-167-7912,9936 Flores Motorway Suite 678,Adamsland,KY,30596,99640.87,Self-Employed,642,28/03/2018,BR013,1,Verified,Australia,Referral
CUST004407,Timothy,burns,50-07-26,Male,,,836 Conrad Station,Andreamouth,FL,78542,USD 65967.15,Chef,592,22-04-2009,BR045,0,VERIFIED,Armenia,online
CUST004408,Erica,Patel,04/27/1984,F,ramirezmelissa@example.org,(422) 535-6780,9738 Weaver Forge Apt. 714,Michaelberg,NH,03682,56527.0,Retired,353,"December 29, 2019",BR004,1,,Denmark,Walk-in
CUST004409,Bryan,thomas,19-09-1996,M,anthony00@example.org,N/A,21678 David Run Apt. 738,North Anthonymouth,NM,60168,88931.8,Consultant,456,2010-07-14,BR047,Yes,verified,Kyrgyz Republic,ONLINE
CUST004410,Daniel,Dominguez,1941-11-09,F,emily64@example.org,000-000-0000,87462 Brock Avenue,West Erictown,PW,88094,100665.92,Chef,592,06-07-21,BR017,0,pending,Cameroon,
CUST004411,Melissa,Garcia,30/07/1981,F,zshelton@example.org,(940) 607-3193,187 Thomas Route Suite 748,Hansonmouth,VI,82707,46607.92,Designer,419,2008-12-10,BR046,TRUE,verified,Niger,N/A
CUST004412,Sara,Stewart,"December 25, 1995",F,moodygeorge@example.net,,402 Davis Falls Suite 239,Lake Alexstad,MH,46936,67862.35,Self-Employed,658,"December 04, 2012",BR002,True,verified,Martinique,Referral
CUST004413,katherine,Fry,19/08/1991,F,james88@example.org,N/A,11216 Saunders Village Apt. 058,Edwinton,MD,16535,32954.58,Engineer,520,2010-06-21,BR002,True,N/A,South Africa,
CUST004414,Rebecca,Martin,56-09-27,F,samuel65@example.com,000-000-0000,,New Frank,SD,46638,0,Engineer,357,11-05-14,BR008,True,VERIFIED,,Referral
CUST004415,Laurie,Diaz,03-04-1944,M,zcole@example.com,(631) 808-6109,5862 Blackwell Pass,North Austin,FL,22882,77016.09,Sales Rep,673,18/12/2004,BR042,TRUE,Verified,Venezuela,ONLINE
CUST004416,Alice,Lara,2002-08-27,F,bobflores@example.com,+19324211678,344 Derek Freeway Suite 500,Lake Annafurt,FM,95214,91311.69,Doctor,403,2015-02-02,BR002,True,Not Verified,Uruguay,online
CUST004417,Stacy,Ferguson,02-05-1988,M,toddkathleen@example.net,8809789295,36788 Smith Walks,West Mark,NH,19658,79172.34,Manager,326,08/08/2014,BR031,TRUE,Verified,Mauritius,Referral
CUST004418,Lynn,Wilkerson,14-10-1971,MALE,balljoseph@example.org,369-293-3418,25446 Moreno Mall,East Kyle,SD,42664,1765.34,Nurse,9999,"February 18, 2009",,1,Not Verified,Guinea-Bissau,
CUST004419,Sarah  ,JORDAN,86-12-19,M,jessica68@example.net,+10012424599,5321 Victor Plains,Port Jason,ME,64614,USD 57720.27,Officer,652,12/23/2013,BR025,False,N/A,Fiji,ONLINE
CUST004420,Henry,Snyder,1991-10-10,F,conradronaldATexample.net,473-520-7742,841 Robinson Camp Suite 669,South Jeanne,NE,42364,$0.00,Student,615,07/05/2006,BR001,Yes,,Seychelles,online
CUST004421,Joel  ,Carpenter,02/27/1988,M,jacquelinewhite@example.net,N/A,4060 Vincent Dale Apt. 032,Dorothyview,MH,26135,117939.54,Manager,419,11-12-28,BR044,0,Pending,,Marketing
CUST004422,Dennis,Robertson,"December 13, 1953",F,tbaker@example.org,000-000-0000,6447 Brandon Mountains,East Elizabeth,VI,14209,31988.09,Teacher,558,01/22/2000,BR016,False,verified,Serbia,Online
CUST004423,Tammy,leon,10/09/1992,1,kelsey94@example.net,+1-467-839-7300,161 Maria Junction,Port Gregory,AS,83565,113939.13,Accountant,327,26/03/2019,BR005,Yes,verified,Jamaica,branch
CUST004424,Levi,Shepherd,"December 02, 1952",M,denisegill@example.net,+1-790-413-9019,49087 Massey Lodge Apt. 355,North Jennaburgh,OH,04444,103105.44,Teacher,719,14-09-2016,BR048,TRUE,verified,French Polynesia,N/A
CUST004425,Pamela,Martinez,NULL,M,grayheather@example.net,000-000-0000,45014 Rachel Keys,North Calebfort,ME,65803,38479.34,Analyst,395,99/99/9999,BR007,False,pending,Congo,Marketing
CUST004426,Seth,Taylor,99/99/9999,M,johnthomas@example.net,796-233-0368,8105 Hoffman Hills Suite 974,New Christophermouth,NC,11682,30352.53,Consultant,844,"April 11, 2017",BR033,True,Verified,Austria,Referral
CUST004427,PATRICK,  Daniels,01/02/1959,0,woodwardsamuel@example.org,+1-432-793-5347,,Garyland,WI,33488,,Consultant,597,"March 07, 2023",BR035,TRUE,verified,Greece,N/A
CUST004428,Ryan,Hamilton,04-10-23,M,nelsondavid@example.net,+1-001-977-4774,9885 Collins Trail Apt. 867,Lake Michellebury,NH,02376,40448.66,Accountant,407,10/11/2002,BR050,FALSE,Pending,Wallis and Futuna,branch
CUST004429,  Molly,Rodriguez,01/04/1980,Male,smithkeith@example.com,N/A,0039 Brown Course,South Brittany,SC,58503,73586.96,Engineer,698,99/99/9999,BR033,TRUE,pending,Swaziland,branch
CUST004430,michael,Jackson,12/09/1956,m,janet72@example.com,+1-631-273-7045,790 Michael Grove Suite 065,Cristinaland,AK,60655,53101.03,Officer,0,02-09-25,BR043,Yes,Verified,American Samoa,Branch
CUST004431,Rachel,Miller,05/04/1995,M,alexandracuevas@example.org,000-000-0000,60256 Phillips Plaza Suite 559,Jonathanport,AS,81627,7659.46,Sales Rep,793,24-01-2013,BR018,No,,Reunion,Online
CUST004432,richard,BROWN,05/12/1991,M,phillipsbrian@example.net,N/A,611 Aguilar Key Apt. 985,Lake Joseph,TX,63741,0,Lawyer,811,15-07-2009,BR012,No,Pending,Austria,Marketing
CUST004433,Amy,Gallegos,1985-09-03,M,ANDREWBAUTISTA@EXAMPLE.COM,000-000-0000,85296 Joseph Causeway,Mollyburgh,AR,46296,77933.95,Clerk,386,"February 14, 2012",,True,N/A,Kuwait,Referral
CUST004434,Amy,Page,,F,kgreene@example.net,728.282.0341,253 Yang Camp Suite 779,East Cory,NY,91228,50345.48,Retired,686,09-07-2017,BR006,TRUE,Not Verified,Luxembourg,
CUST004435,Joseph,BRIGGS,"June 26, 1952",M,GJOHNSON@EXAMPLE.COM,000-000-0000,532 Wright Landing Suite 497,Katiebury,PA,51038,50641.86,Officer,650,28/10/2010,BR032,Yes,verified,Fiji,
CUST004436,Kaitlyn,Sherman,68-09-01,male,kylemyers@example.com,N/A,28867 Payne Shoals Apt. 363,Matthewfurt,MP,07381,94355.23,Contractor,593,"June 01, 2014",BR008,False,Verified,Christmas Island,branch
CUST004437,Samuel,Anderson,1961-03-28,M,amysingh@example.net,,,Cunninghamview,CO,20348,111070.48,Chef,306,2006-07-05,BR044,,,Suriname,N/A
CUST004438,David,Duran,04/06/1958,F,richard31@example.org,+17897403815,65405 Fuller Dam Apt. 557,Phillipschester,00,50926,60460.93,Accountant,418,09/08/2016,BR003,FALSE,N/A,Sri Lanka,Walk-in
CUST004439,Brian,Wilson,1940-05-26,M,,+12132816421,71866 Andrade Key,Aliciaton,GA,93083,58079.05,,596,2014-09-29,,True,Not Verified,Samoa,Online
CUST004440,Nathan,Mason,,M,jamespeck@example.org,(001) 471-5834,261 Hughes Points Suite 810,Port Tiffany,AL,14733,87505.01,Teacher,506,03/11/2021,BR016,Yes,VERIFIED,Guinea,N/A
CUST004441,BETH,Lee  ,"November 26, 1998",M,sabbott@example.com,861-226-9441,4812 Parker Way,New Lawrence,VT,00000,22507.26,Designer,714,02-09-2011,BR011,0,pending,United Kingdom,
CUST004442,Rachel,Vaughn,73-12-16,M,edwardsjonathan@example.net,,1756 Joseph Street Suite 398,Lopezland,WV,83422,77810.36,Clerk,683,2013-03-27,BR016,True,pending,Yemen,Referral
CUST004443,KEVIN,Padilla,"October 02, 1970",F,jeffreyparker@example.org,679.431.8415,50199 Palmer Grove Suite 524,New Tamara,IA,36576,89316.01,Doctor,477,2023-09-22,BR008,Yes,VERIFIED,Holy See (Vatican City State),Walk-in
CUST004444,Sheryl,Kemp,28-11-1999,M,N/A,+1-153-730-4213,456 Stephen Underpass,West Meganville,WV,00000,93808.06,Designer,706,03-12-15,BR036,TRUE,pending,Turkey,Branch
CUST004445,Krystal,  Perez,14/05/1950,F,marthajohnson@example.net,626.539.2495,23030 Melinda Walk,Leeshire,NH,90040,"$2,213.66",Nurse,439 pts,2011-06-17,BR032,No,Not Verified,Paraguay,Marketing
CUST004446,  Beverly,Hobbs,05/06/1975,F,logan57@example.com,,4017 Heather Shoal,Vazquezville,FL,08443,43352.57,Officer,0,2003-09-27,BR014,0,pending,Cote d'Ivoire,Referral
CUST004447,Michelle,Robinson,"May 12, 1959",M,danielle08@example.org,+12189136210,087 Melanie Radial Apt. 237,Herreraton,AS,06548,39260.79,Chef,-1,13-07-25,BR013,,pending,Equatorial Guinea,ONLINE
CUST004448,Philip,Bernard,1989-05-12,F,kristenmay@example.org,796-433-5100,7297 Richard Pines,Thompsonton,NJ,83276,73496.04,Analyst,796,29/03/2013,BR005,No,Pending,Heard Island and McDonald Islands,N/A
CUST004449,Alfred,Evans,99/99/9999,F,sherry96@example.com,+18464740600,898 Tracy Mews,South Carolineport,CT,99659,86826.06,Teacher,840,2021-11-27,BR010,True,,Gambia,branch
CUST004450,Audrey,Davis,99/99/9999,M,david71@example.net,N/A,73728 Melody Curve Suite 721,Hammondshire,NJ,51994,122384.86,Sales Rep,761,"September 12, 2003",,False,pending,Saint Barthelemy,N/A
CUST004451,Michelle,Mccarty,03/06/1993,M,amorrison@example.net,(346) 559-4087,76200 Ruiz Views,,AR,25723,52676.21,Analyst,737,13-10-2004,BR041,True,pending,Mongolia,Walk-in
CUST004452,  Timothy,Shaw,03/10/1952,f,annette79@example.com,(001) 767-3560,5447 Higgins Points,South Jackton,MO,37082,52584.96,Driver,762,13-03-19,BR043,1,pending,,Online
CUST004453,Ricardo,Rosales,"February 19, 1983",M,kerrcynthia@example.net,7655953079,66097 Miguel Mall Apt. 132,North Jesse,KS,41171,USD 110238.52,Consultant,0,2013-04-13,BR005,FALSE,Not Verified,Serbia,Marketing
CUST004454,Albert,Lynch,2005-12-12,1,pollardstephanie@example.net,,28269 Olson Spring Apt. 168,South Annmouth,PR,66898,80380.19,Officer,515,04-08-29,BR040,TRUE,Not Verified,,Marketing
CUST004455,Stephen,Fletcher,05/01/1990,M,mitchellvictoria@example.net,6257657962,6595 Norton Mount Suite 550,Mooreville,ME,06308,114367.8,Self-Employed,657,26-09-2013,BR045,1,Verified,French Southern Territories,ONLINE
CUST004456,Kevin,Stevenson  ,1962-10-03,M,moorejo@example.com,000-000-0000,1086 James Creek,Thomashaven,MP,91474,80105.48,Driver,567,2003-06-04,BR021,1,,Sweden,Referral
CUST004457,  Garrett,Dougherty,1989-08-15,F,ferrelldawn@example.net,+17548447171,009 Jennifer Freeway,,SD,63497,29500.92,,527,2000-05-24,BR012,0,VERIFIED,Chad,branch
CUST004458,Michael,Fowler  ,01/15/1945,0,hallcandace@example.com,(902) 954-6041,963 Juarez Lights,New Destiny,MS,79549,,Developer,418,01/12/2005,BR036,1,pending,Kazakhstan,Online
CUST004459,Hector,Castaneda,02/06/1977,M,crystalbruce@example.com,1818240772,6357 Morrison Corner Suite 268,Coxshire,MO,74443,USD 15697.07,Analyst,829,06/10/2018,BR034,Yes,Not Verified,Bouvet Island (Bouvetoya),Branch
CUST004460,gary,Bradley,"April 25, 1963",M,andrewruiz@example.org,,1680 Fernandez Ferry,Waltersville,WI,16554,USD 93171.81,Analyst,351,21-08-2008,BR012,True,verified,Armenia,Branch
CUST004461,Scott,Graham,1975-09-15,1,brentcruz@example.org,000-000-0000,810 Lauren Parkway Apt. 668,Laurenmouth,IN,76691,111600.89,Officer,454,2012-10-10,BR013,Yes,VERIFIED,Slovenia,N/A
CUST004462,desiree,Smith,09/17/1941,female,pachecogerald@example.org,(512) 399-8037,63813 Francis Port,Cindyview,OR,15729,134727.67,,589,25-06-2003,BR041,True,Verified,Denmark,Marketing
CUST004463,Willie,Nelson,"November 18, 2017",M,susanmartin@example.org,295-886-6140,615 Duane Heights Apt. 998,New Kaylamouth,CA,37182,,Lawyer,524,02/23/2013,BR005,FALSE,,Norway,
CUST004464,Scott,hayes,"October 14, 1978",F,bobbymoore@example.net,883-479-9654,001 Kelley Port Suite 745,Melissashire,VA,45207,110699.35,Student,686,17-11-10,BR017,Yes,verified,Serbia,N/A
CUST004465,Thomas  ,Martinez,1959-06-19,Female,petersonscott@example.org,672-242-9420,97613 Peters Mission Apt. 542,West Douglas,WA,58958,49699.43,Developer,426,"July 02, 2023",BR011,TRUE,VERIFIED,Japan,
CUST004466,Sherri,Bender,06/07/1961,FEMALE,patricialivingston@example.org,950-295-3650,941 Sutton Unions,New Diane,AZ,99488,29525.45,Developer,0,2013-12-19,BR017,True,N/A,Tajikistan,online
CUST004467,Robin,Lutz,1980-09-01,M,misty23@example.org,807-745-2157,76799 Lamb Junctions,Christinaborough,PR ,28094,,Driver,471,"February 03, 2000",,No,Pending,Uganda,Marketing
CUST004468,Gregory,Key,"March 04, 1997",F,peterswanson@example.com,,241 Weeks Radial,New Alexandra,MP,23133,84618.83,Designer,576,2023-07-12,BR041,,Not Verified,Israel,Online
CUST004469,Lisa,Quinn,"April 14, 1949",M,richardsonmichelle@example.org,(665) 774-5916,162 Rita Village Apt. 217,Ramirezfurt,MA,89673,73760.55,Engineer,9999,09-10-30,BR020,0,verified,Saint Martin,branch
CUST004470,Mike,Fitzgerald,11/11/1949,F,radams@example.com,190.354.5084,7769 Rhodes Flats,Brookeburgh,AS,97471,83558.0,Sales Rep,416,04-05-2018,BR012,,verified,Albania,
CUST004471,Trevor,Thomas,28/12/1988,F,vjohnson@example.com,,1201 Torres Course,West Kevin,NH,65965,81311.49,Chef,566,15-09-2017,BR013,True,Pending,Norfolk Island,branch
CUST004472,Melissa,Raymond,28-11-1999,M,brandon40@example.com,215.345.4795,101 Isaac Drive Suite 136,,UT,07915,114933.59,Designer,543,15/03/2020,BR028,1,VERIFIED,Bangladesh,online
CUST004473,GINA,GUERRERO,85-01-18,F,ryan27@example.com,000-000-0000,3507 Williams Garden Suite 730,Lake John,TX,55537,115324.5,Student,841,01/07/2006,BR049,FALSE,Not Verified,Qatar,ONLINE
CUST004474,  Kelly,Jackson,"November 19, 1948",F,kristine92@example.net,(583) 758-0604,44778 Brown Crest,Everettstad,GU,23331,89047.71,Chef,825,99/99/9999,BR011,1,,Sao Tome and Principe,N/A
CUST004475,kendra,Osborn,1949-10-30,F,gsilva@example.net,000-000-0000,44843 Stewart Row,Rodriguezhaven,MI,03972,99603.1,Clerk,350,"October 13, 2010",BR044,TRUE,VERIFIED,Nicaragua,Walk-in
CUST004476,Kenneth,Glass,07/04/1993,F,  sylviageorge@example.org  ,+1-001-696-9793,73864 Matthew Rue Suite 548,Tanyamouth,VA,01779,87992.19,Lawyer,394,"March 11, 2011",BR029,0,Pending,Wallis and Futuna,Referral
CUST004477,James,Long,2002-07-08,F,fdavis@example.com,+1-436-476-7474,3357 Green Vista Suite 397,Boydfurt,ME,68771,53859.06,Clerk,399,"May 26, 2023",BR039,Yes,N/A,Seychelles,Online
CUST004478,Ashley,Mcgee,,male,lawrencebrittany@example.org,+1-313-858-3657,,West Robertville,RI,40556,96479.76,Officer,752,2012-08-23,,TRUE,verified,Guam,Referral
CUST004479,Tracy,Bell,1992-08-01,F,phelpsstephen@example.org,N/A,792 Melissa Mountain Suite 598,Port Aaronport,US,71768,21192.67,Clerk,432,22-08-2017,BR041,Yes,Pending,Martinique,Branch
CUST004480,Kimberly,Guerrero,95-06-21,F,gsmith@example.com,+1-389-863-7464,,South Frankport,US,95970,106886.2,Clerk,343,2006-02-03,BR019,,N/A,Ethiopia,ONLINE
CUST004481,JOHN,  Little,17-11-1987,F,,N/A,9107 Tracy Crossroad,Matthewshire,DC,21188,28191.7,Accountant,384,09-05-08,BR023,0,pending,Comoros,Referral
CUST004482,Deborah  ,Kennedy,94-07-31,M,damon71@example.org,,8042 Jessica Plains,Port Brian,MD,61289,80003.12,Accountant,490,12-03-11,BR006,Yes,VERIFIED,Hong Kong,
CUST004483,Antonio,Welch,15/09/1980,FEMALE,andrew08@example.com,266-283-2326,981 Joy Harbors Suite 363,West Joseph,00,79981,,Accountant,530,21-09-12,BR027,0,pending,Saint Pierre and Miquelon,branch
CUST004484,Carol,Rice,1950-10-13,MALE,john57@example.com,823-809-4318,14449 Lauren Inlet Suite 962,Hillfurt,US,44294,89368.61,Lawyer,302,09/03/2002,BR012,,pending,New Zealand,Marketing
CUST004485,Ashley,Ortiz,1950-08-06,F,,378.365.3785,8860 Jamie Camp Apt. 297,Barbaraland,DC,75207,68812.62,,414,23/03/2006,,FALSE,Pending,Sudan,
CUST004486,Lindsey,Weaver,"September 01, 1956",M,N/A,3535561045,601 Meza Mountain Suite 238,Andersonport,OK,77832,14183.54,Designer,422,09-12-2022,BR007,False,Pending,Belgium,ONLINE
CUST004487,William,Clark,31/03/1974,M,wilsonstephanie@example.org,000-000-0000,5568 White Wall Suite 781,Michealtown,wv,67563,84724.49,Teacher,680,"April 30, 2016",BR031,True,Not Verified,Uganda,N/A
CUST004488,Ashley,Zamora,08/06/1956,M,raymondmoreno@example.net,538.511.5194,909 Martin Stream,Stacyside,CA,58048,49772.77,Contractor,696,01-06-22,BR045,,N/A,Nepal,ONLINE
CUST004489,Sheila,ORTEGA,"December 25, 1963",FEMALE,dglenn@example.org,7447406185,02246 Gray Street,Grimesshire,IL,55435,100840.14,Engineer,841 pts,29-01-2016,BR008,Yes,Verified,,Referral
CUST004490,Mark,Clark,"February 24, 1955",F,jane45@example.net,181-423-6241,0484 Brandon Path Apt. 869,East Ryanshire,SC,44292,,Manager,743,04-01-04,BR036,0,verified,Tunisia,Marketing
CUST004491,Cristina,Ortiz,04/23/1969,F,eric27@example.com,N/A,4062 Sullivan Harbor,Michelleberg,MS,45520,"$83,839.73",Sales Rep,404,"June 21, 2004",BR013,TRUE,Not Verified,Christmas Island,N/A
CUST004492,Colleen,Berg,28-04-1948,F,millselizabeth@example.net,,179 Jones Estate,Port Richardstad,SD ,60002,36485.09,Officer,729,16-10-30,BR030,0,Verified,Algeria,Marketing
CUST004493,Jason,Saunders,11/08/1947,F,lwilliams@example.com,,425 Delgado Shoal,Shawhaven,IA,95604,,Officer,349,29/01/2011,BR042,TRUE,pending,Serbia,Walk-in
CUST004494,Kevin,Daniel,"November 19, 1990",female,ralphmorales@example.com,000-000-0000,626 Rios Prairie,Amandachester,MI,64277,53947.65,Self-Employed,823,10/04/2018,BR014,,Pending,British Virgin Islands,Walk-in
CUST004495,Benjamin,Cooley,08/12/1985,F,michaelroberts@example.net,,607 Morse Green,Luketon,IL,38915,"99984,59",Doctor,484,,BR011,FALSE,Not Verified,Christmas Island,Walk-in
CUST004496,MARY,Velasquez,12/03/2015,M,ashleyjones@example.org,N/A,569 Franco Estates,Mccallton,PA,98690,128708.2,Designer,651,"October 14, 2020",BR003,No,N/A,British Virgin Islands,
CUST004497,Lisa,Hernandez,24-04-1994,Female,,5403883070,731 Sanchez Plains Suite 617,South Alyssa,GU,82211,41818.99,Nurse,652,06/05/2003,BR020,FALSE,Pending,Uruguay,Referral
CUST004498,  Lisa,Nelson,"May 24, 1999",F,KIMKIMBERLY@EXAMPLE.NET,+14489823602,,Hammondville,NY,54061,107689.69,Chef,448,21/04/2009,BR017,FALSE,VERIFIED,Italy,Walk-in
CUST004499,  Derrick,Ball,99/99/9999,FEMALE,kimgibson@example.net,000-000-0000,72853 Kathleen Road,Vargaston,IA,98721,$0.00,Nurse,738,99/99/9999,BR031,FALSE,,Ecuador,
CUST004500,Richard,  Norman,NULL,M,angelrose@example.net,(928) 277-5404,7136 Parker Flats Suite 759,East Brianchester,IN,39506,28203.37,Contractor,548,01/30/2009,BR012,False,VERIFIED,New Zealand,Referral
CUST004501,Caitlin,Evans,"May 14, 1945",Male,jenniferjames@example.net,957-315-0763,976 Mason Course Apt. 130,Bairdland,PA,62335,36442.75,Contractor,589,"February 06, 2013",BR037,0,pending,,Referral
CUST004502,  Katie,Mills,25-03-1998,F,wjohnson@example.org,,67590 Miller Roads,Sethport,MT,50335,22662.2,Nurse,346,"May 09, 2012",BR017,TRUE,Verified,Burkina Faso,ONLINE
CUST004503,Kevin  ,Owen,17/03/1960,F,danielle41@example.org,000-000-0000,29582 Devin Place,South Margaretmouth,CA,49276,14574.41,Driver,439,25-07-2021,BR027,TRUE,Verified,Netherlands,ONLINE
CUST004504,Connor,Stevens,74-05-01,M,anelson@example.com,000-000-0000,774 Kenneth Walk Suite 899,Jessicastad,NJ,93782,84454.96,Student,435,05/15/2008,BR018,,N/A,Bouvet Island (Bouvetoya),
CUST004505,  Rick,Martinez,01/01/1965,1,petersonmichael@example.net,675-261-4679,188 Donna Mount Apt. 003,Davisberg,DE,23602,62507.63,Contractor,692,99/99/9999,BR024,No,verified,Haiti,branch
CUST004506,Lisa,Marsh,02/18/1978,F,deankim@example.com,(951) 411-6288,519 Julie Avenue,North Kevin,WV,75721,83279.19,Driver,517,"June 01, 2021",BR038,True,VERIFIED,San Marino,online
CUST004507,Jenna,Garcia,10-06-1983,f,HALEY71@EXAMPLE.ORG,1269968493,774 Payne Crossroad Apt. 309,Hopkinsburgh,TN,92113,94166.54,Developer,484,11/11/2021,BR001,TRUE,pending,Benin,N/A
CUST004508,Michelle,Walker,03/10/1964,M,osullivan@example.net,+1-001-416-7233,46331 Sierra Crest Apt. 336,West Adrienne,NH,68759,79296.59,Retired,479,21/03/2009,BR023,TRUE,verified,Falkland Islands (Malvinas),branch
CUST004509,Sean,Jackson,05-08-2004,female,rachel08@example.net,520-517-0808,0115 Susan Court Suite 910,South Veronica,TX,22053,93021.71,Manager,711,"October 13, 2005",BR044,False,N/A,Turks and Caicos Islands,ONLINE
CUST004510,  Christopher,Jones,05/19/1950,1,joseph30@example.net,921-588-0035,2528 Gibson Brooks,Abigailhaven,DC,84896,67566.37,Lawyer,827,"May 30, 2003",BR029,,Not Verified,Isle of Man,Walk-in
CUST004511,Riley,Mckay,99/99/9999,M,hallpatricia@example.net,663.535.6353,41467 Moore Mission Apt. 286,,ND,62553,28455.23,Retired,786,"September 02, 2008",BR013,Yes,verified,Canada,
CUST004512,Michael,lewis,"January 03, 2003",F,,001.735.7730,68861 Roberta Turnpike Apt. 201,South Deniseshire,ZZ,39718,,Nurse,547,,BR029,Yes,Pending,Namibia,N/A
CUST004513,Kimberly,Lee,24-04-1952,M,,N/A,4949 White Field,Lisamouth,CO,00000,49381.08,Developer,742,04/02/2016,BR028,FALSE,Pending,Nepal,Walk-in
CUST004514,Jennifer,Scott,04/07/1988,F,trevormalone@example.com,N/A,,Andersonland,WA,83227,37254.13,Retired,610,08-01-13,BR035,False,VERIFIED,Heard Island and McDonald Islands,branch
CUST004515,Lori,Payne,2024-02-06,F,vgreen@example.net,241-611-4319,798 Kelsey Cove Suite 202,North James,VA,90320,63772.87,Engineer,407,25-02-2011,BR006,Yes,N/A,,Branch
CUST004516,Alex,Rivers,62-04-18,M,N/A,+1-001-909-2254,8917 Warren Village,Richardbury,KY,09008,38051.62,Doctor,421,"December 03, 2010",BR024,FALSE,verified,Trinidad and Tobago,ONLINE
CUST004517,Brittany,Pugh,05/20/1946,M,marknunez@example.org,9009084343,5714 Jones Squares Apt. 418,North Jacobberg,WV,36315,55389.94,Student,510,23-09-09,BR002,,VERIFIED,Canada,Online
CUST004518,John,Flores,75-08-03,M,thompsondeborah@example.org,000-000-0000,658 Sarah Stream Suite 406,Jasonmouth,OK,44215,82041.89,Doctor,688,06-09-2004,BR018,No,VERIFIED,Saudi Arabia,N/A
CUST004519,John,Simmons,1959-01-25,Male,N/A,380.281.9447,3870 Warren Tunnel Suite 841,Port Tracie,OH,36964,82191.96,,364,06/03/2000,BR016,No,pending,Austria,
CUST004520,Brittney,Hicks,2020-06-30,female,justin47@example.org,(229) 364-8883,350 Donald Mission,Jamesmouth,AR,66290,38575.95,Doctor,637,,BR045,True,Pending,Cameroon,ONLINE
CUST004521,ANTHONY,JONES,23-02-1954,M,austin65@example.net,+15569455103,47279 Schmidt Stream,Robertfurt,NV,00000,,Retired,683,22-01-2010,BR034,0,VERIFIED,Isle of Man,N/A
CUST004522,  William,Cole,27/07/1956,M,dylanking@example.com,+11284446967,13064 Keith Park,Port Jennifer,GA,88689,107601.66,Sales Rep,9999,02/25/2006,BR023,True,N/A,Swaziland,Marketing
CUST004523,jeffrey,Lamb,"August 06, 2017",f,jessica46@example.org,+19107845376,751 Hill Flat,East Jessicaborough,TN,33070,87374.0,Teacher,678,"August 11, 2014",BR041,False,,Burundi,ONLINE
CUST004524,Jessica,Mcguire,12-07-2002,F,smithjeremy@example.org,742-318-0090,522 Bryant Ports Apt. 085,New Sarahshire,IN,99687,142627.28,Sales Rep,664,23/11/2017,BR015,FALSE,Not Verified,Tuvalu,Online
CUST004525,Isaac,  Sanchez,10-01-1985,1,brucevaughn@example.com,(531) 271-4976,12263 Martin Fall Suite 673,Allisonfort,MO,89623,,Clerk,637,08/29/2005,BR027,FALSE,Not Verified,Bulgaria,branch
CUST004526,Danny,Simpson,07-01-1967,F,tthomas@example.org,(001) 932-7611,,Davidville,DC,32411,110050.26,Consultant,633,17-07-2020,BR046,True,pending,Jamaica,Branch
CUST004527,Cassandra,Thompson,,M,ricardo82@example.net,334.358.6929,017 Meyer Trace,Emilyville,AL,49294,21424.6,Teacher,799,20-12-2023,BR022,,Not Verified,Vanuatu,ONLINE
CUST004528,Sara,Morgan,1950-03-25,M,hammondjessica@example.net,,49057 Rangel Hill,Kirstenhaven,OH,69628,96735.11,Engineer,307,02/06/2004,BR044,No,Verified,Antarctica (the territory South of 60 deg S),ONLINE
CUST004529,cindy,Smith,"March 08, 1955",F,jacksonsmith@example.org,262.592.7830,4588 Linda Gateway Suite 052,Morganside,NY,00000,68141.26,Clerk,695,01/09/2013,BR039,,pending,Lithuania,
CUST004530,Nicholas,Morales,03/17/1997,M,rhondamcgee@example.net,919.491.6444,420 Michael Square Apt. 219,North David,KS,21705,50715.64,Sales Rep,531,15-07-15,BR021,1,pending,Ukraine,Online
CUST004531,Jessica,West,43-10-28,M,kathleen00@example.net,000-000-0000,1291 Jasmine Cliff,East Brendan,ND,53651,75880.54,Lawyer,665,"November 13, 2009",BR031,,Not Verified,Mongolia,
CUST004532,Megan,Porter,"May 09, 1940",F,cynthiayork@example.org,000-000-0000,93230 Jennifer Green Suite 247,New Amy,VT,54724,103082.4,,326,2019-11-14,BR042,TRUE,Not Verified,Malta,N/A
CUST004533,Trevor,Young,05-10-1965,m,edgarbaker@example.com,477.568.4398,374 Hughes Burgs,Lisatown,VT,51571,87529.11,Manager,401,2002-04-10,BR008,True,Verified,Vanuatu,Online
CUST004534,Tracy,Johnson,90-04-26,FEMALE,smithbecky@example.org,+19108785850,96463 Donna Ferry,Guerreroburgh,VA,89418,39253.42,Sales Rep,0,07-10-27,BR033,True,N/A,Montenegro,Branch
CUST004535,Samantha,LEVINE,99/99/9999,F,richardjohnsonATexample.com,,40507 Harris Street,Kevinhaven,PW,00000,95986.06,Nurse,499,23/08/2002,BR045,FALSE,pending,Czech Republic,online
CUST004536,Christine,Williams,1993-05-15,f,meghanphelps@example.org,000-000-0000,75483 King Mill Suite 334,North Mary,VI,02492,47684.44,Officer,762,15/05/2012,BR038,0,Verified,Timor-Leste,online
CUST004537,Chad,Lewis,14-06-27,F,N/A,327-490-3285,127 Mary Route,Bradleyside,AR,54803,77583.91,Developer,451,2021-08-21,BR009,False,VERIFIED,Saint Helena,Referral
CUST004538,Robert,Castro,06/07/1954,0,flewis@example.com,331.254.2561,3373 Kyle Burg Apt. 408,Josephport,SC,98439,59382.75,Doctor,763 pts,2000-06-26,BR008,1,Pending,Spain,N/A
CUST004539,Jacob,Robinson  ,21/03/1977,M,N/A,159.786.8242,324 Jessica Fields,,CT,92719,62339.68,Contractor,695,11-04-2022,BR047,True,,Malawi,Online
CUST004540,Angela,Clements,27/09/1970,f,wilsontammy@example.org,0016392118,1548 Cathy Viaduct,Lake Mikechester,CO,44925,96818.5,Sales Rep,656,2003-08-29,BR037,0,Pending,Sri Lanka,Marketing
CUST004541,Teresa,Miller,07/01/1986,F,jaredmartinez@example.com,193-637-2631,6298 Jordan Forges Suite 266,North Michael,MO,34856,33593.22,,773,2001-10-15,BR050,0,Verified,Gambia,Walk-in
CUST004542,Luke,Malone,03/12/1956,M,andre51@example.com,N/A,9544 Bullock Brooks Suite 189,Cervantesland,IA,18350,138081.83,Officer,713,01/15/2001,BR025,,VERIFIED,Liechtenstein,ONLINE
CUST004543,William,Nelson,02/15/1940,FEMALE,N/A,N/A,650 Henderson Ridges Suite 198,North Christopherside,HI,28789,6261.99,Clerk,524,06/10/2008,BR042,,verified,Cuba,Marketing
CUST004544,Jonathan,Tucker,10/21/1978,F,greengabriel@example.net,+1-331-765-8153,54399 Herrera Squares,New Joshuaberg,OK,31917,49081.63,Retired,389,04/21/2009,BR039,Yes,,Burundi,Online
CUST004545,Stephanie,Brown,78-09-18,F,johnwalker@example.org,(380) 889-0971,1142 Miller Springs,North Christinaburgh,AZ,10249,,Clerk,738,2016-07-21,BR011,FALSE,verified,Syrian Arab Republic,Referral
CUST004546,Madison,Flowers,06/23/1965,F,christopherhughes@example.com,,22861 Daniel Drive Suite 565,New Jacquelineside,AL,90512,90451.0,Teacher,348,14/11/2005,BR011,0,Verified,Azerbaijan,Referral
CUST004547,Jack  ,Blake,"September 24, 1953",F,valdezpaul@example.net,+1-849-551-9262,7855 Malone Center,Saramouth,AS,38342,66483.35,Nurse,436,02/10/2014,BR007,No,Pending,,Marketing
CUST004548,Rhonda  ,acosta,28/06/1949,F,casey61@example.net,+1-001-613-8447,31861 Sherry Manor Suite 646,East Andrea,TN,57377,67991.33,Self-Employed,414,05/26/2006,BR026,FALSE,Not Verified,Greenland,
CUST004549,Micheal,Walsh,21-08-1958,M,theodore27@example.net,,,East Hayleystad,WI,82183,84369.25,Developer,489,04/04/2018,BR013,TRUE,verified,Spain,Online
CUST004550,Debra,Jackson,"August 08, 1952",M,brenda08@example.net,+15308400776,3168 Emily Trail Suite 315,West Anthonystad,US,81612,61912.57,,671,"April 15, 2020",BR020,Yes,N/A,New Caledonia,
CUST004551,GEORGE,Jacobson,26-06-1950,F,nedwards@example.org,,2353 Mason Park,Lake Mark,AZ,54240,118761.34,Accountant,470,03-05-2016,BR029,No,pending,Syrian Arab Republic,ONLINE
CUST004552,Holly,Sanders,"July 23, 1972",M,teresa53@example.org,000-000-0000,451 William Fort Suite 411,Craigshire,KS,87897,99377.22,Developer,742,NULL,BR021,,pending,Norway,branch
CUST004553,Brian,Hebert,"September 08, 1942",F,lmaldonado@example.net,,979 Mcintosh Plaza,South Robinberg,CT,24652,100548.85,Doctor,368,04-04-26,BR017,FALSE,Not Verified,Barbados,ONLINE
CUST004554,Nathan,Callahan,76-02-27,M,timothy48@example.org,+18843769855,038 Charles Inlet,Adkinsbury,CT,24984,36184.51,Retired,461,30/09/2012,BR014,FALSE,N/A,Slovakia (Slovak Republic),online
CUST004555,Dana,RICE,01/05/1971,M,,N/A,3361 Eric Fall Apt. 723,Kathrynport,CO,00000,67221.41,Clerk,705,,BR023,Yes,Pending,Falkland Islands (Malvinas),Online
CUST004556,Mandy,Savage,29/07/1985,0,vincentdavid@example.org,136-249-7915,9637 Boone Creek Suite 277,Mercerborough,AZ,00000,59483.69,Driver,472,2004-06-02,BR010,1,pending,Falkland Islands (Malvinas),online
CUST004557,Lucas  ,Horton,"October 17, 1967",F,baileymary@example.net,000-000-0000,,Yangtown,WV,29866,34803.95,Teacher,339,03/08/2002,BR031,1,Verified,Honduras,ONLINE
CUST004558,aaron,MCCALL,"November 06, 1976",male,susanlarson@example.net,312-847-4834,86390 Ruth Islands,South Craigmouth,CA,94018,82605.75,Student,394,"April 16, 2020",BR023,1,pending,Spain,Branch
CUST004559,Heidi,Tyler,21-02-1954,M,sherman@example.com,979-852-0773,245 Kathryn Hill Apt. 330,Jonathanchester,OH,62125,51182.4,Sales Rep,321,"February 24, 2019",BR010,True,verified,Somalia,online
CUST004560,Jennifer  ,mccullough,70-08-28,1,todd69@example.net,1306584979,458 Katherine Bridge Suite 951,East Davidport,NY,03530,92939.13,Lawyer,601,27/08/2008,BR009,No,Not Verified,Bermuda,Referral
CUST004561,Joanna,Kent,82-03-11,M,staceyjames@example.com,,,East Joseph,IN,54420,3254330.0,Doctor,525,05/19/2022,BR035,True,Not Verified,Maldives,branch
CUST004562,  Steven,Chan,99/99/9999,M,carla34@example.net,6827609914,177 Howard Rapids Apt. 243,North Barry,HI,50558,130166.42,Analyst,328,17-12-09,BR048,True,Verified,Cyprus,online
CUST004563,Veronica,Benson,"August 06, 1960",F,VWALSH@EXAMPLE.NET,3526977857,2133 Lee Motorway Suite 509,Laurenshire,KY,21933,38628.36,Analyst,742,2006-01-17,BR033,TRUE,,Morocco,Walk-in
CUST004564,Jose,sparks,05/26/1988,F,erik97@example.org,+1-430-449-0153,71386 Thornton Dam Suite 485,Jenkinsstad,LA,98960,77675.58,Accountant,546,29-05-2016,BR008,1,,Tanzania,online
CUST004565,Alexandra,Harding,09-07-2020,F,,(828) 467-6014,0621 Johnson Estates Apt. 551,Lake Kylemouth,CO,79870,,Sales Rep,526,2001-08-04,BR045,True,,Nigeria,Online
CUST004566,Krystal  ,Riley,NULL,Female,stacycarter@example.com,849.274.5082,31247 Schultz Wells Apt. 676,Smithberg,MO,92905,50027.58,Consultant,729,16-10-13,BR019,Yes,verified,,Branch
CUST004567,Brent,Roach,1975-12-31,M,william25@example.org,000-000-0000,370 Vasquez Coves,Leemouth,MS,80267,99836.4,Retired,533,2002-11-03,BR004,FALSE,Verified,Jordan,branch
CUST004568,Alyssa,Hamilton,"November 17, 1959",M,donald04@example.org,000-000-0000,341 Hodge Lodge Suite 220,North Derek,AL,97041,26978.57,Contractor,823,99/99/9999,BR036,,VERIFIED,Algeria,ONLINE
CUST004569,Brandon,BELL,07/10/1952,female,ochoaveronica@example.com,(882) 877-6291,2482 Adam Mountains,Ashleyhaven,ME,62085,120824.12,Officer,,08/07/2008,BR001,1,Verified,Heard Island and McDonald Islands,Marketing
CUST004570,Christopher,Sims,"February 01, 1940",F,ronald58@example.org,+16015701423,837 Lori Gardens,Summerfort,WV,31801,70495.22,Manager,430,2014-12-13,BR030,0,N/A,Iraq,branch
CUST004571,  Tim,Bass,,F,kfrancis@example.com,N/A,48399 Smith Fields Suite 940,Mccormickbury,PA,92878,49125.6,Student,313 pts,04/06/2011,BR017,0,pending,Cocos (Keeling) Islands,Branch
CUST004572,Zachary,Hill,01/11/1969,MALE,fisherrachael@example.com,161-935-8476,08560 Schneider Springs,,WV,00000,59528.64,Clerk,752,10-02-26,BR049,No,VERIFIED,Pitcairn Islands,Branch
CUST004573,MATTHEW,Mitchell,16-03-1990,M,ebest@example.net,N/A,3739 Mark Key,Josephview,MP,90097,98312.17,Clerk,314,29-04-2006,,0,Verified,Iraq,Branch
CUST004574,Brandon,Mclaughlin,2001-08-24,M,,+17334053692,52701 Alexandra Village,Kathleenside,00,57144,49544.06,Driver,705,05/03/2009,BR037,No,N/A,Italy,N/A
CUST004575,Charles,Brown,2002-01-26,M,collinskeith@example.com,001-726-3103,81336 Garcia Court,Geraldmouth,TX,52634,43772.48,Clerk,421,10/21/2006,BR044,FALSE,N/A,Philippines,
CUST004576,Tammy,Hawkins  ,21-05-2005,F,sheltonroger@example.net,001-942-2606,696 Justin Mall,Lorifurt,00,07790,62246.22,Consultant,401,20-02-2014,BR037,1,N/A,Niue,ONLINE
CUST004577,PATRICIA,Fields,24-06-1952,F,zcollins@example.org,000-000-0000,73117 Austin Alley,New Marytown,MO,07812,USD 28806.33,Nurse,605,09/11/2018,,TRUE,verified,Colombia,Online
CUST004578,William,Lopez,12/13/2005,M,shermanaustin@example.net,(948) 291-7855,15210 Christopher Ramp Apt. 791,New Kevin,MN,05148,133719.04,Analyst,783,21/01/2000,BR006,FALSE,verified,Russian Federation,Branch
CUST004579,Antonio,ACOSTA,"April 22, 1947",M,chasewalton@example.net,(282) 646-1734,541 Charles Walk,New Brittany,NH,28848,50176.19,Developer,315,10-05-2015,BR046,No,verified,Serbia,Referral
CUST004580,Philip,Anderson,09/15/1946,F,wolson@example.com,N/A,350 Gomez Pine,Jasonside,ZZ,07032,99106.59,Self-Employed,611,"March 12, 2015",BR046,1,Verified,Netherlands,Branch
CUST004581,Jacqueline,Gomez,93-07-06,F,hramirez@example.net,N/A,512 Erik Heights,Carrillofort,MT,46020,77331.45,Driver,518,99/99/9999,BR029,1,verified,Slovakia (Slovak Republic),ONLINE
CUST004582,Holly,Harrison,01/07/1996,F,cummingslisa@example.org,+19187857576,7612 Tammy Overpass Suite 832,New Nicolasfurt,WY,02081,35541.31,Driver,640,27-03-2012,BR036,,N/A,Kyrgyz Republic,ONLINE
CUST004583,  Diane,Suarez,21-03-1957,M,,N/A,29740 Hartman Mews,Whitefurt,DC,11259,,Consultant,568,19-08-2014,BR033,False,N/A,Cambodia,Branch
CUST004584,Adrienne,  Frank,06/03/1948,F,coopertina@example.net,1711896589,12189 Justin Junction,Hawkinsport,FL,32995,97440.1,,631,2001-05-24,BR038,1,VERIFIED,Myanmar,
CUST004585,Jeffrey,Thomas,1982-07-29,1,teresamcdonald@example.net,+1-330-767-0132,6346 Carrie Alley,Lake Nathan,IA,20643,63410.85,Consultant,711,"January 17, 2023",,False,VERIFIED,Vanuatu,
CUST004586,Cameron,Coleman,05/31/1990,M,ydavis@example.net,N/A,94810 Miguel Common Suite 915,South Williamside,PR,96462,,Developer,489,"September 16, 2018",BR001,FALSE,Not Verified,United States Virgin Islands,Walk-in
CUST004587,steven,Wong,99/99/9999,M,N/A,1470246379,402 Heather Light Apt. 721,South Benjaminside,FM,07737,105753.04,Consultant,720,01-12-13,BR027,0,Pending,North Macedonia,N/A
CUST004588,Ryan,Owens,99/99/9999,MALE,  fbrown@example.net  ,+1-570-639-7069,78279 Julie Fort,West Raymond,MH,26851,102162.02,Teacher,591,07/09/2021,,1,verified,Djibouti,online
CUST004589,Brian,  Ali,"July 28, 1971",M,allenemily@example.org,,1923 Amy Parkways Apt. 510,New Trevor,FM,73531,53912.01,Manager,465,2015-09-07,BR017,FALSE,Verified,Peru,Referral
CUST004590,Mary,Tran,1950-02-22,M,,,7864 Powers Knolls Apt. 197,,OK,78504,32205.51,Lawyer,566,10-09-09,BR044,FALSE,Verified,,
CUST004591,Taylor,Howard,12/10/1994,F,smithchristy@example.net,247.589.5571,6656 Anderson Street,Port Charlene,NM,55691,,Engineer,555,09-12-07,BR024,True,N/A,Faroe Islands,Walk-in
CUST004592,Jose,Mcknight,16/05/1966,F,hector46@example.org,N/A,8797 Felicia Plaza Apt. 549,Andreaborough,PR,18936,76868.43,Clerk,389,2021-01-13,BR030,,Pending,Guatemala,
CUST004593,James,Sheppard,07/16/1940,m,michaelcobb@example.org,N/A,0871 Lowe Circles Apt. 643,New Josephberg,WI,81367,89102.53,Engineer,533,"October 26, 2019",BR033,,VERIFIED,Australia,Online
CUST004594,ASHLEY,Rose  ,1986-05-01,FEMALE,david05@example.org,4797437165,100 Lozano Radial,Porterborough,CO,95106,0,Lawyer,562,14/03/2016,BR024,FALSE,N/A,British Indian Ocean Territory (Chagos Archipelago),Walk-in
CUST004595,Tanya,Lopez,03/01/1986,F,katherine95@example.net,8668001482,4060 Parks Turnpike Apt. 609,Ricardohaven,CT,33044,69716.04,Retired,693,08-04-21,BR021,No,Pending,Jersey,branch
CUST004596,christina,Johnston,"February 25, 1975",M,litimothy@example.net,133-820-1554,153 Anita Estates Apt. 162,Lake Christina,CT,69913,75533.12,Clerk,405,,BR048,True,VERIFIED,Niger,
CUST004597,Jesus,Ayala,99/99/9999,M,thompsonbrian@example.org,839-789-6532,931 Kyle Court,Angelahaven,OK,76766,60285.95,Engineer,510,25-04-2003,BR005,FALSE,N/A,Mayotte,
CUST004598,  Adrienne,Frederick,12/05/2004,male,N/A,+11564334908,855 Mueller Islands Apt. 871,,IN,62828,115194.58,Officer,0,29/01/2010,BR026,False,VERIFIED,Armenia,
CUST004599,Lisa,Browning,1940-12-25,M,mtanner@example.org,2279505336,62986 Hutchinson Rest,Riveraside,PW,97398,"84762,3",Officer,753,"July 16, 2003",BR032,True,verified,Antarctica (the territory South of 60 deg S),ONLINE
CUST004600,Hannah,Flores,26/01/1989,MALE,btaylor@example.com,000-000-0000,166 Davis Parks Suite 884,Port Sharon,SD,28545,115856.72,Designer,0,05-01-2000,BR043,No,Pending,Suriname,Online
CUST004601,Laura  ,  Allen,88-11-28,M,jackgarrett@example.net,3205037874,280 Lin Ways Suite 451,West Jamesshire,NC,55034,62441.38,Self-Employed,728,20/08/2002,BR036,Yes,Not Verified,Korea,N/A
CUST004602,RUSSELL,Mcintosh,95-12-22,M,craig44@example.net,352-920-6204,0858 Michael Mills Apt. 575,Hoffmanshire,MN,35649,102811.71,Manager,687,04/18/2010,BR027,False,verified,British Indian Ocean Territory (Chagos Archipelago),
CUST004603,Daniel,Stephens,02-01-1956,F,  lisa60@example.org  ,+11393563522,,Taylorchester,MO,51938,127227.32,Clerk,550,24/05/2002,BR040,No,verified,French Guiana,online
CUST004604,Victoria,Richmond,1950-07-09,0,markeatonATexample.com,000-000-0000,076 Paul Trail Suite 684,Baileyshire,GA,21834,115909.27,Accountant,434,09-10-30,BR030,FALSE,VERIFIED,Colombia,branch
CUST004605,Victoria,Roy,1994-12-06,0,icollins@example.net,928.499.3582,48517 Christopher Mountain,Joelview,WI,36054,31775.04,Student,418,2002-09-17,BR046,True,N/A,Central African Republic,Online
CUST004606,Brian,Sullivan,64-12-27,F,mandy67@example.net,270.880.1059,1505 Tyler Grove Apt. 079,East Michaelport,TN,24290,61121.34,Sales Rep,679,10/15/2011,BR011,False,N/A,Belarus,ONLINE
CUST004607,  Steven,Martinez,27-05-2003,M,XBAILEY@EXAMPLE.NET,(660) 448-6264,9412 Andrew Viaduct,Allenfurt,AL,26738,57919.24,,703,2006-10-20,BR045,0,Verified,Iran,ONLINE
CUST004608,Scott,Morris,77-03-24,M,debra53@example.com,,8811 Mikayla Overpass Apt. 924,Meganfurt,WY,32340,87123.91,Student,685,03/05/2006,BR027,False,,Qatar,
CUST004609,Tara,  Smith,1941-05-11,male,qbrown@example.net,N/A,6778 Andrew Walks,Lake David,MH,25304,94022.37,Nurse,611,05/24/2012,BR015,No,N/A,Fiji,Marketing
CUST004610,Larry,Phillips,"January 16, 2000",F,david62@example.org,,0455 Carol Ville Suite 232,Tranmouth,IA,39903,40638.76,Self-Employed,693 pts,25/08/2006,BR016,No,,Malawi,Walk-in
CUST004611,Stacey,Stone,1976-01-03,male,alexandria34@example.org,5244816041,617 Williams Island,Port Jasmine,MN,01562,72374.35,Lawyer,440,99/99/9999,BR009,True,Verified,Malaysia,Marketing
CUST004612,Debra,Martin,05-06-02,female,taylornathaniel@example.net,+17968544420,62465 Joseph Oval Apt. 885,Gardnerfurt,NV,79117,0,Designer,651,16-01-29,BR016,FALSE,VERIFIED,Saint Helena,Walk-in
CUST004613,dana,Jones  ,16-11-1943,M,xperez@example.com,+10018234004,9578 Alan Motorway Apt. 134,South Lauren,CA,27558,120468.08,Manager,644,99/99/9999,BR038,False,Pending,Western Sahara,ONLINE
CUST004614,kristina,Moore,1992-04-10,F,aprilbutler@example.org,(449) 972-2277,4049 Mccoy Via Suite 957,West Randyborough,NY,35220,52066.9,Self-Employed,827,10/09/2009,BR002,FALSE,Verified,Peru,
CUST004615,Elizabeth,Arnold,1966-03-12,MALE,hansonmichael@example.com,+1-001-780-8631,242 Jennifer Path,Wadeport,CT,00000,71955.24,Engineer,334,01/16/2004,BR045,No,Pending,Bolivia,N/A
CUST004616,Jessica,Ward,1949-02-21,M,dixonbradley@example.com,,62036 Michael Meadow Suite 422,Susanton,MD,02370,59162.26,Developer,664,"October 26, 2017",BR038,FALSE,Pending,Myanmar,Referral
CUST004617,Robert,Cortez,05-08-1960,F,poolemelissa@example.com,(135) 152-1230,5228 Karen Shoal Suite 969,Lake Jacqueline,TN,63789,110110.97,Driver,449,04/04/2006,BR001,Yes,verified,Anguilla,branch
CUST004618,Donald,Chapman,2010-05-22,M,millernancy@example.net,+1-001-872-4960,727 Ebony Branch,,MH,10774,0,Retired,784,99/99/9999,,Yes,N/A,Iceland,online
CUST004619,APRIL,Garcia,95-05-27,M,anaaguirre@example.net,177-667-0167,285 Atkinson Vista,East Jennifermouth,AZ,75662,69418.64,Developer,459,08/07/2022,BR043,FALSE,verified,Guernsey,ONLINE
CUST004620,  Monique,Vazquez,1995-11-08,Male,,N/A,938 Roberts Islands,Port Juan,NH,07612,66296.34,Self-Employed,493,16/06/2022,BR037,1,Verified,Comoros,Marketing
CUST004621,Kayla,Flores,02/03/1956,F,kimberly23@example.net,8212721839,,Ballborough,MO,00000,54122.73,Doctor,590,21-06-30,BR023,,VERIFIED,Micronesia,Marketing
CUST004622,James,Parker,1965-08-10,F,billy04@example.net,+17509559364,91095 Benjamin Gardens,South Crystaltown,AZ,84701,130417.93,Clerk,620,05/29/2022,BR015,False,verified,Canada,branch
CUST004623,Matthew,Alvarez,57-07-13,M,ashleymartin@example.com,N/A,0942 Ray Rapid,Oliviashire,WV,74900,38943.47,Officer,9999,05/06/2008,,Yes,VERIFIED,Samoa,branch
CUST004624,Michael,Jenkins,15/05/1997,M,huffmannathan@example.net,(388) 944-0619,4975 Cline Light,Dawnview,VI,98702,97012.87,Teacher,507,2017-07-26,BR026,1,verified,,N/A
CUST004625,natalie,Sanders,04/23/1965,M,thomas34@example.com,,5961 Jones Mountain,Williamsside,OK,57223,82468.85,Doctor,444,11/07/2023,BR001,0,N/A,Canada,online
CUST004626,tammy,Floyd,12/07/1969,F,N/A,N/A,4815 Blevins Islands,Roberthaven,TN,81213,114153.17,Chef,431,01/21/2021,BR037,No,Pending,Jamaica,N/A
CUST004627,SAMUEL,Hopkins,08/31/1975,M,garyallen@example.com,(893) 953-6352,9658 Mccann Meadow,Angelaborough,GU,06384,46648.38,Officer,514,"October 27, 2022",BR009,True,Not Verified,Monaco,ONLINE
CUST004628,Veronica,Rose,04-08-1989,M,daniel72@example.com,+1-001-248-8671,02465 Lopez Station,Gibsonburgh,AL,53293,44346.09,Driver,487,2009-11-07,BR020,FALSE,,Belize,Walk-in
CUST004629,Michael,Smith,08/30/1956,M,TANYA52@EXAMPLE.NET,4195878438,,Port Adrian,DE,32989,108362.45,Sales Rep,312,27-09-2005,BR041,TRUE,Pending,Sudan,ONLINE
CUST004630,Deanna,Camacho,10/26/1997,1,brandi74@example.com,+10019373131,2310 Jason Mall Suite 819,South Daniel,NC,05441,,Manager,821 pts,08/23/2023,BR016,,,Western Sahara,online
CUST004631,christine,Hensley,1995-06-11,M,brady72@example.net,N/A,553 Matthews Junction Apt. 366,Jeffreytown,TX,05128,"$15,927.19",Developer,813,01/06/2001,BR013,Yes,Pending,,
CUST004632,Marcus,Quinn,"September 10, 1975",F,cfox@example.org,812.901.5053,600 Christina Cape Apt. 650,Bergport,FM,52517,USD 51124.32,Driver,442,11/06/2010,BR021,,VERIFIED,Pakistan,Marketing
CUST004633,William,  Ramsey,"June 22, 1957",M,qmejia@example.net,N/A,6959 Julie Pass Suite 465,Phillipsberg,OR,03012,83523.39,Self-Employed,446,2002-01-17,BR034,1,Pending,,N/A
CUST004634,Elizabeth,Tate,,F,,N/A,,Webershire,VI,73349,99321.75,Engineer,,07-04-2012,BR007,No,Verified,Jordan,
CUST004635,JOSEPH,Morgan,"June 16, 1954",F,palmercraig@example.org,+1-642-683-6130,6173 Esparza Neck,Escobarborough,SC,79811,46226.93,Self-Employed,559,09/11/2004,BR026,1,pending,Kenya,branch
CUST004636,Mark,Brown,19-03-1951,M,harrismarcus@example.com,+1-976-860-0178,1240 Katie Trafficway Apt. 213,Davishaven,MD,19937,0,Driver,825,2007-08-01,BR010,TRUE,VERIFIED,Malaysia,N/A
CUST004637,Lisa,Griffin,15-04-1968,M,whitemichael@example.net,(190) 853-3025,4411 Summers Loaf,Dianahaven,AZ,41443,88312.81,Retired,495,2012-07-26,BR010,False,verified,Pitcairn Islands,Marketing
CUST004638,SABRINA,Mills  ,1940-11-05,Male,jpeterson@example.net,000-000-0000,7371 Justin Corner,New John,RI,53550,USD 27288.78,Retired,724,"July 09, 2023",BR007,,,China,Online
CUST004639,Christopher,Mendoza,21-10-1954,M,paulwilliams@example.com,5706926620,575 Timothy Mission,Armstrongbury,ZZ,07070,0,Retired,507,11/22/2017,BR020,False,VERIFIED,Jamaica,Marketing
CUST004640,Tracy,Mendoza,16/06/2023,M,adrian77@example.org,,044 Melinda Dale,Kennethhaven,GU,94404,0,Nurse,319,2012-05-03,BR013,0,pending,,ONLINE
CUST004641,Robert,Mcconnell,02/25/1961,1,N/A,000-000-0000,880 Hunter Orchard,North Dominiqueville,OK,88790,"98489,33",Clerk,523,24/11/2011,BR019,True,Pending,Martinique,Branch
CUST004642,Erika,Lee  ,54-10-27,F,,N/A,9596 Courtney Throughway Suite 476,Lake Brad,FM,53182,74501.61,Driver,635,13-02-06,BR017,False,VERIFIED,Cuba,ONLINE
CUST004643,Tara  ,Alexander,07/01/1978,F,dawnsnyder@example.org,2115536101,628 Delgado Mill Apt. 549,East Williammouth,NE,90075,62102.03,Retired,448,13-03-2015,BR015,0,Not Verified,,online
CUST004644,Diane,Mccarty,84-01-05,M,jacob13@example.com,,385 Jennifer Grove Apt. 624,,MD,15135,118615.85,Sales Rep,389,02/11/2011,,False,VERIFIED,Georgia,
CUST004645,Andrea,Saunders,"June 26, 1975",1,qpayne@example.com,7245862359,1400 Carter Mountains Suite 341,Rodriguezmouth,NH,26965,92306.36,Contractor,478,NULL,BR044,True,pending,Brunei Darussalam,Referral
CUST004646,Katherine,Davis,08/23/1960,female,melindarogers@example.com,7652677938,61378 Kirk Estate Suite 629,Lake Darleneburgh,IL,61234,"126570,5",Student,494,"May 24, 2008",BR021,True,Not Verified,Cape Verde,Marketing
CUST004647,Jeremy,Franklin,12-07-1950,m,N/A,8348363942,092 Smith Via,Kaylaport,RI,06757,21254.26,Nurse,399,27/04/2005,BR035,,Not Verified,Israel,Branch
CUST004648,Shelby,Anderson,"May 10, 1960",M,gilbertlinda@example.org,+12113662716,29461 Walker Village,North Steve,WV,41095,68790.73,Accountant,845,01/01/2016,BR040,Yes,pending,Austria,branch
CUST004649,Matthew,Watts  ,07/02/1970,F,alan85@example.net,674.284.6159,923 Laura Forks,Lake Karen,FL,00000,13415.03,Sales Rep,691,"January 05, 2012",BR016,Yes,pending,Saint Barthelemy,branch
CUST004650,Lisa,Harris,04/05/1997,F,christopherwalton@example.net,,67482 Jessica Union,Wilkersonview,IL,74086,61971.62,Driver,667,14-10-24,BR002,Yes,Pending,United States Minor Outlying Islands,Marketing
CUST004651,Jeremy,Todd,59-04-03,F,sjenkins@example.com,540.756.7197,110 Jennifer Dam Suite 367,Heidimouth,PA,73094,61298.45,Analyst,721 pts,10/02/2012,BR040,TRUE,pending,Grenada,Branch
CUST004652,Karen,  Collier,"January 17, 1975",F,wanderson@example.net,N/A,30901 Ashley Mountain Apt. 779,West Feliciafort,WV,10599,91931.48,Designer,771,09/02/2017,BR041,True,,Taiwan,Marketing
CUST004653,Nicolas,Smith,2002-10-29,male,dwilson@example.net,,3890 Mark Rapids Suite 391,Baxterstad,UT,42278,71594.74,Sales Rep,436,13-03-14,BR050,TRUE,,Guernsey,online
CUST004654,Yvonne,Hinton,06/27/1946,Female,troyanderson@example.net,+12664239052,615 Carl Estate Apt. 758,Port Vanessachester,00,36509,91819.25,Doctor,670,"July 12, 2018",BR041,,N/A,Cambodia,Online
CUST004655,  Logan,Davis,NULL,Female,,(170) 865-0417,59144 Daniels Ports Apt. 975,Marytown,NM,45026,94620.4,Engineer,627,22-08-2009,BR049,0,Verified,Andorra,N/A
CUST004656,Zoe  ,Morris,08-05-1999,female,michael10@example.net,+11428789837,42978 Marcia Village,Michaeltown,US,00000,,,545,99/99/9999,BR002,False,N/A,Jordan,branch
CUST004657,Tricia,Wilkerson,"March 07, 1987",F,taradavis@example.org,0019197000,010 Young Island Apt. 844,East Jeremy,AL,09516,58964.62,Student,391,22-11-2012,BR041,1,Not Verified,Myanmar,Marketing
CUST004658,JENNIFER,  Randall,15/11/1949,m,nathanjohnson@example.org,962.857.3364,783 Tanner Heights Apt. 938,West Dennis,IL,02400,37064.21,Teacher,696,02-12-14,BR035,Yes,verified,American Samoa,Marketing
CUST004659,Janet,Davis,"August 16, 1970",M,nicolekeith@example.net,+10017987813,047 William Shoals Apt. 520,Lake Kariville,AS,05090,78612.93,Chef,655,28-11-2010,BR005,FALSE,,Trinidad and Tobago,Online
CUST004660,Jessica,Glass,07/07/1953,1,lynn35@example.com,(628) 395-0766,0506 Lisa Ports,West Danielside,KS,98749,41920.2,Doctor,683,2005-04-16,BR002,No,VERIFIED,Seychelles,Online
CUST004661,Steven,Morales,,FEMALE,guzmanpeter@example.org,+1-543-401-7762,299 Misty Circles,Port James,US,77644,,Chef,345 pts,99/99/9999,BR048,,pending,Norway,
CUST004662,Marisa,Williams  ,92-11-24,M,christinaibarra@example.com,+1-239-461-6113,47908 Dave Corners Suite 223,West Clintonville,IA,88512,"$60,087.37",Student,694,2001-07-20,BR040,No,VERIFIED,Panama,Marketing
CUST004663,bradley,Walker,04/13/1982,M,brianayala@example.net,684-573-2166,4482 Evan Pike,Kristinville,KY,13292,50204.83,Lawyer,803,2006-07-30,BR037,True,Pending,Swaziland,Walk-in
CUST004664,John,Olson,1988-05-26,F,justin37@example.org,N/A,024 Tonya Spurs Suite 182,Lake Glenn,IN,04330,53503.95,Accountant,489,,BR050,FALSE,,,Walk-in
CUST004665,Robert,Sanchez,"September 23, 1953",M,gmartin@example.org,000-000-0000,2059 Dudley Crest,East Terri,SD,45830,95144.61,Officer,402,14-04-01,BR012,True,VERIFIED,San Marino,Branch
CUST004666,John,Clark,"March 28, 1962",M,bellamber@example.net,786.678.4373,023 Marco Forges Apt. 874,North Kevin,MS,99724,64478.86,Analyst,506 pts,10-05-2021,BR035,,,United Arab Emirates,Marketing
CUST004667,  Gina,Chavez,"January 04, 1942",m,sarah86@example.com,+1-177-498-5746,1090 Becker Prairie Suite 883,East Kennethmouth,ND,32952,47541.66,Doctor,334,04/01/2021,BR039,0,Pending,Armenia,Branch
CUST004668,Catherine,Jones,24-03-1988,F,craiggoodwin@example.com,N/A,031 Shannon Summit,Lake Devonberg,NY,61520,128287.32,Doctor,631,06/30/2010,BR041,Yes,VERIFIED,Hong Kong,online
CUST004669,Alan  ,Castro,05-06-1959,Female,ltaylor@example.org,5938338265,263 Amber Junctions,East Tyler,VI,53711,40034.06,Doctor,782,,BR020,1,pending,Taiwan,Marketing
CUST004670,Peter,Brown,89-12-21,0,stephanie02@example.com,+14087140641,408 Andrew Trail Apt. 096,West Robertchester,NC,70865,71244.81,,701 pts,"July 07, 2017",BR007,No,Not Verified,Korea,ONLINE
CUST004671,Debra,Moreno,03/23/1977,M,kaylagomez@example.org,5185523699,036 Clark Mountains,New Allenport,NE,42122,,Officer,568,09-09-2006,BR003,False,N/A,Macao,online
CUST004672,Jonathan  ,Ramirez,04/02/1996,F,megangonzalez@example.com,+15954748559,03164 Moore Curve,North Brandon,NV,56836,12903.27,Doctor,566,,BR001,No,VERIFIED,Paraguay,online
CUST004673,Anna,Ortega,04/04/1945,F,ryanskinner@example.net,173.029.2841,0981 James Fields Apt. 216,Port Matthewmouth,OK,70760,86809.12,Driver,430,2007-10-29,,Yes,pending,Romania,Marketing
CUST004674,Charles,Gibson,"September 06, 1952",F,lopezrickey@example.com,+12115447770,459 Frank Corners,East Kevinland,VI,27369,33071.23,Sales Rep,712,20-03-2003,BR050,False,Not Verified,Christmas Island,Branch
CUST004675,Duane,Butler,04-04-1958,M,,N/A,0065 Joseph Summit,Paulafurt,NE,79643,98797.4,Student,359 pts,22/12/2014,BR015,FALSE,VERIFIED,Belgium,online
CUST004676,Brian,Collins,02/18/1961,F,millertamara@example.com,2606299254,205 Kyle Unions,Blanchardton,PW,35890,36307.21,Teacher,562,,BR042,True,verified,Finland,Walk-in
CUST004677,Zachary,austin,2000-08-27,F,vsantos@example.org,183-222-7093,09020 Short Springs,Lake Justin,VT,72595,,Self-Employed,,29-06-2014,BR033,0,pending,Saint Martin,branch
CUST004678,Dale,Sullivan,"July 07, 1966",F,chad21@example.org,,451 Lucas Radial,West Jonathonchester,RI,26845,108704.16,Chef,680,19-02-12,BR030,Yes,Verified,Martinique,Walk-in
CUST004679,  Michael,Clark,23-06-1992,M,wsmith@example.com,+10013263622,,West Kenneth,WY,49174,,Engineer,409,"February 01, 2010",BR017,True,VERIFIED,Ethiopia,online
CUST004680,Stephanie,Dawson,"July 27, 1985",0,hswanson@example.com,,9294 Matthews Villages Apt. 695,Aguilarfort,DC,25076,78796.08,Retired,473,2020-04-27,BR003,False,,French Polynesia,
CUST004681,DYLAN,aguilar,"September 19, 1943",M,,N/A,814 Shelley Pike Suite 872,New Jacqueline,ME,33424,61904.47,Teacher,359,02/18/2016,BR021,No,Verified,Saint Martin,ONLINE
CUST004682,Jack,Nunez,"April 24, 1986",F,etaylor@example.net,+1-467-737-1385,1058 Michelle Flats Suite 441,Port Ashley,KS,39250,49825.31,Clerk,-1,19-04-26,BR017,No,Verified,Micronesia,N/A
CUST004683,William,JENNINGS,"September 04, 1959",Male,amandale@example.net,0014619141,48451 Cohen Hill,Brandonland,WV,45210,121486.21,Lawyer,560,15/01/2020,BR017,No,verified,Cote d'Ivoire,branch
CUST004684,Ashley,  Miller,07/04/1987,F,gonzalezanthony@example.org,299-329-2638,49382 Schmitt Path Apt. 765,Jenniferberg,ZZ,23120,,Sales Rep,558,06/02/2020,BR004,No,verified,Nicaragua,Referral
CUST004685,Luis,Griffith,"September 09, 1945",female,ashley06@example.net,(565) 426-7775,922 James Turnpike,West Normaville,PA,81467,33702.69,Consultant,9999,00-10-26,BR016,Yes,pending,Saint Pierre and Miquelon,N/A
CUST004686,Erik,Porter,07/30/1950,F,stewartlaura@example.net,N/A,42026 Parks Islands,Susanton,VT,87080,93287.91,Lawyer,759,NULL,BR002,1,VERIFIED,India,Online
CUST004687,Laura,smith,03/09/1969,M,mark01@example.net,N/A,9254 Pierce Plains Suite 226,Whiteland,ND,57110,42135.21,Nurse,775,"June 10, 2002",BR032,False,,Isle of Man,
CUST004688,MATTHEW,Garcia,12/17/1966,M,alexandercampbell@example.org,974.700.4732,3118 Colleen Forks Suite 338,South Williamborough,AZ,14905,,Doctor,368,08-12-2004,BR004,0,N/A,,online
CUST004689,Jennifer,Rodriguez,99/99/9999,M,  pphillips@example.org  ,,386 Andrew Lock,New Scott,MA,74265,19473.85,Analyst,796,10/04/2001,BR042,TRUE,,Iceland,N/A
CUST004690,Sean,jacobs,74-09-26,M,ishepherd@example.net,(490) 249-4068,,Jameshaven,MP,64301,"$53,098.16",Self-Employed,389,21/03/2010,BR022,Yes,,Maldives,N/A
CUST004691,Aaron,Bradley,99/99/9999,m,harriskeith@example.com,+14149902478,6467 Luis Lakes Suite 065,North Danielborough,MT,42234,67104.97,Contractor,603,NULL,BR041,TRUE,Pending,Guinea-Bissau,Marketing
CUST004692,Thomas,Brennan,21-06-1981,M,thomasschroeder@example.net,N/A,1027 Ronald Locks Apt. 922,New Kelsey,CT,07764,78508.21,,474,99/99/9999,BR039,Yes,Pending,,Marketing
CUST004693,William,Hernandez,"May 05, 1982",M,millermelissa@example.net,N/A,9899 Johnny Alley Suite 205,Jodyshire,MD,28102,103295.72,Consultant,-1,11-05-23,BR049,TRUE,N/A,Palestinian Territory,
CUST004694,tony,Watkins,1971-11-22,F,james14@example.com,0013953107,,Sarahstad,UT,82854,88441.43,Lawyer,624,20-11-29,BR032,Yes,pending,Bolivia,ONLINE
CUST004695,Douglas,Williams,12-03-1990,F,xalvarado@example.com,(886) 353-5418,66282 Taylor Vista Suite 713,Brooksstad,KS,67817,"63319,47",Engineer,545,04/07/2011,BR022,Yes,,Mauritius,branch
CUST004696,Samuel  ,Mitchell,28/11/1989,F,atkinsmike@example.org,981.596.8402,81491 Dennis Junction Apt. 799,Amyfort,SC,34891,63063.15,Analyst,453,"March 28, 2006",BR047,False,verified,Nepal,Referral
CUST004697,Jeffrey,Alvarez,11/12/2002,F,robert58ATexample.org,+1-421-599-5127,0585 Davis Groves Apt. 135,Ericmouth,NE,36650,8785551.0,Contractor,455,22/01/2012,BR037,True,pending,Greece,branch
CUST004698,Andrew,Todd,23-10-1998,M,robertsevelyn@example.net,7258872665,042 Salazar Prairie Suite 200,New Bryan,FM,68007,"$114,539.96",Contractor,565,22/06/2021,BR022,FALSE,VERIFIED,Vietnam,Online
CUST004699,Rebecca,stanley,07/22/1945,M,huangcolton@example.net,+16787549926,256 Kelly Key,North Nicoleville,AK,86373,74421.0,Clerk,816,26-02-2012,BR044,1,Not Verified,Finland,
CUST004700,Melissa  ,Wilson,04-01-15,M,michaelwilliams@example.com,0012602383,25502 Madeline Streets,Holtview,UT,38144,53580.42,Doctor,780,04/12/2023,BR046,No,Verified,Korea,Referral
CUST004701,Aaron,  Hawkins,,M,juliepayne@example.org,N/A,150 Carr Island,East Brianchester,FL,91134,"$35,249.69",Contractor,700,2021-11-25,BR030,No,N/A,Netherlands,ONLINE
CUST004702,Edward,Turner,21/03/1977,f,,+1-001-813-4572,01057 Lewis Extensions Suite 642,Daniellefurt,PW,23288,19417.82,Driver,683,22-05-04,BR011,No,,South Georgia and the South Sandwich Islands,online
CUST004703,Kelly,Copeland,1997-03-12,F,powellryan@example.net,N/A,5124 Church Isle,Valerieshire,OR,97926,93319.44,,717,2004-08-17,BR029,TRUE,VERIFIED,Tuvalu,branch
CUST004704,Andrea,Contreras,14/08/1956,F,robin00@example.net,,416 Hall Run,East Gregoryland,XX,32186,90229.25,Teacher,444,,BR021,No,Not Verified,Saint Helena,online
CUST004705,Kathy,Davenport,24/02/1999,F,betty70@example.net,+1-886-308-3183,9983 Roberto Dam,Port Steven,NE,97467,90207.72,,835,04-02-14,BR026,,Pending,Slovenia,Walk-in
CUST004706,Alexandra,WOOD,1979-02-28,M,ronald02@example.net,,88158 Mary Heights,Petersonfort,MS,68348,65496.92,Accountant,636 pts,13-08-21,BR023,False,pending,Ecuador,ONLINE
CUST004707,Yvette,Smith,1984-09-13,F,courtney77@example.com,,97928 Rebecca River Apt. 733,Michelleshire,MD,54620,119242.72,Sales Rep,827,31/05/2010,BR029,TRUE,VERIFIED,Kiribati,Walk-in
CUST004708,Lisa,Dawson  ,,M,  nancy22@example.org  ,(777) 710-6287,7320 Harrison Plain,Port Phyllis,WV,56389,53055.85,Doctor,808,14/08/2002,BR040,No,N/A,Saudi Arabia,Referral
CUST004709,Thomas,Nguyen,99/99/9999,M,hchan@example.com,,168 Brandt Burg Suite 834,Friedmanburgh,OR,76303,103434.42,Manager,712,2011-09-29,BR012,Yes,VERIFIED,Russian Federation,online
CUST004710,Brent,Hall  ,52-10-12,0,adamsmartin@example.org,001.345.4999,,Hickmanville,00,22283,68644.0,,9999,11-06-21,BR018,True,,Turks and Caicos Islands,online
CUST004711,kevin,Wells,99/99/9999,f,moralesashley@example.com,5999858406,95500 Rodriguez Orchard Suite 712,South Dakotaview,MT,07388,"$48,707.72",Contractor,734,"October 14, 2006",BR049,,pending,Peru,Branch
CUST004712,Mary,Padilla,06/02/1965,Male,hfox@example.net,649.815.1664,271 Pierce Port,East Ashley,ID,01472,90738.56,Analyst,687,10/23/2007,BR012,,Not Verified,Trinidad and Tobago,online
CUST004713,Robert,Rose,23-11-1957,1,davidmartinez@example.net,8242139517,1813 Randall Extension Apt. 670,Brandonfort,AS,92053,84337.26,,586,"October 08, 2023",,No,Not Verified,India,ONLINE
CUST004714,Nicholas,Rose,21/07/1963,F,lblankenship@example.net,000-000-0000,032 Kim Drive Apt. 405,Lake Sandra,VI,78038,82494.05,Officer,361,2017-04-29,BR025,FALSE,N/A,Ukraine,
CUST004715,Zachary,Stein,06/06/1952,F,colemanmichael@example.org,,96563 James Mills Suite 981,Suareztown,WY,13506,72844.74,Self-Employed,696,11/14/2000,BR015,False,Verified,Russian Federation,Marketing
CUST004716,Brittany  ,Craig,01-08-1958,FEMALE,rking@example.org,001.638.5307,699 Lopez Club Apt. 479,Dawsonfort,N/A,76840,68673.74,Developer,571,14-03-2003,BR045,1,Verified,Isle of Man,Referral
CUST004717,Walter,Frederick,1989-05-04,M,amberbrown@example.com,+1-614-779-4599,6744 Wilson Brook,Rhondamouth,AZ,13039,153593.02,Accountant,438,10/08/2009,,Yes,VERIFIED,Russian Federation,N/A
CUST004718,Jeffrey,  Deleon,13-05-1967,female,amandaellis@example.net,848.945.7916,,Port Michaelbury,MD,86344,,Contractor,705,14/08/2023,BR038,FALSE,pending,,Walk-in
CUST004719,Hannah,Lewis,04/29/1997,M,SARA43@EXAMPLE.ORG,N/A,0713 Mcmahon Estates,Smithborough,TN,13533,"$95,298.94",Accountant,610,"July 14, 2021",BR018,,VERIFIED,Nicaragua,Walk-in
CUST004720,Trevor,Oconnell,16/12/1979,M,mcdonaldedward@example.org,431-390-6379,01842 Molly Mission Suite 498,South Eric,FM,19204,73912.97,Chef,780,2015-10-06,BR019,FALSE,Not Verified,Georgia,Referral
CUST004721,Jeremy,Page,"October 31, 2004",M,sara29@example.org,000-000-0000,160 James Cove Suite 943,,AR,78154,105250.5,Consultant,799,03-09-2005,BR027,True,VERIFIED,Senegal,Branch
CUST004722,CURTIS,SCOTT,15-09-1978,F,iwilcox@example.net,,56707 Cesar Parks,,AL,34701,88129.82,Retired,335,22/04/2008,BR041,False,verified,Netherlands Antilles,online
CUST004723,Matthew,Estes,84-05-16,M,danny94@example.com,6463223695,23060 Smith Lane Suite 850,East Jessicaton,XX,54938,70917.17,Driver,493,2010-12-31,BR004,TRUE,Not Verified,Congo,N/A
CUST004724,Kathleen,Holland,1995-10-17,m,lrodriguez@example.com,248-749-2286,90367 Turner Manor Suite 246,Port Kevin,MP,38254,59375.25,Student,752,"June 24, 2011",BR023,TRUE,Pending,,Marketing
CUST004725,Rodney,Torres,"August 01, 2002",f,dolsen@example.org,+1-674-201-7229,,Williamsmouth,ND,08457,USD 67167.89,,730,2015-01-21,BR025,0,Pending,Central African Republic,branch
CUST004726,Jack,Owen,05-09-26,M,lopezkathleen@example.net,1259504643,88966 Mendoza Square,New Eric,AS,49878,0,Retired,659,15-04-19,BR026,FALSE,Pending,Nauru,Referral
CUST004727,Kathryn,Walls,20/04/2003,F,melissapeters@example.net,000-000-0000,9708 Smith Creek Apt. 226,Reyesville,WI,54293,77371.03,Driver,324,18/01/2011,BR037,No,N/A,Botswana,Branch
CUST004728,Daniel  ,Lewis,1949-07-27,f,scottedwards@example.net,,7780 Brian Isle,Lake Joelmouth,MP,81299,52903.34,Doctor,828,09/06/2001,BR019,1,Pending,Saint Helena,online
CUST004729,Jerry,Parker,04/02/1956,M,elizabeth62@example.com,938.508.5116,13289 Carpenter Fields,Barkerside,MI,77174,125743.45,Clerk,591,07/17/2014,BR013,,Not Verified,Georgia,Branch
CUST004730,David,Curtis,89-04-18,F,sylvia18@example.org,+11814238474,663 Anna Garden,Mitchellview,XX,54323,70677.04,Teacher,768,99/99/9999,BR029,1,pending,United States Minor Outlying Islands,ONLINE
CUST004731,Gregory  ,sheppard,20/02/1991,F,angiemcguire@example.org,(001) 794-8091,43258 Jamie Fork,West Jessica,MT,45280,28386.28,Accountant,812,"May 13, 2013",BR038,Yes,verified,Cocos (Keeling) Islands,N/A
CUST004732,  Pamela,brown,1977-07-22,MALE,gloverteresa@example.net,+11592281115,7997 Theodore Crossroad,Lopezberg,CT,77858,68254.19,Retired,318,20-02-2003,,0,pending,Yemen,Marketing
CUST004733,Sarah,Rojas,1969-02-06,M,jerome80@example.net,+11692904338,897 Martinez View Suite 439,Harrisonfort,AK,00000,33385.76,,651,13-12-2016,BR041,TRUE,N/A,Antigua and Barbuda,
CUST004734,Jeffery,Jones,1950-08-15,M,alejandro15@example.net,,961 Joshua Wells Apt. 845,West Donald,MS,96118,86569.26,Chef,485,05/07/2022,BR012,TRUE,pending,Saint Barthelemy,N/A
CUST004735,Jacqueline,Macdonald,02/06/1945,F,laura36@example.org,5817910476,61877 Anderson Groves Suite 746,Cohenton,OH,41208,80183.16,Developer,805,"April 10, 2009",BR032,True,VERIFIED,Nigeria,
CUST004736,Sharon,edwards,23-04-1983,1,  enelson@example.com  ,000-000-0000,238 Arellano Cove Suite 385,South Jennifer,OK,00000,103524.39,Engineer,337,03/06/2011,BR002,TRUE,N/A,Tuvalu,
CUST004737,Jamie,Allison,58-11-29,male,littleronald@example.com,N/A,6590 Bennett Course Suite 850,Christopherview,OK,23864,42319.14,Self-Employed,741,23-08-07,BR021,No,VERIFIED,Malta,Marketing
CUST004738,steven,Miller,01/31/1952,F,phillip16@example.org,001-295-3294,239 Mcintyre Island,South Denise,MN,21644,71190.28,Student,722,01/07/2016,BR005,False,verified,Denmark,Referral
CUST004739,ALAN,Murphy,13/01/1947,MALE,josephbernard@example.org,3195683876,73966 Lee Underpass Apt. 667,Lake Charles,US,32801,22224.24,Retired,751,15-01-14,BR047,TRUE,VERIFIED,Grenada,Online
CUST004740,Samantha,Adams,1975-12-18,FEMALE,foxjane@example.net,455.953.4644,239 Pierce Trafficway,Edwardville,NY,24145,94552.32,Doctor,536,11/20/2022,BR036,1,,,Marketing
CUST004741,Nicholas,Gregory,03/21/1989,f,ccooper@example.org,+11691613394,12560 Emily Causeway,Port Tannerton,WV,09489,"88160,49",Officer,385,02/11/2010,BR042,FALSE,VERIFIED,Syrian Arab Republic,Branch
CUST004742,Peter,  Price,08/09/1989,F,eandrews@example.org,+10015274658,898 Castro Wall Suite 349,Barbarafort,MT,10245,87353.18,Engineer,342,"May 24, 2007",BR020,TRUE,Pending,Madagascar,N/A
CUST004743,Kara,Salazar,00-01-24,F,melindamartinez@example.org,,898 Rachel Crossing Apt. 569,Lamview,NE,83513,70056.67,Teacher,376 pts,"September 16, 2006",BR050,True,Pending,Oman,Branch
CUST004744,Peter,Blake,28-10-1986,M,wesleyberg@example.net,1689249344,,Knightton,PA,49924,"$84,517.05",Retired,839,08/07/2006,BR022,1,verified,India,branch
CUST004745,Zoe,Johnson,"April 16, 1972",Female,stevensondebbie@example.net,,328 Brooks Grove,New Alexandra,UT,55724,126151.87,Self-Employed,,2011-02-17,BR013,,VERIFIED,Armenia,Online
CUST004746,Jon,Hughes,2002-03-30,F,xedwards@example.net,137-989-2276,916 Mark Unions,Danielleville,TN,79611,60021.7,Nurse,714,2020-07-20,BR017,No,pending,Grenada,Online
CUST004747,Anna  ,Black,07/28/1949,F,rlopez@example.net,1784752955,859 Zachary Knoll,Laurenmouth,ZZ,94291,74852.58,Accountant,613,10-03-14,BR046,0,verified,Sierra Leone,Marketing
CUST004748,Jennifer,Morgan,99/99/9999,M,millercrystal@example.net,+1-001-838-9666,28730 Meza Shores Suite 164,New Laurenton,MH,77222,31985.58,Contractor,648,06-03-18,BR041,False,pending,Australia,Branch
CUST004749,Stephanie,Lewis,15/11/1955,M,mcclainnatalie@example.org,(001) 450-2491,6013 Haynes Run,West Marcville,UT,47275,39610.87,Developer,843,"May 03, 2021",BR022,0,,Canada,Online
CUST004750,Samuel,Lewis,"July 16, 1995",F,rachelcordova@example.org,(403) 586-4945,994 Smith Creek,Heatherfurt,MH,65340,73423.47,Contractor,369,2008-01-13,BR017,,,Cyprus,online
CUST004751,Vickie,Ramos,23-11-1999,F,andrew69@example.com,(779) 205-0707,7814 Grant Brook Apt. 036,West Teresahaven,GA,93221,108637.67,Chef,339,99/99/9999,BR029,TRUE,Pending,,Walk-in
CUST004752,Zachary,Taylor,,F,lauraanderson@example.net,+1-142-264-7871,5641 Angela Villages,Reedhaven,MD,00000,61030.17,Doctor,714,"July 13, 2001",BR031,Yes,Verified,Korea,ONLINE
CUST004753,logan,Black,61-07-08,MALE,travis85@example.net,+1-339-340-5071,1064 Dyer Port Apt. 986,Lake James,AZ,20545,6174292.0,Nurse,440,"November 02, 2022",BR044,0,Verified,Namibia,Marketing
CUST004754,Joseph,Campbell,"September 01, 1980",F,sheilawilliams@example.com,N/A,245 Susan Circle,West Ann,VA,83089,55759.02,Accountant,431,05/30/2013,BR009,FALSE,verified,Bahrain,Marketing
CUST004755,Martin,Whitaker,1987-09-25,F,valerie53@example.com,N/A,18146 Powell Crescent Suite 842,Lake Christopher,FL,18229,51283.52,Consultant,764,22-05-2016,BR044,TRUE,Pending,Turkey,Branch
CUST004756,  Corey,Gross,99-05-27,female,xbrown@example.net,+1-825-845-7734,35509 Copeland Prairie,Rodriguezbury,KS,01770,80324.0,Lawyer,465,17-08-2023,BR030,,Pending,Puerto Rico,online
CUST004757,Daniel,Powers,09/08/1945,M,carmen57@example.com,000-000-0000,18307 Patrick Junction,Daviston,VA,07282,"17595,98",Nurse,604,02/08/2023,BR013,TRUE,Verified,Montserrat,Walk-in
CUST004758,Brian,French,,M,lauraarnold@example.net,814-283-1717,487 Gonzalez Stream,West Crystal,DE,49359,114832.89,Doctor,729,06-05-2020,BR032,False,Verified,Liechtenstein,N/A
CUST004759,  Edward,Copeland,28/11/1972,M,gregorytaylor@example.net,000-000-0000,,Port Williamview,IL,84732,46710.22,Clerk,483,"November 25, 2010",BR027,True,,Timor-Leste,Branch
CUST004760,Shannon,Torres,60-12-17,male,spencer53@example.org,+1-001-981-7713,736 Michael Grove Suite 828,Josephhaven,GU,66788,95266.62,Self-Employed,810,"January 29, 2016",BR028,1,pending,Italy,online
CUST004761,Melissa,Mcneil,12/01/1971,M,stephanieclark@example.net,N/A,4289 Brian Alley,Mccoyville,NJ,75449,25550.05,Officer,401,07/02/2013,BR027,0,Pending,Moldova,ONLINE
CUST004762,DEBRA,Robinson,29/06/1970,M,ecoleman@example.org,000-000-0000,3580 Ward Road,Rachaelbury,FM,44620,93409.4,Contractor,750,"May 29, 2022",BR046,0,,El Salvador,ONLINE
CUST004763,Juan,Garcia,29/04/1958,F,dawnsims@example.net,,06899 Wilson Terrace Apt. 614,Collinshaven,KS,95559,93518.06,Student,783,"August 18, 2014",BR026,Yes,Verified,Tonga,Walk-in
CUST004764,Olivia,Edwards,1991-09-29,F,timothytucker@example.com,001-398-8497,5984 Cheryl Via Apt. 148,New Shannon,LA,03843,83447.07,Consultant,611,99/99/9999,BR012,,Verified,Jersey,ONLINE
CUST004765,Jasmine,Murphy,12/16/1997,F,janice87@example.net,,06809 Mckay Terrace Apt. 303,Pagefort,ME,42363,35195.0,Developer,499,2011-08-02,BR031,True,VERIFIED,Guadeloupe,Walk-in
CUST004766,Darius,Logan,74-01-23,M,cassandra35@example.com,8132959211,199 Ortega Knoll,South David,WA,37699,78734.19,Contractor,318,05-11-2005,BR049,TRUE,N/A,Djibouti,Online
CUST004767,pamela,Murray,04/22/1973,F,sarahkelly@example.com,000-000-0000,427 Christopher Point,Camposside,VT,94385,28593.03,Designer,653,02/14/2015,BR025,FALSE,VERIFIED,Tunisia,Walk-in
CUST004768,Keith,Davis,23-10-1969,M,brookesmith@example.org,762-646-2739,384 Valerie Flat Suite 433,Port Jamesmouth,KS,30270,61153.29,Self-Employed,634,31-03-2019,,Yes,verified,Syrian Arab Republic,Online
CUST004769,Adam,  Weaver,06/23/2010,F,scoleman@example.net,+1-168-530-0774,33602 Howard Circles Suite 939,Lake Tiffany,VT,67148,106029.46,Manager,455,19-03-2012,BR020,FALSE,verified,Afghanistan,
CUST004770,Anna,  Perez,06/19/1942,M,  patriciasmith@example.net  ,1440375916,19947 Jennifer Shores Apt. 878,North Cheryl,VT,98057,97884.57,Doctor,312,NULL,BR003,Yes,N/A,Guinea-Bissau,Walk-in
CUST004771,Kathleen  ,Bowers,11/02/1997,F,terri64@example.com,892-314-5158,885 Kevin Drive Suite 460,East Earl,US,86246,70531.4,Analyst,342,NULL,BR041,No,Not Verified,Saint Pierre and Miquelon,online
CUST004772,Sherri,ALEXANDER,"May 17, 1995",F,okane@example.net,(488) 312-6151,97498 Crystal Common,South Tracy,MA,55786,35881.77,Clerk,344,02/12/2006,BR021,0,VERIFIED,Morocco,Branch
CUST004773,Jamie,Morris,99-01-03,Female,perryerin@example.com,907.668.0079,4758 John Landing Apt. 505,Davischester,WA,15819,92595.57,Developer,-1,99/99/9999,BR029,True,Pending,Mozambique,Referral
CUST004774,Kevin,FULLER,,Male,craig13@example.org,+13228058031,00727 Glass Well,Port Jacobshire,UT,86749,70678.34,Consultant,813,,,Yes,Verified,Libyan Arab Jamahiriya,branch
CUST004775,Emily,Davis,11/24/2001,F,porteraaron@example.com,001-467-5613,9080 Nancy Ferry,North Vanessafort,UT,09930,$0.00,Contractor,814,05/20/2000,BR016,TRUE,verified,Syrian Arab Republic,Marketing
CUST004776,Darren,Hall,24/08/1969,M,silvasandra@example.net,+1-001-524-4966,2690 Crystal Falls,New Charles,RI,46088,97392.04,Self-Employed,719,11/05/2008,BR011,False,Not Verified,Nigeria,branch
CUST004777,Jonathan,Kirby,07/14/1944,F,timothyevans@example.net,+1-976-675-4079,113 Snyder Roads,Farrellview,ND,79026,69151.85,Nurse,756,"October 30, 2012",BR023,False,Pending,Israel,Marketing
CUST004778,brittany,pacheco,15-01-1952,M,riveramonica@example.net,+1-928-895-6444,3264 Deanna Junctions Suite 006,Port April,PA,47156,112085.79,Engineer,441,21-03-26,BR036,0,N/A,,
CUST004779,Sean,Gonzalez,02-01-16,F,bellchristian@example.net,000-000-0000,70222 Maurice Points,West Sabrina,MS,17038,3166553.0,Driver,499,"April 16, 2003",BR009,False,Pending,Angola,Branch
CUST004780,John,Jones,NULL,F,cranebrooke@example.net,000-000-0000,393 Baker View Apt. 341,South Timothy,ZZ,66004,0,Officer,643,2016-04-21,BR018,No,verified,Mozambique,
CUST004781,Michael,Wood,1941-09-11,M,zmccormick@example.org,N/A,112 Stephen Manors,Port Ralph,NE,97145,79767.94,Accountant,567,"September 26, 2013",BR050,0,,Nauru,branch
CUST004782,Sylvia,Moore,20-05-1974,M,stephanierobinson@example.net,001-963-2920,254 Andrea Street Suite 097,Jacquelinefort,XX,06829,80204.73,,751 pts,23-12-09,BR049,0,,Azerbaijan,Walk-in
CUST004783,John,Benjamin,71-08-10,1,jeffrey25@example.org,,556 Danielle Crossing Suite 778,Whitemouth,WI,46708,10826.49,Officer,586,20-04-2015,BR017,,N/A,Dominican Republic,Walk-in
CUST004784,Grace,Glass  ,20/10/1997,M,theresaperry@example.org,(182) 891-2968,7017 Jessica Flat Suite 731,New Anthonyshire,RI,94296,35752.52,Officer,839,2003-10-15,BR006,0,Verified,Gambia,
CUST004785,Sara  ,Sanford,1964-11-23,F,fhickman@example.net,(001) 332-4235,40426 Sherri Wall,,UT,63777,166432.62,Manager,388 pts,10/02/2015,BR016,0,VERIFIED,,N/A
CUST004786,Rebecca,Jackson,09/09/1980,Female,kshelton@example.com,001.792.8928,204 Price Light,Watersshire,MD,94940,59303.63,Accountant,528,05/04/2000,BR035,0,Not Verified,United Arab Emirates,N/A
CUST004787,William,Lane  ,"November 12, 1958",M,clarktaylor@example.net,(640) 849-9328,23400 Mark Circle,New Selena,DC,53254,95583.56,Student,469 pts,06/27/2012,BR028,False,verified,,branch
CUST004788,Kimberly,Butler,06/05/1986,M,masonjoshua@example.com,948-325-6499,43060 Jackson Prairie,East Laura,PW,77120,47226.91,Nurse,585,30/07/2009,BR021,,Not Verified,Moldova,Branch
CUST004789,Michael,Bowen,18-11-1965,m,N/A,+10013274195,083 Thomas Trail Suite 101,Port Matthewport,OH,31544,0,Retired,835,07-07-2019,BR022,No,Verified,Dominican Republic,Online
CUST004790,Lori,Thompson,"April 27, 1946",F,emilyturner@example.com,000-000-0000,798 Dustin Field Suite 060,South Gregory,CO,72851,64040.96,Clerk,441 pts,"October 30, 2013",BR011,TRUE,Pending,Maldives,branch
CUST004791,Larry,Weber,99/99/9999,M,morrisjacob@example.org,+17958495733,393 Jennifer Islands,Lake Nicholas,PR,27800,60703.84,Officer,609,23-02-2000,BR040,FALSE,Pending,Martinique,Marketing
CUST004792,  Marilyn,  Thompson,87-09-19,F,wilsonjoshua@example.net,,9095 Julie Station,West Kristen,NY,85552,56004.26,Chef,841 pts,12/06/2021,BR023,1,pending,Libyan Arab Jamahiriya,N/A
CUST004793,Diana,Foster,1973-03-02,M,daniellemorrison@example.org,+10012805895,9643 Delgado Loaf Apt. 789,West Susan,WI,24158,65987.57,Lawyer,344,"October 31, 2013",BR040,,pending,Germany,online
CUST004794,Linda,Garcia,05/29/1992,Male,bradleyboyd@example.net,,19686 Gentry Ville Suite 808,New Joelland,MP,03499,,Teacher,725,29-12-2006,BR034,0,,Haiti,Referral
CUST004795,Darin,Williams,08/11/2001,M,christopher10@example.com,2006819766,913 Donna Island,Dawnstad,ME,31683,64745.91,Doctor,384,08-11-2007,BR005,Yes,verified,Ecuador,Referral
CUST004796,Marcus,Lester,02/03/1975,1,christianbauer@example.org,001-214-4222,574 Kimberly Lake Apt. 017,Rubenfort,MO,38760,25759.78,Chef,618,19/07/2013,BR049,0,VERIFIED,Cameroon,branch
CUST004797,LESLIE,Andrade,12/12/1984,M,vdavis@example.com,+1-301-705-8670,70186 Watson Locks Suite 369,North Jorgebury,MI,78308,87016.47,Retired,711,21/02/2002,BR027,True,Not Verified,British Indian Ocean Territory (Chagos Archipelago),Branch
CUST004798,Peter,Young,1942-08-13,F,craigmiller@example.net,(186) 340-8562,52334 Whitney Circle Apt. 201,New Melanie,KS,44304,1771.99,Self-Employed,606,2009-10-13,BR003,0,N/A,Albania,Online
CUST004799,  Vincent,Gonzales,05/20/1949,M,amyreed@example.org,N/A,2801 Melvin Hills,Jimenezport,WV,00000,0,Driver,794,,BR046,0,Not Verified,Croatia,ONLINE
CUST004800,Jeffrey  ,OWENS,"May 12, 1982",M,nicholas14@example.net,6208182900,091 Williams Flat,Bakerton,NV,50304,95871.32,Retired,346,2004-05-29,BR031,TRUE,Verified,Cambodia,Branch
CUST004801,Anthony,HERNANDEZ,03-05-1980,F,CRYSTALSTARK@EXAMPLE.ORG,+13078338873,6210 Rice Lodge Suite 070,Andersonville,VI,95770,87745.71,Engineer,568,16-02-2014,,False,N/A,Senegal,
CUST004802,Roger,Rangel,"July 03, 1965",M,markhaynes@example.org,000-000-0000,75323 Carrie Island,Heidiborough,NV,54473,,Doctor,709,04/22/2002,BR015,False,Pending,Rwanda,Referral
CUST004803,JILL,Franco,95-12-28,F,atkinsonkelly@example.org,000-000-0000,40880 Anderson Park Apt. 949,Lake Jade,AL,99213,21159.3,Chef,611,07-01-16,BR001,Yes,N/A,Jersey,Referral
CUST004804,KATHLEEN,Stewart,09-08-1943,F,jonesrachel@example.com,+1-743-343-0261,4191 Crawford Motorway Apt. 530,Grantside,FL,96724,45223.12,,561 pts,2007-10-09,BR048,True,verified,Palau,N/A
CUST004805,John,Boyd,27/09/1964,M,awhite@example.org,000-000-0000,38341 Peterson Turnpike Suite 360,North Jeffrey,NM,33296,60803.86,Nurse,801,"August 28, 2000",BR020,0,pending,Germany,ONLINE
CUST004806,Carmen,Vaughn,19/10/1982,M,johnsonscott@example.com,(243) 717-1505,2609 Garcia Avenue Suite 841,Nancymouth,PR,07732,"14143,71",Officer,365,20-11-28,BR016,FALSE,verified,Jersey,N/A
CUST004807,Lisa,Jackson,08/20/1982,M,donovansamantha@example.org,191.243.2236,,Port Alexis,FL,31634,44134.0,Clerk,708,NULL,BR031,,Verified,Thailand,Marketing
CUST004808,Martin,Estes,09-10-1948,F,garrett92@example.org,+13952148275,3049 Murillo Streets Suite 298,Rachelberg,AL,07700,92831.56,Analyst,451,2004-12-23,BR029,0,pending,Bulgaria,online
CUST004809,derrick,Richardson,"February 09, 1954",F,guzmankyle@example.org,+1-694-744-4685,6743 Joseph Freeway Suite 609,Port Stephaniemouth,NM ,44415,119955.69,Clerk,714,21/06/2020,BR028,,pending,Palau,online
CUST004810,Edward,  Miller,21/01/1993,F,kathy66@example.net,000-000-0000,60276 Turner Bypass,West Amberberg,MT,69556,55319.78,Lawyer,352,05/08/2000,,0,verified,United States Minor Outlying Islands,ONLINE
CUST004811,Jennifer,Lopez,60-03-06,M,  benjamin71@example.org  ,599.983.7953,6247 Holt Rue Apt. 084,West Caleb,NH,34433,,Self-Employed,357,06/07/2015,BR004,,Verified,Panama,
CUST004812,  Darren,Knight,99/99/9999,F,vargaskellie@example.net,000-000-0000,515 Brown Ways Apt. 877,Johnsonberg,AR,36968,3007.9,Lawyer,482 pts,24/03/2002,BR029,1,N/A,Mongolia,Walk-in
CUST004813,Jennifer,Smith,30-08-1941,M,kellyparks@example.org,+14287282854,283 Jenkins Mountain,Nicholasview,MI,20721,93080.79,Sales Rep,515,14/08/2013,BR037,FALSE,verified,Bosnia and Herzegovina,Branch
CUST004814,Allen,  Bush,68-09-24,M,gomezmisty@example.org,+10016777045,71050 Douglas Spring Suite 949,South Tim,SD,57369,41861.81,Analyst,576,16/03/2015,BR003,TRUE,,Central African Republic,online
CUST004815,Renee,Cruz,"April 11, 1959",M,bwarren@example.net,1576768345,03559 Larry Viaduct Apt. 340,South Karenview,LA,05871,80757.1,Analyst,645,09/15/2013,BR022,0,verified,Andorra,branch
CUST004816,Dorothy,Church,06/11/1958,M,jporter@example.com,,055 Austin Camp Apt. 439,North Kevin,MD,76827,61328.67,Retired,396,12/08/2007,BR048,TRUE,Verified,Saint Kitts and Nevis,N/A
CUST004817,Lindsay,Gibbs,14-02-2004,M,holtkenneth@example.org,N/A,4278 Watson Trace Apt. 334,East Amanda,MH,43645,116214.49,Accountant,420,05/03/2019,BR009,True,Not Verified,Niue,Referral
CUST004818,Jenna,Bush  ,07/18/1961,F,nobledanielle@example.org,,586 Gavin Route,,MS,55653,39394.75,Designer,539,,BR035,True,Not Verified,Mauritius,Online
CUST004819,Christopher,  Foster,03/11/1953,1,hillkelly@example.org,307-814-1014,,Sandersstad,IA,87370,91966.22,,673,28-05-2020,BR029,No,verified,Guernsey,Branch
CUST004820,Jesus  ,Trujillo,99-12-09,F,kleinandrew@example.net,+10015868166,6369 Fleming Walk Suite 939,Johnstonside,MP,66078,60217.24,,,2023-10-07,BR010,FALSE,Pending,Uruguay,ONLINE
CUST004821,Eric,Pineda,"December 18, 2002",M,john10@example.org,+19906054472,22892 Leslie Passage,New Joseph,AS,85902,64459.31,Retired,398,15-04-25,BR030,False,verified,Micronesia,N/A
CUST004822,Katherine,Harvey,01/13/1996,M,johnbowers@example.com,238.272.9105,277 Perez Crest,East Thomas,PW,81957,63565.11,Chef,467,,BR008,0,,Greece,online
CUST004823,Norman,Arnold,67-12-05,F,cthompson@example.com,451.472.7804,1443 Walker Drive,Mosstown,NJ,55137,40401.44,Officer,476,05/03/2020,BR019,,pending,San Marino,online
CUST004824,BRIAN,Nelson,13-07-1990,MALE,robertyoung@example.net,000-000-0000,245 Calvin Alley,Lake John,MA,35802,69506.54,Officer,470,99/99/9999,BR050,1,Pending,Lithuania,Branch
CUST004825,Amanda,hansen,21-10-12,M,dianacooper@example.com,+1-554-602-5488,127 Tanner Island Suite 163,New Derrickland,MD,02747,67807.31,Lawyer,588,10/24/2008,BR024,True,Not Verified,Cook Islands,online
CUST004826,Daniel,Johnson,03/03/1974,M,edward48@example.net,752-726-6769,26870 James Branch Apt. 259,Williamtown,NH,16300,78443.41,Officer,810,"January 27, 2015",BR034,FALSE,pending,Bulgaria,Branch
CUST004827,Alicia,Sanders,10/02/1954,M,youngemma@example.net,+1-721-521-9760,77577 Klein Fords,Port Theresatown,ID,90636,72957.68,Self-Employed,714,09-09-26,BR009,1,Not Verified,Bouvet Island (Bouvetoya),Walk-in
CUST004828,Christina,Thompson,26/08/1953,FEMALE,thompsonadam@example.org,(001) 653-5952,4594 Ellis Canyon Apt. 056,North Heatherhaven,MN,19107,97929.81,Chef,345,,BR015,0,,Vietnam,online
CUST004829,Chelsea,Henderson,,F,N/A,N/A,96721 Ashley Parkway Suite 277,Morganview,NY,84601,102322.8,Sales Rep,380,2022-04-26,BR019,TRUE,Pending,Sao Tome and Principe,branch
CUST004830,Kelly,Nolan,17-11-1942,m,kari11@example.org,9016174733,956 Laurie Fort Apt. 036,Port Krista,MD,17716,33228.18,,665,18/05/2022,BR037,True,,Cook Islands,branch
CUST004831,Timothy,Hansen,03/07/1978,F,kimberlyroman@example.org,297.829.9918,913 Shane Knoll Apt. 383,South Keith,NJ,90105,100407.04,Sales Rep,778,07/30/2007,BR010,TRUE,,North Macedonia,Branch
CUST004832,AUSTIN,Russo,02/09/1953,M,trujilloheather@example.net,,2602 James Groves Apt. 479,North Jasonfurt,WY,63908,28478.23,Nurse,484,,BR048,0,N/A,United States Virgin Islands,Marketing
CUST004833,Jacob,Sweeney,27/05/1944,MALE,dunnrebecca@example.org,187.424.7383,058 Tiffany Turnpike,Hallchester,SD,18269,90574.96,Clerk,446,99/99/9999,BR009,1,Not Verified,North Macedonia,Marketing
CUST004834,Taylor,Soto,1996-09-22,F,michellepotts@example.org,452-921-4510,1532 Daniel Park Apt. 015,South Tashamouth,CA,33606,91690.86,Accountant,570,12/09/2005,BR044,True,VERIFIED,Italy,ONLINE
CUST004835,Taylor,  Gardner,"July 23, 1971",M,dawnjones@example.net,449.376.3228,925 Stephanie Lights Apt. 720,Peckborough,NJ,10858,3103.91,Analyst,530,,BR028,Yes,,,Walk-in
CUST004836,Taylor,Mcmillan,31/10/2001,F,,+1-410-688-9583,5185 Martin Stream Suite 129,Loweburgh,WY,40815,73254.27,Lawyer,455,"August 17, 2015",BR029,False,VERIFIED,,ONLINE
CUST004837,Katelyn,Brown,04/04/1993,M,harrisonthomas@example.net,,576 Janet Trafficway,Lindseyport,GA,98619,53602.64,Clerk,609,"September 25, 2015",BR001,TRUE,Pending,Guinea-Bissau,online
CUST004838,Sarah,  Ford,25-03-1979,F,sarahsmith@example.org,N/A,8578 Christopher Prairie,Andersonmouth,MO,18135,43443.22,Lawyer,391,2019-07-22,BR039,0,Not Verified,Bahamas,Marketing
CUST004839,Tammy,Munoz,1987-07-03,m,patrick64@example.net,0014639289,955 Garcia Hills,New Sarah,MS,46377,,Designer,833,12-12-2014,BR037,FALSE,VERIFIED,Bulgaria,N/A
CUST004840,Clifford,Reed,02-05-06,M,johnny61@example.net,163.789.3110,4236 Erickson Run,New Tyronemouth,DC,92484,47121.23,Doctor,430,"March 30, 2022",BR020,1,N/A,,N/A
CUST004841,Sheila,Hahn,25/01/1965,0,richard27@example.com,4079516853,950 Kline Route Suite 125,New Garrettfort,MT,72469,41776.81,Lawyer,641,03/07/2021,BR046,Yes,Pending,Jersey,Walk-in
CUST004842,Ashley,Rodriguez,31-10-1954,M,daviesbrian@example.org,0016629408,86314 Anthony Falls,Catherinehaven,PA,41350,72649.32,Teacher,796,23/06/2002,BR042,1,,Nauru,
CUST004843,  Jennifer,Brown,99/99/9999,F,piercekatherine@example.org,9835199250,679 Frederick Lodge Apt. 229,New Samuel,CT,98010,93995.64,Driver,780,99/99/9999,BR029,True,Not Verified,Germany,N/A
CUST004844,Adrian,Jacobs,15-07-1956,F,jennifermartinez@example.com,,,South Rebeccamouth,OK,88115,65042.3,Teacher,492,10/03/2013,BR022,0,VERIFIED,Malawi,Online
CUST004845,Jennifer,Campbell,11/11/1959,1,martinezjuan@example.org,N/A,394 Davis Isle Suite 422,,HI,67178,110822.97,Self-Employed,715,24-04-2002,BR028,FALSE,N/A,Suriname,ONLINE
CUST004846,Leah,Reed,"February 11, 1948",M,alexanderwang@example.org,+1-465-418-8877,4427 Johnson Fall Apt. 280,Michaelchester,MH,83172,88584.15,Retired,415,"October 29, 2000",BR002,TRUE,N/A,,Referral
CUST004847,David,Nicholson,1969-03-29,F,N/A,627-428-1210,5543 Davies Summit Apt. 139,Barbaraton,00,14904,0,Student,803,2004-03-02,BR015,True,pending,Brunei Darussalam,branch
CUST004848,Stacey,Huber  ,"February 04, 1997",M,andrew99@example.com,+19658128793,49819 Elliott Trace Suite 591,North Bettyville,WV,89655,51468.66,Teacher,747,28/10/2017,BR040,False,VERIFIED,Turkmenistan,ONLINE
CUST004849,Valerie,Robinson,1973-01-07,F,brocklevi@example.org,+1-728-862-0212,53172 Valerie Islands,Smithland,NE,38497,"$50,335.53",,441,07/11/2014,BR036,,Verified,Turkmenistan,Referral
CUST004850,Joseph,Williams,"January 15, 2005",1,traceyrivera@example.net,(138) 268-6025,30839 Harrison Pass Apt. 737,Websterland,AR,62198,86777.63,Retired,729,"January 25, 2013",BR024,0,verified,Jersey,Walk-in
CUST004851,  Faith,Hall,1953-01-30,M,johnsonmichael@example.net,+1-001-641-7768,2977 Mark Tunnel Apt. 172,Davismouth,IA,01334,0,Driver,726,10/13/2013,BR044,True,verified,Argentina,Marketing
CUST004852,Robert,Acevedo,54-08-08,M,briannavalentine@example.org,(893) 599-8753,0460 Theresa Green Suite 427,Burtonland,OR,05901,159215.34,Analyst,461,19/03/2018,BR009,Yes,verified,Mali,Referral
CUST004853,CHARLES,Sandoval,12-02-1956,M,N/A,,6739 Davis Corners Suite 120,South Justin,NM,50789,88585.91,Analyst,787,01/13/2022,BR022,0,verified,Oman,N/A
CUST004854,Dennis,Mccullough,,F,awashington@example.org,,4260 Sabrina Crossing Apt. 712,,HI,05052,75210.69,Officer,547,2019-04-19,BR018,Yes,Not Verified,Barbados,ONLINE
CUST004855,Juan,Morris,02/02/1971,FEMALE,andrew67@example.com,327-906-9157,6483 Watkins Isle,Manuelmouth,ZZ,24904,111354.87,,381,14/03/2004,BR032,No,verified,Gibraltar,ONLINE
CUST004856,Patricia,Rodriguez,"June 18, 1977",F,robinsonlisa@example.net,(001) 897-5434,9720 Gilbert Harbor,North Jeremiah,GA,82517,152027.89,Sales Rep,596,"May 06, 2008",BR005,1,Pending,Libyan Arab Jamahiriya,Marketing
CUST004857,Eric,Dixon,03/20/1982,M,tjenkins@example.org,N/A,4757 Allen Circle Suite 811,,MD,64519,100476.13,Retired,313,2020-05-05,BR018,False,Not Verified,Tajikistan,Branch
CUST004858,jeremy,Moore,07/10/2002,F,gutierreznathan@example.net,000-000-0000,2557 Michael Divide Apt. 933,East Kevin,PW,12476,103208.46,Teacher,747,"April 19, 2001",BR039,Yes,Pending,,online
CUST004859,Richard,Robbins,12/05/1989,M,,(001) 588-8101,7199 Martin Circles,South Steven,NY,44862,USD 74574.15,Sales Rep,687,"January 08, 2020",BR038,False,pending,Canada,online
CUST004860,Ryan,Lyons,1986-03-09,M,bethany83@example.net,,367 Mcdonald Burg Apt. 766,Port Katieland,IN,91354,65046.6,Analyst,798,99/99/9999,BR015,1,,Christmas Island,
CUST004861,joseph,Cisneros,"May 26, 1965",F,kingbrandon@example.org,995-271-6201,92056 Cisneros Trail,Harrisshire,VT,26965,,Self-Employed,612,2021-06-29,BR003,Yes,,Saint Martin,branch
CUST004862,Holly  ,Young,72-12-01,1,N/A,+18029018234,9695 Stevens Parkway Suite 821,Christopherburgh,PW,25320,4108608.0,Sales Rep,830,10/31/2017,BR022,TRUE,Not Verified,Japan,Marketing
CUST004863,Dana,Howard,31/03/1988,male,nicole59@example.net,+13063620800,6891 Angela Village Apt. 915,New Kaitlynbury,IA,96629,,Officer,817,17-02-27,BR012,1,Pending,Armenia,branch
CUST004864,Gregory  ,Owen,"November 25, 1968",M,fwatts@example.com,0014437360,3475 Gary Crescent,East Susanfurt,FM,98475,22730.54,Engineer,303,07/08/2009,BR039,True,verified,Gibraltar,
CUST004865,Elizabeth,Perkins,1988-08-18,f,barrytammy@example.org,(598) 377-0195,42483 Thomas Throughway Apt. 508,Tylershire,IA,06307,67344.5,Self-Employed,776,2018-08-11,BR046,Yes,VERIFIED,Armenia,online
CUST004866,Ashley,Gomez,11-04-1954,F,christina74@example.net,+18688427874,6770 Matthew Haven Apt. 795,Lake Jennifer,NV,67698,11036.63,Nurse,595,22-05-26,BR013,FALSE,verified,Norfolk Island,Marketing
CUST004867,Donald,Hartman,1992-01-20,0,thompsonevelyn@example.net,+1-765-554-0740,391 Novak Heights,Port Dustinville,PW,97456,76682.08,Developer,451,09/03/2015,BR031,1,N/A,Croatia,ONLINE
CUST004868,Brandi,Barnes,1950-08-12,M,  rowejohn@example.net  ,000-000-0000,14650 Burke Key Apt. 702,Palmerview,RI,25016,68728.43,Teacher,718,11/07/2020,BR011,,verified,Gibraltar,Referral
CUST004869,JENNIFER,Stevenson,13/03/1956,M,leemichael@example.org,,809 Valentine Green Suite 639,Nguyenview,NC,72043,75142.74,Contractor,342,"August 26, 2018",BR008,No,Not Verified,Reunion,
CUST004870,Harry,Jones,"July 16, 1953",F,brent88@example.net,+15327496793,6800 Norris Shores Suite 747,Markchester,OK,69931,51725.4,Student,590,17-05-2007,BR003,0,N/A,Myanmar,
CUST004871,  David,Morris,NULL,1,,+1-359-520-5570,7941 Sean Forge Apt. 450,Port Claytonberg,AS,97420,177690.11,Lawyer,628,06/27/2004,BR035,Yes,Not Verified,Chile,ONLINE
CUST004872,Charles,Martin,29-04-2002,M,davidsonjorge@example.org,174.476.1186,99598 James Spring Suite 382,Robinsonview,AL,00000,117604.06,Developer,629,10/02/2005,BR020,1,N/A,Bangladesh,online
CUST004873,Robert,Oliver,19/12/1983,M,richard57@example.net,N/A,15554 Murray Summit Apt. 165,Lake Thomas,MI,40490,26441.01,Lawyer,785,28-07-2014,BR011,False,pending,Czech Republic,Branch
CUST004874,Edward,Webb,"March 28, 1978",Male,swright@example.org,137-150-2972,3099 Cortez Garden,Jensenville,TN,19416,,Nurse,802,05/26/2007,BR032,FALSE,pending,Venezuela,N/A
CUST004875,Joe,  Allen,11/07/1944,1,michaelgallegos@example.net,(339) 416-3808,30098 Melody Course,Cunninghamhaven,VI,60898,48719.78,Doctor,-1,2002-05-20,BR050,0,pending,Marshall Islands,Branch
CUST004876,Diane,Glass,"March 07, 1995",M,ricekenneth@example.com,,806 Bean Dam Suite 112,New David,US,74694,34493.21,Consultant,410,31/12/2015,BR040,0,Verified,Christmas Island,branch
CUST004877,Robert,Calhoun,51-03-28,F,natalie55@example.org,268.880.0175,5752 Becker Bypass,Port David,PA,92139,23097.48,Teacher,411,28/04/2005,BR018,No,Pending,Uruguay,
CUST004878,Darren,DAY,99/99/9999,F,N/A,(370) 713-8560,764 Carol Center Suite 902,North Tonya,NM,31185,85127.58,Teacher,-1,12-07-2000,BR027,1,VERIFIED,Norfolk Island,Walk-in
CUST004879,Christopher,Rivera,2005-11-04,FEMALE,sbanks@example.org,(001) 535-8470,9642 Sonya Gardens,South Ashleyburgh,FM,70336,46151.69,Manager,634,15-12-2012,BR041,No,Verified,Bangladesh,Walk-in
CUST004880,Amy,Rodriguez,"March 17, 1947",F,hgarza@example.com,+1-178-767-0565,43969 Stacey Turnpike Suite 269,Port David,TX,71411,,Manager,490,06-10-2015,BR021,No,VERIFIED,Saint Helena,Branch
CUST004881,Albert,Reese,08/09/1979,M,  carlos39@example.org  ,+1-331-375-4416,,Kevinberg,UT,27210,104782.38,Contractor,663,"August 19, 2020",BR040,FALSE,VERIFIED,Bosnia and Herzegovina,branch
CUST004882,Michael,gallagher,05/14/1974,F,meredith47@example.com,N/A,374 Amber View,New Ricky,PR,82267,118087.0,Engineer,447,12-11-05,BR008,0,N/A,,Marketing
CUST004883,Lisa,Ayala,64-11-26,F,yatesstephen@example.com,,36401 Wiggins Bypass,Vanceburgh,DE,78366,40166.46,Officer,720,11/10/2023,BR003,No,,,
CUST004884,Penny,Harris,26-09-1941,M,mistythompson@example.org,N/A,2767 Manuel Lake,Melissaport,00,81391,86637.8,Teacher,688,24-05-2006,BR047,FALSE,Pending,Lesotho,Marketing
CUST004885,Eric,Smith,28-01-1967,M,lisa53@example.com,001.710.3076,544 Tara Viaduct Apt. 904,South Jonathantown,RI,07603,92135.9,Manager,535,05-09-2012,BR025,No,Pending,Saint Pierre and Miquelon,branch
CUST004886,Julia,Stanton,16-08-1969,F,jonesderek@example.net,+1-864-233-7183,557 Christopher Forks Suite 856,West Rachel,IN,54712,53403.76,Sales Rep,822,2023-03-27,BR006,Yes,VERIFIED,Sao Tome and Principe,online
CUST004887,James,  Parker,1998-06-30,F,robertslauren@example.com,591.830.7562,291 Green Shoals,Carlsonfort,MA,69922,42987.98,Driver,485,02/05/2004,BR042,FALSE,N/A,Reunion,N/A
CUST004888,Derek,Price,99/99/9999,f,matthew34@example.org,(236) 293-5552,373 Jody Land Suite 984,Johnland,PA,01944,126333.22,Retired,447,10/06/2019,BR003,,,El Salvador,Marketing
CUST004889,Andrea,Carr,1995-12-23,M,rnunez@example.org,(001) 482-8802,,Amyview,OH,06769,77962.36,Analyst,574,05/27/2002,BR001,True,N/A,Western Sahara,Online
CUST004890,Nina,Nelson,65-09-22,M,,N/A,00426 Kenneth Shoal,Lake Kimberlyshire,PA,59965,USD 92258.87,Sales Rep,452,2010-03-03,BR043,TRUE,VERIFIED,Jersey,N/A
CUST004891,Ashley,Anthony,2001-01-15,M,frank54@example.net,,83229 Warren Hills Suite 614,Timothyfort,SC,04278,41227.34,Driver,0,11/07/2004,BR013,,N/A,Sri Lanka,
CUST004892,victoria,Robinson,1984-09-18,M,zachary52@example.com,+16907455257,401 Nathaniel Overpass Apt. 039,Fordhaven,NV,80442,27325.04,Accountant,591,2000-02-29,BR041,No,verified,Somalia,Walk-in
CUST004893,Lindsay  ,Harris,13/06/1974,female,munozmelissa@example.org,N/A,40698 Perez Field Apt. 015,Phyllisfurt,NH,12088,50069.26,Officer,849,NULL,BR041,,verified,Dominican Republic,online
CUST004894,Jesse,Brown,65-01-14,F,pruittstacey@example.com,182-287-3081,68025 Diana Forges Suite 992,North Barbarastad,PW,06721,"$65,659.25",Engineer,494,12/24/2020,BR019,1,N/A,Congo,N/A
CUST004895,Austin,Roth  ,1955-08-15,M,amberwilliams@example.org,000-000-0000,8763 Jackson Trace Suite 941,New Derrickstad,AS,97182,32752.3,Self-Employed,826,22-04-2011,BR050,Yes,pending,Belarus,ONLINE
CUST004896,Stephanie,Smith,,F,  heatherpark@example.net  ,(676) 632-4857,37999 Mitchell Wall,Lake Krystal,CA,73203,69655.43,Sales Rep,0,06/25/2001,BR029,TRUE,verified,Barbados,Referral
CUST004897,Juan,AGUIRRE,2002-09-11,Female,carol17@example.net,(131) 221-1392,479 Casey Locks,West Daniel,OR,11268,10902.32,Doctor,707,"October 18, 2011",BR021,No,pending,Nigeria,branch
CUST004898,Margaret,Nielsen,1959-08-02,female,jennifer31@example.net,0012619120,0970 Walker Valleys,East Eric,MT,58074,30798.34,Chef,702,08/26/2016,BR040,TRUE,Not Verified,French Southern Territories,
CUST004899,Caitlin,Smith,99/99/9999,M,snyderjeremy@example.net,N/A,95864 Hernandez Summit,Pamelahaven,MP,00000,93481.89,,341,2000-12-07,BR019,Yes,VERIFIED,Liechtenstein,online
CUST004900,Nancy,WONG,"February 13, 1991",M,gomezdonna@example.com,001-560-5482,163 Nicholas Valleys,Arthurborough,ZZ,92165,"$91,132.67",Self-Employed,608,05-03-2011,BR033,False,,Zimbabwe,Walk-in
CUST004901,Lisa,Kennedy,1999-01-26,Female,  cynthiasmith@example.net  ,2453323145,16993 Lloyd Squares,New William,XX,38847,56284.31,Chef,648,03/24/2008,BR035,TRUE,Not Verified,Fiji,branch
CUST004902,Marissa,Williams,"October 18, 1988",F,breanna50@example.com,N/A,79226 Kimberly Curve,Stuartfort,NH,92162,,Engineer,391,,,True,VERIFIED,Cayman Islands,online
CUST004903,Jeffrey,Greer,03/11/1977,F,  brookslouis@example.com  ,643.535.9780,4787 Crystal Road,Williamfurt,AK,43329,34040.88,Developer,750,25-09-2023,BR001,No,N/A,Iraq,Online
CUST004904,Tony,Briggs,"December 10, 2000",M,ashleysmith@example.org,,91649 Gonzales Extension Apt. 283,Kingmouth,VI,24470,56935.61,Consultant,502,99/99/9999,BR016,1,Pending,Albania,online
CUST004905,Jamie,Gonzalez,99/99/9999,Female,tiffanywyatt@example.org,+12547145691,1137 Samantha Forks Suite 993,South Rebeccaburgh,MT,19035,92558.15,Student,771,20/12/2009,BR002,False,Verified,Denmark,Branch
CUST004906,Zachary,Taylor,10/27/1980,F,vaughntravis@example.net,000-000-0000,5455 Amanda Square Apt. 781,Stephenborough,in,93556,102488.6,Nurse,420,05-03-30,BR005,TRUE,VERIFIED,Philippines,Referral
CUST004907,Gina  ,Wilson,06/07/1995,M,jane96@example.com,N/A,531 Steve Bridge,Robertsbury,WV,40637,52621.39,Lawyer,685,08/14/2013,BR003,True,verified,Bolivia,Marketing
CUST004908,John,vargas,1996-07-04,F,  debra72@example.org  ,N/A,9356 Angela Prairie Apt. 192,Port Eric,ND,87594,29627.77,Doctor,470,2009-08-26,BR016,1,VERIFIED,Mayotte,
CUST004909,Keith,martin,22-02-1941,1,robertcraig@example.net,857.228.4052,957 Gray Manor Apt. 419,New Robertstad,HI,58498,79374.53,Accountant,653,2013-06-09,BR024,TRUE,VERIFIED,Western Sahara,N/A
CUST004910,Michele,Dickerson,08/25/1991,Female,valenciamaria@example.net,001-352-7807,592 Haley Hills,Sparksview,IA,44024,"$41,176.28",Contractor,847,08/06/2016,BR006,Yes,,Cocos (Keeling) Islands,N/A
CUST004911,Henry,Coleman,09/12/2004,m,thomasmiller@example.org,+18353938406,409 Jeffrey Road,South Benjaminfurt,AL,97460,51861.16,Contractor,731,24-05-2010,BR016,True,Pending,Sudan,branch
CUST004912,Christine,Patel,09/24/1993,F,cscott@example.net,9229513500,54825 Gina Track,Maynardside,NJ,26486,116384.66,Nurse,434,"May 31, 2001",BR018,FALSE,N/A,Cyprus,ONLINE
CUST004913,Ricky,Mayo,07-04-1947,0,srivera@example.com,9888712674,81548 Wood Walk,Spenceberg,KS,91876,98949.04,Nurse,332,23-02-2012,BR024,,verified,Zambia,Online
CUST004914,CHRISTOPHER,NICHOLS,,MALE,waynefitzgerald@example.net,(619) 340-3923,7272 Johnson Brooks Apt. 626,South Anthony,HI,97650,75529.1,Retired,366,"May 16, 2006",BR022,,VERIFIED,Equatorial Guinea,Marketing
CUST004915,Kimberly,Holmes,12-03-2005,F,tyler25@example.com,,5202 Jonathan Plaza,Schaeferview,PR,00000,25482.83,Designer,550,21-06-03,BR040,0,,Slovakia (Slovak Republic),branch
CUST004916,jonathan,Henry,13/09/1987,F,sjones@example.com,,612 Crawford Islands Apt. 973,Hernandezshire,GU,34886,,Chef,347,19-07-11,BR032,1,Not Verified,Argentina,branch
CUST004917,Jeffrey,Romero,27-02-1954,M,alexabennett@example.com,7304159392,5851 Eric Canyon,Smithbury,XX,54732,107193.01,Lawyer,582,2015-12-15,BR020,Yes,,South Georgia and the South Sandwich Islands,
CUST004918,leah,Chavez,1941-07-28,F,vbryan@example.net,000-000-0000,075 Walker Brook,South Chelseamouth,ZZ,10028,56852.82,Retired,405,,BR022,1,Not Verified,Botswana,branch
CUST004919,Nicole,Harris,"December 12, 1980",MALE,gonzaleskaren@example.com,900-243-3564,35463 Frank Shoals Apt. 179,South Dylan,GA,38822,117288.99,Lawyer,458,05-11-24,BR008,,pending,Dominica,branch
CUST004920,Christopher,Bailey  ,02-03-1987,F,N/A,+17044554844,5103 Kristin Gardens Suite 746,Claudialand,NH,19616,115246.09,Teacher,408,"January 26, 2016",BR037,False,Pending,Malaysia,ONLINE
CUST004921,Dylan,patel,,M,nrivera@example.com,N/A,260 Rice Shoal Suite 247,Port Seanhaven,MO,55683,128230.65,Analyst,317,"December 04, 2019",BR020,FALSE,pending,Japan,Marketing
CUST004922,Andrew,Brown,01/13/1964,M,jacob52@example.org,+19716139284,,Rickyland,WY,18080,80683.51,Contractor,600,02-09-18,BR008,False,N/A,India,Online
CUST004923,  Anna,Reeves,"January 05, 1961",m,colontammy@example.net,000-000-0000,360 Terri Plains,Lake Nicholasfort,VI,56043,90558.71,Lawyer,672,2015-02-08,BR043,No,,Zambia,N/A
CUST004924,Scott,Collins,23-09-1970,F,sarahrandolph@example.org,+10019456740,30375 Michael Street Apt. 914,Port Victoriaport,IL,98360,USD 119496.56,Nurse,825,,BR015,FALSE,N/A,Korea,
CUST004925,Patricia,green,89-11-03,m,,N/A,341 Joseph Rest,,FL,97487,85658.79,Retired,726,21-01-18,BR013,TRUE,Pending,Netherlands,Online
CUST004926,Laura,Blackwell,1969-08-14,f,elizabethstephensonATexample.net,131-161-9185,2325 Gibson River,Brightville,ND,35866,52456.81,Driver,9999,03-10-25,BR036,TRUE,verified,,branch
CUST004927,  Tara,Day,"September 07, 1988",F,gabriel88@example.org,N/A,894 Martinez Garden,Barbarafurt,NV,88707,54301.0,Retired,9999,2013-07-03,BR002,0,verified,Mauritania,Walk-in
CUST004928,Sandra,Woods,"October 27, 1977",F,usanchez@example.net,+1-639-421-4646,,Bondtown,GU,06759,,Lawyer,676,99/99/9999,BR020,TRUE,pending,Ireland,online
CUST004929,Laura,Williams,14-08-1964,M,xoneal@example.net,142.991.3193,3631 Rivera Hollow,New Aprilmouth,hi,00000,24830.35,Sales Rep,626,06-02-11,BR024,Yes,,Sierra Leone,Referral
CUST004930,Lisa,Davis,1971-02-20,M,jessewashington@example.org,410.569.7423,66662 Cruz Unions Apt. 536,Jenningschester,OR,64114,64985.94,Manager,526,00-01-11,BR025,Yes,pending,Denmark,
CUST004931,  Nicholas,Lowery,"November 11, 1954",male,lee75@example.org,(174) 397-4919,91588 Danielle Corner,,CA,37800,,Driver,797,2007-12-17,BR040,TRUE,Pending,Cuba,Online
CUST004932,christopher,Lester,22-06-1990,F,laurensmith@example.com,657-247-6292,519 Benjamin Streets Suite 203,East Austin,VI,80037,0,Retired,769,02/09/2013,,1,,Turks and Caicos Islands,online
CUST004933,Kaylee,Aguilar,24-07-1988,M,raymondjones@example.org,000-000-0000,25640 Rebecca Avenue Apt. 148,Port Linda,WV,61624,123706.87,Officer,800,2010-08-23,BR010,Yes,verified,Nauru,Marketing
CUST004934,Thomas,Porter,1954-09-11,FEMALE,annebennett@example.org,(001) 479-7159,0140 Daniel Burgs Apt. 675,Wallacemouth,AK,15064,109283.1,,537,"June 30, 2010",BR002,False,VERIFIED,Sweden,ONLINE
CUST004935,Brittany,Wilkins,99/99/9999,M,carrolljason@example.org,000-000-0000,783 Chelsea Fork Apt. 770,West Kyle,VI,81829,,Lawyer,676,18/01/2021,BR001,False,Verified,Togo,Referral
CUST004936,Theresa,Gordon,08/01/1954,F,kelleymelissa@example.net,000-000-0000,127 Renee Common Apt. 311,New Michelleshire,OH,10239,89018.68,Contractor,437,17-12-14,BR015,Yes,,Italy,
CUST004937,Daniel,Allen,03/06/1993,M,mcphersonmichael@example.com,,973 Reynolds Overpass,Brianborough,NJ,02944,70110.17,Contractor,417,"January 13, 2009",BR030,No,N/A,Bhutan,N/A
CUST004938,Karen  ,Johnson,09-11-1996,M,hcarey@example.org,167-781-2859,979 Davis Courts Suite 236,East Andrew,CT,34346,113049.66,Engineer,452,99/99/9999,,False,VERIFIED,Sri Lanka,ONLINE
CUST004939,Randall,Holmes,24/03/1956,F,allencrystal@example.com,1654362986,83185 Christina Islands,Jessicaborough,AL,15934,104393.91,Teacher,573,NULL,BR050,Yes,,Congo,Branch
CUST004940,Natalie,  Lynch,04/19/1985,F,troy11@example.com,+1-668-814-7428,368 Melissa Island Apt. 179,Cassiebury,PW,00000,20997.52,Manager,454,24-09-2006,BR049,TRUE,VERIFIED,,Walk-in
CUST004941,Crystal,Hester,"March 11, 1989",M,BJONES@EXAMPLE.COM,,177 Lisa Islands,Rodriguezburgh,VA,79784,90554.18,Doctor,796,17-11-2019,BR047,FALSE,Verified,Saint Martin,Branch
CUST004942,David,Martin,27/11/1977,M,rodneysullivan@example.com,+10015178853,749 Mercer Points Apt. 333,Port Steven,FM,78470,62803.03,Teacher,831,10-06-13,BR012,No,Verified,Georgia,online
CUST004943,Daniel,Watkins,20/07/1966,F,emccarthy@example.com,+1-998-858-2993,4455 Johnson Inlet,Ravenborough,KY,19975,72899.14,Student,-1,04-11-22,BR029,No,Not Verified,American Samoa,N/A
CUST004944,Nicholas,Hamilton,"December 13, 1955",F,donna28@example.org,(411) 244-3228,72464 David Motorway Apt. 137,West Thomas,FL,56211,44513.98,Driver,789,05-08-31,BR022,,N/A,Monaco,branch
CUST004945,Connie,  Johnson,23/08/1965,M,swillis@example.net,+13427311324,1807 Powell Coves,South Nicholasville,HI,66466,,Clerk,,03/05/2004,BR020,Yes,VERIFIED,Syrian Arab Republic,
CUST004946,Shawn  ,coleman,"December 09, 1980",M,craigwilliamson@example.org,866-670-5885,094 Adrienne Valleys,East Andrew,NC,62124,,Student,787,10/02/2018,BR039,TRUE,verified,Togo,online
CUST004947,Julie,Henderson,04/12/1970,M,sross@example.com,286.744.0829,52215 Hodges Rue Suite 534,Melendezstad,ND,96535,44108.01,Driver,-1,03/10/2022,BR012,Yes,,Belarus,Referral
CUST004948,Miguel,Wells,08-01-1976,F,amanda02@example.com,N/A,0988 Evans Views,Jamesborough,KS,67582,23288.63,Manager,386,99/99/9999,BR010,,Pending,Kyrgyz Republic,Marketing
CUST004949,Jeffrey,Hall,47-01-27,F,N/A,000-000-0000,707 Rebecca Ports Apt. 857,Garcialand,MH,97498,56501.46,Developer,338,06-05-27,BR012,False,Not Verified,Portugal,
CUST004950,meghan,Johnson,11/15/1977,f,luisowen@example.net,9837774386,380 Diane Knoll,Lake Oliviafort,NM,41205,85207.59,Manager,537 pts,18-09-09,BR045,TRUE,Pending,Ethiopia,
CUST004951,Emily,Castro,1992-08-01,M,michaelpacheco@example.net,325-900-5573,0546 Hunt Station Apt. 303,South Tara,UT,32809,"78407,2",Manager,304,19/07/2006,BR013,,verified,Congo,online
CUST004952,Alan,Rogers,09-10-1976,M,lbarry@example.com,000-000-0000,97354 James Views Apt. 347,Nashfurt,WA,41901,113859.65,Clerk,397,"September 02, 2022",BR032,0,N/A,Grenada,ONLINE
CUST004953,Joel  ,Edwards,23/08/1962,M,cturner@example.com,904-743-3761,0826 Herrera Lakes Suite 350,Lake Christine,AL,41070,97647.19,Engineer,340,NULL,BR042,0,VERIFIED,Saint Pierre and Miquelon,Walk-in
CUST004954,Michael,Black  ,2001-01-16,M,yhernandez@example.org,+11662904076,321 Dylan Knolls,New Bill,NM,07803,103934.92,Developer,432,2022-10-29,BR025,True,Pending,Tunisia,
CUST004955,  Robert,Michael,08-05-1998,M,sandramiles@example.net,5825741611,07060 Scott Trail,Matthewstad,MS,20036,81439.94,,783,13-01-2015,BR002,False,verified,Philippines,online
CUST004956,Victoria,  Nichols,69-06-12,M,dparks@example.com,,77523 Michael Extension,Hartmouth,DC,29662,21374.54,Clerk,743,2022-02-11,BR018,TRUE,,French Guiana,ONLINE
CUST004957,Paul,Williams,"July 27, 1977",1,blanchardanthony@example.org,000-000-0000,324 Joseph Lock Apt. 125,Burtonmouth,HI,53453,63150.55,Self-Employed,316,03-02-03,BR019,True,verified,Togo,
CUST004958,Scott,Jones,85-04-06,M,,0016167113,1763 Samantha Heights,East Stephanie,SD,03774,107103.14,,691,10/23/2021,BR049,TRUE,verified,Finland,Branch
CUST004959,Erin,Shah,"October 08, 1967",F,cookjoseph@example.com,000-000-0000,1005 Richardson Mall,South Whitney,PR,91244,68196.7,Clerk,310,04/07/2013,BR028,1,,,N/A
CUST004960,melissa,Ford,1997-12-15,m,davidparks@example.net,+13596830092,562 Courtney Station Suite 591,West Juan,IN,28762,87608.16,Designer,760,18-06-2015,BR033,Yes,Verified,Colombia,Marketing
CUST004961,  Jeremy,Wiley,21-06-1972,M,lauren84@example.com,+1-192-638-9404,6252 Miller Corners,South Mackenziestad,CO,75892,58843.81,Nurse,832,11-10-01,BR050,True,pending,Mali,Walk-in
CUST004962,Amanda,Solis,04-09-25,F,heatherjohnson@example.com,+14184041120,56678 David Courts Suite 448,Port Katelynside,PR,95478,33956.59,Accountant,,27-05-2004,BR014,No,pending,Costa Rica,branch
CUST004963,Beth,Cross,03/25/1987,m,xwoods@example.com,+16369044580,79154 Anthony Extensions Apt. 154,,N/A,87628,65682.96,Consultant,369 pts,21-03-04,BR019,True,Pending,Gibraltar,Referral
CUST004964,Timothy,Fisher,08/07/1948,M,lindsey74@example.org,+1-255-309-8822,86873 Lisa Hills Suite 932,Alexandershire,OR,83953,80816.66,Clerk,495,12/14/2014,BR050,Yes,,United Kingdom,N/A
CUST004965,Jason,Carter,"October 25, 1980",Female,andrewschristopher@example.net,+1-276-852-4516,01621 Lawrence Forge,Lake Brian,ID,35764,47050.93,Teacher,715,28-07-2013,BR002,No,N/A,Panama,Referral
CUST004966,  Matthew,Reed,"April 07, 2000",M,sjenkins@example.net,(505) 203-5956,,Caldwelltown,KS,10686,61750.11,Manager,749,"July 16, 2018",BR017,1,,San Marino,N/A
CUST004967,Brian,Lambert,15-07-1988,1,zcampbell@example.com,884.791.0217,065 Obrien Inlet,East Crystalville,VA,42168,37118.79,Analyst,362,08/29/2008,BR026,FALSE,VERIFIED,Kiribati,Referral
CUST004968,Mason,Calderon,26/04/1966,male,sheila02@example.net,N/A,5805 Anne Creek Suite 574,New Amber,TN,94287,109173.57,Lawyer,373,"August 21, 2008",BR024,Yes,Verified,Kuwait,ONLINE
CUST004969,Elizabeth,Sanchez,1964-10-29,F,francisco31@example.org,N/A,7522 Morales Ways,Kennedyshire,MS,37380,USD 59694.05,Nurse,455,18-07-05,BR006,1,Verified,Congo,Referral
CUST004970,Katelyn,Andrews,85-05-31,F,johnevans@example.net,+17083546467,534 Sierra Rest,Montesview,OK,05827,120846.44,Self-Employed,804,,BR011,FALSE,Not Verified,Algeria,Referral
CUST004971,Karen,  Wolf,23/10/1992,M,simpsonrebecca@example.org,,63583 Parker Garden,Scottshire,NE,59379,,Nurse,629,2008-03-19,BR014,,Not Verified,Indonesia,N/A
CUST004972,Timothy,White,04/10/2000,F,mark49@example.org,+12153585827,6099 Mitchell Valley Suite 010,West Carlosmouth,WV,04704,67163.39,Clerk,802,2023-10-21,BR017,FALSE,Verified,Liechtenstein,
CUST004973,Derek,  Ford,,F,williamsdesiree@example.com,+18647542594,986 Harris Hills Suite 691,Monicaton,UT,15753,34704.29,Driver,449,"September 15, 2014",BR019,False,Pending,Saint Pierre and Miquelon,Branch
CUST004974,harold,Miranda,22/09/1999,f,chambersfrank@example.net,001.228.6267,22419 Stephens Meadow,Romanbury,DC,51990,0,Nurse,477,"May 03, 2001",BR002,TRUE,Not Verified,Guam,Branch
CUST004975,joseph,Hansen,2001-02-04,M,kwilliams@example.net,,097 Hernandez Overpass,West Elizabeth,AL,29730,"18478,7",Retired,388,2013-01-28,BR004,False,pending,Sudan,ONLINE
CUST004976,Sarah  ,Taylor,47-10-06,Male,bradley91@example.net,475-612-2000,78453 Robinson Forks,Port Teresa,MH,52811,21915.78,Accountant,690,,BR006,No,Not Verified,Myanmar,ONLINE
CUST004977,Edward,Patel,03/30/1971,F,  shelly20@example.com  ,+1-001-251-8214,102 Emily Lock Apt. 908,,OR,11156,118246.44,Manager,438,,BR050,True,Verified,Sri Lanka,Branch
CUST004978,Jenna,Hayes,10/10/2002,MALE,bgrant@example.net,3237812210,77969 Massey Loop Suite 219,Port Patrickhaven,PR,27369,74053.86,Self-Employed,440,,BR001,No,VERIFIED,Cambodia,ONLINE
CUST004979,Johnny,Johnson,05/13/1991,M,hrobertson@example.org,,502 Davis Spur,Lake Juan,DC,50978,"83636,16",Doctor,618,06-05-2005,BR050,False,N/A,Syrian Arab Republic,branch
CUST004980,Christopher,Garcia,10-06-1963,F,edwardsalison@example.org,0012502772,8902 Thomas Wells,East Timothyville,MS,07589,USD 0.00,Sales Rep,538,27-01-2005,BR042,,verified,Solomon Islands,Online
CUST004981,Tony,Griffin,1964-04-11,F,,(001) 947-4439,08163 Chavez Ville Suite 305,Patelchester,WA,95643,28071.17,Self-Employed,806,2005-07-17,BR011,No,pending,San Marino,N/A
CUST004982,Anthony,Kennedy,00-04-11,M,grace57ATexample.org,,9871 Logan Glens Apt. 703,Davisburgh,ME,87784,101047.79,Contractor,576,19-06-28,BR019,No,VERIFIED,Latvia,Marketing
CUST004983,Anna,Blackburn  ,99/99/9999,M,pmeyer@example.org,+1-709-388-0066,5565 Casey Village Suite 003,West Jimmy,IA,74021,80037.09,Officer,463,02/06/2020,BR042,True,verified,American Samoa,N/A
CUST004984,Dominique,Oliver,25/02/1957,M,,000-000-0000,5124 Harding Pike Suite 279,Jeffreyfurt,MO,18898,64847.82,Lawyer,357,23-01-15,BR005,TRUE,N/A,Christmas Island,branch
CUST004985,Troy,Khan,04/02/1958,F,millsgary@example.net,000-000-0000,9086 Brandon Causeway,Lake John,MH,81641,89769.48,Contractor,549,"August 02, 2007",BR001,Yes,VERIFIED,Burkina Faso,ONLINE
CUST004986,Michael,Walker,,female,wwilliams@example.org,310.449.8608,7878 Chelsea Drive,Collinsborough,MN,56594,127252.92,Accountant,603,23/02/2018,,No,,Luxembourg,N/A
CUST004987,Ryan,Riley,"June 09, 1971",F,crawfordjohn@example.net,0017685505,232 Adam Landing Suite 769,New Deborah,MA,72905,62263.51,Manager,558,21-11-2000,,False,Not Verified,Estonia,Marketing
CUST004988,Karen,Kline,19-11-1963,M,johnny79@example.org,+13062530643,,Andreatown,NE,44574,72427.94,Clerk,606,2020-03-15,,1,N/A,Honduras,branch
CUST004989,ANNA,Lynch,03/27/1980,f,raymond40@example.org,1791528607,072 Colleen Road Suite 361,Aguirreville,AS,84192,76740.89,Consultant,753,06/07/2008,BR040,TRUE,,Saint Helena,branch
CUST004990,Robert  ,Campbell,"May 08, 1962",M,  perezjeremy@example.com  ,,12168 John Square Apt. 843,New Angel,NC,58838,153723.84,Analyst,474,2002-11-22,BR027,No,N/A,Moldova,branch
CUST004991,Julie,Johnson,23/09/1949,Male,michael65@example.org,2545462634,275 Jorge Well Suite 513,East April,OH,53607,0,Consultant,390,2009-11-02,BR003,False,N/A,Ukraine,
CUST004992,Timothy,  Sanders,99/99/9999,F,monicabailey@example.org,+10019234858,30978 Lopez Place,New Jonathanbury,CO,51712,93912.81,Developer,551,23-05-2020,BR005,TRUE,Pending,Niger,Marketing
CUST004993,Charles,Garcia,15/03/1977,F,samanthaglover@example.org,+17759542955,399 Daniel Inlet,Port Davidtown,NJ,78642,65981.92,Analyst,794,22-12-2022,BR020,False,VERIFIED,Ghana,Referral
CUST004994,Kimberly,MOORE,1975-11-18,Female,sblake@example.org,000-000-0000,4809 Mcdaniel Canyon,West Cheyenne,IL,40767,89837.01,Analyst,406,99/99/9999,BR001,True,VERIFIED,Jersey,branch
CUST004995,Bryan,wall,"May 22, 1987",F,jennifer67@example.org,317.542.5048,463 Lewis Street,West Anthonystad,NE,75207,46991.96,Engineer,589,,BR022,Yes,verified,Suriname,Branch
CUST004996,Tara,Adams,2004-09-14,1,marymorgan@example.com,121-197-5132,171 Torres Roads,North Sandra,OR,06903,"$68,286.22",Clerk,728,"July 29, 2021",BR037,Yes,VERIFIED,Gambia,online
CUST004997,Patrick,Garcia,1962-11-12,F,michael87@example.org,N/A,80652 Powell Pass,North Ronniefort,TN,11610,94899.37,Engineer,827,27-04-2014,BR004,0,Pending,Guernsey,branch
CUST004998,  Morgan,Myers,14/12/1997,M,,842-657-1726,1390 Love Square Suite 330,Wilsonhaven,AS,12073,178951.86,Self-Employed,560,11-12-19,BR024,,Verified,Guernsey,N/A
CUST004999,Patrick,  Thompson,"July 17, 1980",F,  patricia61@example.net  ,000-000-0000,0763 Allen Trace,Longchester,MA,48749,98281.27,Analyst,541,2009-08-20,BR039,0,N/A,China,Marketing
CUST005000,Brian,Daniels,86-08-05,F,  jamesmiranda@example.com  ,000-000-0000,05362 Eric Prairie Apt. 340,Juanshire,DE,38628,40317.7,Designer,596,2011-08-06,BR030,Yes,N/A,Lebanon,Online
CUST004250,Mark,Munoz,"December 12, 1994",MALE,TAYLORLARRY@EXAMPLE.NET,N/A,833 Samuel Corner Suite 986,Monicastad,de,00000,67986.88,Accountant,-1,99/99/9999,BR041,1,,Andorra,Online
CUST000499,Lindsey,Rodriguez,25/11/1984,F,JAMESBROWN@EXAMPLE.ORG,2076504880,38750 Katie Lodge Apt. 722,Timothymouth,KS,98389,39353.36,Student,831,07-08-2015,BR038,TRUE,Pending,,Online
CUST000845,Mason,Montgomery,04-11-1993,Female,,810.352.6870,,East Patrickmouth,ID,67506,75825.83,Lawyer,307,06/07/2017,BR048,TRUE,Verified,Andorra,Online
CUST001315,Andrea,Nelson,24/12/2005,F,JWILCOX@EXAMPLE.ORG,174-158-1121,5968 Medina Meadows,South Valerie,PW,66328,70362.34,Retired,0,"May 29, 2004",BR048,,pending,Colombia,
CUST002231,  Rachel,Nelson,1970-08-10,M,BELLDAVE@EXAMPLE.NET,(369) 748-5807,650 Malone Lane Suite 062,Jeremyfort,GU,41057,46037.96,Manager,749,16-05-19,BR042,True,,Netherlands,Online
CUST003785,ERIC,Burton,30-01-2004,M,KERRIJOHNSON@EXAMPLE.ORG,,8772 Patrick Mountains,Hernandezmouth,MI,35044,86252.95,Analyst,399,2015-02-28,BR019,No,N/A,Haiti,Marketing
CUST003905,adriana,Howard,09/16/1950,M,YSALAZAR@EXAMPLE.COM,+1-567-339-5778,6625 Joel Ramp,North John,NV,91193,126517.26,Sales Rep,828,99/99/9999,BR011,False,verified,Guyana,Referral
CUST003464,Michelle,Pham,08/02/1997,M,WHITEAPRIL@EXAMPLE.NET,+17585255689,69712 Green Fort Apt. 828,Julianside,HI,86856,105823.57,Lawyer,762,2015-02-06,BR026,Yes,Not Verified,Iran,Branch
CUST004449,Alfred,Evans,99/99/9999,F,SHERRY96@EXAMPLE.COM,,898 Tracy Mews,South Carolineport,CT,99659,86826.06,Teacher,840,2021-11-27,BR010,True,,Gambia,branch
CUST002352,Sophia,Garcia,28/02/1960,F,ALISONFISHER@EXAMPLE.ORG,N/A,16199 Carson Hills Apt. 535,Port Michael,NV,02300,91595.21,Self-Employed,538,99/99/9999,BR045,False,VERIFIED,New Zealand,online
CUST000726,David,Juarez,NULL,F,RUSSELLAMY@EXAMPLE.ORG,300.788.9257,02302 Sawyer Rue Suite 052,West Joyce,CT,38416,63560.58,Driver,342,31/03/2023,BR003,No,pending,,
CUST000404,Eric,Rojas,1942-09-08,M,BBARNES@EXAMPLE.ORG,,5307 Moore Village,Jeremyfort,PA,95361,71644.32,Lawyer,417,2022-08-10,BR010,,pending,Luxembourg,N/A
CUST001153,Sara,Fuentes,26/11/1950,M,JILL73@EXAMPLE.ORG,7507814696,680 William Fords,Port Brandiview,NE,42917,,Manager,840,30/01/2005,BR009,False,N/A,Reunion,N/A
CUST001176,Michael,WRIGHT,99/99/9999,M,FOSTERTRACEY@EXAMPLE.ORG,,6782 Evelyn Mews,,RI,03311,60176.37,Accountant,597,"February 23, 2008",BR024,0,N/A,India,N/A
CUST002138,Marie,WILLIS,08/03/1951,M,ASHLEY81@EXAMPLE.COM,,00636 Ford Harbors Suite 042,West Saraside,MH,80380,,Designer,9999,26-05-2001,BR006,False,Pending,Botswana,Referral
CUST003623,Heather,Boyd,25-05-1964,M,,+1-665-767-1071,043 Castillo Port Apt. 886,,ND,84731,762.12,Engineer,664,20-09-2003,BR032,Yes,verified,South Africa,Walk-in
CUST000258,Patricia,Walls  ,"September 24, 1954",F,ABROWN@EXAMPLE.NET,,88261 Smith Trafficway,Jeremyfurt,MN,39728,45231.57,Nurse,0,15-12-2018,BR032,,,Haiti,Online
CUST001768,Patrick,sanford,11/04/1966,M,OTHOMAS@EXAMPLE.ORG,(506) 627-2764,276 Evans Valleys Suite 991,Ericaside,OK,64638,63844.0,Doctor,584,01/11/2002,BR035,1,VERIFIED,Cyprus,Marketing
CUST001623,TERESA,Bryant,1983-10-06,M,YOLANDAWALKER@EXAMPLE.ORG,000-000-0000,154 Eric Green,Shawtown,FM,59817,10217301.0,Accountant,394,2022-05-01,BR036,TRUE,Not Verified,Tuvalu,online
CUST004279,Rachel,Martin,24-12-1997,M,,+16854974962,560 James Centers,Mooreshire,AZ ,84897,67615.68,Nurse,,15-11-20,BR011,1,pending,Nauru,Branch
CUST003641,MATHEW,GREEN,10/29/1950,1,SHANNONJIMMY@EXAMPLE.NET,135.460.0686,50358 Marco Flat Suite 458,Gonzaleston,KY,39078,52607.38,Sales Rep,414,2018-03-17,BR030,TRUE,Not Verified,Niger,Branch
CUST002920,Jody,Garcia,19-07-1966,M,,+15633493895,18476 Sandra Inlet Apt. 629,South William,OR,43656,115355.51,Nurse,585,"July 29, 2003",BR028,,pending,Poland,Referral
CUST004502,  Katie,Mills,25-03-1998,F,WJOHNSON@EXAMPLE.ORG,0012889139,67590 Miller Roads,Sethport,MT,50335,22662.2,Nurse,346,"May 09, 2012",BR017,TRUE,Verified,Burkina Faso,ONLINE
CUST003368,Lisa,Davidson,08/06/1999,F,AMY43@EXAMPLE.ORG,(963) 824-6879,75626 David Points,Ericberg,HI,85270,76221.25,Chef,501 pts,05-04-2013,BR043,False,Pending,Benin,Online
CUST002932,SAMUEL,Cummings,07-08-1943,M,ROWEFRANK@EXAMPLE.NET,N/A,63878 Christopher Grove Apt. 449,Stephaniechester,MS,51618,54056.12,Clerk,663 pts,16-11-2001,BR012,Yes,pending,Thailand,online
CUST003890,Paul  ,Vincent,10/08/1944,F,LCOLE@EXAMPLE.ORG,648-744-4068,121 Phyllis Causeway Suite 544,Josefort,CO,00000,99736.42,Officer,414,10-11-16,BR014,TRUE,VERIFIED,Georgia,Online
CUST002293,David,Johnson  ,01/06/1947,Male,BURGESSKRISTOPHER@EXAMPLE.COM,757-230-5785,32870 Valentine Trail,Kleinfort,NC,95409,72986.13,Teacher,673,99/99/9999,BR007,True,Verified,Tunisia,Walk-in
CUST002853,  Michael,Sutton,08-02-1969,F,NORMANCAMPBELL@EXAMPLE.NET,,2182 Norris Gateway,Melissabury,ND,21638,31329.8,Chef,804,07-04-13,BR014,0,Pending,Brazil,
CUST000361,Dustin,Cook,12/28/1980,M,MARIA57@EXAMPLE.COM,,0566 Grant Streets Apt. 398,Gatesville,CA,32369,88177.13,Engineer,0,2020-11-21,BR050,1,verified,Central African Republic,Marketing
CUST004875,Joe,  Allen,11/07/1944,1,MICHAELGALLEGOS@EXAMPLE.NET,2069744187,30098 Melody Course,Cunninghamhaven,VI,60898,48719.78,Doctor,-1,2002-05-20,BR050,0,pending,Marshall Islands,Branch
CUST002730,Megan,Washington,1980-07-06,male,APRIL21@EXAMPLE.NET,402.382.9689,9177 Conley Manor Suite 007,North Jason,GA,92829,53014.3,Contractor,608,29-04-2019,BR021,Yes,verified,Senegal,Marketing
CUST003536,Chad,Ramsey,19/08/1961,F,JAMES93@EXAMPLE.NET,447.556.9597,63015 Hood Prairie Suite 090,Danachester,PA,02717,125805.48,Self-Employed,660,2011-05-20,BR010,No,,Cyprus,ONLINE
CUST004060,Zachary,palmer,06/09/1986,F,GOODMANSEAN@EXAMPLE.ORG,,147 Shannon Forge,Tracyfort,MT,29775,61704.58,Doctor,633,2002-01-16,BR034,True,Verified,Slovakia (Slovak Republic),Marketing
CUST003173,Michael,Lawrence,1967-11-12,F,JOSEHOLLAND@EXAMPLE.NET,4246035163,791 Lauren Pike,Lorrainehaven,FM,18202,23900.38,Analyst,566,31/10/2005,BR016,No,pending,Gabon,Online
CUST003534,Matthew  ,Miller,"November 19, 1981",F,STEVEN41@EXAMPLE.NET,000-000-0000,83737 Harvey Port Suite 609,West Victor,VI,05860,26633.16,Student,812,03-10-16,BR038,No,Not Verified,Botswana,N/A
CUST004072,Deborah,Alexander,"July 05, 1998",F,MATTHEW45@EXAMPLE.ORG,+1-777-550-4099,497 Joseph Grove Apt. 352,Amymouth,WY,63333,45334.5,Doctor,491,NULL,BR031,True,,Ethiopia,Referral
CUST004106,Veronica,Cameron,43-08-30,F,MIGUELBARNES@EXAMPLE.NET,,029 Jensen Drive Suite 502,Lake Craigchester,WY,10453,78509.32,Nurse,370,16/02/2009,BR004,Yes,pending,Puerto Rico,Branch
CUST004824,BRIAN,Nelson,13-07-1990,MALE,ROBERTYOUNG@EXAMPLE.NET,942-698-8038,245 Calvin Alley,Lake John,MA,35802,69506.54,Officer,470,99/99/9999,BR050,1,Pending,Lithuania,Branch
CUST000354,Roy,Martinez  ,08/10/2001,male,MELANIECHANG@EXAMPLE.NET,,5475 Lyons Port,Brookeberg,FL,68891,64402.15,Clerk,555,2021-12-01,BR010,0,Not Verified,France,branch
CUST001566,Laurie,Cooper,12/19/1954,M,STEPHANIEHENDERSON@EXAMPLE.COM,(170) 025-2669,2715 Nichols Fields,Jacksonland,VI,97240,60153.54,Self-Employed,586,26-01-2001,BR034,,Pending,Western Sahara,branch
CUST003132,Kelsey,Ramirez,07-03-1997,F,CHRISTOPHER18@EXAMPLE.COM,N/A,09578 Jennifer Vista,Julieland,UT ,92437,68685.03,Manager,829,03/21/2019,BR046,1,verified,Niger,Marketing
CUST001007,  Patricia,Kent,72-01-05,F,MELISSA65@EXAMPLE.COM,484.369.6459,20129 Lewis Point Suite 004,East Christian,ND,18855,101331.76,Retired,423,2007-01-31,BR049,Yes,pending,Reunion,Referral
CUST004687,Laura,smith,03/09/1969,M,MARK01@EXAMPLE.NET,528.211.1683,9254 Pierce Plains Suite 226,Whiteland,ND,57110,42135.21,Nurse,775,"June 10, 2002",BR032,False,,Isle of Man,
CUST000184,Michael,Howard,"March 31, 1992",M,BRIAN33@EXAMPLE.ORG,(531) 358-5565,0790 Gray Loaf Suite 917,Lake Emilymouth,NM,66399,86886.53,Student,466,22/06/2006,BR034,No,VERIFIED,Sudan,Online
CUST001743,  Amanda,GREEN,"December 01, 2004",M,MHARRINGTON@EXAMPLE.NET,+16146483350,90811 Andrew Orchard Suite 831,Lake Ricky,NJ,84304,72451.83,Engineer,541,"October 08, 2022",BR003,No,VERIFIED,El Salvador,branch
CUST004177,Donald,Hill,2002-12-16,F,MFLEMING@EXAMPLE.ORG,(163) 886-3847,17693 Matthew Bypass Suite 898,Carriebury,RI,84986,69674.9,Doctor,470,2020-02-17,BR001,Yes,Verified,Tonga,
CUST002078,Sarah,Hill,68-09-25,Male,THOMPSONNATHAN@EXAMPLE.ORG,N/A,668 Frost Via Apt. 725,Markburgh,VI,69935,112135.96,Student,573,07/13/2010,BR041,True,Pending,Comoros,
CUST004668,Catherine,Jones,24-03-1988,F,CRAIGGOODWIN@EXAMPLE.COM,(001) 553-8968,031 Shannon Summit,Lake Devonberg,NY,61520,128287.32,Doctor,631,06/30/2010,BR041,Yes,VERIFIED,Hong Kong,online
CUST001769,Cynthia,Bowman,99-04-04,Female,UMULLINS@EXAMPLE.NET,000-000-0000,075 Logan Common,Lake Michaelstad,MN,13198,74312.17,Chef,9999,2008-01-31,BR023,,VERIFIED,Aruba,Walk-in
CUST001351,Angela,Davis,05/15/1978,F,SARAALVAREZ@EXAMPLE.ORG,000-000-0000,13671 Williams Garden,New Larry,PW,95655,29046.04,Analyst,314,08/30/2011,BR050,True,Verified,,Branch
CUST003612,Douglas,Clark,1997-01-13,F,DGRIFFITH@EXAMPLE.NET,+1-738-427-7542,5637 Carter Mews Apt. 463,Nathanmouth,MT,42262,73898.04,Accountant,325,12-07-05,BR033,TRUE,,Switzerland,branch
CUST003705,Michelle  ,Proctor,02-02-1963,Female,ALYSSA41@EXAMPLE.ORG,+1-001-980-9381,3467 Johnson Common Apt. 428,Castanedaburgh,CT,24787,65086.87,Lawyer,345,"August 17, 2022",BR020,True,VERIFIED,South Africa,Branch
CUST003774,Michael,Salazar,"September 27, 1988",M,QLOPEZ@EXAMPLE.COM,6107955101,190 Gordon Unions,New Mark,NJ,03903,43410.39,Developer,677,04-05-30,BR046,False,N/A,Faroe Islands,Online
CUST001828,Stephen,Lee,99/99/9999,M,THOMPSONJEREMY@EXAMPLE.ORG,+1-435-888-0994,56841 Moore Fords,Brianshire,MP,64777,119382.63,Retired,342,14/10/2002,BR043,TRUE,Pending,Sudan,ONLINE
CUST002480,Anthony,Perez,30-12-1978,Male,ANNA61@EXAMPLE.ORG,+14053243425,23193 Perkins Village,West Josephfurt,AL,01212,94252.15,Nurse,714,23-07-06,BR019,,,Lithuania,Marketing
CUST003477,Lisa,Turner,1978-05-12,F,VAUGHANMARISSA@EXAMPLE.ORG,281.325.8184,4908 Hawkins Cliffs Suite 884,Port Danielton,NY,03780,104223.54,Engineer,848,16/01/2020,BR048,TRUE,pending,Nauru,online
CUST003947,Christopher,Rose,2014-04-24,F,LINDSEY78@EXAMPLE.NET,N/A,4095 John River,Lake William,VT,72365,88817.05,Contractor,719,28/12/2018,BR016,Yes,Verified,Cook Islands,online
CUST003682,Justin,Walker,02/14/1962,M,TODD25ATEXAMPLE.COM,000-000-0000,1744 Mitchell Club Apt. 850,Krystalchester,VA,12216,5622646.0,Sales Rep,732,2023-11-27,BR043,False,VERIFIED,Malta,ONLINE
CUST002501,Shannon,Johnson,1966-12-13,M,LISA81@EXAMPLE.NET,N/A,03458 Decker Radial,Jameshaven,OK,39397,89971.45,Analyst,707,05-11-20,BR006,False,,Egypt,Branch
CUST004704,Andrea,Contreras,14/08/1956,F,ROBIN00@EXAMPLE.NET,+16167546029,416 Hall Run,East Gregoryland,XX,32186,90229.25,Teacher,444,,BR021,No,Not Verified,Saint Helena,online
CUST002456,Jason,Sexton,22-11-1941,1,MFLOWERS@EXAMPLE.ORG,,6107 Lacey Mountain,Chandlermouth,SD,96912,"$122,053.62",,,99/99/9999,BR012,,Verified,New Caledonia,Branch
CUST001561,Brooke,Davis,08/18/1996,M,RAYMOND30@EXAMPLE.COM,,457 Harrison Highway Apt. 465,New Jasonfurt,IA,26799,69252.14,Designer,684,2004-06-27,BR042,Yes,Verified,Saudi Arabia,
CUST000886,Tara,Mendez,"February 09, 1994",M,LOPEZCRYSTAL@EXAMPLE.COM,(132) 353-2390,7631 Christopher Place,Schneiderport,MT,12903,134634.76,Manager,,2021-09-16,BR028,No,Verified,Chad,Referral
CUST002455,Eric,Schroeder,18-09-1943,M,,+11707432144,,Port Michelle,AZ,60507,93871.82,Analyst,587,13-01-2021,BR021,1,N/A,Falkland Islands (Malvinas),Online
CUST003278,Jean,Davila  ,99/99/9999,female,PCHRISTENSEN@EXAMPLE.NET,459-223-9489,1890 Kimberly Square Suite 723,East April,MP,59484,74700.38,Engineer,335,"January 23, 2019",BR005,False,N/A,Kiribati,Branch
CUST003713,Courtney,Walsh,04/23/1984,F,RENEEDAVIS@EXAMPLE.COM,+1-606-767-4968,914 Derek Manors,South Rachelborough,N/A,37183,USD 79835.32,Student,438,2010-06-02,BR041,FALSE,N/A,Slovenia,Referral
CUST001214,Alyssa,Johnson,05/31/1962,Female,FRANCES83@EXAMPLE.COM,+11928759662,9573 Roberts Valleys Apt. 577,West Tiffany,LA,05625,101322.35,Self-Employed,760,"February 22, 2016",BR025,,N/A,,ONLINE
CUST002110,  Emily,Martinez,52-06-10,F,LEVANS@EXAMPLE.ORG,,4995 Jennifer Field Apt. 537,Brewerburgh,GA,84453,91111.56,Analyst,710,06/15/2001,BR045,1,verified,Isle of Man,ONLINE
CUST001656,Amber,Mendez,1950-10-06,F,GUZMANNOAH@EXAMPLE.ORG,(001) 555-8675,899 Thompson Grove Suite 463,East Jessicaview,WY,18823,,Doctor,722,2015-11-08,BR035,FALSE,verified,Poland,N/A
CUST000437,Karen,Mills,12/11/1964,M,FJACKSONATEXAMPLE.ORG,(259) 881-5331,0573 Jason Trail Apt. 792,Randyberg,AK,30263,127001.54,Lawyer,,03/14/2005,BR040,Yes,pending,United Kingdom,online
CUST001173,Tom,Silva,30/01/1958,F,GREGORYHOFFMAN@EXAMPLE.NET,3073493408,5475 Huff Squares Apt. 710,Jacobshire,WA,91708,73647.04,Designer,717,17/03/2002,BR036,1,VERIFIED,Cambodia,ONLINE
CUST004707,Yvette,Smith,1984-09-13,F,COURTNEY77@EXAMPLE.COM,(154) 067-5639,97928 Rebecca River Apt. 733,Michelleshire,MD,54620,119242.72,Sales Rep,827,31/05/2010,BR029,TRUE,VERIFIED,Kiribati,Walk-in
CUST004435,Joseph,BRIGGS,"June 26, 1952",M,GJOHNSON@EXAMPLE.COM,897-538-4149,532 Wright Landing Suite 497,Katiebury,PA,51038,50641.86,Officer,650,28/10/2010,BR032,Yes,verified,Fiji,
CUST000962,Cynthia,Watkins,81-05-07,M,BROWNLAUREN@EXAMPLE.ORG,361-396-5263,372 Tyler Fall,West Karen,IL,13871,USD 116520.34,Contractor,833,27-05-2005,BR022,True,pending,Argentina,ONLINE
CUST001991,Justin,Perez,"August 29, 2004",F,DANIELSROBERT@EXAMPLE.ORG,000-000-0000,48511 Fox Point Apt. 921,West Kristinefurt,NM,72644,98014.33,Student,850,12/10/2011,BR038,True,Verified,Guatemala,
CUST001175,Timothy,Key,69-02-06,male,JRODRIGUEZ@EXAMPLE.COM,6095608085,99043 Tony Stravenue Suite 762,Port Nicole,AZ,19353,,Consultant,598,11/02/2000,BR020,FALSE,pending,Saint Pierre and Miquelon,Referral
CUST000340,Tiffany,Green,01/21/1966,M,FBAKER@EXAMPLE.COM,6675368167,4358 Davis Trail Apt. 437,Anthonyville,NC,86789,50269.64,Analyst,723 pts,"November 30, 2016",BR001,True,Verified,Norfolk Island,branch
CUST002520,Crystal,Wheeler,84-07-21,M,AUSTIN41@EXAMPLE.ORG,001-917-8151,0087 James Extensions,North Meganville,00,70629,40200.77,Analyst,735,03/10/2000,BR034,FALSE,Pending,Turkmenistan,Referral
CUST003611,Brian,Ross,"November 07, 2002",M,OLIVERRHONDA@EXAMPLE.ORG,2389593736,2160 William Extension Apt. 181,West Karl,NY,00000,71190.96,Chef,566,00-10-17,BR009,Yes,Verified,Slovakia (Slovak Republic),Online
CUST002343,Matthew,Hamilton,1982-03-01,M,KATRINAMONTGOMERY@EXAMPLE.NET,668-444-0124,925 Barron Spurs Apt. 419,Keithville,SC,48155,87220.66,Sales Rep,635,02/03/2014,BR013,False,pending,Lebanon,Branch
CUST000169,Rodney,Brown,23/02/1968,M,MICHAEL78@EXAMPLE.NET,N/A,62411 Joshua Square,South Edward,IL,68748,61411.42,Clerk,534,12/28/2003,BR040,True,verified,Zambia,online
CUST001432,Olivia,Lee,81-10-29,M,HOLDERSHAWN@EXAMPLE.ORG,578-865-5501,95126 Brown Springs Suite 961,Port Tamaraside,KY,00716,98550.8,Designer,811,12/17/2007,BR047,,verified,Peru,Online
CUST001177,Heather,Rodriguez,1973-11-30,M,ANTONIO26@EXAMPLE.ORG,+18518008569,6654 Mark Street Apt. 421,Levineview,IN,44402,10746.51,Chef,368,2015-05-19,BR011,1,verified,Czech Republic,ONLINE
CUST003435,Heather,Anderson,1976-09-15,M,RENEESHAH@EXAMPLE.COM,(838) 877-5504,5995 Wheeler Key Apt. 312,North Sarahstad,VA,15153,USD 149535.22,Officer,428,2021-06-07,BR037,True,Verified,Bhutan,Marketing
CUST001327,Denise,Jacobs  ,"October 22, 1942",M,MATTHEW06@EXAMPLE.NET,(168) 736-7365,710 Robert Field Apt. 569,Denisechester,PW,23596,37123.26,Analyst,378,19-05-27,BR004,FALSE,,Germany,online
CUST000451,Kaylee,blake,"June 20, 1948",F,TAMMY17@EXAMPLE.COM,+13089103569,2638 Swanson River,,AS,11828,,Chef,795,02-12-06,BR035,Yes,Verified,Bahrain,branch
CUST002999,Kevin,BAUER,17/01/1983,M,ANDREW41@EXAMPLE.COM,+1-233-592-3172,4939 James Point,North Mark,PR,79278,81696.17,Analyst,555,05-01-14,BR045,FALSE,VERIFIED,Austria,N/A
CUST002484,Dustin,Wolf,1962-10-10,F,RRODRIGUEZ@EXAMPLE.COM,593.374.6823,027 Chavez River,Lake Williamview,WI,00000,43167.02,Contractor,677,06-09-2003,BR043,,Not Verified,Vanuatu,
CUST004554,Nathan,Callahan,76-02-27,M,TIMOTHY48@EXAMPLE.ORG,000-000-0000,038 Charles Inlet,Adkinsbury,CT,24984,36184.51,Retired,461,30/09/2012,BR014,FALSE,N/A,Slovakia (Slovak Republic),online
CUST002922,Charles,Smith,99/99/9999,M,ERINWALTON@EXAMPLE.COM,000-000-0000,965 Susan Bridge Apt. 850,Walshborough,AK,81800,96075.19,,776,2013-10-01,BR003,,pending,,branch
CUST004795,Darin,Williams,08/11/2001,M,CHRISTOPHER10@EXAMPLE.COM,453.976.0906,913 Donna Island,Dawnstad,ME,31683,64745.91,Doctor,384,08-11-2007,BR005,Yes,verified,Ecuador,Referral
CUST002729,Dustin,Green,05/25/1973,F,GARRISONTIMOTHYATEXAMPLE.NET,N/A,015 Garcia Cliffs Apt. 842,Crystalchester,KY,03052,44013.05,Engineer,656,05-06-2003,,Yes,Pending,Germany,branch
CUST003931,Sean,Mendoza,77-03-04,M,ERICOROZCO@EXAMPLE.COM,777-996-6667,3791 Elliott Bridge Apt. 732,Lake Jacqueline,PW,20841,93503.59,Developer,733,15-08-2023,BR022,TRUE,Pending,Ecuador,Online
CUST002118,Peter,Carter,07/07/1973,F,N/A,001-850-2254,08973 Booth Causeway,South Sylvia,NJ,07854,35197.77,Developer,694,11-06-2019,BR010,1,VERIFIED,Zimbabwe,ONLINE
CUST001724,Debra,carter,08/06/1974,1,TANNERSCOTT@EXAMPLE.NET,000-000-0000,054 Nicole Hill Suite 840,Danielport,NM,14192,91537.86,Engineer,548,"May 04, 2007",BR028,,verified,Eritrea,Online
CUST003451,Amanda,Pearson,1984-04-26,M,DANA31@EXAMPLE.NET,N/A,75763 Clark Drive,North Leeland,IL,05016,53282.4,Designer,782,05-05-09,BR033,No,VERIFIED,Sao Tome and Principe,Marketing
CUST002834,Michelle,Griffin,22-02-1971,Female,BRIANGREER@EXAMPLE.ORG,+19423474766,446 Frank Highway,South Andrewchester,PW,85285,60410.24,Lawyer,399,2017-08-02,BR027,No,N/A,Kazakhstan,N/A
CUST002590,BRIAN,Adams,1943-03-03,female,  DANIELCOOPER@EXAMPLE.NET  ,001-353-5142,402 Walter Glen,Port Elizabethview,RI,98223,67776.64,Student,0,"January 30, 2019",BR017,TRUE,Pending,Australia,Marketing
CUST004774,Kevin,FULLER,,Male,CRAIG13@EXAMPLE.ORG,151-277-5193,00727 Glass Well,Port Jacobshire,UT,86749,70678.34,Consultant,813,,,Yes,Verified,Libyan Arab Jamahiriya,branch
CUST002205,Scott,Flores,88-07-12,M,COOPERJEFFREY@EXAMPLE.NET,3815854487,22489 Joel Camp,Pammouth,KY,45631,36524.73,Doctor,730,"May 02, 2006",BR036,Yes,VERIFIED,Heard Island and McDonald Islands,ONLINE
CUST004012,Sean,Mcdonald,29/10/1955,M,N/A,N/A,01048 Morales Knoll Suite 053,Katherinebury,UT,17778,20805.29,Retired,354,NULL,BR036,False,pending,Zambia,Walk-in
CUST004242,Yolanda,Richardson,54-07-22,M,CHELSEARODRIGUEZ@EXAMPLE.COM,001-414-5284,871 Hester Landing,Port Evelynstad,FM,04877,101222.37,Consultant,489 pts,"June 02, 2011",BR023,0,verified,Korea,N/A
CUST004739,ALAN,Murphy,13/01/1947,MALE,JOSEPHBERNARD@EXAMPLE.ORG,N/A,73966 Lee Underpass Apt. 667,Lake Charles,US,32801,22224.24,Retired,751,15-01-14,BR047,TRUE,VERIFIED,Grenada,Online
CUST001311,Anthony,Lee,08-07-1998,F,BCHAVEZ@EXAMPLE.COM,270-329-4398,50434 Kayla Alley,South Destiny,MA,59955,"$69,124.06",Nurse,302,"August 22, 2012",BR007,False,verified,Honduras,online
CUST003208,Joan,wright,"July 21, 1955",M,AMYHAYES@EXAMPLE.COM,000-000-0000,820 Hunter Road Apt. 789,Rickville,WY,70144,99056.71,Analyst,390,01/15/2016,BR010,True,pending,Sri Lanka,Referral
CUST003823,ASHLEY,Sanchez,89-02-16,F,PKOCH@EXAMPLE.ORG,(724) 818-2715,,Mackmouth,AK,45355,,Accountant,753,27/07/2015,BR046,False,Pending,Switzerland,Marketing
CUST000779,gary,Williams,1978-07-06,1,BFOWLER@EXAMPLE.ORG,144.992.9380,144 Shah Ranch Suite 674,Lake Omarfort,WY,27800,67394.83,Consultant,330,"January 06, 2005",BR028,True,pending,Guyana,Walk-in
CUST002511,Nicole,Vasquez,61-07-15,M,  JOANNASCHULTZ@EXAMPLE.ORG  ,+15205125881,144 Elizabeth Plain,Terriside,MH,28188,86865.31,Analyst,521,2005-05-29,BR044,False,VERIFIED,Bermuda,
CUST000868,amber,Allen,99/99/9999,female,CHRISTINA67@EXAMPLE.COM,N/A,5003 Cassie Brook,Lake Teresaton,NE,39903,81705.99,Accountant,778,"April 20, 2001",BR004,False,Not Verified,Tajikistan,N/A
CUST003966,Timothy,Long,05/08/1995,1,HEATHER23@EXAMPLE.COM,130.450.6551,591 Donald Circles Apt. 994,West Daniel,GU,45115,82709.05,,652 pts,2017-05-29,BR013,True,verified,Sri Lanka,
CUST001343,Jacob,Schaefer,1954-10-19,F,KROGERS@EXAMPLE.ORG,865-719-4933,67308 Lisa Forks,Andrewchester,SC,62728,85292.84,Sales Rep,0,07/17/2011,BR013,,Not Verified,Kyrgyz Republic,Walk-in
CUST001264,Christopher,Richardson,15/04/2001,F,JONATHAN40@EXAMPLE.NET,N/A,5766 John Junction Suite 205,New Rachelborough,WI,01793,37776.42,Chef,668,17/12/2006,BR025,,Verified,Poland,Marketing
CUST001520,Johnathan,Johnson,99/99/9999,Female,ROSALESDEANNA@EXAMPLE.COM,001.545.8505,,,MA,62017,"134893,24",Chef,371,"July 24, 2017",BR023,Yes,Pending,Costa Rica,
CUST000352,Christine,Taylor,26/03/1973,F,GREENEJESSICA@EXAMPLE.ORG,,327 Marcus Hill Apt. 039,Stevensmouth,IA,23684,121637.47,Lawyer,452,12/01/2017,BR012,FALSE,Not Verified,,branch
CUST000629,ROBERT,Johnson,13/08/1952,male,NICHOLAS99@EXAMPLE.NET,(592) 762-8183,81822 William Ranch,Tammyberg,MH,51760,71950.37,Sales Rep,829,12/28/2016,BR017,0,,Cambodia,online
CUST004773,Jamie,Morris,99-01-03,Female,PERRYERIN@EXAMPLE.COM,+1-574-717-0290,4758 John Landing Apt. 505,Davischester,WA,15819,92595.57,Developer,-1,99/99/9999,BR029,True,Pending,Mozambique,Referral
CUST003470,Kenneth,Watson  ,07/10/1954,M,JENNIFER67@EXAMPLE.ORG,+1-230-952-7080,4665 Harry Rue,Pollardshire,NH,25031,62347.14,Driver,577,20-07-2008,BR043,True,pending,,N/A
CUST003390,Gina,Morton,99/99/9999,M,ROYPEGGY@EXAMPLE.NET,+1-170-176-3472,142 Moreno Oval Apt. 470,Baileyberg,KS,10166,74867.11,Retired,606,11/08/2012,BR033,False,Pending,Oman,ONLINE
CUST002758,Michael,Lee,"November 22, 2000",F,BRIANNAPRICE@EXAMPLE.ORG,000-000-0000,2697 Thomas Views Apt. 790,Allenborough,ND,83569,,Lawyer,600,"September 09, 2022",BR010,False,pending,Belize,Branch
CUST003107,Kara,Cooper,07/03/1948,F,BROWNYVONNE@EXAMPLE.NET,+1-327-435-5676,92883 David Prairie Apt. 746,East Genemouth,AR,59825,24740.05,Engineer,594,12/23/2023,,TRUE,pending,Costa Rica,online
CUST001685,Martha,RAMIREZ,03/20/2003,F,MHURLEY@EXAMPLE.ORG,000-000-0000,3847 Jessica Points Apt. 920,Brandonville,MS,28192,2873361.0,Doctor,689,,BR025,No,Verified,Dominican Republic,Online
CUST002584,Carol,Boone,04-06-1986,M,ZHOWELL@EXAMPLE.ORG,000-000-0000,674 Randall Overpass,East Joehaven,OH,80656,112824.91,Accountant,736,NULL,,0,Pending,Bosnia and Herzegovina,ONLINE
CUST000406,Crystal  ,Sutton,1996-01-27,F,MCARR@EXAMPLE.ORG,(166) 757-1333,7485 Hale Crossroad,Kimberlyshire,PW,30506,91799.75,Engineer,481,"March 31, 2021",BR013,,Not Verified,Russian Federation,Marketing
CUST001373,Henry,  Soto,NULL,M,IMARTINEZ@EXAMPLE.NET,671.895.3472,505 Elizabeth Center,Emilymouth,US,35816,,Officer,674,23-10-06,BR011,TRUE,verified,Israel,online
CUST001303,Cynthia,Anderson,46-03-27,M,WESLEYHENDERSON@EXAMPLE.NET,+1-001-531-5841,434 Mcclain Keys Apt. 234,West Joshua,VT,61763,63876.41,Officer,,08-07-30,BR040,FALSE,N/A,Puerto Rico,Branch
CUST002307,Brenda,Floyd,91-04-21,F,SHAWNA35@EXAMPLE.ORG,N/A,095 Wendy Viaduct Apt. 243,Port Jennifer,VI,03006,USD 91235.31,Doctor,755,04/30/2000,BR017,Yes,,India,ONLINE
CUST001654,Douglas,Francis,14-09-1999,M,JOHNSONKATHY@EXAMPLE.NET,209-502-4593,21836 Carpenter Stream,Cindybury,MI,77521,57639.18,Consultant,523,07/31/2021,BR003,True,VERIFIED,Malaysia,branch
CUST000808,Ryan,stokes,06/02/1964,F,GREGORY38@EXAMPLE.ORG,+10014707785,470 Ashley Valley Suite 453,Carolynfort,MO,43510,53243.8,Teacher,843,12/28/2015,BR015,TRUE,Pending,Aruba,branch
CUST000177,Derrick,Campbell,,M,KJENKINS@EXAMPLE.ORG,219-605-3086,12075 Vazquez Dam Suite 985,Lake Kevin,WA,16045,70455.07,Retired,760,2010-11-19,BR007,True,,Cyprus,
CUST003624,Kurt,Henry,07/04/1968,M,LNORMAN@EXAMPLE.NET,+1-147-638-9366,13787 Elizabeth Fields Apt. 398,South Mariabury,MH,34353,71642.72,Driver,324,14-07-02,BR007,TRUE,Pending,Ecuador,online
CUST002055,Cynthia,Benton,12/06/1998,M,JAMESSMITH@EXAMPLE.COM,994-760-8809,08439 Helen Port,East Janetchester,PA,54491,22894.52,Sales Rep,452,11-10-19,BR049,1,Pending,Eritrea,Referral
CUST001434,Amy,Williams,44-11-02,M,MICHAELHOLT@EXAMPLE.NET,001.639.4339,60502 Scott Course Apt. 814,South Trevor,KS,80443,49592.29,Sales Rep,662,"July 21, 2011",BR048,0,N/A,American Samoa,Branch
CUST001563,Melanie,Clark,03-08-25,F,QHINES@EXAMPLE.COM,340-463-6607,600 Nicole Plaza Apt. 087,South Crystalhaven,FM,72774,0,Driver,536,2000-06-30,BR037,,Pending,British Virgin Islands,N/A
CUST002770,Alyssa,Stewart,24-12-1965,M,TRACY24@EXAMPLE.NET,000-000-0000,9016 Hill Dam Apt. 701,Chadstad,CA,00000,63123.67,Consultant,595,23-06-01,BR018,0,N/A,Saint Pierre and Miquelon,N/A
CUST000170,Courtney,Carter,17/10/2021,male,THOMASFISHER@EXAMPLE.NET,(463) 538-5606,9242 Perez Landing Suite 025,Stephenburgh,RI,21576,43619.23,,761,2011-02-20,BR021,True,VERIFIED,Rwanda,ONLINE
CUST004102,Elizabeth,Barker,01/01/1981,F,MCKENZIE69@EXAMPLE.ORG,291-731-0802,586 Potts Rue,Mayerstad,IL,23317,42740.7,Analyst,522,2005-05-26,BR038,False,Not Verified,Liechtenstein,Walk-in
CUST003577,  Katherine,Solomon,1969-07-25,F,JUSTINWALLACE@EXAMPLE.COM,614.756.4561,1850 Ramos Inlet Apt. 250,Mooreborough,NH,07172,"40881,58",Retired,457,21-12-2007,BR048,Yes,pending,Hungary,Marketing
CUST003216,jeff,Carrillo,56-11-01,FEMALE,VERONICA02ATEXAMPLE.NET,170.748.6228,19107 Lopez Orchard,Hooperhaven,ND,37509,132362.96,Self-Employed,361,NULL,BR049,False,VERIFIED,Lesotho,ONLINE
CUST000736,Christopher,Brown,02/10/1945,F,HANCOCKTRISTAN@EXAMPLE.ORG,+1-001-470-5937,2028 Castaneda Crest,Moonton,WA,09984,86540.91,Engineer,632,2020-05-30,BR031,FALSE,Verified,Turkey,Referral
CUST001921,  Melanie,bauer,08/12/1959,Male,MICHELLE42ATEXAMPLE.ORG,N/A,82391 Brenda Mountains Suite 454,Roberttown,ZZ,25680,724.51,Officer,646 pts,"August 05, 2022",BR004,Yes,Pending,Panama,ONLINE
CUST001135,Erin,Henderson,08/07/1958,0,GMEYER@EXAMPLE.ORG,952.267.8183,3646 Matthew Land,Davidchester,DE,09905,61454.52,Manager,444 pts,"February 13, 2022",BR015,True,N/A,,branch
CUST001830,James,Ortiz,68-12-18,0,RLOPEZ@EXAMPLE.COM,,9316 Deanna Drives Suite 863,Amandamouth,GU,55446,70659.74,Officer,426,02/25/2003,BR006,TRUE,Not Verified,Slovakia (Slovak Republic),ONLINE
CUST002779,Jennifer,Cummings,40-04-24,F,SWOOD@EXAMPLE.ORG,000-000-0000,67898 Sarah Prairie Suite 223,,CT,35034,67838.25,Consultant,304,2018-08-14,BR047,FALSE,,Bulgaria,online
CUST001936,Natalie,Hampton,08/20/1966,F,MICHAELHARRISON@EXAMPLE.ORG,000-000-0000,5514 Thompson Wells,Port Aaronside,NY,71563,17396.04,Clerk,9999,NULL,BR001,0,N/A,,ONLINE
CUST000750,Veronica,Smith,NULL,0,N/A,187-974-2270,06190 Barbara Row,East Nathaniel,IN,64648,20766.86,Teacher,554,09/08/2005,BR048,True,pending,Netherlands,Walk-in
CUST001132,Henry,  Baker,84-09-29,F,VARGASPAMELA@EXAMPLE.NET,2616093253,4464 Thomas Views Apt. 041,Geoffreyberg,FM,97155,84767.23,Lawyer,450,19-10-2000,BR037,0,Pending,Malta,Walk-in
CUST004163,David,West,99/99/9999,M,STEPHENJOHNSON@EXAMPLE.NET,,7492 Renee Flats Apt. 391,Theresatown,IL,91305,60597.4,Developer,632,"April 05, 2008",BR027,Yes,N/A,Latvia,N/A
CUST000997,Kyle,  Montgomery,1954-01-01,F,NLOWE@EXAMPLE.NET,000-000-0000,597 Shelly Parkway,Downsfort,VI,77985,132919.03,Doctor,724,19/05/2021,BR015,False,N/A,French Polynesia,online
CUST000400,Joseph,Gentry,1970-07-29,M,TRUJILLOROBIN@EXAMPLE.NET,+13664864643,00591 Brandi Well,Welchmouth,WY ,87655,113323.57,Clerk,657,04/01/2016,BR041,Yes,verified,Botswana,Referral
CUST003429,Patricia,George,1984-08-01,F,MRIVERA@EXAMPLE.NET,(282) 202-6443,877 Zamora Spur,Richardview,KS,73829,"85546,94",Sales Rep,604,"August 15, 2021",BR033,Yes,,Estonia,Branch
