loan_id,customer_id,branch_id,loan_type,loan_amount,approved_amount,outstanding_balance,interest_rate,term_months,start_date,end_date,monthly_payment,loan_status,collateral_type,purpose,days_past_due,num_missed_payments,credit_score_at_origination,approved_by
LOAN000001,CUST001607,BR025,Mortgage,44690.03,42368.52,14292.08,2.922,36.0,99/99/9999,19-07-25,"$1,241.39",Delinquent,None,Wedding,168.0,23.0,723.0,Timothy Maldonado
LOAN000002,CUST004642,BR005,auto,27190.36,25718.8,9438.79,17.002,36.0,2017-08-19,2020-08-03,755.29,Delinquent,None,Education,213.0,7.0,350.0,Susan Maxwell
LOAN000003,CUST000189,BR016,Home Equity,38705.45,35777.14,,14.366,48.0,2010-10-03,2014-09-12,806.36,delinquent,none,Business expansion,300.0,19.0,597.0,Mary Berry
LOAN000004,CUST001486,BR046,Auto,62393.98,60171.43,56851.39,15.161,12.0,06-07-2012,01/07/2013,5199.5,Active,Vehicle,Business expansion,0.0,0.0,540.0,Alicia Gamble
LOAN000005,CUST002478,BR040,Student,23367.38,20771.85,14905.84,,24.0,99/99/9999,17-12-2013,973.64,PAID OFF,None,Travel,0.0,,493.0,Pedro Francis
LOAN000006,CUST003141,BR005,Business,13662.18,13448.08,8213.5,7.95,48.0,"December 16, 2010",25/11/2014,"284,63",PAID OFF,N/A,Vehicle purchase,0.0,0.0,769.0,Molly Higgins
LOAN000007,CUST004528,BR005,student,44565.16,40310.05,3012460.0,,36.0,29/08/2022,13-08-2025,1237.92,Paid Off,Property,Business expansion,0.0,0.0,599.0,Mindy Hernandez
LOAN000008,CUST000316,,Personal,64550.66,55656.89,37850.88,6.294,24.0,03-08-2015,23/07/2017,2689.61,Active,property,Medical,,0.0,334.0,Elizabeth Klein
LOAN000009,CUST000900,,Auto,22973.34,22490.48,4410.41,10.504,36.0,2012-02-24,2015-02-08,638.15,Late,PROPERTY,Wedding,211.0,8.0,381.0,Brian Kidd
LOAN000010,CUST003534,BR027,Student,42492.48,40261.59,29363.06,3.377,24.0,30/01/2020,19-01-2022,1770.52,Completed,PROPERTY,Business expansion,0.0,,618.0,Brian Mitchell
LOAN000011,CUST001244,BR004,Business,1320.86,"$1,205.65",1257.44,14.595,,2011-02-08,2040-09-03,3.67,Delinquent,Savings,Wedding,77.0,16.0,659.0,David Carson
LOAN000012,CUST002737,BR041,Student,18049.76,"$17,686.84",4388.38,,120.0,"June 21, 2016",26-04-30,150.41,In Progress,PROPERTY,Home improvement,0.0,,581.0,Angel Stevens
LOAN000013,CUST004642,BR019,Student,56056.48,50496.07,41005.38,10.099,36.0,99/99/9999,2019-11-19,1557.12,Delinquent,Vehicle,Travel,335.0,1.0,329.0,
LOAN000014,CUST004514,BR019,Business,5923.93,5249.86,2919.13,3.084,12.0,2018-05-22,05/17/2019,493.66,defaulted,none,Travel,354.0,15.0,660.0,Michaela Lane
LOAN000015,CUST004350,BR009,student,18365.51,16979.85,"$17,385.17",5.449,36.0,04/22/2021,04/06/2024,510.15,Defaulted,Stocks,,48.0,7.0,344.0,Cassandra Edwards
LOAN000016,CUST000475,BR008,Home Equity,39923.29,34444.06,"17147,33",12.62,48.0,27/03/2018,99/99/9999,831.74,Late,PROPERTY,Travel,39.0,15.0,437.0,
LOAN000017,CUST001723,BR002,Student,"$44,777.16",36654.17,,8.819,84.0,06-10-2013,2020-08-30,533.06,DEFAULT,None,Wedding,318.0,5.0,430.0,Christopher Chapman
LOAN000018,CUST004337,BR023,Business,32744.37,28374.71,6032.78,13.323,84.0,2014-06-21,15/05/2021,389.81,In Progress,None,Debt consolidation,,0.0,578.0,Regina Jones
LOAN000019,CUST004017,BR014,Business,55923.55,54724.12,11896.8,9.129,24.0,10-04-2023,03/30/2025,,closed,None,Education,0.0,0.0,789.0,Emily Melendez
LOAN000020,CUST002908,BR028,Mortgage,5889.63,5012.39,"5657,41",13.221,60.0,01/12/2012,16-12-2016,98.16,DEFAULT,Vehicle,Wedding,4.0,15.0,347.0,Sharon Melendez
LOAN000021,CUST003188,BR040,Auto,35465.34,34073.79,163.48,15.343,180.0,05/05/2015,15-02-2030,197.03,past due,,Travel,27.0,8.0,500.0,James Evans
LOAN000022,CUST004426,BR025,Mortgage,,32276.68,30033.05,3.611,240.0,02/01/2019,38-09-19,146.06,Delinquent,,Debt consolidation,52.0,6.0,534.0,Jean Hess
LOAN000023,CUST000690,BR045,Auto,51874.58,50332.45,29933.47,4.351,360.0,99/99/9999,11/08/2043,144.1,PAST DUE,property,Travel,147.0,2.0,328.0,Taylor Wilson
LOAN000024,CUST001275,BR018,Business,15554.14,14338.13,8960.59,7.767,360.0,04/30/2023,23-11-2052,43.21,defaulted,None,Emergency,196.0,6.0,307.0,Cindy Larson
LOAN000025,CUST003535,BR031,Mortgage,,35372.49,14243.96,8.58,240.0,"October 19, 2011",07/06/2031,171.29,Paid Off,PROPERTY,Emergency,,,506.0,
LOAN000026,CUST004493,BR039,Mortgage,46993.67,4263411.884012061,25796.9,5.012,240.0,22-11-04,22/07/2042,195.81,DELINQUENT,N/A,Wedding,23.0,5.0,570.0,Christopher Butler
LOAN000027,CUST004031,BR038,Mortgage,56384.38,50013.17,19778.53,13.439,48.0,01/26/2011,15-01-05,1174.67,Delinquent,Savings,Home improvement,16.0,15.0,547.0,Rebecca Lopez
LOAN000028,CUST001567,BR005,Business,"$84,158.17",6951822.008604678,3957.49,8.192,24.0,01/02/2019,"December 22, 2020",3506.59,Delinquent,,Debt consolidation,66.0,19.0,799.0,Christine Jensen
LOAN000029,CUST002253,BR017,Business,10970.34,9269.4,9319.36,13.409,84.0,12/08/2010,17-07-06,,Delinquent,Property,Medical,146.0,8.0,,Matthew Walls
LOAN000030,CUST002484,BR039,Student,25676.92,21771.56,3237.26,13.608,120.0,2023-06-19,2033-04-27,213.97,In Progress,none,Home improvement,0.0,,365.0,Manuel Cannon
LOAN000031,,BR040,Student,"$14,508.11",11947.86,12490.74,11.831,120.0,NULL,"June 26, 2026",120.9,delinquent,PROPERTY,Vehicle purchase,126.0,22.0,386.0,James Cox
LOAN000032,CUST000956,BR007,Auto,12776.08,11551.68,10329.19,17.288,48.0,"November 27, 2014",06/11/2018,266.17,Open,None,Home improvement,,,818.0,Jessica Brown
LOAN000033,CUST004299,BR028,Student,46554.82,44777.76,USD 4861.76,15.159,60.0,2012-10-17,17-09-21,,Active,none,Home improvement,,,,Tommy Cook
LOAN000034,CUST004458,BR038,business,43591.85,41632.84,24156.49,3.437,180.0,09/10/2019,07/22/2034,242.18,Active,Property,Education,,,844.0,Sandra Shaw
LOAN000035,CUST000127,BR043,Student,,,65382.13,8.905,180.0,24/12/2016,10/07/2031,396.56,Defaulted,None,Travel,182.0,2.0,744.0,Ashley Mcclain
LOAN000036,CUST003685,BR006,Personal,,71245.05,41887.07,11.302,24.0,24/06/2013,14-06-2015,3103.84,Delinquent,property,Travel,109.0,3.0,834.0,Christine Patton
LOAN000037,CUST002420,BR047,Personal,1773.16,1581.73,"$1,755.81",12.005,12.0,2020-03-31,21-03-26,147.76,DELINQUENT,,Medical,339.0,14.0,,
LOAN000038,CUST001559,BR006,Mortgage,18169.25,16927.66,7371.26,6.708,120.0,"October 19, 2022","August 27, 2032",151.41,Past Due,PROPERTY,Home improvement,247.0,9.0,449.0,David Bowman
LOAN000039,CUST000196,BR001,mortgage,47885.11,41827.17,30704.72,2.69,240.0,2023-05-18,43-02-02,199.52,closed,Vehicle,Wedding,,0.0,583.0,Robert Alexander
LOAN000040,CUST002008,BR024,Home Equity,56479.02,50828.38,44690.86,5.625,12.0,"November 28, 2019","November 22, 2020",4706.59,Active,None,Medical,,,408.0,Julian Obrien
LOAN000041,CUST001973,BR031,Home Equity,9107.58,8521.8,3951.05,5.472,360.0,24-07-2021,2051-02-17,25.3,paid off,Stocks,Debt consolidation,0.0,,641.0,Garrett Vaughn
LOAN000042,CUST001499,BR040,Mortgage,1357.7,1303.32,978.32,15.355,240.0,31/01/2019,18/10/2038,5.66,Paid Off,Property,Education,0.0,0.0,509.0,Brittany Cook
LOAN000043,CUST004757,BR017,Auto,"33653,74",33272.24,30326.18,10.869,24.0,99/99/9999,14-07-08,1402.24,Paid,Property,Medical,,0.0,519.0,Debbie Williams
LOAN000044,CUST003784,BR003,Business,2413.04,2394.62,2035.46,15.73,48.0,99/99/9999,20-03-12,50.27,Active,Vehicle,Vehicle purchase,0.0,,753.0,Morgan Smith
LOAN000045,CUST001557,BR029,Personal,42115.37,37621.27,,4.111,240.0,04/21/2012,07/01/2032,175.48,Active,,Emergency,0.0,,509.0,Rebecca Sanchez
LOAN000046,CUST004065,BR035,Auto,40996.2,,23763.65,11.897,36.0,14-06-25,09/06/2017,1138.78,Paid Off,Savings,Travel,,,838.0,Kendra Oconnor
LOAN000047,CUST004547,BR030,Home Equity,,22568.76,21764.31,15.396,84.0,21/04/2017,"March 15, 2024",274.04,Active,Vehicle,Vehicle purchase,,0.0,382.0,Carlos Wilson Jr.
LOAN000048,CUST002701,BR024,Auto,3865.34,3626.05,2436.91,17.964,60.0,2018-01-01,06-12-2022,64.42,Defaulted,N/A,Medical,309.0,8.0,704.0,Benjamin Monroe
LOAN000049,CUST003309,BR020,Home Equity,32385.3,29405.76,9682.25,17.568,12.0,2020-02-17,02/11/2021,,Paid Off,None,Debt consolidation,,0.0,781.0,Jennifer Williams
LOAN000050,CUST000592,BR012,Business,57356.35,,42836.9,3.037,48.0,06/08/2011,"July 16, 2015",1194.92,Active,None,Emergency,,,519.0,Shane Sanchez
LOAN000051,CUST000800,BR029,mortgage,26750.2,21930.49,2827.9,14.721,360.0,2018-02-16,12/09/2047,74.31,In Progress,None,Vehicle purchase,,0.0,428.0,Kenneth Copeland
LOAN000052,CUST001377,BR008,Business,,16406.48,16777.56,17.639,120.0,24/01/2016,02-12-2025,165.13,Defaulted,None,Travel,304.0,17.0,412.0,Samantha Gonzales
LOAN000053,CUST003247,BR049,Student,4100.57,3998.45,203.65,4.593,120.0,2022-05-04,"March 12, 2032",,Current,property,Home improvement,,0.0,600.0,Melissa Anderson
LOAN000054,CUST002511,BR010,Mortgage,34705.2,30493.42,29892.23,3.527,24.0,10-07-18,2012-07-07,1446.05,Bad Debt,Property,Education,198.0,2.0,500.0,Shawn Luna
LOAN000055,CUST003942,BR029,Home Equity,2496.39,2117.11,1021.14,16.137,360.0,2011-11-13,08-06-2041,6.93,Active,property,Vehicle purchase,,,628.0,David Miller
LOAN000056,CUST003728,BR015,Mortgage,62727.16,58195.58,52596.51,7.077,12.0,04/08/2014,03-04-2015,"5227,26",DEFAULT,None,Education,323.0,22.0,756.0,Susan Love
LOAN000057,CUST000267,BR050,mortgage,33715.63,,8835.16,7.357,,20-04-2020,99/99/9999,2809.64,Closed,none,Education,,0.0,593.0,Daniel Clark
LOAN000058,CUST004676,BR021,Student,33123.28,30855.57,714.48,3.797,60.0,"January 26, 2020",12/30/2024,"552,05",DEFAULTED,Stocks,Education,119.0,5.0,802.0,
LOAN000059,CUST004750,BR032,Student,28333.67,24995.77,23027.31,,84.0,2014-10-22,15-09-2021,337.31,Current,Property,Home improvement,,0.0,743.0,William Miranda
LOAN000060,CUST001063,BR017,Business,16491.54,14035.29,3249.0,2.892,360.0,12/03/2015,06/28/2045,,Delinquent,None,Medical,33.0,6.0,741.0,Theresa Hayes
LOAN000061,CUST003843,BR037,Business,46256.68,40342.8,44847.51,15.776,84.0,"May 18, 2012",2019-04-12,,closed,Property,Vehicle purchase,0.0,0.0,595.0,Gabriela Jenkins
LOAN000062,CUST004237,BR025,Mortgage,41916.12,36031.75,13645.77,3.12,180.0,01/09/2019,2033-10-22,232.87,DEFAULTED,PROPERTY,Vehicle purchase,190.0,18.0,,
LOAN000063,CUST002522,BR017,personal,85702.35,84665.06,34638.88,14.432,36.0,09/02/2011,14-01-24,2380.62,Active,,Business expansion,0.0,0.0,489.0,Kristy Jackson
LOAN000064,CUST002846,BR045,Mortgage,42157.01,4105121.0856561083,41471.61,5.915,48.0,19-05-14,23/04/2023,"878,27",open,None,Travel,,,,Christopher Garcia
LOAN000065,,BR034,Home Equity,79159.74,,50075.29,10.482,60.0,"March 02, 2016",21-02-04,1319.33,Active,Property,Home improvement,0.0,,696.0,William Hopkins
LOAN000066,CUST002540,BR005,Personal,10061.06,9457.53,5474.23,11.821,36.0,19-01-31,2022-01-15,279.47,PAID OFF,N/A,Education,,0.0,828.0,Kimberly Rocha
LOAN000067,CUST000810,BR035,Home Equity,24749.42,21334.68,3840.1,4.601,24.0,16-01-17,01/06/2018,1031.23,Charged Off,N/A,Education,98.0,1.0,,Nancy Potter
LOAN000068,,BR013,Business,52300.41,49035.17,35012.77,4.744,12.0,09/29/2017,2018-09-24,4358.37,paid,Property,Business expansion,,0.0,714.0,William Parker
LOAN000069,CUST004482,BR045,Mortgage,74491.11,65037.18,38740.11,17.842,84.0,"October 17, 2020",2027-09-11,886.8,Late,,Business expansion,161.0,6.0,833.0,Matthew Dickerson
LOAN000070,CUST000755,BR024,Mortgage,22958.14,19215.56,22414.8,9.181,180.0,2016-01-24,"November 06, 2030",127.55,Defaulted,None,Emergency,365.0,24.0,,Kristen Hall
LOAN000071,CUST003491,BR003,Student,11720.28,"$9,775.89",2621.68,5.536,240.0,"September 20, 2014",07/06/2034,48.83,Delinquent,Vehicle,,273.0,5.0,828.0,Ashley Edwards
LOAN000072,CUST003370,,Mortgage,72972.23,"$65,114.77",59674.35,11.038,24.0,"August 10, 2011",13-07-30,USD 3040.51,Default,none,,227.0,9.0,735.0,Lisa Miller
LOAN000073,CUST000968,BR003,Auto,USD 74332.19,74062.47,26240.05,,12.0,19/07/2018,2019-07-14,USD 6194.35,Active,none,Medical,,,617.0,David Ellis
LOAN000074,CUST004355,BR019,mortgage,9692.49,8514.03,51.68,,180.0,13/01/2023,26-10-2037,53.85,Defaulted,Savings,Vehicle purchase,222.0,7.0,753.0,Diana Rose
LOAN000075,CUST003615,BR016,Home Equity,58259.89,55286.31,"$17,799.10",12.974,60.0,18-06-2015,22/05/2020,971.0,Current,PROPERTY,Wedding,0.0,0.0,574.0,Ryan Nelson
LOAN000076,CUST000155,BR036,Student,39171.97,33878.37,22669.69,17.266,120.0,2022-07-08,16-05-2032,326.43,Defaulted,,Wedding,81.0,6.0,567.0,Angelica Curry
LOAN000077,CUST004918,BR007,Mortgage,17477.84,,13233.39,17.335,120.0,2021-11-27,2031-10-06,$145.65,Defaulted,,Vehicle purchase,74.0,7.0,591.0,Tina Griffith
LOAN000078,CUST004382,BR040,Business,26971.43,,23862.67,4.588,120.0,04/29/2017,"March 08, 2027",224.76,paid off,N/A,Education,,,320.0,John Butler
LOAN000079,CUST002693,BR007,Student,16928.77,16573.94,12855.91,15.801,48.0,99/99/9999,24-09-2023,352.68,Defaulted,PROPERTY,Home improvement,22.0,18.0,572.0,Tina Juarez
LOAN000080,CUST000239,BR042,Auto,31916.35,29894.78,27704.56,8.778,360.0,2022-12-24,"July 19, 2052",88.66,late,,Debt consolidation,0.0,4.0,665.0,Carolyn Gonzalez
LOAN000081,CUST001514,BR045,personal,58820.51,52830.5,14080.32,15.534,48.0,"March 08, 2023",15-02-2027,1225.43,Defaulted,Stocks,Travel,262.0,6.0,779.0,Rhonda Cruz
LOAN000082,CUST001728,BR018,Business,66748.1,64596.63,49466.4,12.275,60.0,12-06-2018,17/05/2023,1112.47,Paid Off,PROPERTY,Wedding,0.0,0.0,421.0,Emily Orr
LOAN000083,CUST002169,BR035,student,79751.14,75535.07,61837.01,14.073,240.0,2010-08-03,99/99/9999,332.3,paid,Savings,Home improvement,0.0,,391.0,Mark Small PhD
LOAN000084,CUST000339,,Business,"28673,97",27376.74,2420.23,8.383,48.0,2016-05-09,"April 18, 2020",597.37,Paid Off,property,Home improvement,0.0,0.0,308.0,Bonnie Johnston
LOAN000085,CUST004028,BR047,Mortgage,50257.51,44751.48,37967.27,12.552,360.0,"July 08, 2015",99/99/9999,,DEFAULT,Stocks,Wedding,11.0,13.0,357.0,Michael Davis
LOAN000086,CUST002417,BR032,Student,40585.72,36157.55,33449.64,8.024,48.0,05/06/2010,15/05/2014,845.54,Defaulted,property,Education,74.0,10.0,788.0,Jared Fitzgerald
LOAN000087,CUST002571,BR032,Business,38521.41,37166.72,226.54,13.449,120.0,06/24/2017,"May 03, 2027",321.01,Defaulted,Stocks,Business expansion,349.0,12.0,419.0,Lawrence Merritt
LOAN000088,CUST002001,BR044,Home Equity,60765.54,57292.63,38693.14,9.473,36.0,99/99/9999,12/08/2015,,Delinquent,Vehicle,Travel,133.0,23.0,,Connie Fry
LOAN000089,CUST002695,BR026,auto,58903.22,48897.35,,13.914,84.0,03/28/2013,2020-02-20,701.23,Defaulted,,Emergency,26.0,9.0,,Pamela Miller
LOAN000090,CUST002291,BR033,Personal,38026.64,31718.53,10656.07,3.645,180.0,22/03/2015,,211.26,Delinquent,Property,Emergency,241.0,11.0,347.0,Joseph Wright
LOAN000091,CUST004934,BR027,Business,23322.6,20417.57,22870.83,11.89,60.0,"August 07, 2010",NULL,388.71,Bad Debt,None,Medical,69.0,24.0,842.0,
LOAN000092,CUST002770,BR015,Personal,37281.59,30569.8,17450.46,3.849,48.0,"October 15, 2015",NULL,776.7,Active,property,Debt consolidation,0.0,0.0,344.0,Adrian Tran
LOAN000093,CUST004279,BR023,Auto,22426.49,21891.47,3603.34,13.68,360.0,"May 20, 2018",12/14/2047,62.3,closed,,Vehicle purchase,0.0,,,
LOAN000094,,BR032,Mortgage,38130.27,,USD 10558.03,16.464,180.0,"September 15, 2022",37-06-28,211.83,Delinquent,PROPERTY,Wedding,171.0,3.0,505.0,Lisa Mckee
LOAN000095,CUST000157,BR013,Home Equity,25263.62,24575.91,16290.59,10.763,180.0,05-04-2016,31-01-17,140.35,Defaulted,Property,Education,201.0,19.0,669.0,Troy Baker
LOAN000096,CUST002931,BR014,Personal,72115.73,59150.71,608.54,10.424,360.0,17-03-27,10/21/2046,200.32,Closed,None,Education,,0.0,727.0,Samuel Torres
LOAN000097,CUST000393,BR016,Auto,47801.83,41144.96,4485.44,11.548,12.0,06-10-2014,01-10-2015,3983.49,Delinquent,property,Education,31.0,19.0,,Mark Robles
LOAN000098,,BR009,Home Equity,54451.42,48314.99,34146.0,7.225,120.0,20/04/2021,02/27/2031,453.76,Active,,Travel,,0.0,615.0,Taylor Alvarado
LOAN000099,CUST002511,BR050,Mortgage,21777.89,,3438.88,3.21,60.0,"April 02, 2016",03/07/2021,362.96,Active,PROPERTY,Wedding,,0.0,454.0,Michael Foster
LOAN000100,CUST000371,BR032,Student,,35466.95,6236.71,14.29,240.0,NULL,06/24/2034,,Late,PROPERTY,Vehicle purchase,276.0,23.0,326.0,Annette Hayes
LOAN000101,CUST004393,BR010,Student,39079.22,34926.11,22537.08,15.759,36.0,2023-06-01,"May 16, 2026",1085.53,Defaulted,Savings,Emergency,161.0,6.0,,Jessica Montoya
LOAN000102,CUST003405,BR010,Student,34602.32,30305.53,32707.19,3.471,120.0,21-10-03,"August 12, 2031",,DEFAULT,none,Business expansion,261.0,14.0,465.0,Olivia Ferguson
LOAN000103,CUST001264,BR047,Business,6782.37,5864.57,2415.76,14.313,,2014-10-27,2044-05-22,$18.84,paid off,N/A,Home improvement,0.0,0.0,626.0,Louis Collins
LOAN000104,CUST001467,BR050,Student,79704.61,71147.74,8978.32,13.54,180.0,05/01/2018,18-10-2032,,Defaulted,Property,Travel,224.0,4.0,811.0,Janet Wright
LOAN000105,CUST001455,BR048,Business,58179.92,57095.82,51782.26,5.772,60.0,"January 07, 2021",12-12-2025,969.67,Closed,Stocks,,0.0,,504.0,
LOAN000106,CUST002869,BR022,personal,48044.82,46746.01,47054.66,16.334,120.0,11-03-31,06-02-2021,400.37,past due,Vehicle,Emergency,146.0,6.0,597.0,Christopher Allen
LOAN000107,CUST001779,BR042,Home Equity,25385.52,22166.57,15495.54,17.604,240.0,25-03-2013,10/12/2032,105.77,Delinquent,Vehicle,Vehicle purchase,38.0,8.0,315.0,Joanna Lawson
LOAN000108,CUST001128,BR024,Business,59390.79,49152.87,35414.83,3.186,24.0,29-09-2012,"September 19, 2014",2474.62,Defaulted,Vehicle,Debt consolidation,280.0,20.0,804.0,Joanne Wilson
LOAN000109,CUST001244,BR042,Personal,"$59,462.70",51542.39,35414.53,5.432,12.0,27-10-2021,99/99/9999,4955.22,Open,none,Travel,,0.0,304.0,Karen Robertson
LOAN000110,CUST001675,BR033,Business,18759.44,"$16,295.85",18737.06,16.047,84.0,17/03/2015,"February 08, 2022",223.33,Paid Off,,,,,333.0,Karen Chapman
LOAN000111,CUST002447,BR042,Auto,27912.77,26706.95,17725.69,3.343,24.0,09/24/2012,14/09/2014,1163.03,delinquent,PROPERTY,Debt consolidation,120.0,20.0,475.0,
LOAN000112,CUST004954,,Student,17808.62,15777.2,4034.39,16.821,84.0,04/09/2017,29-07-2024,212.01,Delinquent,Stocks,Vehicle purchase,196.0,21.0,629.0,Amanda Snyder
LOAN000113,CUST004111,BR042,Student,USD 32678.15,"$27,607.90",15580.52,16.763,36.0,10/04/2023,2026-03-25,907.73,Paid Off,,,,,767.0,Raven Johnson
LOAN000114,CUST000129,BR023,Mortgage,8207.41,8165.16,1198.47,3.724,180.0,30/01/2020,34-11-12,45.6,Delinquent,,Home improvement,192.0,15.0,681.0,Jonathan Miller
LOAN000115,CUST004236,BR007,Student,21612.73,21340.47,9701.63,8.955,36.0,2011-11-07,22-10-2014,600.35,Delinquent,N/A,Vehicle purchase,238.0,7.0,676.0,
LOAN000116,CUST000419,BR003,auto,USD 1387.37,1244.17,99.36,11.494,24.0,"July 19, 2020",09/07/2022,,Active,none,Emergency,,,428.0,
LOAN000117,CUST000243,BR040,Home Equity,33439.44,28876.29,22564.99,3.868,240.0,19-11-2021,06-08-2041,139.33,open,Savings,Business expansion,,,734.0,Stephanie Dennis
LOAN000118,CUST004841,BR016,Auto,"44335,46",43784.96,34656.96,12.627,240.0,"May 24, 2017",02/08/2037,184.73,Delinquent,,Medical,199.0,12.0,653.0,
LOAN000119,CUST003406,BR006,Home Equity,13550.37,"11576,807774044699",870.47,14.588,48.0,15-12-18,"November 27, 2019",282.3,defaulted,,Vehicle purchase,31.0,22.0,495.0,Carlos Smith
LOAN000120,CUST003871,BR001,Student,39474.24,,6593.78,5.198,180.0,17-11-2011,"August 30, 2026",219.3,Open,None,Emergency,0.0,,583.0,Jessica Reed
LOAN000121,CUST000074,BR016,Student,,1482.84,833.95,2.607,180.0,12-02-2010,24-11-25,8.73,Current,Property,,,0.0,414.0,Meghan Davis
LOAN000122,CUST002445,BR005,mortgage,9241.25,7626.42,3203.71,14.281,12.0,21-04-2010,16/04/2011,770.1,Active,Stocks,Travel,0.0,0.0,724.0,Rhonda Reyes
LOAN000123,CUST004276,BR049,Home Equity,48806.81,40603.03,13247.32,8.97,48.0,10-06-03,2014-05-13,1016.81,Defaulted,Savings,Home improvement,115.0,18.0,777.0,Brooke Rodriguez
LOAN000124,CUST004558,BR018,Auto,30649.39,25725.16,10558.17,17.322,360.0,2017-09-30,47-04-26,85.14,Defaulted,Savings,Wedding,343.0,22.0,576.0,Lisa Watson
LOAN000125,CUST000914,BR020,Student,65391.54,57885.85,11087.85,5.991,36.0,07/05/2017,NULL,1816.43,Past Due,Property,,5.0,23.0,328.0,Christine Mullen
LOAN000126,CUST003239,BR037,Student,33959.35,33609.6,26181.52,5.971,24.0,"November 28, 2012","November 18, 2014",USD 1414.97,Defaulted,Vehicle,Travel,22.0,2.0,719.0,David Freeman
LOAN000127,CUST002844,,Personal,38200.54,33279.63,10248.63,16.784,360.0,11-02-09,2040-09-04,$106.11,Paid Off,None,Medical,0.0,0.0,442.0,Brandon Tyler
LOAN000128,CUST000314,BR014,Personal,45406.03,38364.77,6552.68,5.587,120.0,16-08-01,26-06-10,378.38,active,Savings,Medical,,0.0,723.0,Amy Compton
LOAN000129,,BR045,Business,38112.16,36497.15,8630.6,12.48,240.0,07/19/2011,2031-04-05,158.8,Paid Off,property,Education,,,575.0,Joseph King
LOAN000130,CUST002932,BR028,Personal,35742.2,30877.29,23834.56,14.887,60.0,14-03-19,02/21/2019,595.7,Active,None,Vehicle purchase,0.0,,616.0,Alison Gomez
LOAN000131,CUST005000,BR039,Home Equity,26741.3,21559.79,21064.93,6.125,60.0,2023-01-16,21-12-2027,,PAST DUE,Vehicle,Wedding,74.0,7.0,554.0,Laura Crawford
LOAN000132,CUST001434,BR014,Mortgage,19474.04,"16116,33655001674",8009.37,3.409,360.0,22/03/2020,16-10-2049,54.09,Closed,none,Medical,0.0,,602.0,Anna Holloway
LOAN000133,CUST000029,BR017,Home Equity,33689.56,,4386.66,13.147,60.0,14-02-2014,2019-01-19,561.49,Completed,none,Debt consolidation,,0.0,674.0,Cassidy Le
LOAN000134,CUST002653,BR047,Business,10184.95,8542.31,5390.2,,36.0,03/04/2010,18/03/2013,282.92,Defaulted,PROPERTY,Debt consolidation,200.0,12.0,737.0,Olivia Nolan
LOAN000135,CUST004166,,Auto,42018.35,,415.15,16.124,360.0,02-05-2020,11/26/2049,116.72,In Progress,property,Debt consolidation,0.0,0.0,364.0,Adam Andrews
LOAN000136,CUST002186,BR019,Student,59055.02,50883.82,38777.88,14.12,240.0,14/08/2022,01-05-2042,246.06,DELINQUENT,Savings,Medical,171.0,7.0,395.0,
LOAN000137,CUST004276,BR020,Student,USD 4235.29,3906.53,1186.18,7.378,240.0,NULL,28-10-2030,17.65,open,Stocks,Medical,0.0,0.0,670.0,Megan Lynch
LOAN000138,CUST004989,BR030,Business,57642.27,USD 50821.61,43869.32,12.498,48.0,2019-06-26,23-06-05,1200.88,Active,Stocks,Education,,,684.0,Matthew Thomas
LOAN000139,CUST000608,BR002,Auto,37055.37,35481.29,21708.93,13.218,12.0,12-06-2011,06-06-2012,3087.95,closed,Stocks,Business expansion,,0.0,433.0,Bailey Davis
LOAN000140,,BR014,Mortgage,23613.22,22302.6,14841.67,13.417,120.0,2017-10-15,27-08-24,196.78,Active,PROPERTY,,0.0,0.0,559.0,Erin Underwood
LOAN000141,CUST001943,BR037,Personal,50159.64,47094.24,28427.95,17.567,48.0,"January 14, 2015",2018-12-24,1044.99,Current,PROPERTY,Business expansion,0.0,0.0,815.0,Maria Lara
LOAN000142,CUST004644,BR025,Auto,30674.62,25323.04,11623.64,,180.0,21-10-19,08/01/2036,170.41,Default,,Business expansion,255.0,18.0,488.0,Deborah Ward
LOAN000143,CUST000243,BR043,Business,25053.21,24691.23,9440.72,3.603,,"May 28, 2017",05/02/2022,417.55,Late,property,Medical,312.0,6.0,409.0,Scott Reid
LOAN000144,CUST004065,BR031,Home Equity,2820.14,2289.78,1627.75,8.335,84.0,99/99/9999,28-10-15,33.57,DELINQUENT,property,Medical,58.0,2.0,772.0,Lisa Peterson
LOAN000145,CUST004864,BR018,Student,30709.56,29516.8,8761.65,15.562,36.0,26-12-2017,20-12-10,,Delinquent,Property,,246.0,5.0,434.0,Anthony Clarke
LOAN000146,CUST003343,BR016,Personal,52564.62,42965.4,16218.99,2.696,60.0,28/08/2022,02-08-2027,876.08,Delinquent,Stocks,Travel,348.0,14.0,718.0,Patricia Stout
LOAN000147,CUST003057,BR012,Auto,17239.73,16230.95,9153.35,3.368,240.0,13-07-27,2033-04-13,71.83,Delinquent,PROPERTY,Medical,111.0,24.0,809.0,
LOAN000148,CUST004310,BR014,Auto,44231.23,37203.62,14780.17,12.819,24.0,2019-06-05,05/25/2021,1842.97,closed,property,Travel,,,754.0,Cindy Bryant
LOAN000149,CUST004757,BR009,Mortgage,1966.99,"$1,901.61",671.37,3.992,36.0,2012-10-02,09/17/2015,54.64,Active,Savings,Emergency,0.0,0.0,329.0,Christopher Matthews
LOAN000150,CUST000620,BR023,auto,11478.5,9614.32,"$8,674.18",4.462,360.0,06-03-2020,NULL,31.88,Active,Property,Education,,0.0,353.0,Dana Williams
LOAN000151,CUST000533,BR016,Mortgage,,14661.0,5280.07,16.914,24.0,09/16/2021,06/09/2023,674.17,Defaulted,Savings,Home improvement,106.0,3.0,428.0,Sarah Mcclure
LOAN000152,CUST001884,BR004,Business,"5648,26",5477.91,1236.11,10.182,60.0,NULL,"August 20, 2024",94.14,Late,none,Business expansion,17.0,23.0,486.0,Gregory Pierce
LOAN000153,CUST000674,BR001,Auto,30336.3,28096.05,"$28,252.73",12.824,360.0,"February 22, 2022",18/09/2051,84.27,Active,N/A,Education,0.0,,746.0,James Gray
LOAN000154,CUST002896,,mortgage,52059.09,50635.67,40108.85,2.529,60.0,NULL,99/99/9999,867.65,Defaulted,N/A,Business expansion,305.0,23.0,,
LOAN000155,CUST004154,BR001,Business,48800.44,48682.64,33625.01,16.513,360.0,2023-04-14,2052-11-07,,Paid Off,Property,Medical,,0.0,613.0,Allen Norman
LOAN000156,,BR041,Student,32946.79,31864.12,,8.66,48.0,"July 13, 2022",22/06/2026,686.39,Delinquent,property,Medical,124.0,9.0,346.0,Don Smith
LOAN000157,CUST003752,BR042,Student,29229.12,24692.94,10297.75,11.216,,16-11-26,36-08-13,121.79,Current,Savings,Debt consolidation,0.0,0.0,709.0,
LOAN000158,CUST004060,,auto,15235.09,15061.22,4408.86,5.421,84.0,"May 01, 2018",25-03-2025,181.37,DELINQUENT,none,Education,344.0,13.0,830.0,
LOAN000159,CUST000923,BR001,Personal,84515.53,71343.2,15084.42,12.853,360.0,06/24/2017,47-01-18,234.77,Paid Off,,Business expansion,,0.0,504.0,
LOAN000160,CUST003381,BR019,Business,21632.18,19978.49,10191.13,17.402,84.0,17/08/2019,"July 11, 2026",257.53,closed,N/A,Emergency,,,824.0,Jose Monroe
LOAN000161,CUST001905,BR028,Mortgage,37519.28,,17010.72,3.471,36.0,"September 25, 2011",2014-09-09,,Active,none,Education,,0.0,523.0,Nicholas Walker
LOAN000162,CUST000902,BR003,Mortgage,3427000.0,31208.61,31080.77,12.062,48.0,01-05-2012,"April 10, 2016",71396.0,Delinquent,Stocks,Business expansion,47.0,2.0,625.0,Sherry Walters
LOAN000163,CUST000227,BR012,Personal,14371.77,14109.78,12613.62,9.8,360.0,04/02/2023,2052-08-30,39.92,Paid Off,Property,Business expansion,0.0,,384.0,Donald Thompson
LOAN000164,CUST001756,BR041,Auto,11950.64,"$9,735.12",820939.0,9.51,240.0,"November 27, 2015","August 14, 2035",49.79,Completed,None,Debt consolidation,,,602.0,Brian Terry
LOAN000165,CUST004555,BR019,Personal,70055.58,67381.52,48950.75,4.934,48.0,12-10-2017,"September 21, 2021",1459.49,paid off,N/A,Emergency,,0.0,630.0,Bethany Hutchinson
LOAN000166,CUST004148,BR041,Mortgage,69037.86,58790.2,26994.98,3.609,60.0,06/13/2015,17/05/2020,USD 1150.63,Defaulted,None,Business expansion,180.0,9.0,720.0,
LOAN000167,CUST001130,BR016,Mortgage,41231.6,34767.5,,7.351,360.0,29/09/2016,25/04/2046,USD 114.53,Defaulted,property,Emergency,226.0,5.0,591.0,Jose Perry
LOAN000168,CUST002882,BR013,Personal,18628.73,15868.88,6144.49,14.638,12.0,99/99/9999,,1552.39,PAID OFF,Savings,Debt consolidation,,0.0,845.0,Cheryl Rice
LOAN000169,CUST001394,BR046,Mortgage,49074.5,"$43,124.25",44930.94,15.573,180.0,15/08/2018,28/05/2033,272.64,PAST DUE,None,Education,98.0,15.0,687.0,Cindy Bryan
LOAN000170,CUST001854,BR005,Mortgage,34250.55,27849.93,33735.81,8.989,12.0,"January 26, 2015",01/21/2016,USD 2854.21,Paid Off,,Education,0.0,0.0,450.0,David Harper
LOAN000171,CUST004145,BR030,Personal,"$10,787.20",1044997.759477127,6188.37,14.39,48.0,03-12-2011,12-11-2015,224.73,Defaulted,PROPERTY,Emergency,133.0,6.0,764.0,Melissa Kirby
LOAN000172,CUST000517,,Home Equity,45968.43,42949.66,43641.66,3.406,36.0,"December 02, 2013",16-11-16,,Defaulted,,Emergency,35.0,5.0,635.0,Sharon Nelson
LOAN000173,CUST003383,BR025,Home Equity,88869.96,80149.01,50887.66,5.303,24.0,11-05-2018,30-04-2020,3702.92,Delinquent,,,99.0,12.0,683.0,Anne Gilbert
LOAN000174,CUST004110,BR043,Personal,12880.57,12584.24,11754.69,9.282,48.0,2011-09-21,"August 31, 2015",268.35,Paid Off,PROPERTY,,,0.0,760.0,Benjamin Bowers
LOAN000175,CUST001282,BR009,Personal,51540.54,41317.44,30484.16,14.76,120.0,,10/02/2022,429.5,Delinquent,Savings,Wedding,179.0,23.0,,Lee Davenport
LOAN000176,CUST003840,BR005,Auto,,44820.22,,6.686,12.0,"April 08, 2016",03/04/2017,4168.58,Active,,Vehicle purchase,,,446.0,Christopher Edwards
LOAN000177,CUST002070,BR028,Mortgage,USD 77002.70,75061.05,46975.91,5.672,120.0,04/12/2013,23-10-13,641.69,paid,Savings,Wedding,0.0,,,Veronica Allen
LOAN000178,CUST001825,BR013,Auto,4800.91,4059.19,4466.12,8.668,36.0,18-03-2014,NULL,,Active,Savings,,,0.0,570.0,Gwendolyn Cohen
LOAN000179,CUST001698,BR005,Home Equity,14109.44,11957.9,3092.98,15.886,240.0,08/01/2011,25/09/2030,58.79,Delinquent,Vehicle,Education,139.0,18.0,676.0,Sean Mathis
LOAN000180,CUST003260,BR047,business,31043.2,30970.57,26412.53,9.768,240.0,15-11-07,2035-07-25,129.35,Defaulted,None,Wedding,152.0,22.0,822.0,Kimberly Hodge
LOAN000181,CUST002926,BR009,Auto,66849.29,,48029.4,16.815,240.0,01/05/2011,2030-09-22,278.54,Delinquent,,Medical,356.0,5.0,794.0,Peter Lewis
LOAN000182,CUST004940,BR012,Auto,12207.89,10168.53,4592.36,14.751,24.0,08/23/2017,08/13/2019,508.66,Defaulted,PROPERTY,Vehicle purchase,307.0,4.0,652.0,Chelsea Gibbs
LOAN000183,,BR011,Student,17234.35,14147.36,3560.06,,36.0,16-11-24,19-11-09,USD 478.73,Past Due,property,Debt consolidation,63.0,13.0,371.0,Jessica Rojas
LOAN000184,CUST000226,BR023,Student,31058.61,27839.7,16627.24,15.648,,22-04-23,17/03/2029,369.75,Default,N/A,Travel,111.0,4.0,305.0,Samuel Mann
LOAN000185,CUST002447,BR030,Personal,8394.72,"$8,283.20",5343.49,13.582,12.0,08-05-2016,03/05/2017,699.56,Charged Off,property,Medical,84.0,13.0,477.0,Renee Brown
LOAN000186,CUST004329,BR022,Auto,29452.1,,21916.02,10.334,180.0,10-07-05,17-04-2025,163.62,Default,Stocks,Travel,230.0,19.0,568.0,Sandra Madden
LOAN000187,CUST001925,BR018,Student,23169.12,19167.3,18280.99,13.523,,2021-04-28,"March 22, 2028",275.82,Active,none,Wedding,0.0,0.0,667.0,Katie Mullins
LOAN000188,CUST002284,BR035,Mortgage,,4902.0,2572.73,10.613,24.0,07/14/2014,07/03/2016,245.57,Past Due,None,Debt consolidation,329.0,14.0,578.0,Kelly Ward
LOAN000189,CUST000627,BR013,Student,,44432.41,45887.2,13.337,36.0,2013-05-25,09/05/2016,1338.91,Current,Savings,Business expansion,0.0,,501.0,Michael Cobb
LOAN000190,CUST003441,BR029,Business,64398.31,60500.82,31773.67,13.47,180.0,16/08/2014,05/29/2029,357.77,Paid Off,Stocks,Travel,0.0,0.0,755.0,
LOAN000191,CUST004561,BR043,Home Equity,35347.95,32751.46,18819.28,8.5,360.0,2018-07-10,2048-02-03,98.19,delinquent,none,Vehicle purchase,257.0,6.0,313.0,Edward Clements
LOAN000192,CUST002995,BR024,Student,20123.93,18364.22,16202.7,15.54,36.0,"December 31, 2010",15-12-2013,559.0,Active,N/A,,0.0,0.0,632.0,Dennis Huerta
LOAN000193,CUST003558,BR029,Business,44351.16,,28925.81,6.827,360.0,27/07/2011,19-02-2041,,Paid Off,Savings,,,,403.0,Alex Robertson
LOAN000194,CUST002960,BR017,home equity,USD 6664.55,6272.4,1042.14,,48.0,NULL,29/07/2019,138.84,Active,Stocks,Medical,,0.0,698.0,Douglas Rivas
LOAN000195,CUST004100,BR012,Auto,17886.45,17523.96,13581.02,,84.0,18-01-31,25-12-2024,212.93,Active,Stocks,Debt consolidation,,,783.0,Allison Gardner
LOAN000196,CUST003569,BR010,Personal,41416.19,34101.32,36578.92,15.157,48.0,2016-07-29,08/07/2020,"862,84",paid off,N/A,Emergency,,0.0,449.0,Bonnie Johnson
LOAN000197,,BR009,Auto,,36971.28,31700.09,11.031,360.0,2010-09-18,13-04-2040,111.45,Defaulted,Property,Emergency,197.0,16.0,719.0,Michael Brown
LOAN000198,,BR013,Auto,26548.94,24775.82,18566.65,15.033,36.0,13/06/2013,99/99/9999,737.47,Delinquent,N/A,Medical,331.0,19.0,316.0,Jodi Rodriguez
LOAN000199,CUST001243,BR011,Personal,2102.6,1856.59,262.24,8.038,12.0,2019-12-08,02/12/2020,"175,22",Defaulted,,Business expansion,119.0,18.0,658.0,Andrea Galloway
LOAN000200,CUST002004,BR019,Personal,12739.17,10929.42,USD 6442.51,5.601,84.0,"May 31, 2017",24-04-24,151.66,Active,Vehicle,Debt consolidation,,,486.0,
LOAN000201,CUST000664,BR025,Auto,46893.45,41879.48,17028.48,15.561,240.0,15-06-2018,99/99/9999,195.39,Paid Off,N/A,Travel,,0.0,839.0,Jeffrey Roberts
LOAN000202,CUST004282,BR035,Home Equity,40953.17,33441.48,,15.237,240.0,"July 27, 2013",04/13/2033,170.64,Active,Stocks,,0.0,0.0,806.0,Mr. Marcus Lee Jr.
LOAN000203,CUST003513,BR006,Mortgage,67824.35,61045.77,47353.69,12.259,84.0,2010-03-04,26-01-2017,807.43,Active,Savings,Business expansion,0.0,,326.0,Melissa Collins
LOAN000204,CUST000490,BR030,Business,20357.33,19545.56,8883.67,2.643,60.0,05/03/2020,04/07/2025,,Paid Off,none,Home improvement,,0.0,484.0,Amanda Allen
LOAN000205,CUST002364,BR045,Personal,23275.68,19595.51,22737.49,8.745,120.0,26-12-2010,03-11-2020,193.96,Paid Off,Stocks,Wedding,0.0,0.0,540.0,
LOAN000206,CUST004431,BR034,mortgage,1091.97,991.97,857.86,9.737,240.0,26/12/2012,09/12/2032,4.55,late,None,Vehicle purchase,143.0,19.0,759.0,Alexander Yates
LOAN000207,CUST001728,BR001,Business,30638.31,26681.45,2357.53,17.357,120.0,15-06-02,2025-04-10,255.32,charged off,Property,Business expansion,127.0,17.0,324.0,Veronica Watson
LOAN000208,CUST001877,BR027,Home Equity,48615.91,45566.03,USD 16146.14,9.63,84.0,2017-06-29,24-05-23,$578.76,Delinquent,,Home improvement,51.0,1.0,358.0,Robert Franklin
LOAN000209,CUST003673,BR028,Mortgage,28779.86,25407.16,8374.32,11.929,84.0,03/19/2015,10-02-2022,342.62,past due,N/A,Vehicle purchase,96.0,6.0,590.0,Darlene Paul
LOAN000210,CUST003936,BR039,Auto,37820.56,30715.78,22540.25,6.642,36.0,13-08-24,08/08/2016,1050.57,Paid Off,,Vehicle purchase,0.0,,667.0,Eric Tucker
LOAN000211,CUST000941,BR045,student,,62735.84,,11.082,12.0,23-07-2010,2011-07-18,5794.83,Paid Off,N/A,,,0.0,334.0,Carolyn Velazquez
LOAN000212,CUST002908,BR004,Mortgage,32988.75,31442.26,3244343.0,3.164,120.0,2022-09-22,2032-07-31,274.91,PAID OFF,property,Wedding,0.0,0.0,406.0,Timothy Campos
LOAN000213,CUST001537,BR040,Auto,52464.08,47929.5,"$5,467.03",11.282,84.0,12/01/2012,06-12-2018,624.57,paid,N/A,Business expansion,,,,
LOAN000214,CUST000703,BR049,home equity,25744.82,20728.84,6670.37,14.36,12.0,2014-10-08,15-10-03,,Paid Off,property,Business expansion,,0.0,630.0,Micheal Petty
LOAN000215,CUST001840,,Mortgage,32519.24,28379.9,25490.98,9.331,36.0,12-05-02,04/17/2015,903.31,Delinquent,N/A,Travel,282.0,13.0,610.0,Anita Williams
LOAN000216,CUST000678,BR042,Business,23122.83,18863.03,1892.52,2.757,48.0,"March 16, 2011","February 23, 2015",481.73,delinquent,N/A,Debt consolidation,332.0,8.0,338.0,Karen Mitchell
LOAN000217,CUST001049,BR007,Student,75684.48,65333.9,47825.62,2.657,84.0,15/11/2014,"October 09, 2021",901.01,paid off,Savings,Vehicle purchase,,0.0,381.0,Barbara Wells
LOAN000218,CUST003255,BR012,mortgage,65954.14,64292.96,55061.86,5.395,36.0,17-09-2012,09/02/2015,1832.06,Active,property,Emergency,0.0,,366.0,Mrs. Tiffany Torres
LOAN000219,CUST002291,BR035,Personal,37396.96,35740.58,22342.08,10.722,,06/06/2010,04/30/2017,44520.0,Active,property,Vehicle purchase,0.0,0.0,580.0,John Carter
LOAN000220,CUST001072,BR006,auto,47675.07,44824.01,42430.08,10.013,36.0,"March 02, 2018",02/14/2021,1324.31,Delinquent,,Vehicle purchase,12.0,21.0,414.0,Michelle Morris
LOAN000221,CUST002434,BR046,Student,60598.75,51476.02,58347.58,17.176,24.0,23/01/2019,99/99/9999,USD 2524.95,Delinquent,N/A,Home improvement,204.0,9.0,614.0,Austin Chavez
LOAN000222,CUST002799,BR006,Mortgage,77344.56,"66291,50095155276",50435.74,11.082,,2012-06-13,17-05-18,,Defaulted,Property,Travel,9.0,22.0,759.0,Christopher Short
LOAN000223,CUST002568,BR018,Home Equity,"$13,129.47",10773.29,USD 750.13,7.099,48.0,19-07-18,27/06/2023,27352.999999999996,Active,None,,,,637.0,Stephen Pacheco
LOAN000224,CUST003883,BR042,Student,,24914.05,13652.85,7.355,120.0,30-12-2021,"November 08, 2031",212.4,Paid Off,PROPERTY,Travel,0.0,0.0,353.0,Donna Mccormick
LOAN000225,CUST000495,BR002,Auto,74938.99,71961.83,52643.64,12.932,12.0,2020-04-19,2021-04-14,6244.92,Delinquent,Savings,Vehicle purchase,300.0,12.0,469.0,Zachary Fisher
LOAN000226,,BR050,Mortgage,36876.64,30577.5,18244.74,11.126,60.0,09/07/2021,26-06-13,614.61,Closed,,Vehicle purchase,,0.0,739.0,Courtney Clark
LOAN000227,CUST000156,BR004,Auto,38175.87,35867.17,,16.073,60.0,03/30/2017,04-03-2022,636.26,late,N/A,Medical,22.0,17.0,741.0,Jose Sheppard
LOAN000228,CUST003130,BR049,Home Equity,33356.98,31288.97,17909.98,6.588,120.0,14-05-25,02-04-2024,277.97,active,Property,Emergency,0.0,0.0,826.0,Tricia Sutton
LOAN000229,CUST002680,BR010,Auto,48265.82,46824.88,35006.47,8.275,12.0,99/99/9999,20-02-2022,4022.15,Paid Off,property,Emergency,,,509.0,Robert Chapman
LOAN000230,CUST002282,BR039,Mortgage,39670.26,39199.02,13180.66,6.212,360.0,99/99/9999,"August 16, 2048",110.2,Closed,Property,Medical,,,458.0,Karen Duncan
LOAN000231,CUST001603,BR042,Business,17277.93,16266.38,15787.65,10.14,,04-11-2015,09/12/2025,143.98,Current,,Wedding,0.0,0.0,721.0,William Mcdonald
LOAN000232,CUST001231,BR007,Home Equity,19716.28,19103.69,,8.933,180.0,23/10/2020,06/08/2035,$109.53,ACTIVE,Vehicle,Travel,,0.0,530.0,Danielle Pierce
LOAN000233,CUST004593,BR027,Home Equity,47953.16,41963.74,36500.27,12.719,60.0,11-05-28,05/01/2016,799.22,Delinquent,PROPERTY,,272.0,1.0,499.0,Rachel Mccarthy
LOAN000234,CUST003774,BR024,personal,31774.19,25504.27,23625.7,16.19,36.0,NULL,"January 01, 2019",882.62,late,Stocks,Education,131.0,23.0,383.0,Thomas Krueger
LOAN000235,CUST000738,BR046,Business,52029.65,50916.94,,5.32,36.0,2018-10-20,10/04/2021,1445.27,Past Due,N/A,Home improvement,285.0,8.0,338.0,Holly Gibson
LOAN000236,CUST001781,BR048,Auto,49332.56,42332.13,4136.12,13.396,60.0,99/99/9999,2020-10-21,822.21,Defaulted,PROPERTY,Home improvement,264.0,23.0,804.0,
LOAN000237,CUST004200,,Business,37613.24,30555.46,36714.59,7.241,180.0,NULL,01/10/2028,208.96,Defaulted,Vehicle,Home improvement,45.0,14.0,346.0,Heather Campbell
LOAN000238,CUST001417,BR018,Home Equity,51578.76,,36613.67,6.986,60.0,16-01-2021,25-12-21,859.65,Paid Off,PROPERTY,Debt consolidation,,0.0,,Susan Pace
LOAN000239,CUST004516,BR004,Home Equity,42226.56,34950.8,41120.9,15.595,120.0,,27/05/2031,351.89,Defaulted,N/A,Home improvement,147.0,10.0,569.0,Gary White
LOAN000240,CUST004262,BR050,Home Equity,40428.09,35963.11,12958.56,6.8,60.0,2010-10-21,09/25/2015,673.8,Active,Stocks,Emergency,0.0,,,James Fisher
LOAN000241,CUST004409,BR049,Personal,1000,843.15,749.66,9.829,60.0,"January 14, 2023",12/19/2027,16.67,Active,,Travel,0.0,0.0,452.0,William Conway
LOAN000242,CUST003399,BR022,Personal,26568.69,24264.06,21691.24,16.679,,2022-07-29,99/99/9999,738.02,Defaulted,Property,Education,259.0,7.0,471.0,Jeffrey Harris
LOAN000243,CUST003932,BR004,Auto,19449.02,18020.34,16733.77,12.423,,2021-03-16,2026-02-18,324.15,late,Vehicle,Emergency,213.0,10.0,374.0,Sarah Brown
LOAN000244,CUST004376,BR027,Home Equity,39428.94,32831.63,24887.35,3.862,180.0,24/08/2021,06-06-2036,219.05,Active,PROPERTY,Medical,,0.0,,William Jones
LOAN000245,CUST002682,BR031,Business,62975.52,60028.46,24772.15,16.266,36.0,"October 26, 2016",11-10-2019,1749.32,Paid Off,N/A,,,0.0,706.0,Erik Simmons
LOAN000246,CUST001245,BR024,Mortgage,50998.6,42087.94,23016.34,15.14,360.0,19-04-07,31-10-2048,141.66,Active,,Emergency,0.0,0.0,756.0,Jennifer Garza
LOAN000247,CUST001339,BR003,Business,27910.81,,27261.91,6.171,120.0,22-05-2016,31-03-2026,232.59,paid off,Property,Medical,,0.0,450.0,Rachel Rodriguez
LOAN000248,CUST000111,BR006,Auto,65494.79,62903.81,10374.17,10.686,84.0,07/01/2010,25-05-2017,779.7,Paid Off,N/A,Business expansion,0.0,0.0,597.0,Nicholas Lewis
LOAN000249,CUST000538,BR026,mortgage,30126.53,28000.63,4120.49,5.157,36.0,14/02/2015,29-01-2018,836.85,DELINQUENT,Stocks,Medical,154.0,18.0,814.0,Richard Johnson
LOAN000250,CUST004739,BR012,Student,30307.04,28261.64,29726.66,2.897,60.0,"September 29, 2021","September 03, 2026",505.12,DEFAULT,Vehicle,Emergency,124.0,21.0,614.0,
LOAN000251,CUST004183,,Business,55057.01,46504.97,41231.96,16.121,360.0,99/99/9999,01/10/2047,152.94,Delinquent,Stocks,Business expansion,307.0,17.0,,William Evans
LOAN000252,CUST000065,BR014,Mortgage,,22754.93,3465.54,16.063,240.0,"May 03, 2022",18/01/2042,103.74,Defaulted,N/A,Vehicle purchase,357.0,8.0,684.0,Luis Smith
LOAN000253,CUST002458,BR007,Home Equity,28575.08,"$28,433.23",18552.86,13.906,60.0,21/12/2014,2019-11-25,476.25,Defaulted,PROPERTY,Wedding,220.0,15.0,576.0,Julia Hernandez
LOAN000254,CUST004303,BR034,Business,"$49,046.53",39416.65,32421.66,6.882,36.0,05-10-2013,19-09-2016,1362.4,Open,none,Vehicle purchase,0.0,0.0,609.0,Anita Hart
LOAN000255,CUST001601,BR038,Mortgage,25648.89,25080.65,7368.18,3.919,84.0,22/05/2016,16/04/2023,305.34,Closed,property,Medical,0.0,,544.0,Alyssa Brooks
LOAN000256,CUST002449,BR048,Mortgage,"$67,473.47",59938.9,7248.22,4.502,240.0,18/04/2016,36-01-04,281.14,Current,PROPERTY,,,,483.0,
LOAN000257,CUST000681,BR011,Home Equity,61115.96,57952.45,52431.98,6.793,48.0,"August 17, 2011",2015-07-27,1273.25,late,Stocks,Business expansion,46.0,7.0,493.0,Stacey Miles
LOAN000258,CUST000666,BR036,Mortgage,15318.91,14780.65,562648.0,3.03,60.0,"February 08, 2011",16-01-13,255.32,Open,Stocks,Travel,,0.0,412.0,David Wallace
LOAN000259,CUST001514,BR034,Personal,8512.47,"7337,3677463689255",7455.54,9.995,120.0,"September 25, 2021","August 04, 2031",70.94,Active,None,Debt consolidation,,,477.0,Alexis Gonzalez
LOAN000260,CUST000136,BR004,Business,21938.7,17680.16,14503.11,14.043,84.0,2014-01-16,2020-12-10,26118.0,Active,Stocks,,0.0,,419.0,Timothy Chapman
LOAN000261,CUST001823,BR019,Personal,88649.11,86517.2,41896.25,10.671,48.0,99/99/9999,2016-08-13,1846.86,Defaulted,property,Debt consolidation,134.0,15.0,323.0,Amanda Le
LOAN000262,CUST002963,BR009,Mortgage,50029.02,4948576.497316406,,12.011,180.0,"July 25, 2013",99/99/9999,277.94,DEFAULTED,property,Medical,296.0,17.0,308.0,Laura Villarreal
LOAN000263,CUST000846,BR026,Personal,,9883.26,11309.15,9.515,84.0,08/31/2017,99/99/9999,134.94,Active,Vehicle,Education,,0.0,,Brenda Boyd
LOAN000264,CUST000108,BR026,Auto,73460.08,69330.76,47648.03,3.919,120.0,08/19/2020,28-06-2030,$612.17,Paid Off,N/A,Medical,0.0,,,Stephanie Rosales
LOAN000265,CUST004244,BR015,Business,84289.16,"$79,807.85",41440.6,7.74,60.0,13-01-09,14-12-2017,1404.82,Defaulted,None,Medical,125.0,11.0,,
LOAN000266,CUST003180,BR011,Auto,45403.34,45304.24,33104.31,4.626,48.0,18-05-17,26/04/2022,945.9,Charged Off,property,Debt consolidation,360.0,19.0,501.0,Hannah Gaines
LOAN000267,CUST004340,BR001,Business,,12019.22,11404.12,17.98,,"December 20, 2019",13/11/2026,154.37,Delinquent,,Debt consolidation,54.0,5.0,401.0,Debbie Ayala
LOAN000268,CUST004349,BR020,Business,37582.17,33555.52,13026.12,5.924,180.0,23-07-2016,31-05-06,208.79,PAST DUE,Property,Emergency,329.0,15.0,,Jessica Arellano
LOAN000269,CUST000440,BR019,Home Equity,45262.5,44053.63,27640.24,14.225,360.0,02/14/2017,46-09-10,,Paid Off,None,Wedding,,,555.0,Samuel Abbott
LOAN000270,CUST000457,BR049,Student,82945.59,69281.31,7309.47,,360.0,07/15/2022,"February 08, 2052",230.4,PAST DUE,property,Travel,224.0,23.0,511.0,Robert Reese
LOAN000271,CUST004908,BR023,Auto,"47054,63",42887.87,22298.79,,36.0,"July 20, 2020",05-07-2023,1307.07,charged off,Vehicle,Wedding,335.0,7.0,384.0,Michael Martin
LOAN000272,CUST002289,BR002,Student,43506.01,35136.05,24089.94,13.853,36.0,2012-10-13,"September 28, 2015",1208.5,DELINQUENT,Savings,Education,53.0,22.0,518.0,Shannon Cooper
LOAN000273,CUST003028,BR024,Mortgage,49670.12,49417.04,2279.19,12.958,240.0,"July 22, 2015",08/04/2035,,Defaulted,property,Wedding,81.0,5.0,357.0,Richard Key
LOAN000274,CUST000150,BR001,Home Equity,75993.19,64918.98,44085.47,6.222,60.0,2022-12-20,11/24/2027,1266.55,paid,property,Wedding,0.0,,306.0,Sarah Reyes
LOAN000275,CUST004562,BR024,Home Equity,25979.81,22443.2,2275.13,12.599,240.0,21-10-31,07/18/2041,108.25,Defaulted,Stocks,Wedding,318.0,2.0,763.0,Claudia Reyes
LOAN000276,CUST003691,,Business,,47288.9,39777.63,11.733,12.0,27-07-2010,2011-07-22,4162.76,Current,,Debt consolidation,,,325.0,Michael Lee
LOAN000277,CUST002449,BR006,Student,42299.42,42249.46,USD 24886.10,16.954,180.0,2011-08-03,16/05/2026,235.0,Paid Off,Stocks,Medical,0.0,,,Peggy Hall
LOAN000278,CUST002921,BR022,Student,12933.37,10833.74,1043.05,,360.0,08/05/2021,01/03/2051,35.93,PAST DUE,Stocks,Emergency,161.0,6.0,469.0,Breanna Davis
LOAN000279,CUST004298,BR039,Student,9231.92,7824.99,6432.98,2.956,240.0,02/04/2020,"October 22, 2039",38.47,Delinquent,Savings,Wedding,287.0,22.0,329.0,Kelly Lane
LOAN000280,CUST002799,BR035,Mortgage,41018.57,37416.77,4234.82,9.778,36.0,2022-01-29,13-01-2025,1139.4,Defaulted,Property,Home improvement,154.0,19.0,600.0,Dennis Beltran
LOAN000281,CUST000059,BR031,Mortgage,31247.15,26064.27,6921.91,16.484,24.0,"March 24, 2019",2021-03-13,1301.96,Active,none,Home improvement,0.0,0.0,781.0,Bonnie Jones
LOAN000282,CUST001100,BR015,Mortgage,11155.11,9435.42,11080.08,15.028,,21-12-2013,14-11-2020,132.8,Defaulted,Savings,Wedding,80.0,18.0,688.0,Mariah Rose
LOAN000283,CUST001089,BR025,Mortgage,40225.05,33884.21,17523.16,6.461,36.0,28-02-2021,24-02-13,1117.36,active,Property,,0.0,0.0,474.0,Kristy Norris
LOAN000284,CUST004274,BR030,Auto,57444.94,49410.98,,7.73,12.0,"July 07, 2020",02/07/2021,4787.08,Closed,Savings,Home improvement,0.0,0.0,539.0,Joyce Peterson
LOAN000285,CUST004459,BR046,Mortgage,17381.0,15849.61,1433.77,8.928,60.0,20-06-01,2025-05-06,289.68,Defaulted,N/A,,111.0,3.0,692.0,Tonya Reynolds
LOAN000286,CUST002108,BR018,Personal,"$18,835.39",,9643.74,6.836,24.0,09-06-2014,2016-05-29,784.81,Active,PROPERTY,Medical,0.0,0.0,352.0,Manuel Vaughn
LOAN000287,CUST000839,BR007,Business,1000,897.07,111.5,10.979,360.0,2016-05-15,12/09/2045,2.78,Active,Property,Home improvement,0.0,,691.0,Kevin Clark
LOAN000288,CUST002032,BR036,Home Equity,35803.76,"33008,323882534285",22934.27,3.895,84.0,99/99/9999,27-03-2028,426.24,Defaulted,PROPERTY,Emergency,97.0,15.0,648.0,Julie Pugh
LOAN000289,CUST000838,,Home Equity,56416.83,48995.41,21950.28,7.043,84.0,25/07/2020,2027-06-19,671.63,Paid Off,none,Emergency,,0.0,,Jessica Lawrence
LOAN000290,CUST003095,BR007,Mortgage,13937.48,1124261.554240676,11561.96,4.322,12.0,"March 04, 2011",NULL,,Default,PROPERTY,Vehicle purchase,154.0,24.0,770.0,Tyrone Cherry
LOAN000291,CUST004967,BR016,Student,34414.19,28461.42,5931.1,17.206,240.0,10-10-14,"July 01, 2030",143.39,Delinquent,Property,Home improvement,14.0,13.0,816.0,Juan Lane
LOAN000292,CUST003517,BR043,Personal,5738.21,USD 5704.36,3502.21,3.456,48.0,"June 07, 2010",17-05-2014,119.55,Defaulted,Property,Travel,186.0,10.0,711.0,James Harris
LOAN000293,CUST002501,,Auto,56143.57,50965.62,2706.3,4.171,48.0,"August 04, 2012",07/14/2016,"$1,169.66",Paid,None,Debt consolidation,0.0,0.0,391.0,Richard Simmons
LOAN000294,CUST003461,BR012,Mortgage,10768.31,10718.81,8298.02,11.162,180.0,21-05-2023,03/03/2038,59.82,Delinquent,Stocks,Wedding,93.0,19.0,447.0,Deanna Noble
LOAN000295,,BR006,Mortgage,11598.68,9788.8,2834.61,,240.0,"April 24, 2020",99/99/9999,48.33,Paid Off,Stocks,,,0.0,393.0,
LOAN000296,CUST002237,BR007,Home Equity,59107.43,58343.45,2202.22,7.328,36.0,22-10-02,16-09-2025,1641.87,Delinquent,N/A,Travel,269.0,22.0,844.0,Angela Miller
LOAN000297,CUST002088,BR011,Auto,56115.44,52951.36,21675.98,12.477,180.0,"January 31, 2020",34-11-13,311.75,Active,property,Travel,0.0,,,Connie Lin
LOAN000298,CUST002364,BR005,Mortgage,78391.81,,2106.44,14.267,120.0,17-08-09,27-06-18,653.27,Closed,Property,Home improvement,0.0,,718.0,Rhonda Schroeder
LOAN000299,CUST004025,BR006,Personal,100626.14,99592.65,,4.15,180.0,2010-12-17,29/09/2025,559.03,Active,,Home improvement,0.0,,485.0,Lucas Christian
LOAN000300,CUST001003,,Personal,9414.28,7655.43,971.45,6.362,12.0,2021-04-15,04/10/2022,784.52,charged off,Savings,,273.0,2.0,626.0,
LOAN000301,CUST000174,BR016,student,70090.09,,1731.09,16.141,48.0,15-12-15,24/11/2019,1460.21,Active,None,Home improvement,0.0,,601.0,
LOAN000302,CUST004153,BR040,Mortgage,34189.11,28116.66,16114.7,7.846,24.0,"November 07, 2011",10/27/2013,1424.55,Delinquent,Stocks,,78.0,19.0,529.0,Valerie Bailey
LOAN000303,CUST000278,BR029,Business,20560.54,19783.63,4372.07,6.999,180.0,2017-08-22,04/06/2032,114.23,Active,,Emergency,0.0,,459.0,Brenda Thomas
LOAN000304,CUST001872,BR046,Mortgage,12991.82,10399.44,,3.437,84.0,18-05-02,99/99/9999,154.66,past due,PROPERTY,Vehicle purchase,281.0,20.0,845.0,Corey Peterson
LOAN000305,CUST001235,BR027,Mortgage,26661.15,21780.63,7053.17,6.735,24.0,"December 16, 2018","December 05, 2020",1110.88,PAST DUE,N/A,Wedding,256.0,16.0,347.0,Shelly Wise
LOAN000306,CUST003153,BR025,Student,42155.2,37315.53,559037.0,10.566,84.0,"April 25, 2010","March 19, 2017",501.85,Paid Off,N/A,Wedding,0.0,0.0,303.0,Eric Martinez
LOAN000307,CUST001728,BR025,Student,9020.56,7979.2,4112.14,3.774,12.0,04/03/2013,14-02-27,$751.71,paid,None,Wedding,0.0,0.0,796.0,Sara Brown
LOAN000308,,BR001,Personal,43152.6,42726.18,24160.57,15.835,48.0,10-03-2016,20-02-18,899.01,delinquent,Stocks,Emergency,74.0,16.0,759.0,Amanda Arnold
LOAN000309,CUST003529,,Mortgage,47128.31,38732.87,4752.34,17.297,84.0,07-03-2017,2024-01-30,561.05,Charged Off,,Wedding,230.0,15.0,,
LOAN000310,CUST002144,BR026,Home Equity,74733.57,62812.71,34388.33,4.82,120.0,18-04-30,2028-03-08,622.78,open,None,Education,0.0,,,
LOAN000311,CUST001539,BR009,Business,"$26,342.24",,2389.46,8.702,24.0,06/03/2018,2020-05-23,109758.99999999999,closed,none,Home improvement,0.0,0.0,496.0,James Golden
LOAN000312,CUST004483,,Personal,44228.42,39059.73,8217.94,7.67,84.0,06-09-2017,"July 31, 2024",526.53,charged off,property,Vehicle purchase,219.0,8.0,444.0,
LOAN000313,CUST002405,,Auto,38318.31,34145.6,1371.68,7.271,12.0,19/11/2016,14/11/2017,3193.19,In Progress,PROPERTY,Wedding,0.0,,411.0,Krista Brown
LOAN000314,CUST001080,BR038,Mortgage,5013354.0,43517.38,39685.51,10.348,84.0,"August 30, 2021",28-07-24,"596,83",Active,PROPERTY,Travel,0.0,0.0,662.0,Erin Barnes
LOAN000315,CUST003469,BR007,Student,14995.28,13747.89,4447.5,17.225,360.0,2010-03-23,39-10-17,41.65,Defaulted,,Emergency,327.0,2.0,393.0,Dennis Williams
LOAN000316,CUST001486,BR025,auto,69207.4,66875.14,65170.46,14.342,180.0,23-12-2014,05-10-2029,384.49,Current,None,Medical,0.0,,666.0,Mrs. Daisy Burnett
LOAN000317,CUST004594,BR002,Business,1000,951.14,53.14,15.837,180.0,,,,open,Vehicle,Emergency,,,577.0,Kim Pearson
LOAN000318,CUST004040,BR016,Business,25656.88,"$20,763.83",15645.04,11.749,180.0,"September 09, 2010",06/22/2025,142.54,Defaulted,PROPERTY,,303.0,15.0,604.0,Derrick Guerrero
LOAN000319,CUST000588,BR030,Student,"$38,449.93",37538.94,11055.15,16.248,12.0,17-09-2016,12-09-2017,3204.16,active,,Debt consolidation,,,542.0,Kevin David
LOAN000320,CUST002097,BR007,Auto,66016.98,53995.42,31152.56,4.511,36.0,17/12/2021,01-12-2024,1833.8,Defaulted,Property,Education,156.0,18.0,788.0,Gina Ramirez
LOAN000321,CUST003974,BR020,Mortgage,31009.87,29122.69,1038.68,9.336,360.0,10-04-2014,11/04/2043,USD 86.14,Open,N/A,Emergency,0.0,,428.0,
LOAN000322,CUST002970,BR029,auto,20633.36,17860.05,1438.04,8.778,60.0,2015-05-02,20-04-05,343.89,closed,Vehicle,Home improvement,0.0,,735.0,Rachel Hobbs
LOAN000323,CUST003170,BR002,Home Equity,55667.63,49685.53,23890.67,10.214,,,"March 18, 2020",662.71,Defaulted,Property,Education,81.0,5.0,440.0,Amanda Whitaker
LOAN000324,CUST002459,BR044,Mortgage,82716.11,80860.03,48141.63,11.586,60.0,20-03-16,18/02/2025,1378.6,Paid Off,Savings,Travel,0.0,0.0,404.0,William Ortiz
LOAN000325,CUST000312,BR008,Auto,28395.64,28204.4,11929.46,16.437,84.0,01-10-2015,"August 25, 2022",$338.04,Defaulted,Property,Home improvement,14.0,1.0,845.0,Justin Goodwin
LOAN000326,CUST000064,BR036,Student,10608.51,8739.74,1104.95,13.201,60.0,19-11-02,06-10-2024,,Active,Stocks,Wedding,,0.0,818.0,Frances Green
LOAN000327,CUST002075,BR046,Auto,2525.57,2243.4,2317.94,11.256,12.0,06/13/2012,2013-06-08,210.46,Bad Debt,None,,359.0,8.0,553.0,William Willis
LOAN000328,CUST002202,BR012,Auto,,1285.07,388.79,8.408,180.0,21/05/2016,,7.74,paid off,Stocks,,,,623.0,Mary Vance
LOAN000329,CUST002976,BR033,Business,41754.86,35339.97,USD 18421.47,,24.0,07/09/2010,2012-06-28,"$1,739.79",closed,Stocks,,0.0,0.0,834.0,Paul Gregory
LOAN000330,,BR027,Home Equity,27968.72,26016.81,4978.2,8.645,360.0,,"August 03, 2043",77.69,Paid Off,None,Home improvement,,0.0,773.0,Glenn Phillips
LOAN000331,CUST003355,BR022,mortgage,54360.99,"$48,195.44",29821.42,12.062,120.0,24-10-2011,"September 01, 2021",453.01,active,PROPERTY,Business expansion,0.0,,,Brianna Bentley
LOAN000332,CUST003708,BR010,personal,25909.86,23602.26,20886.98,17.71,48.0,01/12/2010,2013-12-22,539.79,Closed,Savings,Vehicle purchase,0.0,0.0,405.0,Brian Tucker
LOAN000333,CUST003795,BR046,auto,15222.63,14092.95,8183.68,10.281,48.0,04/26/2023,04/05/2027,317.14,DEFAULTED,Vehicle,Travel,181.0,17.0,582.0,Emily Hansen
LOAN000334,CUST003961,BR028,personal,"$27,481.08",22557.51,11305.67,15.014,12.0,18-05-2018,05/13/2019,2290.09,Charged Off,N/A,Medical,44.0,9.0,,Chelsey Fisher
LOAN000335,CUST002375,BR003,Auto,26173.55,25895.38,22465.98,9.107,120.0,02-05-2015,10-03-2025,,Active,PROPERTY,Emergency,,0.0,562.0,Robin Carroll
LOAN000336,CUST003611,BR042,Home Equity,39081.28,35524.89,29452.13,16.338,180.0,13-01-2018,"October 26, 2032",217.12,Active,property,Education,0.0,0.0,782.0,Brian Crawford
LOAN000337,CUST002560,BR005,Auto,24017.92,23958.98,,9.579,36.0,10/06/2011,"September 20, 2014",667.16,Delinquent,none,,75.0,22.0,531.0,Tommy Moore
LOAN000338,CUST002161,BR031,Business,29604.79,26255.71,"$3,149.56",10.725,48.0,28/05/2010,05/07/2014,616.77,Paid,PROPERTY,Debt consolidation,,,659.0,Nicholas Massey
LOAN000339,CUST002471,BR028,Student,15622.22,15510.05,7762.45,13.764,360.0,21-03-2011,2040-10-14,43.4,Paid Off,none,,,0.0,650.0,Kristi Gillespie
LOAN000340,CUST004498,BR006,Auto,8999.44,7343.41,5379.11,7.284,60.0,18/11/2018,23/10/2023,149.99,Past Due,Vehicle,Travel,144.0,15.0,653.0,Christian Rice
LOAN000341,CUST002503,BR021,Personal,61373.98,54474.77,5025.98,3.936,48.0,11/28/2022,99/99/9999,,Delinquent,Vehicle,Travel,303.0,8.0,818.0,Natalie Reed
LOAN000342,CUST001269,BR032,Personal,4758.19,4516.41,3803.8,4.574,240.0,20-03-28,"December 14, 2039",19.83,Active,property,Emergency,0.0,0.0,384.0,Kimberly Green
LOAN000343,CUST003234,BR012,Personal,,,1966.87,11.902,180.0,18-06-05,33-03-18,$59.04,Defaulted,Vehicle,Vehicle purchase,34.0,17.0,559.0,
LOAN000344,CUST003521,BR028,Student,88286.84,72454.55,17645.61,3.481,12.0,21-09-26,,,Defaulted,Savings,,81.0,24.0,301.0,Dalton Santiago
LOAN000345,CUST000001,BR036,Auto,22225.51,,1284.18,17.807,24.0,2019-03-30,2021-03-19,,Delinquent,N/A,Home improvement,271.0,16.0,684.0,Troy Brown
LOAN000346,CUST003647,BR044,Home Equity,13867.99,12645.67,3507.94,9.29,240.0,13/10/2020,2040-06-30,57.78,Active,property,Wedding,0.0,,556.0,Michelle Carter
LOAN000347,CUST001311,BR045,Business,62379.88,55410.06,54620.92,3.925,36.0,07/18/2014,99/99/9999,173277.0,PAID OFF,,Home improvement,,,386.0,Paul Middleton
LOAN000348,CUST003022,BR023,Personal,14517.66,11641.22,2224.88,2.826,120.0,14-08-07,24-06-15,120.98,Paid Off,Savings,Emergency,0.0,,377.0,Rachel Mata
LOAN000349,CUST004467,BR008,Auto,32847.97,,4505.4,14.98,60.0,06/02/2016,2021-01-10,547.47,closed,N/A,Home improvement,0.0,0.0,636.0,Ryan Ortiz
LOAN000350,CUST000058,BR035,Mortgage,23394.54,23143.85,13356.11,5.991,,2012-03-01,2015-02-14,$649.85,Paid Off,Vehicle,Emergency,0.0,0.0,691.0,Bryan Aguirre
LOAN000351,CUST002038,BR009,business,"44533,46",39315.74,17267.49,4.642,12.0,11-08-09,03/08/2012,,Paid Off,Vehicle,,,0.0,812.0,Harold Howe
LOAN000352,CUST001619,BR041,Auto,"$76,803.01",72800.15,10029.72,5.126,36.0,12-04-2010,27-03-2013,2133.42,Active,property,Debt consolidation,,,,Patricia Dixon
LOAN000353,CUST004798,BR014,Home Equity,USD 53481.46,44427.53,20704.8,15.471,48.0,07/07/2020,16-06-2024,1114.2,ACTIVE,None,Emergency,,,343.0,Jennifer Carter
LOAN000354,CUST000559,BR007,Auto,63294.87,54886.76,40919.48,4.47,240.0,,12-02-2030,263.73,Paid,property,Business expansion,,,338.0,Lisa Powers
LOAN000355,CUST000184,BR033,Student,52059.34,49456.58,386.8,16.126,36.0,13-05-25,09-05-2016,1446.09,Active,None,Business expansion,,,785.0,Judith Johnson
LOAN000356,CUST002137,BR026,mortgage,34777.51,USD 28155.83,32167.66,8.332,240.0,2015-01-02,19-09-2034,144.91,Active,None,,,0.0,300.0,Robert Wilson
LOAN000357,CUST004055,BR011,Business,41435.32,38789.83,38036.14,13.448,60.0,2022-03-13,2027-02-15,690.59,Paid Off,,Medical,0.0,0.0,578.0,Jaime Vasquez
LOAN000358,CUST000485,BR008,Mortgage,35617.59,"$29,152.76",USD 21837.58,15.326,180.0,08/14/2010,25-05-27,197.88,Active,Stocks,Medical,,,609.0,Austin Baird
LOAN000359,CUST003802,BR042,Business,77403.24,73154.01,55278.05,14.121,180.0,23-06-07,20/03/2038,USD 430.02,Active,N/A,Medical,0.0,,,Ashley Beck
LOAN000360,CUST004776,,Personal,31399.81,25563.02,20510.3,14.546,48.0,14-03-13,20/02/2018,654.16,open,N/A,,,,809.0,Cody Fitzpatrick
LOAN000361,CUST004576,BR015,home equity,35299.57,33470.79,23471.45,4.491,36.0,01/12/2012,14-12-27,980.54,Bad Debt,PROPERTY,Education,262.0,11.0,500.0,Shawn Johnson
LOAN000362,,BR012,Personal,2859.24,2782.19,2385.66,7.419,60.0,2014-11-23,19-10-28,47.65,Delinquent,Property,Debt consolidation,263.0,18.0,538.0,Dean Howard
LOAN000363,CUST003967,,Home Equity,49356.1,,42246.47,13.703,360.0,26-02-2020,49-09-21,,PAID OFF,Property,Vehicle purchase,,0.0,717.0,Nathan Caldwell
LOAN000364,CUST002554,BR014,Student,,"$2,373.84",1341.46,9.748,12.0,2019-04-26,20-04-20,198.14,charged off,none,Wedding,326.0,1.0,427.0,Tyler Smith
LOAN000365,CUST002905,BR015,Mortgage,34992.87,32799.64,8559.63,6.164,48.0,10-10-18,14-09-27,729.02,Current,Stocks,Travel,0.0,0.0,316.0,Kara Ballard
LOAN000366,CUST003955,BR008,Home Equity,44658.22,38834.5,14789.59,16.611,36.0,2015-10-13,09/27/2018,1240.51,Defaulted,property,Business expansion,317.0,23.0,795.0,John Myers
LOAN000367,CUST002007,BR047,Auto,54232.57,44619.18,,4.754,360.0,09/06/2016,46-01-03,150.65,Active,none,Home improvement,,,,Shelia Alexander
LOAN000368,CUST004862,BR014,Personal,42231.47,35492.56,27929.26,5.11,120.0,10-04-2021,,351.93,Default,Vehicle,Travel,274.0,14.0,627.0,Nicholas Adams
LOAN000369,CUST003503,BR048,Auto,17784.92,17020.9,6191.0,6.738,360.0,08/04/2017,2046-11-02,49.4,Delinquent,property,Vehicle purchase,12.0,14.0,598.0,Matthew Day
LOAN000370,CUST000457,BR022,Mortgage,35778.9,,9812.7,5.791,48.0,19-12-02,23-11-11,745.39,Active,N/A,Vehicle purchase,,0.0,546.0,Christopher Byrd
LOAN000371,CUST001912,BR010,Home Equity,9236.08,8363.56,3936.86,7.776,12.0,2011-10-04,12-09-28,769.67,Default,None,Wedding,205.0,7.0,809.0,Brandy Oconnor
LOAN000372,CUST004131,BR042,Home Equity,7499.87,6659.43,661.03,14.446,180.0,19-02-26,09-12-2033,41.67,Paid Off,Stocks,Wedding,0.0,0.0,795.0,Jacqueline Wilson
LOAN000373,CUST000662,BR048,Business,38753.97,34108.5,2860378.0,17.139,180.0,08/08/2019,2034-05-21,215.3,Active,Stocks,Travel,,0.0,747.0,Diana Gomez
LOAN000374,CUST003039,BR015,Personal,,,7151.76,6.065,60.0,"May 15, 2012",99/99/9999,151.36,Defaulted,PROPERTY,Home improvement,191.0,19.0,395.0,John Nunez
LOAN000375,CUST000625,BR002,Home Equity,34742.21,34554.0,2796.25,4.269,60.0,,"January 06, 2026",579.04,Defaulted,Stocks,Vehicle purchase,295.0,9.0,796.0,Austin Fuller
LOAN000376,CUST002524,BR028,Business,61211.32,53199.08,11783.89,17.82,24.0,,16-01-08,2550.47,Paid Off,none,Home improvement,0.0,0.0,375.0,Amber Myers
LOAN000377,CUST000321,BR037,home equity,32533.94,30045.09,25318.69,9.714,60.0,08-06-2011,12-05-2016,542.23,Bad Debt,none,Emergency,136.0,5.0,765.0,Amy Buchanan
LOAN000378,CUST004933,,Mortgage,55086.92,USD 53804.04,16590.79,13.956,48.0,99/99/9999,"October 27, 2022",1147.64,Paid Off,,,0.0,,436.0,Ryan Harris
LOAN000379,CUST001441,BR022,Home Equity,9591.29,8505.74,,8.845,60.0,99/99/9999,02-03-2027,159.85,Paid Off,None,Home improvement,0.0,0.0,696.0,Jennifer White
LOAN000380,CUST001890,BR038,Mortgage,48059.86,41918.79,37680.96,8.376,84.0,10/10/2016,04-09-2023,572.14,Defaulted,property,Travel,130.0,10.0,518.0,Derek Torres
LOAN000381,CUST004814,BR019,Mortgage,27919.47,24997.85,22750.87,16.679,12.0,28/09/2014,"September 23, 2015",2326.62,Paid Off,property,Travel,,0.0,503.0,Katie Rhodes
LOAN000382,,BR013,Auto,37070.95,35759.34,USD 31876.60,16.954,120.0,99/99/9999,2023-10-08,308.92,Paid Off,Vehicle,Travel,0.0,,382.0,Chase Woodard
LOAN000383,CUST001863,BR033,Business,,3244.59,2330.98,4.021,180.0,22-05-19,01-03-2037,18.26,Charged Off,N/A,Business expansion,318.0,13.0,726.0,Ashley Arnold
LOAN000384,CUST004467,BR010,Business,66033.9,56433.35,25369.29,13.653,84.0,09-08-2015,2022-07-03,786.12,delinquent,Vehicle,Education,46.0,9.0,728.0,Brandon Russell
LOAN000385,CUST004176,BR010,business,14222.51,13643.84,6170.25,17.866,36.0,10-05-03,2013-04-17,395.07,Active,Vehicle,Debt consolidation,0.0,0.0,,Larry Wood
LOAN000386,CUST003151,BR015,Student,39528.86,3849392.20991074,2657.34,16.587,24.0,24-11-2015,NULL,1647.04,Defaulted,Stocks,Emergency,360.0,23.0,541.0,John Johnson
LOAN000387,CUST004798,BR023,Personal,86973.17,86256.54,64225.3,10.857,12.0,,NULL,7247.76,Paid Off,none,Travel,,,560.0,Nathan Jones
LOAN000388,CUST001671,,Personal,21082.95,20002.08,1881.64,14.116,60.0,14/03/2016,21-02-16,351.38,active,,Business expansion,0.0,0.0,355.0,Karen Wright
LOAN000389,CUST000502,BR005,Auto,,21670.48,19366.81,,,04-09-2013,14/07/2023,218.63,late,Vehicle,Education,210.0,8.0,,Laurie Howell
LOAN000390,CUST001579,BR006,Personal,15193.28,13856.02,12708.43,12.607,240.0,,17/01/2040,63.31,Completed,property,Travel,,,498.0,Charles Fritz
LOAN000391,CUST003608,BR043,Auto,60891.66,50483.64,42913.07,10.187,36.0,2018-07-25,2021-07-09,1691.44,In Progress,Property,Vehicle purchase,,,554.0,Chad Evans
LOAN000392,CUST000335,BR017,Auto,57940.12,USD 48251.52,5864.57,16.56,180.0,11-11-2021,08/24/2036,,Delinquent,PROPERTY,Medical,264.0,1.0,375.0,
LOAN000393,CUST001429,BR044,Student,67218.21,63163.45,,9.827,120.0,99/99/9999,16-07-2030,560.15,In Progress,Property,Debt consolidation,0.0,,,Autumn Garcia
LOAN000394,CUST000913,BR020,Mortgage,77329.74,68126.57,32820.3,7.693,60.0,19-12-2016,23-11-2021,1288.83,Paid Off,None,Home improvement,0.0,,345.0,Angel Moore MD
LOAN000395,CUST003256,BR044,Business,1000,842.55,344.21,14.66,60.0,09-10-2016,13-09-2021,16.67,PAST DUE,Property,Wedding,270.0,7.0,802.0,Andrea Clark
LOAN000396,CUST001049,BR032,Business,33846.81,31482.97,,9.186,60.0,08-01-2015,19-12-13,564.11,Active,Vehicle,Wedding,0.0,,492.0,
LOAN000397,CUST004292,BR043,Auto,26267.89,25452.28,USD 24509.06,15.712,36.0,29/10/2018,13-10-2021,729.66,Closed,property,Business expansion,,0.0,,Kelli Jones
LOAN000398,CUST002914,BR023,Business,"$10,890.36",8739.4,2961.97,9.768,12.0,21-05-10,99/99/9999,$907.53,Active,Stocks,Vehicle purchase,,0.0,329.0,Veronica Wood
LOAN000399,CUST003605,BR029,Auto,52321.63,50035.64,49414.53,5.174,360.0,11/04/2018,30-05-2048,145.34,Paid Off,PROPERTY,Home improvement,0.0,,803.0,Sydney Daniel
LOAN000400,CUST004035,BR036,Auto,,16249.59,16285.2,3.914,60.0,01/04/2016,08/12/2020,328.66,Defaulted,Vehicle,,190.0,23.0,579.0,Stephanie Walton
LOAN000401,CUST003703,BR034,Student,74559.81,,60345.42,2.981,360.0,"August 06, 2018",2048-03-01,207.11,Default,N/A,,10.0,9.0,761.0,
LOAN000402,CUST000859,BR007,Home Equity,53414.21,52012.25,6921.73,7.226,48.0,99/99/9999,25/01/2024,,Defaulted,,Emergency,271.0,7.0,405.0,Alexandra Parker
LOAN000403,CUST003311,BR030,Student,9598.16,8806.27,7538.64,2.618,360.0,30/05/2015,44-12-23,26.66,charged off,,Emergency,158.0,11.0,622.0,Carmen Palmer
LOAN000404,CUST001043,BR016,Student,,28875.44,16681.02,15.683,120.0,99/99/9999,25-10-31,289.8,Paid Off,none,Debt consolidation,0.0,,488.0,Kevin Barnes
LOAN000405,CUST004142,BR011,Mortgage,49520.46,45442.77,44139.13,14.083,48.0,13-01-2018,12/23/2021,1031.68,Active,none,Debt consolidation,0.0,0.0,376.0,Shawn Farmer
LOAN000406,CUST003255,BR011,Home Equity,,65279.35,USD 2076.02,7.374,120.0,"February 26, 2013","January 05, 2023",,In Progress,PROPERTY,Debt consolidation,0.0,,368.0,
LOAN000407,CUST004688,BR039,Student,2535.9,2514.25,2010.14,3.07,60.0,22/04/2018,27/03/2023,42.27,delinquent,Stocks,Home improvement,321.0,16.0,647.0,Brandy Lane
LOAN000408,CUST003301,BR004,Mortgage,"54088,57",46878.09,1478.5,8.628,60.0,21/07/2014,25/06/2019,901.48,Active,Savings,,,,550.0,
LOAN000409,CUST000582,BR004,Mortgage,"$56,905.84",55183.06,49817.56,6.693,24.0,2010-10-23,12-10-12,2371.08,Paid Off,property,Education,0.0,,622.0,Samuel Cain
LOAN000410,CUST003704,BR001,Personal,38989.63,,37095.18,5.916,48.0,2018-08-30,2022-08-09,812.28,late,N/A,Business expansion,335.0,18.0,789.0,John Wood
LOAN000411,CUST004791,BR047,Student,67238.44,56074.12,16677.61,16.577,360.0,04/14/2013,11/08/2042,186.77,Closed,N/A,Travel,0.0,,540.0,William Moore
LOAN000412,CUST001886,BR020,auto,10522.59,9326.79,2720.5,13.323,60.0,16-05-2022,20/04/2027,175.38,Delinquent,Savings,Vehicle purchase,323.0,19.0,584.0,
LOAN000413,CUST001768,BR017,Student,27429.63,22564.28,3666.26,15.467,360.0,2015-04-20,2044-11-13,76.19,Paid Off,none,Debt consolidation,,0.0,483.0,Richard Gonzalez
LOAN000414,CUST004047,BR049,Mortgage,11715.62,9831.15,1178.93,14.193,48.0,"December 23, 2017",21-12-02,244.08,Active,Stocks,Travel,0.0,0.0,612.0,
LOAN000415,CUST003461,BR006,Mortgage,34541.75,32599.72,18355.15,15.099,60.0,16/12/2020,"November 20, 2025",575.7,Defaulted,Vehicle,Education,207.0,20.0,816.0,Eric Bradley
LOAN000416,CUST001937,BR044,Student,USD 38077.07,36507.42,3804.96,3.172,60.0,NULL,01/11/2017,634.62,Delinquent,Savings,,41.0,20.0,563.0,Aaron Vega
LOAN000417,CUST000667,BR050,Personal,USD 38917.65,USD 33597.63,32826.73,8.796,60.0,2013-12-19,,648.63,Paid Off,,Emergency,,,405.0,Derek Tucker
LOAN000418,CUST004502,BR010,Mortgage,4015.19,3948.65,110.95,6.548,48.0,28-04-2012,"April 07, 2016",83.65,paid,None,Home improvement,,,417.0,Keith Wells
LOAN000419,CUST004198,BR004,Student,66548.5,55728.07,18981.91,7.345,60.0,18/05/2013,22/04/2018,,Active,Vehicle,Emergency,,,318.0,Larry Booth
LOAN000420,CUST003476,BR015,Auto,41173.98,33404.92,12657.76,16.906,120.0,18-12-31,28-11-08,343.12,Active,,Travel,0.0,,818.0,David Gross
LOAN000421,CUST002751,BR013,Mortgage,"$29,325.70",,26749.34,13.412,120.0,"September 17, 2012",27-07-2022,244.38,DEFAULT,none,Home improvement,218.0,14.0,562.0,Janet Pham
LOAN000422,CUST004221,BR043,Student,USD 8057.87,6751.2,2657.55,15.315,,"June 24, 2019",13/06/2021,335.74,Defaulted,None,Travel,67.0,24.0,,Amy Harris
LOAN000423,CUST000347,BR005,Student,66126.61,57192.74,"65876,57",12.855,48.0,21-06-07,17-05-2025,1377.64,Delinquent,none,Medical,77.0,4.0,805.0,
LOAN000424,CUST003704,BR017,Business,88448.77,73411.97,25439.69,13.787,84.0,14/04/2016,2023-03-09,1052.96,Delinquent,Property,Vehicle purchase,170.0,14.0,,Christy Campbell
LOAN000425,CUST003232,BR039,Mortgage,88743.31,75019.69,"$32,308.48",11.357,36.0,"February 11, 2017",27-01-2020,2465.09,Active,Savings,Medical,0.0,,344.0,Christopher Klein
LOAN000426,CUST004418,BR029,Mortgage,40776.34,33873.11,33884.83,10.473,84.0,"February 09, 2011",NULL,485.43,charged off,None,Emergency,322.0,8.0,604.0,Patricia Roth
LOAN000427,,BR024,Home Equity,61466.72,53797.37,1971.01,8.5,12.0,"August 13, 2020","August 08, 2021",5122.23,Paid Off,property,Medical,,0.0,562.0,Kathleen Morris
LOAN000428,CUST002115,BR010,home equity,47959.78,46639.31,15330.46,14.909,120.0,15/12/2014,99/99/9999,399.66,Default,Property,Travel,11.0,1.0,797.0,John Flores
LOAN000429,CUST001695,BR048,Personal,13926.43,USD 13487.44,1905.22,9.958,120.0,27/05/2023,33-04-04,,open,N/A,Home improvement,0.0,,763.0,Robert Gomez
LOAN000430,CUST001101,BR017,Student,51603.99,48309.49,22891.6,17.845,120.0,01/09/2020,"July 11, 2030",430.03,delinquent,property,Medical,184.0,2.0,552.0,William Edwards
LOAN000431,CUST004684,BR021,Business,64702.46,55354.89,62877.38,13.724,240.0,2020-07-05,03/22/2040,269.59,Paid Off,Stocks,Education,,0.0,436.0,Courtney Huff
LOAN000432,CUST002887,BR031,Personal,937161.0,8498.19,216.01,4.341,240.0,15-08-26,35-05-13,39.05,Active,Property,Vehicle purchase,,0.0,429.0,Barbara Guzman
LOAN000433,CUST004407,BR037,Business,11011.51,10170.68,9919.04,9.192,48.0,14-04-04,18-03-14,229.41,open,PROPERTY,Debt consolidation,,0.0,799.0,Kristen Cunningham
LOAN000434,CUST002484,BR039,Business,12893.83,11332.62,USD 11202.51,10.398,360.0,31-05-2019,48-12-24,35.82,Active,PROPERTY,,0.0,0.0,713.0,Eddie Mitchell
LOAN000435,CUST002160,BR001,Mortgage,50688.14,50372.31,12245.36,12.958,180.0,2019-12-07,19-09-2034,281.6,Defaulted,none,Debt consolidation,65.0,13.0,771.0,Jillian Myers
LOAN000436,CUST003369,BR050,Business,1000,861.01,426.21,4.682,48.0,"March 11, 2015",19-02-18,20.83,Defaulted,PROPERTY,Medical,124.0,1.0,531.0,Charles Murphy
LOAN000437,,BR002,Personal,27445.84,25285.57,17228.02,11.318,60.0,2010-06-30,06/04/2015,457.43,Bad Debt,N/A,Wedding,294.0,22.0,558.0,Brian Richardson
LOAN000438,CUST000239,BR035,Student,,34991.89,31454.96,5.508,60.0,12-02-2023,17-01-2028,600.63,Paid Off,None,Vehicle purchase,0.0,0.0,820.0,Matthew Boone
LOAN000439,CUST003405,BR041,Auto,16115.05,13051.02,"4700,65",16.999,84.0,12/27/2021,2028-11-20,191.85,Paid Off,Stocks,Education,,0.0,486.0,Patty Robinson
LOAN000440,CUST001253,BR018,Business,47319.92,46105.12,32950.35,5.953,24.0,,04-07-2022,197166.0,Delinquent,Stocks,Vehicle purchase,170.0,4.0,568.0,Angel Brown
LOAN000441,CUST004172,BR034,Home Equity,"56853,4",53926.57,24804.64,3.755,24.0,,12/13/2018,2368.89,paid off,N/A,,0.0,0.0,361.0,Patrick Bond
LOAN000442,CUST003616,BR046,Student,13551.65,12070.65,2916.03,3.651,84.0,99/99/9999,28-12-2016,161.33,Bad Debt,none,Debt consolidation,13.0,21.0,669.0,Oscar Roberts
LOAN000443,,BR044,Student,18607.52,,2908.09,3.8,48.0,2019-08-23,02-08-2023,USD 387.66,Active,none,Travel,,0.0,527.0,David Rodriguez
LOAN000444,CUST000254,BR014,Student,44510.66,37210.81,23284.71,12.415,180.0,2016-08-21,99/99/9999,247.28,Active,Savings,Home improvement,,,717.0,Melissa Patel
LOAN000445,CUST004383,BR043,Home Equity,72996.76,65651.85,9531.82,17.064,60.0,12/18/2013,18-11-22,1216.61,Active,Property,Vehicle purchase,,,654.0,
LOAN000446,CUST004839,,Home Equity,44542.78,43562.55,,16.058,36.0,16-05-20,2019-05-05,1237.3,Active,Stocks,Emergency,,,618.0,John Marsh
LOAN000447,CUST003732,BR033,Personal,34649.96,34136.32,"17741,24",9.066,60.0,18-11-03,08-10-2023,577.5,Paid,Property,Home improvement,0.0,,367.0,Kelly Murray
LOAN000448,CUST001291,BR025,Business,"$4,319.23",3804.31,3238.88,4.566,24.0,16/07/2016,06/07/2018,179.97,Delinquent,Vehicle,Debt consolidation,198.0,3.0,801.0,Carol Davis
LOAN000449,CUST000307,BR045,Home Equity,,41013.92,41287.62,4.613,48.0,2021-07-07,06/16/2025,958.12,Paid Off,none,Travel,,,476.0,Kimberly Fleming
LOAN000450,CUST001217,BR015,home equity,41202.73,38161.49,13671.21,11.725,180.0,07/21/2015,05/03/2030,228.9,Delinquent,Vehicle,Home improvement,228.0,5.0,323.0,Michael Reed
LOAN000451,CUST001952,BR043,Personal,64297.31,60123.04,46889.04,12.368,48.0,"January 13, 2023",2026-12-23,1339.53,ACTIVE,None,Business expansion,,0.0,767.0,Andrew Garcia
LOAN000452,CUST003273,BR028,Auto,52019.89,49997.58,48511.97,6.527,48.0,"May 26, 2011",05-05-2015,1083.75,late,property,Debt consolidation,214.0,13.0,773.0,Adam Callahan
LOAN000453,CUST000312,BR002,Business,21121.49,17410.56,"$12,146.41",17.256,12.0,20/01/2023,15-01-2024,1760.12,paid off,PROPERTY,Travel,0.0,,493.0,Kyle Mclaughlin
LOAN000454,CUST004875,BR042,home equity,80446.87,73700.5,25155.1,15.502,,14-04-2014,18-03-24,1675.98,Active,PROPERTY,Medical,,0.0,707.0,Karen Diaz
LOAN000455,CUST003738,BR034,Auto,34284.89,28382.57,1827.16,8.868,120.0,"September 02, 2012",07/12/2022,285.71,Defaulted,Savings,Medical,196.0,15.0,699.0,Jeffery Prince
LOAN000456,CUST000551,BR037,Student,31974.48,25867.99,17341.7,12.906,12.0,99/99/9999,10/09/2019,"2664,54",Current,PROPERTY,Business expansion,,,623.0,Michele Allen
LOAN000457,,BR036,Home Equity,61895.38,50944.38,59424.76,15.409,12.0,99/99/9999,99/99/9999,5157.95,Defaulted,PROPERTY,Wedding,85.0,18.0,,Michael Rice
LOAN000458,CUST003521,BR036,Home Equity,39212.6,32568.53,33793.08,14.882,180.0,17/07/2017,"April 29, 2032",217.85,Active,,Medical,,,844.0,
LOAN000459,CUST001504,BR022,Business,33372.53,27498.5,24416.76,10.2,24.0,06/07/2020,05/28/2022,"$1,390.52",Current,none,Emergency,0.0,0.0,508.0,Misty Horn
LOAN000460,CUST002545,BR047,Mortgage,"$27,434.07",26797.41,4549.25,14.43,84.0,02/05/2018,"March 26, 2025",326.6,Active,property,Wedding,,0.0,543.0,Patricia Landry
LOAN000461,CUST001347,BR011,Mortgage,12076.79,,2619.13,4.184,120.0,11/12/2010,20-09-2020,100.64,ACTIVE,None,Business expansion,,0.0,566.0,Noah Ryan
LOAN000462,CUST001092,BR046,Home Equity,44644.93,40758.27,36129.23,8.656,120.0,18-12-2015,26/10/2025,372.04,past due,N/A,Emergency,182.0,22.0,790.0,Brandy Cochran
LOAN000463,CUST001738,BR037,Business,20591.76,,5177.18,9.99,60.0,16-08-24,21-07-29,343.2,Delinquent,Vehicle,Emergency,167.0,13.0,713.0,Olivia Lee
LOAN000464,CUST001478,BR026,Personal,,13367.79,15058.8,10.13,360.0,16-05-05,29-11-2045,41.98,Defaulted,,,218.0,1.0,435.0,Nicholas Callahan
LOAN000465,CUST000528,BR019,Business,,34968.91,20073.14,4.267,24.0,99/99/9999,12-06-2022,1639.01,In Progress,Stocks,Home improvement,0.0,,451.0,Nicole Mercer
LOAN000466,CUST002132,BR048,Home Equity,,USD 27658.75,,9.882,120.0,2020-04-01,02/08/2030,244.92,Paid Off,Stocks,Business expansion,,,576.0,Nicholas Bell Jr.
LOAN000467,CUST001444,,Business,62181.22,"$57,915.26",,12.793,36.0,04/10/2018,25/03/2021,1727.26,Late,property,Wedding,200.0,17.0,791.0,Marcus Cox
LOAN000468,CUST000531,BR047,Home Equity,79060.46,67617.53,3557.96,17.916,,16-11-2015,19-10-26,"$1,647.09",Paid,Stocks,,0.0,0.0,455.0,Jeffrey Johnson
LOAN000469,CUST004917,BR029,Home Equity,12763.03,12143.39,,17.163,36.0,08/11/2021,"October 23, 2024",354.53,PAST DUE,property,Business expansion,180.0,4.0,344.0,Brandon Peterson
LOAN000470,CUST003866,BR007,personal,29027.02,"$25,728.42","10449,09",8.81,360.0,15-08-06,45-03-01,80.63,Active,PROPERTY,Travel,,0.0,472.0,Robert Wagner
LOAN000471,CUST000492,BR050,Personal,27738.9,27173.28,20937.86,7.286,360.0,15-12-26,07/21/2045,$77.05,Active,N/A,,,,591.0,Donna Williams
LOAN000472,CUST000406,BR005,Mortgage,26409.42,22946.52,12591.2,15.272,120.0,"January 04, 2022",31-11-13,220.08,Current,Property,Education,0.0,,707.0,
LOAN000473,CUST004764,BR049,Mortgage,29987.03,25592.92,5438.89,10.976,240.0,18/09/2014,05-06-2034,124.95,Past Due,,Debt consolidation,57.0,12.0,401.0,Jennifer Smith
LOAN000474,CUST002683,BR038,Auto,37479.58,30453.87,11474.92,6.054,360.0,2019-03-04,09/27/2048,USD 104.11,Defaulted,Savings,Travel,119.0,3.0,627.0,Mary Ramirez
LOAN000475,CUST003105,BR024,Auto,31549.13,30914.35,25548.88,13.613,36.0,2015-07-14,18-06-28,876.36,Open,Property,Business expansion,,,429.0,Bradley Austin
LOAN000476,CUST002384,BR023,Home Equity,1324.51,1084.92,447.9,3.596,48.0,03/30/2020,09-03-2024,27.59,Defaulted,Vehicle,Home improvement,15.0,6.0,765.0,Scott Rivera
LOAN000477,CUST002179,BR025,student,9191.36,USD 8053.12,6951.14,14.344,24.0,99/99/9999,14-09-10,382.97,Bad Debt,Property,Wedding,265.0,15.0,678.0,William Rush
LOAN000478,CUST002414,BR005,Personal,44881.9,38272.16,44262.44,6.194,48.0,04/10/2010,03/20/2014,935.04,Active,Property,Education,0.0,,621.0,Tyler Gonzalez
LOAN000479,CUST002386,BR008,Auto,20650.85,19948.82,17519.6,14.533,180.0,,07/06/2036,114.73,Defaulted,Stocks,,66.0,7.0,528.0,Dawn Sanford
LOAN000480,CUST003426,BR024,Personal,20146.46,16243.87,11368.1,9.257,360.0,10-06-07,01/01/2040,55.96,Active,Savings,Wedding,,,699.0,
LOAN000481,CUST001347,BR037,Home Equity,41872.67,34963.92,24511.98,16.726,60.0,"June 15, 2014",99/99/9999,697.88,charged off,property,Vehicle purchase,210.0,22.0,383.0,Brenda Cobb MD
LOAN000482,CUST004557,BR046,Mortgage,49381.68,44299.86,4990.22,17.667,24.0,"August 30, 2016",2018-08-20,2057.57,Open,Stocks,Wedding,0.0,,394.0,
LOAN000483,CUST000915,BR046,Mortgage,100827.18,99439.25,92829.53,16.927,48.0,05/05/2010,"April 14, 2014",2100.57,delinquent,None,Home improvement,217.0,24.0,814.0,John Martin
LOAN000484,,BR008,Student,USD 24669.92,19854.98,11431.48,9.356,36.0,23-07-2018,,685.28,Active,PROPERTY,,0.0,,372.0,Thomas Crawford
LOAN000485,CUST001234,BR042,Business,71281.03,61477.69,49919.66,15.923,48.0,2011-12-28,12/07/2015,1485.02,past due,Property,Vehicle purchase,354.0,7.0,550.0,David Davis
LOAN000486,,BR032,Auto,62599.66,60514.11,42154.11,7.19,360.0,13-11-2013,43-06-09,173.89,defaulted,N/A,Home improvement,279.0,4.0,849.0,George Shelton
LOAN000487,CUST002567,BR025,Mortgage,11332.52,11065.39,9182.16,4.348,24.0,25-07-2020,99/99/9999,472.19,DELINQUENT,Savings,Business expansion,322.0,4.0,486.0,Jaime Hall
LOAN000488,CUST002266,BR027,Business,,67514.07,"$42,719.75",12.01,48.0,"August 01, 2018",99/99/9999,1469.11,Active,Vehicle,Vehicle purchase,0.0,0.0,414.0,Steven Ramirez
LOAN000489,CUST000591,BR002,Personal,31465.52,27021.9,10346.32,14.369,120.0,"December 04, 2019",2029-10-12,262.21,Defaulted,PROPERTY,Debt consolidation,147.0,15.0,595.0,Heather Oconnor MD
LOAN000490,CUST002573,BR039,Auto,1744.11,1681.02,887.06,13.664,48.0,17-01-2020,99/99/9999,36.34,Delinquent,Vehicle,Business expansion,3.0,17.0,832.0,Cynthia Powell
LOAN000491,CUST000291,BR014,Auto,USD 55133.69,49085.42,25873.79,16.005,,2012-07-10,2032-03-27,229.72,charged off,N/A,Home improvement,74.0,1.0,829.0,Aaron Wilson
LOAN000492,CUST002894,BR029,Student,91128.03,86747.75,69345.76,16.089,240.0,02/14/2013,11/01/2032,379.7,Paid Off,none,Home improvement,0.0,,302.0,Dustin Jackson
LOAN000493,CUST000559,BR032,Personal,13547.54,12433.34,"$2,248.06",2.728,60.0,99/99/9999,,225.79,Defaulted,Vehicle,Medical,191.0,20.0,317.0,Tiffany Mclaughlin
LOAN000494,CUST004240,BR009,Personal,38644.32,33247.48,,12.043,60.0,13-08-15,18-07-20,644.07,Delinquent,None,Debt consolidation,91.0,16.0,812.0,Peggy Riley
LOAN000495,CUST004448,BR022,Mortgage,,47448.18,23595.49,11.538,84.0,"May 13, 2015","April 06, 2022",612.52,Delinquent,property,Education,306.0,7.0,496.0,Dylan Ward
LOAN000496,CUST003602,,Auto,6417.39,6347.2,1782.05,15.247,84.0,08/05/2020,06/30/2027,76.4,Active,Savings,,,0.0,819.0,Kelly Brooks
LOAN000497,CUST001490,BR048,Student,9967.23,8261.99,141.1,2.681,240.0,12/23/2012,09/09/2032,41.53,Delinquent,Vehicle,,150.0,21.0,789.0,Nicholas Marsh
LOAN000498,CUST003087,BR037,Business,55909.0,46697.86,42040.72,,,10/25/2019,28/09/2024,931.82,Active,None,Home improvement,,,654.0,Kristen Little
LOAN000499,CUST003639,,Auto,46052.71,43269.72,25791.06,5.114,24.0,2017-10-17,"October 07, 2019",1918.86,DEFAULT,PROPERTY,Medical,84.0,10.0,,Matthew Garrett
LOAN000500,CUST002087,BR038,Home Equity,69907.52,59597.81,33915.43,6.994,84.0,18/06/2023,"May 12, 2030",,ACTIVE,,Emergency,,,705.0,Melanie Li
LOAN000501,CUST002510,BR024,Student,64240.01,56511.53,20837.91,17.737,240.0,10-07-2022,99/99/9999,267.67,Active,Savings,Travel,,0.0,586.0,Daniel Coleman
LOAN000502,CUST000433,BR015,Mortgage,38311.43,33088.69,27419.92,6.48,24.0,99/99/9999,,1596.31,closed,Stocks,Medical,,,809.0,Jacob Mccoy
LOAN000503,CUST004826,BR030,Home Equity,37929.69,35951.05,2411.04,11.108,24.0,05/15/2011,13-05-04,1580.4,Delinquent,,Wedding,198.0,3.0,532.0,Nancy Baker
LOAN000504,CUST000486,,Mortgage,47324.62,38576.76,16735.67,17.203,180.0,"January 24, 2013","November 07, 2027",262.91,delinquent,Property,Wedding,89.0,5.0,320.0,Thomas Le
LOAN000505,CUST004724,BR007,Home Equity,939139.0,,584.72,4.598,360.0,2014-05-05,43-11-29,26.09,PAID OFF,N/A,Travel,,0.0,774.0,Christopher Foley
LOAN000506,CUST002474,BR033,Student,17032.96,13738.39,14954.71,15.084,240.0,04-03-2017,"November 19, 2036",70.97,Open,none,Home improvement,0.0,,599.0,Jacob Brooks
LOAN000507,CUST003563,BR028,Personal,10141.24,9825.09,5767.13,5.287,60.0,20/08/2016,2021-07-25,,Paid Off,Vehicle,Emergency,0.0,0.0,327.0,Brady Adkins
LOAN000508,CUST004121,BR024,Personal,2115.87,1745.29,894.63,2.968,48.0,,NULL,44.08,Active,Savings,,0.0,0.0,833.0,Jacqueline Miller
LOAN000509,CUST002016,BR045,Student,27442.97,22997.58,24789.05,15.237,60.0,09/12/2021,26-11-13,457.38,Active,none,Medical,0.0,,591.0,Patricia Hunt
LOAN000510,CUST002616,BR011,Personal,56314.69,51576.19,50820.21,,84.0,03/20/2011,18-02-11,670.41,Active,None,Wedding,,,326.0,Lisa Black
LOAN000511,CUST004251,BR002,Auto,8312.79,8206.26,4312.11,3.901,360.0,05/30/2023,23-12-2052,23.09,Paid,PROPERTY,Education,,,394.0,Michelle Barajas
LOAN000512,CUST002196,BR001,Mortgage,35739.1,33557.51,,7.056,36.0,15/03/2010,"February 27, 2013",992.75,Defaulted,Property,Medical,344.0,11.0,560.0,Cindy Morton
LOAN000513,CUST003952,BR015,Mortgage,USD 48259.49,46244.08,9351.68,6.465,360.0,13-04-2023,"November 06, 2052",134.05,Defaulted,Property,,18.0,24.0,327.0,Kathryn Mendez
LOAN000514,CUST001547,BR001,Mortgage,34255.12,33776.55,22938.74,3.638,,03/20/2014,12/31/2028,190.31,Completed,Stocks,Business expansion,0.0,,754.0,Robin Hall
LOAN000515,CUST002391,BR033,Business,47282.23,40072.95,25611.09,,240.0,15-06-2021,99/99/9999,197.01,Paid Off,None,Education,0.0,0.0,794.0,Amber Hayes
LOAN000516,CUST004602,BR049,Auto,5373.57,USD 5233.54,131.02,9.661,84.0,19-08-08,"July 02, 2026",63.97,Active,Vehicle,Vehicle purchase,0.0,,329.0,Rebecca Kelley
LOAN000517,CUST003711,BR032,Auto,31693.08,28548.69,,15.338,36.0,"September 01, 2014",17-08-16,$880.36,Active,Stocks,Education,,,445.0,Peter Smith
LOAN000518,CUST004828,BR049,Business,27149.3,24547.75,15054.89,15.987,360.0,2010-06-07,40-01-01,75.41,paid off,none,Education,0.0,,682.0,David Reid
LOAN000519,CUST000424,BR002,Home Equity,40713.31,36123.1,21888.78,3.266,12.0,23-03-2019,20-03-17,3392.78,Paid Off,None,Debt consolidation,,0.0,696.0,Michael White
LOAN000520,CUST003894,BR032,Personal,"$44,231.06",39037.63,USD 11053.33,15.126,180.0,2016-05-19,02-03-2031,,Active,N/A,Debt consolidation,,,512.0,Crystal Ellis
LOAN000521,CUST000775,BR027,Business,30985.52,26861.48,22936.36,7.224,360.0,"December 03, 2021",NULL,86.07,Delinquent,none,Travel,173.0,19.0,751.0,Daniel Rich
LOAN000522,CUST002642,BR015,Personal,52307.2,47193.13,50227.35,8.774,180.0,07-03-2016,19/12/2030,290.6,past due,Stocks,Wedding,73.0,16.0,831.0,Alexandra Robertson
LOAN000523,CUST004007,BR015,Auto,43851.33,42467.12,"$12,421.24",5.901,180.0,2010-11-12,08/25/2025,243.62,Defaulted,Property,Wedding,10.0,17.0,741.0,Erica Brooks
LOAN000524,CUST004489,BR043,Student,,45674.34,6850.71,13.502,48.0,99/99/9999,25-07-28,1135.71,Current,None,Wedding,0.0,0.0,774.0,Jason Miller
LOAN000525,CUST002870,BR020,mortgage,51150.04,45380.31,41570.66,13.125,12.0,14-09-06,15-09-01,4262.5,Paid Off,Property,Wedding,0.0,,846.0,Gabriel Adams
LOAN000526,CUST001101,BR006,Mortgage,44674.46,3878290.391093999,9878.0,14.793,24.0,14-07-2020,04/07/2022,1861.44,Paid Off,property,Education,0.0,,443.0,
LOAN000527,CUST001631,BR023,Home Equity,256455.00000000003,"2518,255172759435",498.3,17.556,84.0,"January 24, 2015",18/12/2021,30.53,open,N/A,Debt consolidation,,0.0,678.0,Cynthia Moore
LOAN000528,CUST002098,BR046,Personal,80688.46,80373.89,16412.21,15.616,48.0,03/11/2013,18-02-2017,1681.01,In Progress,Stocks,,0.0,0.0,569.0,Laurie Hanson
LOAN000529,CUST001481,BR025,Student,"17681,44",16121.15,11833.74,7.08,,99/99/9999,08/12/2040,,late,none,Education,78.0,24.0,385.0,Paul Kemp
LOAN000530,CUST004785,BR037,Mortgage,1706.71,1652.02,286.4,2.86,12.0,06/29/2015,06/23/2016,142.23,PAST DUE,N/A,Vehicle purchase,288.0,15.0,728.0,Gregory Anderson
LOAN000531,CUST000259,BR018,Auto,51823.68,51753.75,51468.04,,,27-11-2019,29-10-05,431.86,Active,N/A,Business expansion,0.0,0.0,769.0,Brian Murphy
LOAN000532,CUST002231,BR046,Mortgage,27454.9,22956.43,19309.66,,84.0,2014-07-26,NULL,326.84,ACTIVE,None,Education,0.0,0.0,378.0,Brad Hernandez
LOAN000533,CUST004170,BR032,Personal,,54081.31,31280.62,6.074,24.0,08/02/2020,2022-01-28,2261.74,Paid Off,property,Medical,,,650.0,Pam Sweeney
LOAN000534,CUST000027,BR006,Auto,12825.57,"$11,314.15",6585.28,17.275,36.0,10/08/2015,22/09/2018,356.27,Paid Off,PROPERTY,Debt consolidation,,,440.0,
LOAN000535,CUST000451,BR021,Business,38565.88,34781.89,22234.97,11.061,12.0,04/07/2021,22-06-29,3213.82,Active,none,Travel,0.0,0.0,805.0,Austin Black
LOAN000536,CUST003457,,Personal,32168.95,27299.71,10727.19,12.497,120.0,22-04-2016,2026-03-01,268.07,Active,None,Emergency,0.0,,,Ryan Morris
LOAN000537,CUST000015,BR007,Business,60558.41,57876.08,23677.71,3.678,12.0,14/03/2019,03/08/2020,5046.53,active,,Wedding,,,509.0,
LOAN000538,CUST000848,BR035,Auto,25620.82,24964.34,1489.4,13.517,360.0,"April 15, 2014","November 09, 2043",71.17,Delinquent,property,Education,155.0,8.0,678.0,Stephanie Baxter
LOAN000539,CUST000844,BR036,Home Equity,,48835.92,12307.36,10.482,84.0,"September 22, 2012",17-08-2019,655.77,charged off,none,Education,84.0,2.0,585.0,John Clark
LOAN000540,CUST001141,BR050,Auto,4794.01,3861.28,,8.746,24.0,12-06-16,06/06/2014,199.75,Delinquent,,Debt consolidation,71.0,3.0,695.0,Preston Garcia
LOAN000541,CUST001996,BR039,Business,65799.14,52748.19,51305.44,9.222,36.0,2012-07-03,06/18/2015,"$1,827.75",Past Due,Stocks,Education,166.0,13.0,823.0,
LOAN000542,CUST002541,BR014,Student,70516.46,68214.79,52437.8,6.25,84.0,NULL,16/06/2024,839.48,Defaulted,N/A,Wedding,173.0,13.0,540.0,Sandra Mills
LOAN000543,CUST004033,BR022,Student,53324.25,50837.32,3754.86,6.852,240.0,13-01-23,"October 10, 2032",222.18,PAST DUE,,Business expansion,264.0,8.0,674.0,Margaret Barajas
LOAN000544,CUST002318,BR045,Student,34589.04,27998.83,4890.55,11.216,12.0,2020-10-23,21-10-18,2882.42,Active,PROPERTY,Vehicle purchase,,,801.0,Louis Barrera
LOAN000545,CUST003897,BR045,Home Equity,USD 86386.62,77380.05,21916.49,11.693,48.0,08/08/2021,NULL,1799.72,Paid Off,Property,Home improvement,,,704.0,Theodore Hill
LOAN000546,CUST003752,BR040,Business,23197.31,USD 22726.77,16660.94,16.573,360.0,27/04/2013,2042-11-21,64.44,DELINQUENT,None,Home improvement,286.0,19.0,712.0,Brenda Smith
LOAN000547,CUST000743,BR018,Auto,64635.44,64460.13,59691.32,5.665,12.0,"May 12, 2021",07-05-2022,"5386,29",past due,Property,Medical,75.0,14.0,,Robert Macdonald
LOAN000548,CUST003033,BR028,Business,69319.55,62109.46,32649.89,3.707,180.0,,"September 02, 2030",385.11,Paid Off,property,,0.0,,782.0,David Mcgee
LOAN000549,CUST003632,BR037,Business,3917.81,3502.77,2121.23,7.3,240.0,15-07-2022,04/01/2042,16.32,PAID OFF,Property,Debt consolidation,,,,Johnny Burke
LOAN000550,CUST003123,BR044,Business,52881.04,43877.39,42660.68,9.55,12.0,2019-06-12,2020-06-06,4406.75,Active,,Wedding,0.0,0.0,698.0,Christian Moore
LOAN000551,CUST000061,BR028,Business,52968.1,50635.78,48268.58,14.291,24.0,21-08-14,08/04/2023,2207.0,Defaulted,N/A,Medical,238.0,21.0,804.0,Katherine Owen
LOAN000552,CUST000344,BR037,Business,27374.24,26206.12,98.23,7.889,60.0,24-05-2017,99/99/9999,456.24,Current,Vehicle,Medical,0.0,,685.0,Veronica Nguyen
LOAN000553,CUST002505,BR039,Personal,29453.53,USD 29412.42,15918.66,,240.0,16-08-03,99/99/9999,122.72,Active,None,Home improvement,0.0,,683.0,Brittany Shaw
LOAN000554,CUST002845,BR025,Personal,5463.01,5129.71,2113.38,9.05,12.0,29-01-2018,19-01-24,455.25,Active,N/A,Emergency,,0.0,387.0,Courtney Simpson
LOAN000555,CUST001850,BR044,Business,27884.21,25829.08,20692.44,6.495,36.0,17/12/2015,99/99/9999,774.56,Late,N/A,Education,145.0,2.0,702.0,Brandon Williamson
LOAN000556,CUST000583,BR032,Personal,49383.17,40981.07,22157.3,15.563,120.0,16-09-28,07-08-2026,411.53,open,Vehicle,Education,0.0,0.0,777.0,Heather Edwards
LOAN000557,CUST001383,BR050,Mortgage,40053.73,36580.39,12873.27,15.306,180.0,20-08-2015,"June 02, 2030",222.52,Bad Debt,N/A,Travel,63.0,5.0,788.0,Devin Ramos
LOAN000558,CUST001420,,Auto,51834.5,44667.87,11598.81,4.74,120.0,21-12-2020,2030-10-30,431.95,Active,Vehicle,Education,,0.0,,Christopher Mason
LOAN000559,CUST003514,BR017,Home Equity,38003.69,35847.97,USD 2251.20,9.948,24.0,2018-06-05,25/05/2020,1583.49,Delinquent,Stocks,Vehicle purchase,319.0,9.0,736.0,Erica Jennings
LOAN000560,CUST004778,BR026,Mortgage,12431.51,USD 10076.52,3355.29,17.963,12.0,21-04-17,12-04-2022,1035.96,Delinquent,Stocks,Travel,84.0,4.0,821.0,David Calhoun
LOAN000561,,BR017,Personal,48500.7,46169.04,14212.68,8.224,60.0,01/16/2011,21/12/2015,808.34,PAID OFF,Property,Debt consolidation,0.0,,520.0,
LOAN000562,CUST004139,BR037,Student,34005.46,31025.42,1618.1,9.602,36.0,"September 07, 2012",23/08/2015,944.6,Delinquent,Property,,58.0,19.0,773.0,
LOAN000563,CUST000493,,home equity,"48462,15",42361.23,48391.48,2.762,120.0,22-09-2013,2023-08-01,403.85,Delinquent,Savings,Wedding,240.0,8.0,529.0,Erin Norris
LOAN000564,CUST000829,BR033,Mortgage,35938.29,35132.72,9568.79,15.686,240.0,"June 06, 2014","February 21, 2034",149.74,late,Property,Travel,354.0,5.0,694.0,Crystal Odonnell
LOAN000565,CUST000486,BR046,Business,59807.63,"57069,04328842848",USD 40479.70,14.815,120.0,2010-08-06,14-06-2020,$498.40,Delinquent,property,Education,312.0,2.0,322.0,Travis Davis
LOAN000566,CUST002664,BR012,Student,61261.75,59358.19,28100.7,7.465,48.0,17/10/2011,2015-09-26,"1276,29",Delinquent,none,Wedding,42.0,16.0,569.0,Daniel Gill
LOAN000567,CUST004174,BR050,Home Equity,"20382,27",19842.85,"18880,75",3.897,12.0,14-03-2020,09-03-2021,1698.52,late,Savings,Business expansion,8.0,4.0,694.0,Ryan Keller
LOAN000568,CUST002737,BR040,Business,26904.4,25634.36,7584.19,4.293,36.0,10/03/2015,09/17/2018,747.34,Active,N/A,Debt consolidation,,,702.0,Nicole Jackson
LOAN000569,CUST002456,BR042,Home Equity,2448.22,2210.41,301.74,4.99,120.0,01/31/2019,"December 09, 2028",20.4,DEFAULT,Savings,Travel,79.0,24.0,488.0,
LOAN000570,CUST004712,BR010,Student,USD 93495.21,76801.15,84089.06,10.496,84.0,22-11-2017,"October 16, 2024",1113.04,Defaulted,Property,Vehicle purchase,149.0,5.0,715.0,Wesley Jackson
LOAN000571,CUST002734,BR041,Home Equity,23707.1,19640.45,3138.7,6.032,48.0,2010-04-22,14-04-01,493.9,Paid Off,Stocks,Home improvement,,0.0,528.0,Mindy Yoder
LOAN000572,CUST000699,BR043,student,24044.08,19466.71,3664.17,10.685,84.0,06/16/2020,05/11/2027,286.24,Defaulted,Savings,,83.0,22.0,304.0,Susan Flores
LOAN000573,CUST002010,BR035,Business,22326.48,21546.5,18382.1,15.016,180.0,06/06/2019,19-03-2034,124.04,Paid Off,Property,Debt consolidation,,0.0,338.0,Robert Marshall
LOAN000574,CUST002093,BR019,Personal,12429.8,"11288,171191302192",1467.43,4.252,240.0,07/28/2020,"April 14, 2040",51.79,Delinquent,None,Education,337.0,3.0,413.0,Natalie Scott
LOAN000575,CUST000237,BR005,Auto,62666.8,54333.44,36359.39,14.839,12.0,2022-02-27,22/02/2023,USD 5222.23,Active,none,Emergency,0.0,,726.0,Mary Harmon
LOAN000576,CUST002350,BR016,Auto,37956.4,36126.4,10484.98,16.774,,07/12/2016,02/12/2017,3163.03,PAST DUE,,Debt consolidation,312.0,19.0,469.0,Sheri Ramirez
LOAN000577,CUST003022,BR011,Student,30428.88,28190.57,24792.88,15.052,240.0,17-01-18,05-10-2036,126.79,In Progress,,Vehicle purchase,0.0,0.0,414.0,Nichole Hernandez
LOAN000578,,BR002,home equity,4482.18,3847.97,3081.5,15.78,12.0,2017-10-28,18-10-23,373.52,Active,PROPERTY,Emergency,0.0,0.0,545.0,Shannon Lee
LOAN000579,CUST002667,BR017,Business,44636.3,42578.96,1565.69,,240.0,07-12-2012,24/08/2032,185.98,Delinquent,,,151.0,14.0,,Laura Thompson
LOAN000580,CUST000489,BR038,Personal,13428.64,11107.47,13395.64,12.141,60.0,14-12-03,07-11-2019,223.81,Active,,Home improvement,0.0,,800.0,Craig Ross
LOAN000581,CUST003465,BR013,Mortgage,,29961.86,21762.02,8.213,180.0,23-02-26,2037-12-09,186.37,Paid,none,Medical,0.0,0.0,436.0,Christine Woods
LOAN000582,CUST001033,BR029,Mortgage,29857.09,,24042.77,12.517,84.0,22/06/2019,"May 16, 2026",,Paid,None,Education,0.0,,,Christine Cortez
LOAN000583,CUST001798,BR014,Student,67265.56,64009.79,6291.51,13.497,360.0,"December 10, 2013",06-07-2043,186.85,Defaulted,,Home improvement,361.0,6.0,531.0,
LOAN000584,CUST001960,BR008,Personal,52934.74,50949.11,46246.3,10.575,84.0,22/04/2010,03/16/2017,630.18,open,Property,Debt consolidation,0.0,,455.0,Mr. Brian Stevens DDS
LOAN000585,CUST002897,BR006,Student,60220.68,49878.68,1310.32,11.246,24.0,2019-06-23,21-06-12,,Paid Off,N/A,Vehicle purchase,0.0,,801.0,Jennifer Chaney
LOAN000586,CUST000350,BR033,Student,1000,855.56,292.9,6.755,360.0,21/08/2019,2049-03-16,2.78,late,property,Wedding,92.0,17.0,479.0,Randall Gonzalez
LOAN000587,CUST003600,BR003,Personal,56047.54,45048.35,38692.74,3.168,84.0,22/07/2021,"June 15, 2028","667,23",Defaulted,Property,Vehicle purchase,4.0,12.0,473.0,Brooke Lawson
LOAN000588,CUST001501,BR033,Home Equity,53766.65,47249.97,32227.55,17.82,,04/29/2010,13/04/2013,1493.52,Paid Off,PROPERTY,,,,770.0,Becky Fields
LOAN000589,CUST002229,BR015,Student,40469.56,34820.51,9413.04,5.369,84.0,2017-09-05,07/30/2024,481.78,Closed,,Vehicle purchase,0.0,0.0,524.0,
LOAN000590,CUST002485,BR029,Business,26820.72,25937.89,14925.13,11.881,240.0,12-02-2020,30/10/2039,111.75,ACTIVE,Stocks,,0.0,0.0,,
LOAN000591,CUST003091,BR026,Mortgage,43183.07,36588.06,14326.27,4.901,120.0,10/16/2019,24/08/2029,359.86,Defaulted,property,Travel,157.0,24.0,395.0,Emily Fisher
LOAN000592,CUST002734,BR023,Student,13608.45,13286.55,7662.53,14.677,120.0,04-06-2010,04/12/2020,113.4,Default,N/A,Travel,237.0,20.0,807.0,Christine Brooks
LOAN000593,CUST001421,BR012,Business,46382.85,37536.62,31264.94,15.178,24.0,09/01/2019,12/29/2020,1932.62,Late,Stocks,Medical,26.0,9.0,315.0,Michael Cordova
LOAN000594,CUST003563,BR010,Business,42544.65,36749.04,3591.03,16.646,84.0,04/27/2014,"March 21, 2021",506.48,Delinquent,N/A,Business expansion,84.0,4.0,699.0,James Rhodes
LOAN000595,CUST004198,BR034,Auto,64308.48,55055.49,21491.4,9.799,12.0,04-01-2016,12/29/2016,5359.04,Paid,Vehicle,Travel,,,,Sarah Wright
LOAN000596,CUST002636,BR010,Auto,34212.13,3035673.074629034,15652.24,17.214,24.0,16-04-2010,"April 05, 2012",1425.51,delinquent,None,Medical,127.0,7.0,348.0,Crystal Powell
LOAN000597,CUST003119,BR025,Mortgage,1000,969.68,392.46,12.005,24.0,"March 03, 2012","February 21, 2014",41.67,Delinquent,Stocks,Wedding,36.0,13.0,724.0,Christopher Nelson
LOAN000598,CUST001313,BR050,Personal,28444.48,23197.89,23868.39,17.501,48.0,NULL,16-06-27,59259.0,Defaulted,,Home improvement,44.0,6.0,,
LOAN000599,CUST002646,BR041,Home Equity,83115.96,78254.68,46066.3,9.696,48.0,2013-07-25,99/99/9999,1731.58,Active,Property,Emergency,0.0,,600.0,Casey Andrade
LOAN000600,CUST002970,BR031,Mortgage,31814.63,28339.95,1602.76,3.38,48.0,21-05-29,"May 08, 2025",662.8,Paid Off,PROPERTY,Travel,0.0,0.0,729.0,Richard Hudson
LOAN000601,CUST001828,BR002,Mortgage,37757.62,,15379.7,15.274,360.0,11/08/2021,07-03-2051,104.88,In Progress,N/A,Vehicle purchase,0.0,0.0,748.0,Joseph Mcdowell
LOAN000602,CUST004623,BR001,Auto,53046.13,45156.22,27962.31,14.925,24.0,NULL,"September 02, 2015",2210.26,DELINQUENT,Vehicle,,195.0,1.0,437.0,
LOAN000603,CUST003213,BR042,Mortgage,3107.51,2489.48,"$1,135.43",8.827,60.0,07/08/2019,24-07-11,51.79,defaulted,property,,345.0,17.0,814.0,Jacqueline Reese
LOAN000604,CUST000016,BR042,Business,45081.6,37138.1,37350.86,16.911,120.0,19/12/2011,27/10/2021,,Delinquent,None,Home improvement,277.0,13.0,477.0,John Owens
LOAN000605,CUST002090,BR046,Business,15584.89,15043.35,3533.17,3.232,24.0,17-10-11,10/01/2019,649.37,paid,Stocks,Home improvement,0.0,0.0,,Alyssa Schmidt
LOAN000606,CUST002199,BR007,Auto,54223.6,46437.3,,3.177,84.0,09/09/2018,2025-08-03,645.52,Defaulted,N/A,Travel,350.0,11.0,605.0,Katelyn Jarvis
LOAN000607,CUST004462,BR034,Student,1000,889.72,552.06,12.308,48.0,02/14/2010,99/99/9999,20.83,Active,Savings,Medical,,,357.0,Diana Barnett
LOAN000608,CUST000670,,student,37636.85,36911.45,37062.33,6.014,360.0,06-01-2018,"August 02, 2047",104.55,Defaulted,Stocks,Home improvement,272.0,23.0,447.0,Kelly Ingram
LOAN000609,CUST004078,BR045,Home Equity,92350.21,,8121.27,16.318,120.0,"January 22, 2021",2030-12-01,769.59,Active,Savings,Home improvement,,0.0,632.0,Jennifer Irwin
LOAN000610,CUST002321,BR022,Personal,44665.46,41632.35,8403.96,11.833,36.0,04/23/2016,04/08/2019,1240.71,Delinquent,,Medical,202.0,8.0,779.0,Miss Samantha Johnson MD
LOAN000611,CUST001009,,Business,50606.84,41238.0,258.12,13.708,48.0,09/03/2010,2014-02-16,1054.31,active,Vehicle,Debt consolidation,,,336.0,Amber Mcbride
LOAN000612,CUST003365,BR038,Mortgage,"$51,020.62",44909.58,32108.03,16.611,360.0,"March 13, 2015",06-10-2044,141.72,Active,none,Education,,0.0,787.0,Meghan Wolfe
LOAN000613,CUST003971,BR039,Student,8142164.999999999,76639.84,68003.78,3.445,12.0,15-05-2014,10/05/2015,6785.14,paid,property,,,0.0,407.0,Mark Scott
LOAN000614,CUST001206,BR032,Home Equity,51273.39,42562.9,"$10,194.44",16.811,84.0,18/08/2016,07/13/2023,,Delinquent,,Business expansion,217.0,10.0,463.0,Christine Davis
LOAN000615,CUST001113,BR022,Auto,39465.13,34301.18,1590.47,16.564,240.0,21/09/2013,33-06-08,164.44,Active,Property,Wedding,,,848.0,
LOAN000616,CUST002406,BR031,Personal,46864.84,,31591.11,13.782,24.0,14-05-11,30-04-2016,,Defaulted,,Travel,101.0,23.0,,Christopher Mason
LOAN000617,CUST000273,BR029,Home Equity,51376.32,47133.53,30158.63,17.203,24.0,11/09/2010,2012-08-31,,Closed,Property,Wedding,0.0,0.0,612.0,Melissa Miller
LOAN000618,CUST002962,BR013,Auto,26348.79,24517.34,9274.13,6.828,60.0,06/03/2013,08-05-2018,439.15,Delinquent,Vehicle,,291.0,1.0,763.0,Lisa Zimmerman
LOAN000619,CUST003761,,Personal,25139.72,"24208,604741446434",13993.69,12.499,60.0,04/01/2022,26-12-09,419.0,Active,PROPERTY,Business expansion,0.0,0.0,434.0,Paul Matthews
LOAN000620,CUST000185,BR004,Personal,37208.62,32070.33,12969.26,2.88,60.0,13-11-2012,NULL,620.14,Paid,Stocks,Travel,0.0,0.0,636.0,Gene Smith
LOAN000621,CUST001670,BR041,Student,55069.65,45183.32,23412.98,5.535,12.0,12-07-12,13-07-07,4589.14,Delinquent,None,Emergency,130.0,18.0,492.0,Justin Turner
LOAN000622,CUST000729,,business,17309.39,16431.7,16766.05,12.855,180.0,14-08-31,06/13/2029,96.16,Defaulted,None,Education,333.0,13.0,544.0,Brian Perez
LOAN000623,CUST003136,BR044,Home Equity,18043.45,17274.28,11966.73,10.156,240.0,2010-12-29,99/99/9999,75.18,Defaulted,N/A,Business expansion,348.0,19.0,426.0,Allison Walker
LOAN000624,CUST001808,BR024,Student,72850.97,58706.87,17408.7,16.397,84.0,22-08-16,"July 10, 2029",,Paid Off,property,Education,,0.0,439.0,Andrew Hill
LOAN000625,CUST000782,BR033,Personal,60679.22,54824.72,19950.47,3.504,24.0,"July 30, 2011",19/07/2013,2528.3,Bad Debt,PROPERTY,Travel,164.0,17.0,341.0,Kyle Robinson
LOAN000626,CUST000208,BR022,student,61049.08,50233.82,51804.02,12.716,120.0,19-05-26,"April 03, 2029",$508.74,Active,None,Home improvement,,,424.0,Raymond Barker PhD
LOAN000627,CUST001923,BR007,business,26936.33,25453.19,3042.42,8.009,180.0,02/25/2015,29-12-08,149.65,past due,PROPERTY,Wedding,76.0,12.0,785.0,Donna Schmidt
LOAN000628,CUST000593,BR045,Home Equity,22877.82,22291.57,3380.87,7.236,180.0,06/27/2022,2037-04-09,127.1,Paid,N/A,Education,,,700.0,David Booker
LOAN000629,CUST003897,BR049,Home Equity,,49914.38,19137.42,7.722,120.0,19-12-16,"October 24, 2029",424.33,Completed,Stocks,,,,,Roger Lawrence
LOAN000630,CUST000948,BR021,mortgage,"21258,97",18175.17,12905.69,13.98,360.0,16-04-25,45-11-19,59.05,Default,Property,Wedding,133.0,24.0,552.0,
LOAN000631,CUST003156,BR035,auto,19285.41,18398.8,3038.96,,120.0,10/21/2010,29/08/2020,160.71,Defaulted,Savings,Wedding,41.0,2.0,673.0,Miss Crystal Marshall
LOAN000632,CUST003357,BR036,Student,44576.8,41413.24,USD 32779.27,17.705,60.0,06/27/2020,2025-06-01,"742,95",Active,None,Education,,,419.0,Nicholas Taylor
LOAN000633,CUST003413,BR006,Personal,39245.89,38956.17,14982.73,10.255,120.0,04/10/2022,32-08-12,327.05,Paid Off,,Medical,0.0,0.0,609.0,Michael Harrell
LOAN000634,CUST004503,,Mortgage,4111.49,"$3,746.59",282.44,8.666,24.0,"June 06, 2012",05/27/2014,171.31,Paid Off,PROPERTY,Medical,0.0,,827.0,Joshua Smith
LOAN000635,CUST004554,BR025,Student,38133.4,36182.16,13732.03,9.462,,"April 17, 2010",14-03-27,794.45,Completed,PROPERTY,Travel,0.0,0.0,651.0,Ryan Stewart
LOAN000636,,BR007,Home Equity,34921.49,28624.95,15313.02,8.412,240.0,17-12-06,37-08-23,,In Progress,,Wedding,0.0,0.0,402.0,Brandi Houston
LOAN000637,CUST000900,BR029,Home Equity,10545.46,9685.22,6005.3,4.017,240.0,99/99/9999,99/99/9999,43.94,Paid Off,PROPERTY,Home improvement,,0.0,,John Murphy
LOAN000638,CUST002826,BR020,student,43967.1,38427.37,20611.38,7.331,,05/06/2012,13-05-31,3663.92,Active,N/A,Emergency,,,525.0,Connie Foster
LOAN000639,CUST004443,BR027,Auto,29343.87,25108.62,27878.56,17.471,48.0,22-11-27,06-11-2026,611.33,DEFAULT,N/A,Emergency,297.0,5.0,810.0,Ashley Franklin
LOAN000640,CUST004980,BR047,Auto,USD 41328.99,37973.09,40697.4,9.165,36.0,30-09-2015,14/09/2018,1148.03,late,N/A,Medical,290.0,24.0,570.0,Amanda Castaneda
LOAN000641,CUST001294,BR050,Auto,11761.34,"11451,278386675289",8618.92,11.465,60.0,"January 10, 2010",14-12-15,196.02,Delinquent,none,,285.0,3.0,,Samantha Stewart
LOAN000642,CUST001577,BR029,Personal,5935.55,5159.65,2431.94,16.347,60.0,16/09/2015,"August 20, 2020",98.93,Delinquent,Vehicle,Travel,71.0,18.0,422.0,Cynthia Gross
LOAN000643,CUST002363,BR026,Mortgage,3099.46,2946.52,782.3,10.076,36.0,16-07-09,19-06-24,86.1,PAST DUE,none,Debt consolidation,148.0,11.0,786.0,Molly Burgess
LOAN000644,CUST001736,BR029,Business,"28782,4",,2427.2,17.639,36.0,2010-10-10,"September 24, 2013",799.51,Active,,Home improvement,0.0,0.0,609.0,Rebecca Gross
LOAN000645,CUST004286,BR030,Business,13769.7,12963.44,8902.19,7.271,24.0,05/05/2016,04/25/2018,573.74,Active,N/A,,,,421.0,Sarah Wilson
LOAN000646,CUST002607,BR035,Auto,77857.66,70884.51,,13.982,180.0,01/16/2015,29-10-29,432.54,Active,Property,Medical,,0.0,800.0,Kevin Ramirez
LOAN000647,,BR029,Personal,60895.87,51442.29,37798.98,2.728,180.0,17-11-15,08/28/2032,338.31,PAST DUE,property,Home improvement,41.0,7.0,841.0,Tammy Nixon
LOAN000648,CUST000581,BR017,Home Equity,20884.51,,6157.64,15.842,180.0,02/02/2015,15/11/2029,$116.03,Delinquent,none,,161.0,9.0,803.0,
LOAN000649,CUST000321,BR047,Home Equity,"$41,017.33",36769.28,"6871,14",8.147,48.0,"July 24, 2011",07/03/2015,854.53,Charged Off,Stocks,Debt consolidation,13.0,20.0,542.0,Daniel Ellis
LOAN000650,,BR009,Business,18608.97,"$16,356.93",4664.23,11.308,60.0,18-08-2014,"July 23, 2019",310.15,Defaulted,none,Home improvement,287.0,20.0,670.0,
LOAN000651,CUST002517,BR010,Mortgage,60538.34,54490.36,28700.6,15.874,24.0,14-02-21,11-02-2016,2522.43,Defaulted,PROPERTY,Debt consolidation,132.0,12.0,724.0,Brian Russell
LOAN000652,CUST003316,BR045,Business,10586.13,9181.66,"$3,288.38",10.741,120.0,05/12/2019,29-10-13,"88,22",Active,Savings,Wedding,,0.0,305.0,Kevin Campbell
LOAN000653,CUST002712,BR021,Auto,13693.76,12100.72,12297.98,6.917,36.0,10-06-12,27/05/2013,380.38,Paid Off,Stocks,Home improvement,0.0,0.0,414.0,Sarah Thomas
LOAN000654,CUST000465,BR022,Personal,7493.85,7063.32,5761.86,16.33,24.0,"March 23, 2017",03/13/2019,,Defaulted,Savings,Education,85.0,17.0,391.0,
LOAN000655,CUST002814,BR019,student,18367.62,16087.09,7251.2,13.81,12.0,11-02-18,12-02-13,1530.63,Defaulted,None,,52.0,18.0,,Jeffrey Hardy
LOAN000656,CUST003377,BR020,Auto,24809.14,"$24,035.40",6675.87,15.087,36.0,24/02/2020,23-02-08,689.14,Defaulted,Property,Travel,153.0,4.0,746.0,Kristina Martin
LOAN000657,CUST002997,BR026,mortgage,"$40,507.27",35568.28,,10.096,240.0,"April 09, 2022",25-12-2041,168.78,Delinquent,Property,Travel,23.0,11.0,610.0,Sarah Douglas
LOAN000658,CUST004600,BR017,Personal,54649.81,49850.88,384.36,12.589,120.0,,11/22/2026,455.42,Paid Off,Property,Debt consolidation,0.0,,419.0,Lauren Lucero
LOAN000659,CUST004588,BR048,Student,46998.23,38334.11,18478.21,7.417,360.0,99/99/9999,NULL,130.55,Defaulted,None,Business expansion,236.0,16.0,847.0,Steve Martin
LOAN000660,CUST003282,BR014,Home Equity,35773.42,35159.37,16616.46,14.387,24.0,99/99/9999,02/17/2024,1490.56,Delinquent,none,Business expansion,85.0,24.0,749.0,Terri Nichols
LOAN000661,,BR041,Mortgage,75770.01,63796.78,8326.1,6.241,48.0,"June 04, 2018",05/14/2022,1578.54,Late,property,Travel,172.0,2.0,,Jennifer Mcdonald
LOAN000662,CUST004750,BR005,Business,42197.12,41695.51,12188.38,15.598,48.0,"February 06, 2021",25-01-16,879.11,Active,Savings,Debt consolidation,,,473.0,Carmen Simmons
LOAN000663,CUST002546,BR032,Business,37966.05,35329.97,7018.03,10.21,360.0,2013-04-11,11/05/2042,105.46,Closed,None,,0.0,,805.0,Katrina Bass
LOAN000664,CUST000694,BR043,Mortgage,49640.89,46642.09,48142.18,13.768,360.0,12/08/2014,07/03/2044,137.89,defaulted,Property,Medical,353.0,24.0,553.0,Karen Johnson
LOAN000665,CUST004531,BR040,Auto,81554.71,73867.82,76647.76,6.618,120.0,"September 08, 2020",2030-07-18,679.62,Paid Off,N/A,Business expansion,0.0,0.0,499.0,Jacob Davis II
LOAN000666,CUST002076,BR022,Business,21849.62,18258.38,12770.33,10.149,180.0,2010-01-21,03-11-2024,121.39,Paid Off,Savings,Home improvement,,,585.0,
LOAN000667,CUST004906,BR002,Auto,28452.41,25945.13,23942.14,4.544,240.0,NULL,2037-01-18,118.55,Charged Off,Property,Debt consolidation,167.0,16.0,450.0,Timothy Campbell
LOAN000668,CUST004169,BR012,Student,41806.48,33938.9,23208.65,4.724,12.0,01/02/2012,"December 27, 2012",3483.87,Open,PROPERTY,Travel,,,,Nicholas Collins
LOAN000669,CUST003621,BR025,Business,65466.77,57201.75,35272.62,,240.0,11-10-11,"June 28, 2031",272.78,Paid Off,N/A,Travel,,0.0,735.0,Steven Vargas
LOAN000670,CUST001319,BR034,Personal,4706.35,4680.82,1256.4,9.166,48.0,09/01/2015,"August 11, 2019",98.05,ACTIVE,,Business expansion,0.0,0.0,451.0,Tiffany Meyer
LOAN000671,CUST004302,BR038,personal,27803.55,25200.36,20012.26,11.312,24.0,05/18/2012,14-05-08,,PAST DUE,,Home improvement,131.0,13.0,409.0,Robert Kerr
LOAN000672,CUST003368,BR025,Personal,"67965,26",61889.54,40000.67,9.449,360.0,"October 31, 2010","May 26, 2040",188.79,DEFAULTED,Vehicle,Travel,344.0,10.0,310.0,Randy Ray
LOAN000673,CUST001433,BR031,Personal,25047.92,22408.41,2838.99,6.633,60.0,2023-03-28,01-03-2028,417.47,paid off,Vehicle,,0.0,0.0,317.0,
LOAN000674,CUST002920,BR047,auto,75361.26,71115.87,74340.21,4.247,36.0,07/30/2012,15-07-2015,2093.37,Paid Off,Stocks,,,0.0,839.0,Jason Hernandez
LOAN000675,CUST000832,BR009,Home Equity,78709.73,65451.97,59172.29,16.794,360.0,11-10-2018,2048-05-06,218.64,active,N/A,Medical,,0.0,741.0,David Tucker
LOAN000676,CUST003353,BR032,Home Equity,27905.97,USD 27680.74,19991.8,15.626,84.0,04-05-2022,28/03/2029,332.21,Closed,PROPERTY,Emergency,0.0,,411.0,Nancy Brooks
LOAN000677,CUST002841,BR014,Home Equity,31668.73,28491.13,3748.66,15.968,24.0,21/11/2018,2020-11-10,"$1,319.53",Delinquent,Vehicle,Medical,280.0,14.0,629.0,Michelle Ashley
LOAN000678,CUST004231,BR047,Business,,45561.68,1595.63,5.812,240.0,05/05/2023,2043-01-20,202.8,Paid Off,None,Education,,,,
LOAN000679,CUST004961,BR011,Mortgage,24995.54,"$24,942.54",18459.6,7.353,360.0,2016-09-10,99/99/9999,69.43,Delinquent,Savings,Debt consolidation,271.0,24.0,748.0,Gary Campbell
LOAN000680,CUST003833,BR008,Home Equity,30213.56,"$24,979.58",14779.96,5.116,240.0,"September 22, 2011","June 09, 2031",125.89,Completed,none,Vehicle purchase,,0.0,423.0,Michelle Turner
LOAN000681,CUST002584,BR007,Business,10986.05,10847.15,1152.16,5.971,120.0,07/05/2011,2021-03-15,91.55,delinquent,Stocks,Education,320.0,1.0,378.0,Jeanette James
LOAN000682,CUST004062,BR016,Auto,16312.27,13055.62,USD 6580.75,11.623,24.0,2019-01-17,99/99/9999,679.68,closed,none,Vehicle purchase,0.0,,462.0,George Jones
LOAN000683,CUST003062,BR006,Home Equity,81682.19,79346.07,"57737,32",,84.0,"January 23, 2022","December 17, 2028",972.41,Past Due,Stocks,Education,344.0,17.0,780.0,Alison Robinson
LOAN000684,CUST004594,BR050,Home Equity,45797.07,39874.18,5581.82,13.006,360.0,06/01/2014,02-08-2043,127.21,Active,Vehicle,Education,,0.0,722.0,Ross Hill
LOAN000685,CUST002441,BR007,Business,"$19,091.39",16863.06,478110.99999999994,3.113,24.0,03-09-2022,24-08-23,795.47,Closed,N/A,Travel,,,701.0,
LOAN000686,CUST001088,BR038,Home Equity,39395.62,"$35,725.40",20603.98,10.438,60.0,29/05/2010,15-05-03,656.59,Active,Property,Debt consolidation,0.0,0.0,,Melissa Baker
LOAN000687,CUST002078,BR002,Auto,,56508.53,40992.85,13.851,12.0,17-11-13,08/11/2018,5024.55,Open,Stocks,Debt consolidation,0.0,,433.0,Lori Stark
LOAN000688,CUST001976,BR048,Business,52832.72,"$48,256.42",45152.44,15.312,84.0,21-12-25,"November 18, 2028","628,96",Paid Off,Savings,Emergency,0.0,,613.0,Tina Smith
LOAN000689,CUST001242,BR028,Student,80642.18,76279.7,32301.69,16.611,12.0,"April 03, 2012",99/99/9999,6720.18,DELINQUENT,PROPERTY,Travel,80.0,24.0,417.0,Brooke Howard
LOAN000690,CUST002679,BR010,Auto,32041.81,28195.1,18730.4,12.573,84.0,07/27/2015,06/20/2022,381.45,Completed,Vehicle,Vehicle purchase,0.0,0.0,344.0,
LOAN000691,CUST001583,BR003,Business,13731.06,12297.93,,4.282,12.0,20-05-19,2021-05-14,1144.25,past due,Stocks,,247.0,18.0,787.0,Maria Brown
LOAN000692,CUST000484,BR028,Home Equity,62028.44,,4572.29,10.458,36.0,16-05-11,19-04-26,1723.01,Defaulted,Savings,Vehicle purchase,290.0,6.0,662.0,Christopher Jones
LOAN000693,CUST000467,BR009,Business,34203.46,30785.83,8396.11,11.231,180.0,06/02/2016,,190.02,Active,None,Business expansion,,,344.0,Andrew Cunningham
LOAN000694,CUST001176,BR012,Home Equity,33557.6,31176.63,24532.93,9.485,360.0,23-03-13,06-10-2052,93.22,Paid Off,Property,,0.0,0.0,831.0,Timothy Moran
LOAN000695,CUST000139,BR045,Auto,7223.41,6933.24,4740.11,8.008,240.0,,,30.1,Paid Off,None,Travel,0.0,0.0,452.0,Kevin Mcdonald
LOAN000696,CUST002039,BR038,Home Equity,11135.3,11064.55,"$8,296.77",10.623,24.0,16/03/2019,21-03-05,463.97,Defaulted,,Travel,262.0,8.0,656.0,Amber Jones
LOAN000697,CUST001116,BR027,home equity,79678.41,78740.91,"$72,894.26",3.689,180.0,03/02/2016,30-11-16,,paid,none,Education,,,,Gregory Evans
LOAN000698,CUST003667,BR005,Mortgage,75108.84,67221.01,73543.96,15.946,360.0,"December 13, 2011",,208.64,Closed,Stocks,Wedding,0.0,0.0,699.0,
LOAN000699,CUST002979,BR047,Auto,58919.65,50571.12,"$17,113.22",,60.0,31/08/2020,2025-08-05,981.99,Active,Property,,0.0,0.0,769.0,Jose King
LOAN000700,CUST004849,BR043,Business,,17349.58,7423.51,11.133,120.0,"January 23, 2018","December 02, 2027",160.05,Defaulted,none,Vehicle purchase,233.0,1.0,415.0,Linda Delgado
LOAN000701,CUST001261,BR027,auto,23749.92,USD 22917.32,12066.48,13.092,84.0,,30-02-28,282.74,Defaulted,None,Home improvement,193.0,4.0,726.0,Dr. Jennifer Scott
LOAN000702,CUST003088,BR029,Home Equity,23243.64,22927.13,15271.28,,180.0,21-08-23,05/06/2036,129.13,Defaulted,Stocks,Wedding,23.0,21.0,818.0,Jennifer Bell
LOAN000703,CUST001564,BR033,Mortgage,"$93,655.17",84567.96,74098.9,8.97,84.0,2016-09-09,2023-08-04,1114.94,Open,None,Debt consolidation,0.0,,850.0,Dr. Deborah Luna DDS
LOAN000704,CUST002094,BR007,Home Equity,45900.44,39821.68,22655.61,9.953,36.0,01/11/2012,26-12-2014,1275.01,Paid Off,none,Education,,0.0,504.0,Justin Garcia
LOAN000705,CUST003194,BR045,Auto,32313.05,27999.91,2563.46,5.255,240.0,20/09/2013,33-06-07,134.64,Delinquent,,Travel,320.0,9.0,633.0,Michael Neal
LOAN000706,CUST002274,BR022,Personal,,7637.8,1728.34,8.045,36.0,20-05-27,12/05/2023,216.35,Completed,property,Vehicle purchase,0.0,0.0,730.0,Emily Bryant
LOAN000707,CUST002514,,Mortgage,USD 64548.42,59978.87,61986.67,17.718,120.0,2021-03-14,"January 21, 2031",$537.90,Paid Off,,Emergency,,,803.0,Susan Hill
LOAN000708,CUST000996,BR009,Personal,23212.93,19116.02,16651.66,12.83,60.0,19-08-27,"July 31, 2024",386.88,Paid,Savings,Home improvement,,0.0,627.0,Megan Moon
LOAN000709,CUST001512,BR044,Mortgage,16343.18,16027.0,6773.18,9.753,48.0,06-04-2013,"March 16, 2017",,In Progress,N/A,Home improvement,,0.0,428.0,Robert Martinez
LOAN000710,CUST002172,BR042,Business,18251.99,16407.51,14993.89,15.453,120.0,"September 19, 2019",28-07-2029,152.1,paid,None,Wedding,,,439.0,
LOAN000711,CUST003253,BR026,auto,36610.99,"$30,546.72",,7.527,24.0,2022-11-20,09/11/2024,1525.46,paid,Savings,Travel,,,757.0,Bridget Holmes
LOAN000712,CUST002053,,Home Equity,43219.29,38771.5,29541.51,7.513,84.0,14-01-25,12/19/2020,514.52,Delinquent,None,Travel,106.0,23.0,621.0,David Montgomery
LOAN000713,CUST000082,BR002,Personal,2038.69,2021.36,USD 143.95,17.069,24.0,18-05-05,24/04/2020,84.95,Paid Off,none,Emergency,,0.0,702.0,Jennifer Davis
LOAN000714,CUST002261,BR003,Business,34638.08,30698.74,11891.6,12.842,240.0,13-05-15,2033-01-30,,paid off,Vehicle,Wedding,,,384.0,Dr. Eugene Singleton MD
LOAN000715,CUST002964,BR039,Home Equity,26421.94,,24190.3,7.773,240.0,2023-02-19,11/06/2042,110.09,Active,property,Emergency,0.0,0.0,712.0,Loretta Yates
LOAN000716,CUST004401,BR030,Personal,,15487.73,"$1,074.73",6.877,,19-06-04,NULL,49.5,Active,property,Education,,,805.0,Michael Dennis
LOAN000717,CUST000921,BR049,Student,51373.26,45327.92,1882021.0,8.464,,19-11-2017,10/13/2024,611.59,open,,Business expansion,0.0,0.0,744.0,James Dixon
LOAN000718,CUST000629,BR048,Student,34519.35,29834.01,18061.59,12.27,120.0,27/05/2018,04/04/2028,,Paid Off,Vehicle,Home improvement,0.0,,620.0,Wendy Flores
LOAN000719,CUST004960,BR045,student,9579.93,9460.25,"9326,73",2.873,180.0,"March 07, 2019","December 18, 2033",53.22,Late,Savings,Medical,245.0,20.0,793.0,Patricia Suarez
LOAN000720,CUST004579,BR040,Student,15186.95,"14349,477850525736",12564.11,6.783,48.0,24/05/2016,"May 03, 2020",316.39,delinquent,None,Vehicle purchase,341.0,10.0,377.0,Lucas Pitts
LOAN000721,CUST001582,BR044,Home Equity,42735.86,34640.41,41534.47,3.623,84.0,12/17/2017,2024-11-10,508.76,Delinquent,N/A,Travel,49.0,18.0,377.0,Joseph Padilla
LOAN000722,CUST001284,BR027,Personal,9646.65,9567.04,2810.45,11.088,360.0,10/12/2014,07/05/2044,26.8,Delinquent,PROPERTY,Emergency,44.0,2.0,425.0,Carrie Walker
LOAN000723,CUST002892,BR036,Mortgage,2148.1,,1246.0,17.533,240.0,,99/99/9999,8.95,Defaulted,property,Emergency,149.0,16.0,732.0,Christina Weiss
LOAN000724,CUST001643,BR023,Auto,"$67,477.60",63054.29,3313.84,15.037,180.0,04/24/2019,04-02-2034,,delinquent,property,Emergency,151.0,12.0,709.0,Wendy Alvarado
LOAN000725,CUST004945,BR040,Auto,70825.71,,35082.9,3.649,48.0,"July 16, 2011",06/25/2015,1475.54,paid,None,Home improvement,0.0,,599.0,Jerome Foster
LOAN000726,CUST003562,BR014,Student,27776.93,25641.42,16464.8,3.677,240.0,16/06/2010,2030-03-03,115.74,late,Stocks,Education,107.0,12.0,595.0,Jacqueline Stout
LOAN000727,CUST004339,BR043,personal,27904.92,24794.61,17747.96,6.42,180.0,,08/27/2025,155.03,Open,Savings,Debt consolidation,0.0,0.0,444.0,Timothy Zhang
LOAN000728,CUST003630,BR044,Auto,44811.43,37064.22,10447.28,4.469,360.0,,09/29/2045,124.48,Active,PROPERTY,Medical,,0.0,628.0,
LOAN000729,CUST003726,BR012,Home Equity,5340.95,4937.0,3882.75,9.338,24.0,09/08/2014,29-07-2016,222.54,closed,Stocks,,,0.0,348.0,Todd Griffith
LOAN000730,CUST002694,BR035,Personal,29230.55,29092.2,7320.69,15.935,48.0,11-09-2013,99/99/9999,608.97,Active,Vehicle,Home improvement,,,348.0,William Chambers
LOAN000731,CUST000732,BR030,Mortgage,54526.86,52859.23,13202.54,3.192,240.0,14-01-21,08-10-2033,227.2,Paid,N/A,Vehicle purchase,0.0,0.0,634.0,Matthew Williams
LOAN000732,CUST000151,,Business,11806.58,"$11,225.05",851509.0,13.69,48.0,,08-10-2021,245.97,Delinquent,Property,Education,260.0,12.0,,Michael May
LOAN000733,CUST002082,BR049,Home Equity,54959.83,45895.36,44822.35,15.648,60.0,06/04/2014,"May 09, 2019",916.0,Active,none,Medical,,0.0,319.0,Tammy May
LOAN000734,CUST001599,BR027,Auto,57423.06,56436.31,17149.07,9.917,84.0,13-07-2018,06/06/2025,683.61,charged off,N/A,Wedding,210.0,4.0,502.0,Jason Santos
LOAN000735,CUST004321,BR040,Mortgage,48246.6,44185.66,32477.23,15.157,360.0,03/04/2011,27/10/2040,134.02,past due,property,Business expansion,178.0,8.0,640.0,Paul Smith
LOAN000736,CUST000290,BR026,Auto,87164.43,81638.79,15073.56,14.057,60.0,17-05-19,,1452.74,Defaulted,PROPERTY,Business expansion,83.0,16.0,619.0,Suzanne Hodges
LOAN000737,CUST002368,,Student,77318.78,"$64,242.36",61734.12,10.987,60.0,07/08/2016,2021-07-12,1288.65,PAID OFF,,Medical,,0.0,711.0,Todd Sosa
LOAN000738,CUST002040,BR020,Personal,11545.83,9696.06,8407.73,13.483,120.0,12-09-06,2022-07-16,96.22,Delinquent,PROPERTY,Wedding,91.0,20.0,837.0,
LOAN000739,CUST003549,BR046,auto,29022.58,"27830,69919374403",19406.94,,180.0,22-01-14,"October 27, 2036",161.24,Current,Property,Debt consolidation,0.0,0.0,385.0,Charles Gonzalez
LOAN000740,CUST000141,BR020,Personal,USD 44025.39,41710.53,,13.909,120.0,05/21/2016,"March 30, 2026",366.88,Defaulted,none,Wedding,268.0,4.0,343.0,Helen Kim
LOAN000741,CUST004594,BR034,Business,15752.36,,,10.6,48.0,11/06/2022,26-10-16,328.17,Current,Property,Business expansion,,,779.0,Elizabeth Dickerson
LOAN000742,CUST004472,BR041,Personal,53515.37,44964.51,41777.45,12.145,240.0,"September 17, 2010",04-06-2030,222.98,Delinquent,none,Business expansion,142.0,10.0,,Nicholas Cooper
LOAN000743,CUST002627,BR032,Personal,69595.85,"$63,764.05",16808.09,,120.0,04-01-2017,2026-11-13,579.97,Default,None,Wedding,222.0,8.0,561.0,Debra Long
LOAN000744,,BR036,Mortgage,10998.71,10088.64,10208.65,10.534,84.0,99/99/9999,14/08/2026,130.94,DELINQUENT,Stocks,Education,76.0,13.0,668.0,Savannah Williams
LOAN000745,CUST004874,BR037,home equity,21507.46,20312.06,11732.73,8.314,,10-05-01,,179.23,Paid Off,Stocks,Home improvement,,0.0,710.0,
LOAN000746,CUST001206,BR007,Mortgage,"9190,12",8076.91,207760.0,14.274,24.0,10-01-25,15-01-2012,382.92,Open,,Wedding,,,450.0,Steve James
LOAN000747,CUST003744,BR033,Personal,,16660.07,14367.2,3.332,24.0,14/11/2018,03/11/2020,789.43,Delinquent,PROPERTY,Education,256.0,2.0,366.0,Claire Porter
LOAN000748,CUST003125,BR002,Student,23516.22,20320.44,17394.8,8.623,84.0,20-07-18,"June 12, 2027",279.96,Delinquent,Property,Vehicle purchase,31.0,17.0,309.0,Richard Richards
LOAN000749,CUST004271,BR021,Business,38858.34,31102.13,6804.45,14.996,84.0,2017-06-18,,462.6,Defaulted,PROPERTY,,102.0,18.0,784.0,Jennifer Mullen
LOAN000750,CUST000519,BR043,Home Equity,27889.9,23422.91,13824.56,7.701,120.0,"November 04, 2021",13-09-2031,$232.42,active,Property,Travel,0.0,0.0,442.0,Matthew Miller
LOAN000751,CUST004728,BR035,Auto,36223.53,"$30,933.68",31472.48,4.643,360.0,NULL,"May 21, 2040",100.62,PAID OFF,PROPERTY,Debt consolidation,,,635.0,
LOAN000752,CUST003385,BR015,Personal,8547.79,7956.47,3539.33,16.83,120.0,10/22/2021,31-08-2031,71.23,Active,none,Education,0.0,,815.0,David Watkins
LOAN000753,CUST004100,BR002,personal,26024.75,21066.93,19108.41,12.89,36.0,08-12-2014,11/22/2017,,Active,Savings,,,,782.0,Cassandra Harrison
LOAN000754,CUST002112,BR040,Auto,59899.74,48229.86,USD 41672.41,16.705,360.0,2019-06-14,"January 07, 2049",166.39,Defaulted,,Education,214.0,7.0,769.0,Ryan Eaton
LOAN000755,CUST003250,BR033,business,,35816.89,,17.142,,28/04/2014,21-03-22,"476,01",active,None,Wedding,0.0,0.0,752.0,Christine Fitzgerald
LOAN000756,CUST000936,BR015,Personal,1000,844.76,203.06,10.982,24.0,"August 27, 2022","August 16, 2024",41.67,Paid Off,None,,0.0,,,Blake Torres
LOAN000757,CUST000730,BR028,Personal,26247.31,23891.91,951.37,16.508,84.0,11-06-06,30/04/2018,312.47,Delinquent,Savings,Education,221.0,5.0,789.0,Brian Barron
LOAN000758,CUST004912,BR041,Home Equity,,39802.48,35487.46,4.906,240.0,2014-09-28,2034-06-15,178.38,Active,N/A,Travel,0.0,0.0,432.0,Thomas Camacho
LOAN000759,CUST002562,,Auto,18714.53,18345.49,18605.9,16.321,120.0,"February 09, 2013",19-12-2022,155.95,Active,Vehicle,Medical,0.0,0.0,505.0,Sara Bowman
LOAN000760,CUST000915,BR024,Mortgage,48512.82,40138.66,5044.57,2.85,120.0,01-06-2021,10/04/2031,404.27,Active,,Vehicle purchase,0.0,,697.0,Christopher Moyer
LOAN000761,CUST004609,BR026,Business,73597.04,65188.16,8700.81,6.789,120.0,21-07-2020,05/30/2030,613.31,PAID OFF,,Vehicle purchase,,,598.0,Kristi Watson
LOAN000762,CUST004025,,Auto,19749.79,17487.69,6758.34,17.411,24.0,09/26/2012,2014-09-16,822.91,Active,,Vehicle purchase,0.0,,472.0,Julie Payne
LOAN000763,CUST004366,BR006,personal,51753.48,51190.92,35546.35,12.273,36.0,07-06-2016,2019-05-23,1437.6,Delinquent,None,Home improvement,262.0,19.0,694.0,Patrick Roberts
LOAN000764,CUST003357,,Personal,12845.7,"$10,364.43",1662.99,7.023,360.0,2015-11-07,,35.68,past due,Property,Medical,319.0,2.0,808.0,Andrea Whitaker
LOAN000765,CUST004342,BR035,Mortgage,39007.94,36529.11,"32615,21",5.275,360.0,2017-08-01,02/25/2047,108.36,PAST DUE,N/A,Debt consolidation,112.0,18.0,840.0,
LOAN000766,CUST001471,BR026,Business,47327.4,45202.0,10484.06,11.116,120.0,"October 29, 2020","September 07, 2030",394.4,PAST DUE,none,Medical,75.0,21.0,516.0,
LOAN000767,,BR011,Student,3751.98,3321.64,2286.34,8.089,12.0,2011-06-28,06/22/2012,312.67,charged off,Savings,,26.0,17.0,309.0,Michael Adams
LOAN000768,CUST003408,BR031,Student,"52852,48",42997.04,46770.33,11.937,24.0,2019-08-21,99/99/9999,220219.0,Paid Off,Property,Medical,,,747.0,Elizabeth Garcia
LOAN000769,,BR046,Business,6232.53,,5094.91,3.835,120.0,20/09/2016,2026-07-30,51.94,Active,Savings,Medical,0.0,,316.0,Christopher Bell
LOAN000770,CUST002659,BR027,Student,50719.5,43697.27,22189.4,6.225,12.0,06/19/2015,"June 13, 2016",4226.62,PAST DUE,Vehicle,Home improvement,36.0,23.0,446.0,
LOAN000771,CUST002255,BR033,Home Equity,47579.05,"$40,293.59","5542,66",14.478,120.0,2018-01-09,27-11-18,396.49,Active,None,Vehicle purchase,0.0,0.0,406.0,Dr. Edwin Wagner DDS
LOAN000772,CUST002149,BR030,Personal,14115.92,13186.65,13178.56,10.994,120.0,2021-06-14,23/04/2031,117.63,Active,N/A,,0.0,,536.0,Mitchell Gibson
LOAN000773,CUST003824,BR016,Personal,8986.62,7759.83,3853.48,10.737,36.0,09-11-2019,24-10-2022,249.63,Delinquent,none,Business expansion,23.0,13.0,463.0,Vanessa Clark
LOAN000774,CUST000066,BR001,Business,51058.85,45249.89,,12.878,24.0,,18-06-18,2127.45,Bad Debt,property,Medical,329.0,14.0,469.0,James Barry
LOAN000775,CUST000261,BR014,Home Equity,17198.41,15658.65,11667.74,17.862,120.0,"October 23, 2013",01-09-2023,143.32,Paid Off,Stocks,,0.0,0.0,306.0,Andrew Walters
LOAN000776,CUST000787,BR045,Business,46924.97,44277.34,31140.84,9.983,360.0,2014-06-15,44-01-09,130.35,DELINQUENT,Property,Education,103.0,8.0,464.0,Christopher Moran
LOAN000777,CUST002592,BR044,Mortgage,58661.46,47054.55,33906.43,13.475,84.0,2018-12-03,27/10/2025,698.35,Delinquent,none,Debt consolidation,48.0,19.0,443.0,Shannon Monroe
LOAN000778,CUST001565,,Business,43447.77,USD 40197.14,,3.034,84.0,"February 17, 2022","January 11, 2029",517.24,Delinquent,property,Home improvement,172.0,6.0,529.0,
LOAN000779,CUST004836,BR031,Auto,46850.74,42125.15,29424.68,2.964,48.0,06/12/2018,22/05/2022,976.06,Paid Off,Property,Education,0.0,0.0,311.0,Luis Robinson
LOAN000780,CUST000838,BR049,Home Equity,12604.4,11138.65,1348.36,10.272,48.0,05/12/2020,11/14/2024,262.59,closed,Savings,Home improvement,0.0,0.0,726.0,Mary Hayden
LOAN000781,CUST003238,BR011,Student,19284.41,16079.55,USD 8233.78,3.972,48.0,17/03/2017,02/24/2021,,Paid Off,Stocks,Home improvement,,0.0,406.0,Andre Martin
LOAN000782,CUST001234,,Auto,24672.39,21999.75,16269.62,8.184,,16/10/2010,13-09-30,685.34,Delinquent,Vehicle,Education,15.0,21.0,618.0,Jacob Foster
LOAN000783,CUST001049,,Mortgage,1000,942.78,919.65,8.496,120.0,"October 20, 2010",99/99/9999,8.33,charged off,N/A,Debt consolidation,88.0,20.0,602.0,Kelly Ramirez
LOAN000784,CUST002004,BR019,Auto,21260.65,19334.55,"2986,23",9.901,48.0,12-06-15,,44293.0,Delinquent,property,Business expansion,197.0,5.0,306.0,Benjamin King
LOAN000785,CUST002050,BR007,Mortgage,40457.97,39643.27,24358.31,14.068,84.0,2012-05-13,19-04-07,,Defaulted,property,Emergency,218.0,14.0,349.0,Cindy Morris
LOAN000786,CUST001932,BR042,Personal,1455.49,1180.66,967.52,11.11,,26-11-2020,22/06/2050,USD 4.04,closed,Vehicle,Education,0.0,0.0,434.0,Joshua Chapman
LOAN000787,CUST002945,BR032,Student,23634.24,19591.38,"$11,990.48",8.154,48.0,08/07/2013,17/07/2017,492.38,Active,Savings,Emergency,0.0,0.0,394.0,Alyssa Garcia
LOAN000788,CUST000713,BR041,Student,14828.09,USD 12600.34,3204.37,10.654,240.0,2016-05-28,13-02-2036,$61.78,paid off,Vehicle,Debt consolidation,0.0,,845.0,Sheryl Bates
LOAN000789,CUST003041,BR046,Auto,50188.37,45137.93,9897.61,4.009,240.0,28/05/2011,12-02-2031,209.12,Active,N/A,Home improvement,,,645.0,
LOAN000790,CUST002621,BR003,Home Equity,"$3,451.18",2842.09,1166.66,3.75,12.0,17-06-13,08-06-2018,USD 287.60,Delinquent,property,Wedding,232.0,11.0,763.0,
LOAN000791,CUST004994,BR005,student,43861.23,37162.3,11168.83,6.602,24.0,20/09/2019,09/09/2021,1827.55,Active,None,Business expansion,,,583.0,Sean Smith
LOAN000792,CUST001571,BR005,Mortgage,,28705.42,7163.21,4.907,48.0,10/14/2014,"September 23, 2018",638.43,Delinquent,,Business expansion,222.0,24.0,741.0,
LOAN000793,CUST002449,BR032,Student,72559.68,USD 67789.42,48715.2,4.527,36.0,,"April 06, 2023",2015.55,Paid Off,none,Medical,0.0,0.0,534.0,John Kelly
LOAN000794,CUST000934,BR011,Auto,65545.95,56453.83,9234.36,8.601,12.0,11/17/2020,11/12/2021,5462.16,past due,none,Emergency,239.0,7.0,,Autumn Ford
LOAN000795,CUST004785,,Mortgage,"10168,26",8694.03,2109.69,9.202,120.0,"November 15, 2010",23/09/2020,84.74,Late,property,Education,48.0,23.0,633.0,Michelle Banks
LOAN000796,CUST003034,BR030,Personal,29174.78,USD 24464.91,17879.91,17.03,12.0,04/19/2010,2011-04-14,2431.23,Defaulted,none,Business expansion,359.0,4.0,463.0,Daniel Wheeler
LOAN000797,CUST004363,BR003,Mortgage,32725.93,,15332.06,2.628,36.0,"December 24, 2016",12/09/2019,909.05,Defaulted,PROPERTY,Medical,17.0,6.0,,Melanie Flores
LOAN000798,,BR014,Mortgage,9217.98,8654.05,5604.96,9.426,36.0,2020-01-21,01/05/2023,256.06,Charged Off,Stocks,Medical,183.0,18.0,435.0,Linda Flynn
LOAN000799,CUST002018,BR022,Student,USD 13278.43,13136.54,1193.26,9.379,12.0,2019-02-18,20-02-13,1106.54,DELINQUENT,Stocks,Debt consolidation,338.0,11.0,304.0,Julie Stewart
LOAN000800,CUST001987,BR014,Business,37843.21,35782.05,29944.3,9.448,60.0,2013-02-11,"January 16, 2018",630.72,PAST DUE,none,Medical,124.0,2.0,756.0,Michelle Hernandez
LOAN000801,CUST000695,BR021,student,13674.17,12911.66,6927.17,13.863,36.0,14-06-16,31/05/2017,,Open,N/A,Medical,,0.0,384.0,Emily Wall
LOAN000802,CUST004314,BR001,Student,30505.84,2679517.3538073637,"$15,628.68",8.984,12.0,"December 08, 2014",99/99/9999,2542.15,Active,Stocks,Home improvement,,0.0,,Terry Knapp
LOAN000803,CUST003803,BR011,Student,32454.99,28301.28,27810.38,9.423,12.0,09/11/2020,21-11-04,2704.58,Defaulted,PROPERTY,Education,74.0,13.0,404.0,Jacqueline Drake
LOAN000804,CUST003142,BR017,Home Equity,"$26,979.23",25760.1,,3.451,240.0,12-09-2022,30-05-2042,112.41,Paid,,Emergency,0.0,0.0,670.0,John Wright
LOAN000805,CUST002259,BR026,Student,45169.68,42475.44,20211.22,4.435,12.0,"November 21, 2014","November 16, 2015",3764.14,closed,Property,Medical,,,,Teresa Lynch
LOAN000806,CUST004774,BR035,Personal,"$43,416.58",,41639.76,10.992,36.0,05/05/2015,18-04-19,"$1,206.02",Delinquent,Savings,Home improvement,140.0,15.0,438.0,
LOAN000807,CUST004129,BR002,Auto,10307.46,8899.27,,17.505,180.0,,26-12-19,57.26,ACTIVE,PROPERTY,Business expansion,0.0,0.0,487.0,David Mclaughlin
LOAN000808,CUST004257,BR004,Business,,"$41,413.62",8754.85,17.005,24.0,"May 01, 2010",NULL,2004.16,Past Due,property,Business expansion,362.0,11.0,549.0,Richard Hall
LOAN000809,CUST003956,BR010,Personal,68513.43,58460.21,USD 25953.29,9.25,240.0,"November 06, 2013","July 24, 2033",285.47,Charged Off,PROPERTY,Education,320.0,2.0,560.0,Courtney Cline
LOAN000810,CUST000366,BR004,Personal,67131.03,67054.94,5214.72,7.26,180.0,99/99/9999,05/17/2034,372.95,Active,N/A,Home improvement,,,419.0,Angela Scott
LOAN000811,CUST002317,BR017,Personal,71544.55,,24723.67,15.782,180.0,16-04-2022,27/01/2037,397.47,Delinquent,None,Wedding,142.0,14.0,632.0,
LOAN000812,CUST003938,BR034,Home Equity,79258.48,67790.89,54268.72,3.935,180.0,23/01/2017,NULL,440.32,open,None,Vehicle purchase,,0.0,615.0,Emma Hodge
LOAN000813,CUST003131,BR021,Personal,76926.28,73752.76,21321.3,9.407,48.0,19-04-2023,99/99/9999,1602.63,Paid,None,Education,0.0,,768.0,Michelle Garcia
LOAN000814,CUST000780,BR004,Business,3052.6,2448.55,474.81,16.084,120.0,,20-11-2019,25.44,Charged Off,Property,Debt consolidation,322.0,6.0,518.0,Sharon White
LOAN000815,CUST001442,BR035,Student,22958.18,21199.7,3704.91,6.018,120.0,2016-01-15,2025-11-23,191.32,Active,Stocks,Emergency,,,781.0,Adrienne Gonzalez
LOAN000816,CUST000512,BR033,personal,39265.9,37625.44,35652.83,14.494,36.0,,13-01-01,1090.72,Delinquent,PROPERTY,Home improvement,156.0,18.0,439.0,Lynn Thompson
LOAN000817,CUST003068,BR004,Home Equity,39839.85,"$36,200.39",,3.373,60.0,16/02/2016,20/01/2021,664.0,charged off,,Emergency,165.0,18.0,834.0,Terry Bradford
LOAN000818,,BR049,Home Equity,10842.83,8700.34,7639.77,10.721,12.0,07/31/2016,26/07/2017,903.57,closed,property,Education,0.0,,616.0,Margaret White
LOAN000819,CUST003822,BR031,Personal,USD 24770.48,"$23,177.71",23576.49,7.737,84.0,19-03-24,15-02-2026,294.89,ACTIVE,Vehicle,,0.0,0.0,696.0,Mitchell Pierce
LOAN000820,CUST001776,BR045,Student,USD 53221.30,,,11.613,48.0,99/99/9999,16-11-28,1108.78,Defaulted,,Home improvement,159.0,13.0,824.0,Kevin Jones
LOAN000821,CUST001332,BR024,Student,59288.83,52038.17,19306.03,10.663,240.0,"February 05, 2014",23-10-2033,247.04,Defaulted,PROPERTY,Business expansion,287.0,6.0,642.0,Matthew Clayton
LOAN000822,,BR014,Personal,21797.82,18392.57,18619.63,14.979,36.0,02-11-2021,17-10-2024,605.5,Past Due,Vehicle,Wedding,126.0,4.0,369.0,
LOAN000823,CUST004065,BR040,Auto,28798.68,27686.16,27763.3,17.908,180.0,99/99/9999,07/07/2028,159.99,Paid Off,property,,0.0,0.0,801.0,Misty Bonilla
LOAN000824,CUST002238,BR030,Mortgage,52073.27,51321.78,15818.66,12.613,24.0,14/02/2012,02/03/2014,2169.72,Past Due,Stocks,Debt consolidation,186.0,15.0,331.0,Jasmine Williams DVM
LOAN000825,CUST004564,BR044,Auto,31007.5,29477.52,11362.41,17.879,240.0,99/99/9999,16-07-2033,129.2,Paid Off,,Home improvement,0.0,0.0,377.0,Amanda Hughes
LOAN000826,CUST003751,BR039,Auto,11230.62,9758.57,10968.86,10.647,240.0,16-06-2010,03/03/2030,46.79,Active,Stocks,Travel,,,473.0,Kari Jones
LOAN000827,,BR038,Business,30862.85,25285.89,17207.52,14.221,240.0,01-05-2021,"January 16, 2041",128.6,Delinquent,property,Vehicle purchase,337.0,1.0,,Cameron Brown
LOAN000828,CUST001364,BR034,Business,19810.71,16843.74,13206.97,13.216,12.0,04-08-2010,11-07-30,1650.89,Defaulted,property,Education,69.0,3.0,746.0,Kimberly Ellis
LOAN000829,CUST003072,BR029,Home Equity,30809.31,29040.86,4363.81,,24.0,06/21/2013,11/06/2015,1283.72,open,PROPERTY,Travel,0.0,0.0,327.0,Joshua Jackson
LOAN000830,CUST000529,BR017,Personal,73900.48,66442.81,67292.04,14.051,48.0,"March 21, 2021","February 28, 2025",USD 1539.59,Active,Stocks,Home improvement,,,527.0,Christopher Pittman
LOAN000831,CUST000762,BR022,Student,49483.86,46097.18,1772.19,15.147,,,11-01-2028,274.91,Open,none,,,0.0,490.0,Maria Hall
LOAN000832,CUST003558,BR031,Business,20447.74,19772.5,17009.94,3.484,12.0,06/09/2015,2016-08-31,1703.98,PAID OFF,None,Emergency,,0.0,,Brittany Wilson
LOAN000833,CUST004737,BR043,Mortgage,33459.36,"28169,909079695684",6186.05,8.718,180.0,11-05-05,02/15/2026,185.89,Delinquent,none,Emergency,4.0,9.0,777.0,Daisy Riddle
LOAN000834,CUST000661,BR046,Home Equity,,7880.45,5322.66,5.101,60.0,2014-07-06,19-06-10,,Paid,none,,0.0,,704.0,Sonia Mcdonald MD
LOAN000835,,BR015,Business,60913.45,53733.9,,11.045,12.0,15-02-12,07/02/2016,USD 5076.12,Paid Off,none,Medical,0.0,0.0,671.0,Mitchell Fernandez
LOAN000836,CUST001816,BR023,Student,24317.15,23983.31,17186.97,6.43,24.0,10/18/2014,"October 07, 2016",1013.21,Delinquent,N/A,Wedding,324.0,9.0,625.0,Sara Harris
LOAN000837,CUST002016,BR027,Home Equity,USD 65023.58,58757.92,47575.25,12.786,180.0,10-02-01,"November 14, 2024",361.24,Paid Off,Savings,Debt consolidation,0.0,0.0,497.0,
LOAN000838,CUST001640,BR043,Mortgage,67742.83,USD 58141.85,6487.08,10.911,120.0,04/11/2010,2020-09-12,$564.52,Paid Off,PROPERTY,Emergency,,,687.0,Stephen Thomas
LOAN000839,CUST002848,,Auto,66656.71,"$62,022.33","$17,607.43",10.826,48.0,27/03/2018,99/99/9999,1388.68,PAST DUE,Vehicle,Home improvement,242.0,15.0,403.0,Sabrina Jones
LOAN000840,CUST004035,BR036,Home Equity,"$49,228.86",40304.61,29359.71,7.689,24.0,"September 16, 2012",06/09/2014,2051.2,Default,None,Wedding,223.0,3.0,309.0,Luis Bryant
LOAN000841,CUST003253,BR010,Auto,51966.58,44204.15,6857.67,15.0,360.0,30-04-2013,24-11-2042,144.35,Paid,None,Home improvement,0.0,,585.0,
LOAN000842,CUST000697,BR047,Student,"$52,634.91",51015.05,37570.71,4.128,12.0,"July 24, 2018",07/19/2019,4386.24,charged off,property,,235.0,15.0,603.0,Alexander Garcia
LOAN000843,CUST003631,BR013,Auto,43771.53,USD 35125.94,41109.68,12.36,360.0,29-03-2014,2043-10-23,121.59,active,Stocks,,0.0,0.0,398.0,Dr. Shaun Williams MD
LOAN000844,CUST003980,BR029,Student,10214.02,8573.33,490.82,5.641,24.0,22/01/2015,"January 11, 2017",425.58,Defaulted,PROPERTY,,199.0,12.0,587.0,
LOAN000845,CUST002895,BR023,home equity,12045.98,10864.98,12044.22,14.843,36.0,2016-03-25,19-03-10,334.61,active,PROPERTY,Education,,,648.0,Rachel Poole
LOAN000846,CUST004819,BR031,Student,64137.83,55940.31,2167.89,11.688,360.0,14-05-24,18-12-2043,178.16,DELINQUENT,Vehicle,Wedding,330.0,19.0,,Amy Taylor
LOAN000847,CUST002076,,Student,,33945.98,31051.92,14.486,84.0,05-05-2023,30-03-29,$448.06,Active,,Vehicle purchase,,,762.0,Paul Brown
LOAN000848,CUST002437,,Business,8380.62,8071.91,USD 531.02,7.546,,2021-04-01,"March 06, 2026",139.68,Active,None,Medical,0.0,0.0,532.0,Patrick Day
LOAN000849,CUST004121,BR032,business,36233.63,33031.69,9153.45,10.638,,17-03-11,24-02-03,431.35,Bad Debt,,Vehicle purchase,41.0,18.0,785.0,Gerald Sheppard
LOAN000850,CUST001947,BR017,Business,"$39,926.83","$33,934.93",27197.95,5.728,48.0,"December 31, 2011",10-12-2015,831.81,Default,Stocks,Travel,157.0,19.0,786.0,
LOAN000851,CUST001410,BR045,Home Equity,9651.67,8200.24,USD 1536.49,11.937,60.0,21-11-20,2026-10-25,160.86,Paid Off,Vehicle,Business expansion,0.0,0.0,585.0,Phillip Gutierrez
LOAN000852,CUST003098,BR021,Mortgage,10182.17,9808.22,"2454,96",17.46,12.0,22/08/2021,08/17/2022,848.51,closed,N/A,Vehicle purchase,,0.0,551.0,Brian Oconnor
LOAN000853,,BR009,Mortgage,41152.85,,7073.7,15.094,60.0,23/09/2013,28-08-2018,685.88,paid,Stocks,Emergency,,0.0,364.0,Luis Bishop
LOAN000854,CUST000046,BR024,Mortgage,28162.63,26618.13,14044.36,11.572,360.0,08/04/2012,02/28/2042,78.23,Defaulted,property,Business expansion,61.0,11.0,569.0,Susan Warren
LOAN000855,CUST003088,BR050,Student,33122.12,29221.1,"23947,87",17.173,180.0,,2027-12-14,184.01,Delinquent,None,Home improvement,152.0,7.0,818.0,William Aguilar
LOAN000856,CUST001611,BR035,Business,25971.11,25356.85,2278.16,,24.0,21-05-25,15/05/2023,108213.00000000001,Paid Off,PROPERTY,Education,0.0,,371.0,Kristin Fisher
LOAN000857,CUST000634,BR025,Personal,1106.28,1057.58,46.38,15.728,36.0,2018-09-27,2021-09-11,30.73,Active,Property,Education,,0.0,785.0,Jocelyn House
LOAN000858,CUST000660,BR013,Business,23674.0,21458.24,10156.23,7.534,360.0,14/08/2015,09-03-2045,65.76,Charged Off,none,Vehicle purchase,104.0,17.0,,Tanya Harper
LOAN000859,CUST002706,,Home Equity,2423.5,USD 1991.04,1068.09,6.412,240.0,11-08-16,99/99/9999,10.1,Active,,Wedding,0.0,,372.0,Wayne Mcintosh
LOAN000860,CUST004460,BR001,Auto,56026.8,45694.57,34473.96,3.08,48.0,"August 15, 2011",,,Paid Off,Stocks,Education,,,739.0,Debra Sandoval
LOAN000861,CUST002109,BR026,student,1545.33,1431.5,631.66,3.372,240.0,"November 17, 2012",99/99/9999,6.44,open,Vehicle,Wedding,,,682.0,Margaret Gonzalez
LOAN000862,CUST000837,BR047,Mortgage,13169.95,12981.48,9073.89,3.04,180.0,18-05-21,NULL,73.17,Defaulted,Savings,Wedding,362.0,5.0,785.0,Steven Eaton
LOAN000863,CUST001127,BR050,business,USD 1736.51,1704.85,157.25,3.253,84.0,14-09-2022,29-08-08,20.67,Defaulted,Stocks,Business expansion,322.0,12.0,420.0,Richard Sims
LOAN000864,CUST000256,BR040,Mortgage,44363.05,41597.18,22137.04,3.132,,04/06/2019,2029-02-12,369.69,Closed,N/A,Business expansion,,0.0,321.0,Ann Dalton
LOAN000865,CUST002434,BR048,Personal,60962.05,"$57,516.35",55791.67,9.378,120.0,07/02/2017,26-12-17,508.02,Delinquent,Stocks,Emergency,143.0,5.0,759.0,Jeremy Dorsey
LOAN000866,CUST003787,BR009,personal,USD 63403.51,53464.97,44807.35,5.418,12.0,11-04-29,23-04-2012,5283.63,DEFAULT,none,Vehicle purchase,75.0,9.0,838.0,Kristi Hill
LOAN000867,CUST002368,BR038,Personal,26105.85,22719.74,2472.18,14.642,60.0,2012-07-30,17-07-04,435.1,Bad Debt,Vehicle,,39.0,18.0,396.0,Matthew Wiley
LOAN000868,,BR001,Personal,39484.55,39047.86,26133.01,5.848,120.0,"April 23, 2018",99/99/9999,329.04,Paid Off,N/A,,0.0,,392.0,Benjamin Marsh
LOAN000869,CUST004603,BR020,Home Equity,44498.56,37247.0,,6.657,60.0,2019-05-20,04/23/2024,741.64,In Progress,N/A,Emergency,,,511.0,
LOAN000870,CUST004816,,Personal,USD 20784.06,20160.21,2052.56,16.778,84.0,2016-11-11,2023-10-06,247.43,Paid Off,N/A,Debt consolidation,0.0,0.0,425.0,Jim Wall
LOAN000871,CUST000233,BR019,Mortgage,20895.6,20624.67,12995.96,7.179,120.0,NULL,33-01-05,,Defaulted,,Education,69.0,16.0,447.0,Dennis Rodriguez
LOAN000872,CUST002127,BR004,auto,14360.07,13856.81,13134.91,11.777,84.0,04-11-2018,09/28/2025,170.95,Defaulted,,Emergency,111.0,21.0,321.0,James Larson
LOAN000873,CUST002566,BR011,Auto,31523.9,28922.51,993.76,11.01,24.0,01/08/2014,16-07-21,1313.5,Paid Off,None,Travel,0.0,0.0,718.0,James Hale
LOAN000874,CUST002468,BR036,business,,48959.94,"$21,357.22",5.86,360.0,20-01-2014,2043-08-16,151.8,Paid,Savings,Vehicle purchase,,0.0,786.0,Mary Rivera
LOAN000875,CUST001508,BR020,Business,11543.56,11192.57,7221.47,17.975,120.0,17-09-20,27-07-30,96.2,Active,None,Vehicle purchase,,,364.0,Meghan Mendoza
LOAN000876,CUST002532,BR042,Personal,39456.65,33688.24,6590.32,2.619,240.0,99/99/9999,99/99/9999,,Paid Off,N/A,Travel,,0.0,575.0,Andrew Harrison
LOAN000877,CUST001923,BR014,Business,10384.16,10320.96,5617.77,6.705,24.0,99/99/9999,10/04/2017,432.67,Defaulted,Stocks,Debt consolidation,344.0,22.0,807.0,Lindsay Braun
LOAN000878,CUST004272,BR012,Business,3649.73,3482.65,1151.2,14.809,84.0,10/28/2022,99/99/9999,43.45,open,Property,Debt consolidation,,,759.0,Steven Stein
LOAN000879,CUST001210,BR003,Business,29792.27,24805.48,26689.04,12.955,48.0,13-12-28,2017-12-07,620.67,Defaulted,N/A,Debt consolidation,123.0,9.0,508.0,Robert Sheppard
LOAN000880,CUST002941,BR043,Personal,9224.79,7761.2,2455.9,10.421,12.0,99/99/9999,"December 22, 2017",768.73,Current,none,Wedding,,,428.0,James Olson
LOAN000881,CUST000947,BR010,Mortgage,54622.5,50486.99,35116.3,7.988,12.0,"October 26, 2017",21/10/2018,4551.88,Delinquent,Stocks,Vehicle purchase,22.0,14.0,461.0,John Hicks
LOAN000882,CUST002287,BR034,auto,31064.94,29438.48,USD 28554.62,8.879,12.0,"November 12, 2022",99/99/9999,,Defaulted,Stocks,Vehicle purchase,162.0,17.0,571.0,Mrs. Rachael Golden
LOAN000883,CUST003729,BR008,Auto,19425.03,,1258.22,16.47,240.0,15/04/2020,01/01/2040,,DELINQUENT,PROPERTY,Business expansion,263.0,13.0,,Donna Rogers
LOAN000884,CUST003578,BR026,Business,18811.73,15206.5,6971.75,13.895,120.0,18-07-07,15/05/2028,156.76,Closed,Property,Vehicle purchase,0.0,,691.0,Kristin Hale
LOAN000885,CUST003968,BR035,Auto,31096.45,26979.41,27854.29,16.863,60.0,19-08-15,19-07-2024,518.27,Defaulted,Vehicle,Education,134.0,9.0,560.0,Jean Adams
LOAN000886,CUST004209,BR020,Student,44634.63,40850.2,43775.71,8.323,24.0,10/09/2011,28/09/2013,1859.78,Defaulted,Property,Vehicle purchase,138.0,22.0,371.0,Greg Cannon
LOAN000887,CUST004440,BR030,business,42152.41,34522.78,27457.7,14.31,48.0,,17-12-11,878.18,Paid Off,none,Debt consolidation,,0.0,721.0,Christine Lee
LOAN000888,CUST003975,BR033,auto,7158.15,6324.9,3822.28,3.693,12.0,09/07/2022,23-09-02,596.51,defaulted,,Debt consolidation,269.0,9.0,588.0,Susan Austin
LOAN000889,CUST001939,BR031,Business,31658.78,27619.17,26389.87,12.956,60.0,26/06/2018,2023-05-31,527.65,active,Stocks,Business expansion,0.0,,389.0,Andrew Rowland
LOAN000890,CUST002600,BR037,home equity,13056.6,11926.17,6924.49,,48.0,31/08/2022,08/10/2026,272.01,Defaulted,property,Emergency,128.0,4.0,486.0,Christian Wilson
LOAN000891,CUST000422,BR009,Student,48056.4,40553.38,34056.56,17.556,120.0,18-07-18,2028-05-26,400.47,Delinquent,N/A,Travel,36.0,3.0,337.0,
LOAN000892,CUST003902,BR016,Home Equity,,19355.35,10498.09,12.553,,19-03-2016,11/02/2023,235.22,Delinquent,None,Education,188.0,14.0,726.0,Curtis Merritt
LOAN000893,CUST000787,BR021,Business,"$30,185.59",29836.33,5096.17,10.563,60.0,"April 10, 2016",15/03/2021,503.09,Active,none,,,,559.0,Crystal Moore
LOAN000894,CUST003718,BR002,Business,9857.98,8650.17,3633.71,,240.0,99/99/9999,06-08-2038,41.07,In Progress,Savings,Debt consolidation,,,306.0,
LOAN000895,CUST004133,BR004,Home Equity,24928.5,21412.06,435.04,6.903,,20-01-12,12/27/2022,692.46,Open,Property,Travel,,,,Jasmine Ruiz
LOAN000896,CUST003087,BR004,Auto,16021.9,14196.54,USD 2015.02,11.972,12.0,"May 07, 2012","May 02, 2013",1335.16,Active,Stocks,Emergency,,,,Priscilla Harmon
LOAN000897,CUST001842,BR050,Mortgage,,72506.89,60035.44,8.667,84.0,27-07-2011,99/99/9999,924.12,paid off,Vehicle,Vehicle purchase,0.0,0.0,662.0,Leslie Hernandez
LOAN000898,CUST003155,BR026,Mortgage,"40275,78",37576.96,USD 11279.13,,180.0,08/05/2019,18/02/2034,223.75,Paid Off,Vehicle,Emergency,,0.0,709.0,Margaret Sanders
LOAN000899,CUST000102,BR028,Home Equity,31866.89,26294.41,2064.59,5.081,360.0,29-12-2019,49-07-24,88.52,Paid Off,N/A,Wedding,0.0,0.0,668.0,Joseph Graves
LOAN000900,CUST001750,BR040,home equity,54550.17,50899.61,78015.0,17.95,48.0,09/16/2020,26/08/2024,1136.46,Paid Off,Savings,Wedding,,,346.0,Jose Garcia
LOAN000901,CUST002641,BR004,Student,,75098.86,28562.78,12.496,,25-08-2010,07/19/2017,920.5,Active,Stocks,Education,,0.0,729.0,Deborah Hicks
LOAN000902,,BR028,Business,43474.69,40497.96,35980.69,4.959,48.0,2013-02-10,01/20/2017,905.72,Delinquent,none,Vehicle purchase,74.0,22.0,,Lori Davenport
LOAN000903,CUST000348,BR018,Personal,32223.31,27027.11,15690.25,11.869,12.0,13-03-2018,08-03-2019,2685.28,Delinquent,,,188.0,6.0,736.0,Caroline Cooper
LOAN000904,CUST000102,BR029,home equity,72052.11,,33114.09,,24.0,03/25/2023,25-03-14,3002.17,Defaulted,Savings,Medical,240.0,10.0,589.0,Michael Cooper
LOAN000905,CUST004768,BR037,business,33084.86,USD 30765.53,17142.71,5.814,240.0,19-04-2010,01/04/2030,137.85,DEFAULTED,Stocks,Travel,236.0,24.0,,Christopher Bass
LOAN000906,CUST004593,BR033,student,34725.83,30574.91,10464.4,6.56,12.0,05/02/2014,04/27/2015,2893.82,PAST DUE,Property,Emergency,0.0,20.0,847.0,Keith Morton
LOAN000907,CUST003617,BR030,Business,25895.69,22520.57,15901.86,9.462,36.0,05-09-2017,20-08-20,719.32,Delinquent,,Wedding,26.0,2.0,537.0,Heather Carpenter
LOAN000908,CUST000279,BR018,Home Equity,72069.87,59893.04,3100.18,4.924,36.0,"November 21, 2014",2017-11-05,2001.94,Active,Savings,,0.0,0.0,787.0,Jason Baxter DDS
LOAN000909,CUST002352,BR040,Student,24074.67,20181.67,920.31,17.872,180.0,"October 30, 2015",12/08/2030,133.75,Paid Off,None,Home improvement,0.0,0.0,706.0,Paula Combs
LOAN000910,CUST003985,BR049,Business,43033.32,41231.01,15344.49,10.043,120.0,20-08-10,19-06-2030,358.61,late,N/A,Business expansion,199.0,14.0,825.0,Bruce Bowen
LOAN000911,CUST001644,BR018,Student,,79203.73,81131.78,6.182,48.0,14-07-27,"July 06, 2018","1697,44",Delinquent,Property,Education,25.0,3.0,384.0,Alexandra Rios
LOAN000912,CUST004444,,Home Equity,68124.17,55773.43,35970.94,3.8,84.0,17-11-15,"October 09, 2024",811.0,Defaulted,Stocks,Wedding,10.0,22.0,310.0,Lisa Rivera
LOAN000913,CUST002668,BR004,Home Equity,45143.32,42393.92,40712.68,7.799,360.0,18-07-12,"February 05, 2048",125.4,Delinquent,property,,346.0,10.0,,Madison Dominguez
LOAN000914,CUST004064,,Student,50155.47,"46461,98971309617",29021.57,12.021,48.0,06/04/2016,20-05-14,1044.91,Defaulted,Savings,Emergency,87.0,17.0,,Abigail Martinez
LOAN000915,CUST002000,BR038,Home Equity,44850.7,"$39,211.32",35161.22,14.208,48.0,25-07-2016,"July 04, 2020",934.39,Past Due,none,,98.0,16.0,522.0,Ryan Ramirez
LOAN000916,CUST004154,BR031,Mortgage,2994.63,2854.26,1833.97,4.264,360.0,12-06-19,01/13/2042,8.32,Delinquent,Stocks,,166.0,3.0,545.0,Jessica Werner
LOAN000917,CUST000441,BR006,Home Equity,,24266.89,2451.72,10.468,24.0,NULL,06/11/2013,USD 1249.51,Active,property,Business expansion,0.0,,404.0,Jill Thompson
LOAN000918,CUST004614,BR008,Home Equity,,64454.71,16570.09,8.462,,20-02-2020,"January 14, 2027",787.47,Paid Off,PROPERTY,Education,0.0,,777.0,Donna Fox
LOAN000919,CUST001097,BR012,Personal,,38808.12,444.43,8.492,60.0,2020-09-07,99/99/9999,682.38,Active,Stocks,Vehicle purchase,0.0,,316.0,Barbara Yu
LOAN000920,CUST001750,,Mortgage,85669.17,74672.88,,8.116,36.0,07/09/2021,23-06-2024,"$2,379.70",ACTIVE,PROPERTY,Emergency,0.0,0.0,702.0,Zachary Roberts
LOAN000921,CUST000724,BR027,Mortgage,35886.86,32395.45,5979.07,12.305,360.0,11/16/2015,45-06-11,99.69,Defaulted,property,Education,28.0,1.0,801.0,
LOAN000922,CUST004231,BR021,Business,56737.96,45726.29,8972.1,4.078,24.0,01/12/2013,,2364.08,Delinquent,property,Debt consolidation,120.0,21.0,500.0,Kyle Bowman
LOAN000923,CUST002128,BR034,Mortgage,19095.3,15933.22,15072.58,17.566,48.0,NULL,"October 10, 2017",397.82,Active,Savings,Home improvement,,0.0,575.0,Mary Pugh
LOAN000924,CUST003006,BR006,Home Equity,22206.02,19669.43,4280.57,17.408,48.0,2010-04-03,03/13/2014,462.63,DEFAULT,,,62.0,1.0,390.0,Leslie Burke
LOAN000925,CUST004064,BR021,Auto,22698.18,20884.78,585239.0,14.155,36.0,"November 04, 2018","October 19, 2021",630.5,closed,Savings,Debt consolidation,0.0,,672.0,Meredith Montgomery
LOAN000926,CUST000396,BR003,Auto,59889.65,57711.99,59523.19,,240.0,04/11/2013,32-12-27,249.54,paid,property,,,,468.0,Crystal Oliver
LOAN000927,CUST002271,BR027,Home Equity,17528.61,16068.2,17357.4,6.24,120.0,11/11/2018,"September 19, 2028",,Defaulted,Vehicle,Emergency,113.0,14.0,664.0,Kenneth Wilson
LOAN000928,CUST004399,BR042,Auto,16761.15,16262.03,59974.0,16.073,24.0,2019-04-02,22/03/2021,USD 698.38,DEFAULTED,N/A,Education,10.0,5.0,404.0,Robin Coffey
LOAN000929,CUST001404,BR001,Mortgage,33704.19,33418.42,1224.37,11.605,180.0,15/07/2013,"April 27, 2028",187.25,Active,property,Vehicle purchase,,,492.0,Michael Sherman
LOAN000930,CUST004452,BR018,Business,"$25,337.97",23451.79,22107.59,17.757,24.0,2016-11-06,"October 27, 2018",1055.75,Active,,Travel,,,737.0,Thomas Melton MD
LOAN000931,CUST004149,BR001,mortgage,"$34,802.28",30284.16,10256.95,12.537,360.0,03/14/2015,07-10-2044,,Paid Off,Property,Vehicle purchase,0.0,,333.0,Kylie Hawkins
LOAN000932,CUST000074,BR031,Mortgage,15447.84,15378.19,2281.23,5.921,120.0,14-02-04,23-12-14,128.73,DEFAULT,none,Wedding,284.0,19.0,523.0,Jennifer Chavez
LOAN000933,CUST002973,BR005,home equity,28894.03,27114.24,10605.57,12.3,180.0,09/05/2018,02/19/2033,160.52,Defaulted,Property,Debt consolidation,92.0,20.0,611.0,Jillian Chen
LOAN000934,CUST002894,BR011,Business,2154.29,2150.05,"$1,956.79",3.187,48.0,"May 10, 2011",19-04-2015,44.88,Paid Off,PROPERTY,Emergency,0.0,,406.0,Patricia Garza
LOAN000935,CUST001303,BR010,Student,34126.92,33452.98,32270.97,5.181,12.0,18-05-17,NULL,,Delinquent,PROPERTY,Home improvement,71.0,21.0,443.0,Daniel Cole
LOAN000936,CUST002496,BR005,Home Equity,,25208.42,20202.29,11.229,36.0,99/99/9999,2017-07-22,$750.49,DEFAULT,None,Travel,305.0,8.0,481.0,Larry Thompson
LOAN000937,CUST001085,BR026,Home Equity,70877.45,61606.2,17489.1,3.677,48.0,2018-06-08,18-05-2022,1476.61,Paid Off,Vehicle,Medical,0.0,,322.0,
LOAN000938,CUST000264,BR049,Mortgage,44353.8,39716.36,12832.94,4.554,48.0,2010-02-01,11-01-2014,924.04,Defaulted,PROPERTY,Emergency,308.0,12.0,376.0,Kathleen Moreno
LOAN000939,CUST000331,BR032,Auto,43672.61,40136.93,5913.05,6.043,240.0,11-11-25,31-08-12,181.97,Delinquent,PROPERTY,Wedding,359.0,18.0,528.0,Elizabeth Mcfarland
LOAN000940,CUST003292,BR035,Auto,33675.51,32103.43,1507.28,10.685,24.0,"February 13, 2020",2022-02-02,1403.15,past due,PROPERTY,Debt consolidation,42.0,20.0,818.0,Catherine Ritter
LOAN000941,CUST001477,BR029,business,16689.32,16580.49,16205.21,6.971,240.0,19-07-03,39-03-20,6954.000000000001,Defaulted,,Vehicle purchase,42.0,5.0,407.0,Matthew Miles
LOAN000942,CUST001152,BR028,Student,,47059.82,32212.64,7.365,48.0,19-08-14,99/99/9999,1046.09,Paid Off,Vehicle,Business expansion,,0.0,323.0,Christopher Flores
LOAN000943,CUST000851,BR037,Business,17354.4,14508.8,12586.82,7.672,360.0,18-06-2011,11/01/2041,48.21,Defaulted,None,,272.0,3.0,402.0,Kelly Webb
LOAN000944,CUST003130,BR019,Home Equity,39081.78,37703.04,12170.42,16.329,84.0,99/99/9999,14/10/2019,465.26,Active,Vehicle,Home improvement,0.0,,623.0,Caleb Bishop
LOAN000945,CUST002044,BR034,Business,26848.81,24188.18,15499.98,17.894,24.0,2013-07-25,"July 15, 2015",1118.7,DEFAULTED,None,Travel,288.0,7.0,302.0,Kerry Moreno
LOAN000946,CUST000676,BR005,Business,40642.53,34970.3,27821.67,13.0,48.0,29-04-2016,20-04-08,846.72,delinquent,Property,Debt consolidation,244.0,13.0,,Charles Mcdonald
LOAN000947,CUST000888,BR014,Business,29905.56,24616.94,USD 3059.41,4.587,180.0,02/08/2019,15-05-2034,166.14,Active,Vehicle,Travel,0.0,0.0,723.0,Samuel Calhoun
LOAN000948,CUST004814,BR011,Personal,1208.46,1090.89,,7.179,36.0,15-04-2017,30/03/2020,33.57,Active,Vehicle,Education,,0.0,362.0,Andre Simmons
LOAN000949,CUST000763,BR025,Auto,27172.96,,6713.42,4.427,360.0,,07-04-2049,75.48,Paid Off,Savings,Emergency,0.0,0.0,636.0,Joshua Ramos
LOAN000950,CUST004172,BR021,Mortgage,42816.34,41284.31,34360.16,15.585,84.0,2012-03-13,05-02-2019,509.72,defaulted,Savings,Vehicle purchase,284.0,21.0,677.0,Alan Patterson
LOAN000951,CUST000863,BR041,Personal,3072.08,2722.5,787.35,9.305,240.0,18-05-2012,03/02/2032,$12.80,Active,none,Home improvement,,0.0,619.0,Mike Gonzalez
LOAN000952,CUST002216,BR030,Home Equity,60260.96,"52789,55988404209",34658.7,,84.0,05-12-2022,29-10-29,717.39,Defaulted,Stocks,Medical,153.0,11.0,481.0,Mark Manning
LOAN000953,CUST004679,BR033,Personal,39860.22,35484.8,34480.98,6.713,24.0,99/99/9999,"July 29, 2013",1660.84,Open,,Emergency,,,655.0,Gabrielle Williams
LOAN000954,CUST004851,BR022,Personal,39098.77,35956.82,,2.623,60.0,NULL,2025-02-26,651.65,Delinquent,Stocks,Business expansion,361.0,14.0,337.0,Gregg Zavala
LOAN000955,,BR024,Auto,56999.08,,30581.81,3.211,120.0,2023-04-04,"February 10, 2033",474.99,Delinquent,property,Medical,240.0,22.0,785.0,Kaitlyn Cain
LOAN000956,,BR035,Student,40504.94,33655.28,17715.37,13.467,36.0,2018-01-31,21-01-15,1125.14,Defaulted,N/A,,270.0,5.0,404.0,
LOAN000957,CUST001017,BR020,Personal,10834.09,8810.02,1116.25,5.694,48.0,19-10-2015,28/09/2019,225.71,Current,N/A,Home improvement,,0.0,405.0,Veronica Haney
LOAN000958,CUST003919,BR033,Mortgage,1396.36,1266.23,1294.17,4.619,12.0,21-06-14,"June 09, 2022",116.36,Paid Off,PROPERTY,Home improvement,0.0,0.0,447.0,Nancy Miller
LOAN000959,CUST004837,BR045,Business,30541.75,25195.77,9947.76,15.854,24.0,04/30/2013,"April 20, 2015",1272.57,Current,none,Home improvement,,,602.0,Catherine Brown
LOAN000960,CUST004591,BR038,Auto,USD 19877.20,19443.08,16341.97,4.163,240.0,"November 30, 2013","August 17, 2033",82.82,Past Due,PROPERTY,Travel,311.0,10.0,681.0,Sandra Jenkins
LOAN000961,CUST004102,BR049,Student,21978.75,USD 18865.48,9670.85,3.502,24.0,2012-07-28,18-07-2014,,Active,N/A,Home improvement,0.0,,408.0,Sarah Kennedy
LOAN000962,CUST003997,BR041,Home Equity,52081.36,44998.13,24914.55,3.151,48.0,"December 03, 2022",,1085.03,Defaulted,Savings,Travel,341.0,6.0,337.0,Michael Cook
LOAN000963,CUST004386,BR037,auto,"$52,762.63",42373.57,52177.72,3.555,36.0,99/99/9999,19-12-2021,1465.63,Open,None,Vehicle purchase,,,523.0,Madison Peterson
LOAN000964,CUST001504,BR032,Personal,68394.29,63278.1,42170.65,4.846,60.0,2021-01-12,17/12/2025,1139.9,Open,Property,Emergency,0.0,0.0,,
LOAN000965,,BR025,Personal,32950.26,"$32,046.30",29113.2,15.679,24.0,11/10/2022,30/10/2024,1372.93,In Progress,Stocks,Business expansion,,0.0,606.0,Jennifer Evans
LOAN000966,CUST004763,BR050,Auto,7245.58,5856.98,1328.57,12.254,48.0,"September 18, 2022",26-08-28,150.95,Delinquent,Property,Medical,318.0,11.0,818.0,Alicia Ford
LOAN000967,CUST004682,BR042,Student,26463.01,22661.9,1242.57,11.354,84.0,04/22/2021,16/03/2028,315.04,Defaulted,Stocks,Business expansion,225.0,8.0,531.0,Rachel Shannon
LOAN000968,CUST002563,BR030,Business,25123.81,24711.29,17454.89,16.091,24.0,"December 18, 2016",12/08/2018,1046.83,Defaulted,None,Home improvement,30.0,14.0,508.0,Keith Richardson
LOAN000969,CUST001156,BR020,Business,53597.16,48635.58,"$32,887.82",15.29,120.0,"December 20, 2012","October 29, 2022",446.64,ACTIVE,PROPERTY,Emergency,0.0,0.0,719.0,Vicki Phillips
LOAN000970,CUST000200,BR005,Business,,17712.59,12501.68,8.936,240.0,10-08-22,09-05-2030,88.21,Active,property,Debt consolidation,0.0,0.0,,Wesley Frank
LOAN000971,CUST003975,BR008,Business,"$45,578.90",,34010.89,3.281,60.0,04/30/2010,04/04/2015,759.65,Delinquent,Vehicle,Education,233.0,21.0,842.0,Barbara Miller
LOAN000972,CUST002659,,Auto,43818.26,41131.35,1974.51,3.929,48.0,NULL,21-12-21,912.88,Active,Property,Emergency,0.0,0.0,,Jennifer Sanchez
LOAN000973,CUST004619,BR043,Student,54721.93,50393.11,"10259,74",16.04,360.0,"September 15, 2021","April 11, 2051",152.01,Delinquent,PROPERTY,Medical,211.0,3.0,690.0,Ralph Miller
LOAN000974,CUST000853,BR042,Personal,USD 9269.68,8663.1,1059.72,17.499,24.0,99/99/9999,12/01/2013,386.24,Active,Property,Vehicle purchase,0.0,0.0,487.0,Richard Mitchell
LOAN000975,CUST001576,BR040,Personal,7738.56,"6636,874768182817",925.44,4.097,240.0,17-02-2015,04/11/2034,32.24,Paid Off,property,Travel,0.0,0.0,673.0,Stephanie Navarro DDS
LOAN000976,CUST004541,BR002,Home Equity,53528.78,48281.37,1925.69,12.246,60.0,27-10-2015,"September 30, 2020",892.15,Active,Vehicle,,,,653.0,Elizabeth Scott
LOAN000977,CUST000830,BR005,Business,29456.13,,11428.99,14.97,60.0,21-06-12,17/05/2026,490.94,closed,None,Home improvement,,,474.0,Michael Young
LOAN000978,CUST001302,BR028,Auto,23367.37,"$19,120.06",15064.06,9.067,240.0,11/29/2020,16/08/2040,97.36,delinquent,none,Business expansion,201.0,22.0,798.0,Jeffrey Garrett
LOAN000979,CUST003497,BR035,Personal,,,"39382,46",7.861,48.0,2018-12-28,"December 07, 2022",1280.91,Paid Off,Property,Business expansion,,0.0,356.0,Nathan Lewis
LOAN000980,CUST003546,BR022,Personal,28534.16,25673.62,19605.28,4.657,120.0,21/11/2019,99/99/9999,237.78,Delinquent,Property,Medical,310.0,22.0,311.0,Stacie Fox
LOAN000981,CUST003161,BR037,Auto,29957.12,24211.88,1291.69,11.712,12.0,10/11/2010,06-10-2011,"$2,496.43",Delinquent,Stocks,Vehicle purchase,158.0,8.0,814.0,
LOAN000982,,BR046,Home Equity,48909.9,42692.7,38130.6,11.732,240.0,2010-08-02,19-04-2030,203.79,Open,N/A,Emergency,0.0,0.0,420.0,Danielle Murphy
LOAN000983,CUST004113,BR015,Personal,57727.28,"$56,467.29",46802.61,4.9,84.0,2013-11-10,04/10/2020,687.23,Active,Property,Home improvement,,0.0,452.0,Tiffany Young
LOAN000984,CUST000139,BR046,Business,62469.59,51950.49,36474.22,9.32,240.0,"May 09, 2020",01/25/2040,260.29,Open,Property,Travel,,0.0,592.0,Shannon Mays
LOAN000985,CUST001525,BR041,Personal,60607.8,56409.66,19132.78,10.138,24.0,"April 13, 2012","April 03, 2014",2525.33,ACTIVE,,Medical,0.0,0.0,819.0,Andrew Martin
LOAN000986,CUST004881,BR021,Mortgage,31727.4,27213.56,1662.25,15.382,36.0,22-03-15,02/27/2025,$881.32,Delinquent,property,Emergency,23.0,6.0,,Regina Garcia MD
LOAN000987,CUST000414,BR008,auto,,35448.56,"$3,077.49",7.141,,23-12-2018,05-10-2033,220.28,Defaulted,,Vehicle purchase,205.0,9.0,353.0,Jessica Anderson
LOAN000988,CUST004667,BR010,Mortgage,,34855.68,USD 33543.28,7.647,48.0,24-06-2023,,797.0,Paid Off,Savings,Business expansion,,0.0,,Robert Riddle
LOAN000989,CUST000162,BR021,Auto,10828.28,9686.43,9361.55,8.035,48.0,23-06-06,16/05/2027,225.59,Delinquent,N/A,Emergency,139.0,9.0,,
LOAN000990,CUST002375,BR049,Student,36272.93,30844.12,25800.06,2.685,84.0,2011-12-28,"November 21, 2018",431.82,Delinquent,PROPERTY,Wedding,119.0,14.0,421.0,Rebecca Fritz
LOAN000991,CUST002528,BR050,Home Equity,22313.28,17859.67,1885.74,9.924,120.0,10/21/2010,2020-08-29,185.94,Active,Stocks,Education,0.0,,675.0,
LOAN000992,CUST001585,BR043,Home Equity,11873.09,10424.23,,16.363,360.0,"December 27, 2010",07/22/2040,32.98,Active,Savings,Debt consolidation,,0.0,790.0,Jackson Russell
LOAN000993,CUST001400,BR028,Home Equity,42708.01,34751.73,25801.0,2.777,48.0,17-09-03,13-08-2021,889.75,open,N/A,Medical,,,624.0,Charles Weber
LOAN000994,CUST004801,BR040,Home Equity,28700.6,26239.26,5147.12,17.678,120.0,2020-02-15,2029-12-24,239.17,Delinquent,,Emergency,292.0,2.0,392.0,
LOAN000995,CUST001290,,Mortgage,13102.81,12147.31,"$2,851.49",12.783,48.0,26-04-2012,2016-04-05,272.98,DELINQUENT,N/A,Vehicle purchase,202.0,15.0,617.0,
LOAN000996,CUST000017,BR027,Business,USD 35604.74,USD 32946.16,9345.49,7.531,24.0,12-01-2018,01/02/2020,1483.53,Defaulted,Vehicle,Travel,65.0,10.0,,Zachary Gutierrez
LOAN000997,CUST002916,BR041,Auto,17377.38,16998.01,12166.59,7.997,,20-01-2023,2052-08-15,48.27,Delinquent,PROPERTY,Travel,293.0,24.0,,
LOAN000998,CUST001000,BR043,Mortgage,59068.36,52172.37,16604.31,,180.0,2021-07-28,10/05/2036,328.16,Past Due,Vehicle,Emergency,306.0,5.0,328.0,Timothy Stewart
LOAN000999,,BR026,Personal,15742.13,14375.29,9236.59,7.978,240.0,01-02-2010,19-10-2029,65.59,Delinquent,,,303.0,18.0,425.0,Carla Powell
LOAN001000,,BR012,Mortgage,44709.11,38356.26,21972.87,17.247,48.0,11-12-2016,11/20/2020,931.44,Past Due,,Wedding,166.0,23.0,515.0,Timothy Cruz
LOAN001001,CUST000001,BR020,Mortgage,63958.76,,23437.43,13.008,120.0,21-10-2022,"August 29, 2032",532.99,defaulted,Property,Home improvement,85.0,22.0,363.0,
LOAN001002,CUST004121,BR035,Auto,"34748,9",27855.38,14193.8,12.877,48.0,2020-05-21,30/04/2024,723.94,Active,Stocks,Debt consolidation,0.0,,347.0,Denise Mcpherson
LOAN001003,CUST003396,BR048,Student,15347.75,13350.08,8513.71,11.827,24.0,08/02/2018,20-07-22,639.49,Active,Stocks,Medical,,,720.0,Kevin Jackson
LOAN001004,CUST002965,BR028,Auto,62736.71,51964.66,49932.81,14.319,60.0,18-06-05,10-05-2023,,Charged Off,N/A,Debt consolidation,22.0,1.0,537.0,Alicia Barber
LOAN001005,CUST001293,BR046,Auto,"$37,256.28",31885.75,3950.5,13.019,48.0,"September 14, 2013",NULL,776.17,Paid Off,N/A,Wedding,,0.0,314.0,Heather Sanders DDS
LOAN001006,CUST000770,BR045,Student,54755.37,47073.4,12691.8,14.732,60.0,12/14/2010,15-11-18,,ACTIVE,PROPERTY,Travel,0.0,,625.0,Roberto Richardson
LOAN001007,CUST003944,BR040,Home Equity,42277.9,"$37,303.59",7295.84,13.597,120.0,,"March 18, 2022",352.32,active,Vehicle,Business expansion,0.0,,773.0,Gregory Sims
LOAN001008,CUST002574,BR030,Personal,66436.22,57305.51,18967.21,16.437,120.0,14-08-29,2024-07-07,553.64,Delinquent,,Wedding,0.0,6.0,666.0,Ryan Lewis
LOAN001009,CUST002952,BR001,personal,44189.82,3953652.456254039,6618.39,9.209,24.0,08/30/2010,99/99/9999,"$1,841.24",Active,Stocks,Home improvement,,0.0,456.0,Colin Parks
LOAN001010,CUST002871,BR021,Personal,47076.58,45001.69,4074.04,7.659,180.0,"April 24, 2015",NULL,261.54,Defaulted,property,Education,142.0,9.0,728.0,Ashley Campos
LOAN001011,CUST002937,BR030,mortgage,45391.96,45209.09,,8.406,48.0,2010-12-07,11/16/2014,945.67,Defaulted,None,Debt consolidation,113.0,3.0,806.0,Megan West
LOAN001012,CUST001554,BR012,Auto,48334.11,40293.15,35570.26,12.5,120.0,02-08-2013,2023-06-11,402.78,Completed,Vehicle,Emergency,,,535.0,Michele Wright
LOAN001013,CUST003998,BR025,Auto,49093.66,46572.64,5713.64,3.856,12.0,15-09-28,09/22/2016,4091.14,Active,Stocks,Travel,0.0,0.0,341.0,Nancy Miles
LOAN001014,CUST000228,,Home Equity,29763.14,29151.28,USD 16366.84,9.02,36.0,12-05-20,"May 05, 2015",826.75,Completed,None,Education,0.0,,847.0,Steven Rodriguez
LOAN001015,CUST000257,BR044,Mortgage,24586.08,20398.89,15515.83,13.787,60.0,11-07-17,16-06-20,409.77,Active,PROPERTY,Medical,,,415.0,Adriana Smith
LOAN001016,CUST000751,BR031,Personal,39133.14,33684.45,27202.62,11.012,180.0,"July 04, 2019",2034-04-16,217.41,Defaulted,Stocks,,247.0,9.0,623.0,Javier Greene
LOAN001017,CUST002240,BR043,Business,,28491.08,35074.95,,12.0,"September 29, 2017","September 24, 2018",2946.43,closed,Vehicle,Debt consolidation,,0.0,324.0,Amber Richardson
LOAN001018,CUST003097,BR047,business,31961.75,27441.01,2765.41,7.419,24.0,"January 27, 2014",17/01/2016,1331.74,Delinquent,,Vehicle purchase,126.0,23.0,661.0,
LOAN001019,CUST002841,BR027,Business,73206.2,64524.54,53147.84,8.83,180.0,03-02-2013,17/11/2027,406.7,Active,none,Travel,,,463.0,Brenda Waters
LOAN001020,CUST003285,BR032,auto,,20414.2,2668.14,16.141,60.0,06-08-2021,11/07/2026,$383.74,Bad Debt,PROPERTY,Home improvement,263.0,13.0,690.0,Mrs. Tonya Hill MD
LOAN001021,CUST002033,BR033,Business,26254.87,"$22,037.67",18182.21,5.575,84.0,18-06-2023,30-05-12,312.56,Active,none,Medical,0.0,,845.0,Jesse Woodard
LOAN001022,CUST001569,BR042,Mortgage,10074.25,8643.9,5297.61,9.599,240.0,08/19/2011,"May 06, 2031",41.98,Closed,none,Vehicle purchase,,,390.0,Molly Turner
LOAN001023,CUST000233,BR035,Student,4688.72,4420.19,87.85,7.633,24.0,15-05-2012,14-05-05,195.36,Active,property,Business expansion,0.0,,847.0,Ashley Orr
LOAN001024,CUST004223,BR022,Personal,USD 39339.97,34300.46,39218.5,4.514,60.0,"November 25, 2011",29/10/2016,655.67,Charged Off,Stocks,Home improvement,170.0,2.0,429.0,Mackenzie Fowler
LOAN001025,CUST000119,BR037,Business,16332.89,14496.73,5924.38,6.978,36.0,"February 22, 2012",02/06/2015,453.69,Delinquent,Stocks,Wedding,128.0,5.0,414.0,Gabrielle Little
LOAN001026,CUST002091,BR002,Student,73867.58,"$67,279.59",43113.27,6.061,240.0,12-06-23,32-03-10,307.78,Delinquent,none,Vehicle purchase,259.0,21.0,647.0,Andrew Scott
LOAN001027,CUST004824,BR034,Auto,37146.15,31786.45,18872.45,16.715,120.0,23-08-2013,23-07-02,309.55,Active,,Wedding,,0.0,396.0,Brian Lopez
LOAN001028,CUST001780,BR030,Personal,60118.37,57055.65,34624.27,15.158,,09/01/2015,05-08-2020,USD 1001.97,Completed,none,Vehicle purchase,0.0,,452.0,Allison Edwards
LOAN001029,CUST000385,,Personal,48222.13,46404.46,37659.4,17.161,48.0,"December 21, 2017","November 30, 2021",1004.63,Paid Off,Stocks,Emergency,0.0,,322.0,Cheryl Terry
LOAN001030,CUST003274,BR027,Home Equity,77326.57,74959.71,1372.17,17.579,180.0,12/10/2020,23/09/2035,429.59,Open,Savings,Travel,,0.0,678.0,David Howell
LOAN001031,CUST002442,BR033,Student,43836.79,,41698.64,2.538,,99/99/9999,99/99/9999,182.65,Paid Off,Savings,Vehicle purchase,0.0,0.0,332.0,Daniel Russell
LOAN001032,CUST003976,,Personal,37585.12,32279.0,USD 36917.63,8.421,240.0,"October 04, 2014",21-06-2034,156.6,Delinquent,Property,Medical,77.0,15.0,331.0,George Liu
LOAN001033,CUST001798,BR018,Personal,80625.5,75869.96,71575.26,15.956,60.0,2022-01-11,99/99/9999,1343.76,Active,None,Home improvement,,,501.0,
LOAN001034,CUST004647,BR022,Business,37125.27,33486.68,18353.56,15.692,24.0,2013-10-01,21/09/2015,1546.89,Active,Vehicle,Home improvement,,0.0,822.0,Tracie Peterson
LOAN001035,CUST004587,BR043,Auto,4205.99,"$4,120.47",3845.06,11.474,36.0,2017-10-16,30-09-2020,116.83,PAID OFF,Savings,Wedding,0.0,0.0,496.0,Karen Harris
LOAN001036,CUST002694,BR005,Student,51581.65,49012.25,30756.39,2.864,120.0,22-09-2020,30-08-01,429.85,Delinquent,Vehicle,Medical,168.0,6.0,574.0,Amber Henderson
LOAN001037,CUST001150,BR050,Mortgage,7670.89,7248.87,5173.76,9.132,48.0,15-04-07,17-03-2019,159.81,Delinquent,Vehicle,Debt consolidation,39.0,19.0,424.0,Alicia Davis
LOAN001038,CUST001459,BR008,Home Equity,4482.02,4241.33,3577.09,14.286,180.0,,2026-09-11,24.9,ACTIVE,PROPERTY,Debt consolidation,,0.0,850.0,Anthony Williams
LOAN001039,CUST003669,BR030,Business,"$38,945.55",35222.02,,12.467,240.0,"March 12, 2013","November 27, 2032",,Closed,Vehicle,Education,0.0,0.0,,David Jones
LOAN001040,CUST004294,BR030,Auto,49024.52,39220.93,47351.81,,360.0,09-08-2017,05/03/2047,136.18,Active,Vehicle,Vehicle purchase,0.0,,490.0,Denise Oneal
LOAN001041,CUST004634,BR040,home equity,11891.0,11552.27,10946.3,9.525,360.0,07/01/2023,52-08-02,33.03,Delinquent,N/A,Home improvement,75.0,19.0,402.0,Victoria Martin
LOAN001042,CUST004023,BR002,Personal,17804.21,15101.41,"$9,120.07",13.176,48.0,12-12-30,NULL,370.92,Paid Off,PROPERTY,Medical,0.0,,383.0,Mark Trujillo
LOAN001043,CUST000130,BR001,Student,55620.02,,51564.45,,36.0,01/08/2022,07/16/2025,1545.0,Active,Property,Travel,,,743.0,Amy Johnson
LOAN001044,CUST002083,BR030,Business,44217.68,44004.97,36539.23,7.808,36.0,06/29/2018,2021-06-13,1228.27,active,none,Education,,0.0,302.0,Crystal Fleming
LOAN001045,CUST001949,BR044,Home Equity,8018.88,6963.08,7106.62,15.276,36.0,14-12-30,17-12-14,222.75,Delinquent,Savings,Travel,34.0,8.0,812.0,Russell Myers
LOAN001046,CUST004157,BR038,Student,"$28,380.23",25164.58,"$11,526.79",11.688,36.0,12-09-25,15-09-10,$788.34,charged off,property,,153.0,6.0,563.0,Emily Green
LOAN001047,CUST004833,BR043,Auto,49570.58,45782.55,16917.23,11.888,36.0,10-03-09,21/02/2013,1376.96,PAID OFF,Property,,,0.0,359.0,Alyssa Noble
LOAN001048,CUST002586,BR008,mortgage,1708.0,1513.61,839.96,13.815,360.0,02/18/2023,"September 13, 2052",,Paid Off,Property,Medical,,0.0,336.0,Kathryn Butler
LOAN001049,CUST004080,BR022,Student,,12001.23,11987.59,12.323,48.0,08/30/2021,"August 09, 2025",276.06,Active,Property,Home improvement,,,,Alexandria Smith
LOAN001050,CUST000089,BR006,Mortgage,40332.65,39000.69,,14.582,240.0,05-07-2022,03/22/2042,168.05,delinquent,property,Emergency,260.0,11.0,303.0,John Morris
LOAN001051,,BR043,Home Equity,,14134.84,3895.34,5.216,120.0,"October 12, 2015",20/08/2025,140.67,paid off,,Debt consolidation,,,545.0,John Wright
LOAN001052,CUST002166,BR036,Mortgage,"$72,815.09",72078.23,23586.36,10.957,60.0,2019-12-10,"November 13, 2024",1213.58,closed,,Business expansion,0.0,,818.0,Jennifer Reyes
LOAN001053,CUST003215,BR016,Mortgage,1601.3,1573.91,903.52,13.447,360.0,2017-11-03,47-05-30,4.45,active,None,Travel,,,400.0,Henry Medina
LOAN001054,CUST002256,BR028,Student,22044.04,19958.31,14591.63,16.137,240.0,02/10/2012,"October 28, 2031",91.85,Active,none,Home improvement,,,659.0,Amy Hicks
LOAN001055,CUST004257,BR009,Personal,35163.35,29485.32,30253.72,17.38,240.0,11/04/2018,22/07/2038,146.51,Default,,Business expansion,233.0,6.0,556.0,Andrew Gonzales
LOAN001056,CUST002724,BR012,Student,"51414,5","$46,145.13",40709.97,,12.0,2020-08-29,21-08-24,4284.54,DEFAULTED,Vehicle,Medical,13.0,22.0,597.0,Christopher Martin
LOAN001057,CUST001063,BR003,Student,38441.12,3827578.6403808417,461.83,16.407,84.0,"December 09, 2014",02/11/2021,457.63,Delinquent,None,Business expansion,16.0,19.0,,
LOAN001058,CUST003445,BR008,Mortgage,8192.65,6663.66,7759.37,8.15,24.0,"March 09, 2019",2021-02-26,341.36,Defaulted,None,,170.0,4.0,747.0,Clifford Williams
LOAN001059,CUST000159,BR050,Home Equity,6554.69,6521.21,439.52,12.798,48.0,05-02-2020,01/15/2024,136.56,Defaulted,property,Emergency,345.0,3.0,472.0,Daniel Smith
LOAN001060,CUST003213,BR007,Mortgage,18744.47,15171.98,10252.39,10.097,12.0,18/02/2010,,1562.04,Delinquent,,Medical,64.0,21.0,724.0,Matthew Bridges
LOAN001061,CUST004719,BR048,Personal,56046.73,"$53,667.82",20906.79,11.977,60.0,07/24/2017,28-06-2022,934.11,Delinquent,Property,Medical,285.0,16.0,828.0,John Jones
LOAN001062,CUST003986,BR048,Mortgage,USD 47250.96,39106.84,,13.476,24.0,03/30/2010,19/03/2012,1968.79,Delinquent,Property,Business expansion,206.0,18.0,334.0,Todd Smith
LOAN001063,CUST004071,BR020,Home Equity,3998044.0,38795.37,"535,91",2.9,84.0,2021-05-19,2028-04-12,475.96,Active,N/A,Home improvement,,0.0,679.0,Nicholas Mccarty
LOAN001064,CUST000484,BR028,Student,41356.73,40665.73,19388.74,7.359,36.0,,,"$1,148.80",Delinquent,N/A,Travel,265.0,8.0,619.0,Randy Giles
LOAN001065,CUST000003,BR001,Personal,63150.22,54725.08,50373.91,4.199,,"June 02, 2021",41-02-17,263.13,Delinquent,,Vehicle purchase,178.0,12.0,547.0,Brian Kelly
LOAN001066,CUST003245,BR001,Business,52265.06,USD 44965.31,31418.62,11.853,180.0,10/07/2017,20-07-2032,290.36,Delinquent,PROPERTY,,49.0,5.0,362.0,Matthew Jones
LOAN001067,CUST002124,BR001,Auto,49896.13,43271.51,30468.2,5.207,180.0,17/10/2022,30/07/2037,277.2,PAST DUE,Property,Business expansion,350.0,21.0,483.0,Virginia Ramos
LOAN001068,CUST003442,BR046,Home Equity,60847.55,59781.41,35433.71,12.918,36.0,30/08/2020,15-08-2023,,Delinquent,Stocks,Debt consolidation,190.0,18.0,436.0,John Love
LOAN001069,,BR013,Mortgage,44333.59,42943.53,39244.44,7.812,360.0,07/23/2019,02/15/2049,123.15,paid,Stocks,Wedding,,,811.0,Danielle Smith
LOAN001070,CUST000295,BR046,Student,USD 38437.11,33817.46,1934.87,13.5,60.0,15/09/2020,99/99/9999,640.62,Defaulted,None,Home improvement,15.0,6.0,463.0,Brian Kent
LOAN001071,CUST004306,BR003,Business,16725.51,13519.02,16415.64,,60.0,99/99/9999,2026-06-15,278.76,Active,property,Emergency,0.0,0.0,779.0,Daniel Johnson
LOAN001072,CUST001042,BR038,Personal,12749.1,USD 10853.83,3278.6,14.304,240.0,2019-05-25,39-02-09,53.12,Charged Off,PROPERTY,Wedding,173.0,17.0,409.0,Frank Mills
LOAN001073,CUST000268,BR040,Mortgage,12700.58,11888.67,9448.9,9.522,12.0,13-10-2013,2014-10-08,"$1,058.38",late,Property,Vehicle purchase,104.0,21.0,345.0,Allison Faulkner
LOAN001074,CUST000415,BR045,Home Equity,USD 51385.69,42974.57,USD 50922.75,10.207,24.0,02-02-2014,23-01-2016,2141.07,active,property,Debt consolidation,,,634.0,Valerie Powell
LOAN001075,CUST002045,BR037,Business,22659.04,,16872.25,,36.0,19/09/2013,16-09-03,USD 629.42,Closed,N/A,Wedding,0.0,,648.0,Elizabeth Arnold
LOAN001076,CUST001074,BR003,Mortgage,27268.71,22589.74,19084.6,13.704,60.0,2017-09-11,"August 16, 2022",454.48,paid off,PROPERTY,Debt consolidation,0.0,0.0,,Amber Leach
LOAN001077,CUST004372,BR035,Mortgage,52732.21,49917.79,"$25,609.59",11.923,240.0,20-08-10,27-04-2040,219.72,Active,,Wedding,0.0,,312.0,
LOAN001078,CUST000143,BR023,Auto,9835.29,8610.48,4965.36,8.807,,"August 23, 2012",18-07-2019,117.09,Delinquent,Property,Travel,241.0,13.0,523.0,
LOAN001079,CUST000563,BR033,Business,53923.12,50296.78,38430.01,,12.0,09/05/2017,31/08/2018,4493.59,ACTIVE,Vehicle,Debt consolidation,,,755.0,Michelle Dixon
LOAN001080,CUST000136,BR025,Student,55165.23,51489.79,32133.91,9.212,,31-07-2021,99/99/9999,2298.55,paid off,,Vehicle purchase,0.0,,589.0,Steven Peck
LOAN001081,CUST002435,BR043,Student,33200.83,,4777.17,2.589,48.0,02/21/2013,31-01-2017,691.68,Bad Debt,PROPERTY,,148.0,11.0,,
LOAN001082,CUST003255,BR027,Personal,,27365.44,16294.96,,36.0,,"June 23, 2020",,Delinquent,,Wedding,17.0,18.0,528.0,
LOAN001083,CUST002571,BR001,Mortgage,30408.12,"25373,358305931575",25488.93,9.103,12.0,22/04/2019,2020-04-16,2534.01,DEFAULTED,,Wedding,330.0,11.0,484.0,Steve Black
LOAN001084,CUST003269,BR048,Home Equity,51555.02,46149.2,22096.78,17.896,180.0,06/06/2011,2026-03-19,286.42,Active,Vehicle,Vehicle purchase,0.0,,467.0,Jerry Williams
LOAN001085,CUST003868,BR027,Business,15700.59,15573.69,11206.29,17.847,240.0,2015-05-30,14-02-2035,65.42,Paid Off,none,Emergency,,0.0,,Ryan Boone
LOAN001086,CUST000938,BR004,Mortgage,26817.49,26698.55,24199.98,17.166,240.0,2012-10-20,07-07-2032,111.74,DEFAULT,Stocks,Medical,279.0,21.0,500.0,Ryan Dean
LOAN001087,CUST001721,BR025,Auto,64619.71,64466.71,33542.63,16.393,180.0,08-01-2023,99/99/9999,359.0,Charged Off,Vehicle,Medical,223.0,14.0,789.0,Brianna Moyer
LOAN001088,CUST004431,BR030,Business,23792.1,,6280.69,17.412,120.0,13/06/2014,04/21/2024,198.27,active,property,Vehicle purchase,,,656.0,Dominique Gonzales
LOAN001089,CUST002937,BR044,Mortgage,"44998,1",41929.97,12705.05,11.918,12.0,14-07-28,"July 23, 2015",3749.84,active,Vehicle,Home improvement,0.0,,447.0,Kevin Lewis
LOAN001090,CUST004345,BR012,Home Equity,36808.19,"$35,235.79",14700.2,13.895,48.0,10/11/2020,"October 20, 2024",766.84,Active,Vehicle,Vehicle purchase,,0.0,643.0,Roberto Ramirez
LOAN001091,CUST003561,BR015,Student,,23792.27,22140.69,11.948,240.0,22-08-16,03-05-2042,117.3,Defaulted,Vehicle,Wedding,157.0,8.0,416.0,Pamela Lee
LOAN001092,CUST001554,BR046,Personal,51239.32,51172.19,4918.37,6.49,360.0,05/02/2019,11/25/2048,142.33,DEFAULT,PROPERTY,Education,239.0,18.0,581.0,John Shepherd
LOAN001093,CUST000371,BR013,Mortgage,"$44,374.26",40057.92,25113.03,6.652,60.0,2013-03-11,,739.57,Paid Off,property,Emergency,,,631.0,Zachary Jones
LOAN001094,CUST002254,BR031,Student,45927.97,41325.64,3022.92,5.288,36.0,20-07-2015,04-07-2018,1275.78,Active,,Wedding,0.0,0.0,705.0,Travis Thomas
LOAN001095,,BR025,Home Equity,72131.93,64211.02,35384.81,4.983,12.0,13-08-05,07/31/2014,6010.99,Defaulted,PROPERTY,Vehicle purchase,51.0,5.0,,Patricia Blair
LOAN001096,CUST001871,BR042,Mortgage,37530.51,35489.19,21799.85,14.028,84.0,11-06-13,07-05-2018,446.79,Past Due,property,Business expansion,39.0,13.0,712.0,Todd Johnson
LOAN001097,CUST004823,BR009,business,38567.53,37562.56,22682.74,,120.0,01-07-2012,22-05-10,321.4,Delinquent,Vehicle,Education,112.0,2.0,617.0,Brenda Thomas
LOAN001098,CUST003385,BR030,Home Equity,44294.91,38523.8,39515.08,17.334,180.0,"September 15, 2010",25-06-28,246.08,Paid Off,N/A,,0.0,0.0,796.0,Brian Howard
LOAN001099,CUST002052,BR046,Student,2084.59,,2046.81,14.146,84.0,2011-11-07,"October 01, 2018",24.82,PAST DUE,N/A,Vehicle purchase,73.0,14.0,492.0,Kathy Taylor
LOAN001100,CUST004762,BR032,Student,6542.76,5609.61,1492.71,2.577,,99/99/9999,24-03-17,181.74,paid off,Vehicle,Wedding,,0.0,364.0,Stephanie Sullivan
LOAN001101,CUST000792,BR019,Mortgage,8546.91,8438.58,1469.97,12.762,84.0,"June 28, 2019",26-05-22,$101.75,Late,,,65.0,11.0,372.0,
LOAN001102,CUST002316,BR021,Business,125499.65,114670.99,73020.94,12.87,12.0,13-05-05,2014-04-30,10458.3,DELINQUENT,PROPERTY,Emergency,320.0,9.0,815.0,Sheila Patterson
LOAN001103,CUST000151,BR045,Business,18152.38,,13461.89,9.619,240.0,2016-11-19,36-08-06,75.63,Open,Property,Wedding,0.0,,416.0,Richard Holden
LOAN001104,CUST000540,BR010,Auto,9452.44,8537.9,8332.52,14.613,12.0,07/31/2020,"July 26, 2021",787.7,Active,Vehicle,Business expansion,0.0,,383.0,Glen Williams
LOAN001105,CUST003611,BR033,student,30786.32,28416.5,29092.97,8.147,180.0,"August 20, 2018",02/06/2033,171.04,Active,Savings,Medical,,0.0,580.0,Martin Ross
LOAN001106,CUST004099,BR037,Student,68606.97,67788.78,48121.16,16.387,240.0,NULL,2036-03-20,285.86,Active,none,Education,,0.0,677.0,Janice Nunez DDS
LOAN001107,CUST002166,BR005,Student,53250.43,52205.45,44241.86,7.73,24.0,18-05-2010,2012-05-07,2218.77,Open,none,,,,568.0,Thomas Robertson
LOAN001108,CUST002081,BR024,Mortgage,31169.73,"$27,790.38",5441.01,15.111,360.0,,44-03-09,86.58,Paid,N/A,Travel,,,562.0,Ryan Brooks
LOAN001109,CUST000140,BR033,Personal,54716.01,48481.66,11547.71,16.192,240.0,19-11-2015,06-08-2035,227.98,Active,None,Vehicle purchase,0.0,0.0,356.0,Matthew Palmer
LOAN001110,CUST002431,BR033,home equity,USD 55114.28,49664.86,48370.6,4.09,12.0,09-05-2016,04/05/2017,4592.86,Default,Vehicle,Business expansion,233.0,22.0,446.0,Darius Lowe
LOAN001111,CUST002793,BR017,Auto,"$32,600.77",26385.71,21411.46,10.959,,15-08-29,"July 07, 2025","271,67",Active,Property,Education,,0.0,805.0,Julie Lewis
LOAN001112,CUST001215,BR007,Mortgage,2497.16,2122.11,318.16,5.583,84.0,16-03-02,25-01-2023,,Defaulted,,Medical,167.0,23.0,483.0,Cody Sanders
LOAN001113,CUST001001,BR044,Personal,78263.75,72566.38,17624.53,9.584,12.0,10/06/2022,23-06-05,6521.98,Current,PROPERTY,Business expansion,,0.0,479.0,Vanessa Alvarez
LOAN001114,CUST001280,BR036,Business,49334.86,,47924.59,8.909,84.0,03-11-2017,27-09-2024,587.32,Defaulted,None,,201.0,3.0,707.0,George Mccormick Jr.
LOAN001115,CUST000671,BR026,Home Equity,38037.84,,35072.69,14.773,360.0,,45-02-26,105.66,Defaulted,PROPERTY,Vehicle purchase,137.0,23.0,477.0,Matthew Roberts
LOAN001116,CUST004035,BR040,Business,36136.0,31815.46,4997.03,17.5,24.0,"July 19, 2014",16-07-08,1505.67,Paid Off,Stocks,Education,,,704.0,Angel Garrett
LOAN001117,CUST003987,BR040,Student,67081.21,65450.32,48929.41,12.595,12.0,21-09-11,NULL,5590.1,Delinquent,PROPERTY,Vehicle purchase,270.0,12.0,527.0,Matthew Martinez
LOAN001118,CUST003350,BR030,Auto,,60535.29,2574.78,9.038,12.0,,03-06-2014,5219.0,Active,Savings,Medical,0.0,0.0,651.0,Brian Johnson Jr.
LOAN001119,CUST002549,BR044,business,,18958.65,10738.91,,48.0,10/18/2011,27/09/2015,USD 486.16,Past Due,N/A,Travel,74.0,15.0,734.0,Stephanie Banks
LOAN001120,CUST003890,BR001,student,"$17,896.65",USD 16286.49,7462.53,15.197,48.0,11-02-08,01/18/2015,372.85,Defaulted,Property,Education,335.0,10.0,541.0,Raven Thompson
LOAN001121,CUST002072,BR002,Mortgage,54609.04,4841144.209470444,14480.51,11.248,12.0,03/02/2020,21-02-25,,Defaulted,Savings,Vehicle purchase,52.0,24.0,834.0,
LOAN001122,CUST004664,BR010,Student,50154.8,44766.12,19701.47,11.748,120.0,12-09-21,"July 31, 2022",417.96,Completed,,Wedding,0.0,,457.0,
LOAN001123,CUST000804,BR003,Home Equity,1785.71,,1154.47,9.863,240.0,21-05-23,02/07/2041,7.44,Paid Off,Savings,Debt consolidation,,,779.0,Jessica Vasquez
LOAN001124,CUST004919,BR037,Auto,23688.79,19704.33,22768.41,12.077,120.0,15/04/2015,25-02-21,197.41,Open,Property,Business expansion,0.0,,487.0,Adam Gonzalez
LOAN001125,CUST003507,BR015,Personal,53379.84,48963.71,14909.53,14.392,12.0,26/05/2016,2017-05-21,4448.32,Paid Off,Stocks,Business expansion,,0.0,704.0,Theresa Robinson
LOAN001126,CUST000469,BR031,personal,26868.69,22956.81,"26178,76",,240.0,2019-02-02,10/20/2038,111.95,Delinquent,none,,301.0,10.0,733.0,William Diaz
LOAN001127,CUST000448,,Mortgage,63112.71,USD 62705.23,54003.64,7.817,60.0,27/04/2016,01/04/2021,,Past Due,Savings,Business expansion,331.0,9.0,340.0,
LOAN001128,CUST001155,BR043,Student,33700.36,29070.24,2390.27,14.937,120.0,20-07-20,"May 29, 2030",280.84,PAID OFF,,Emergency,0.0,,830.0,Jessica Garcia
LOAN001129,CUST002569,BR008,Home Equity,"43647,37",42499.95,31692.2,3.264,84.0,2022-10-04,28-08-2029,519.61,Delinquent,Vehicle,Medical,362.0,16.0,627.0,Susan Zuniga
LOAN001130,CUST001090,BR007,Mortgage,4373281.0,36687.18,23839.64,10.266,,31/03/2012,12-01-2027,242.96,Defaulted,None,,265.0,7.0,719.0,Dorothy Burns
LOAN001131,CUST004202,BR019,Business,USD 45099.21,40306.26,USD 26557.42,8.595,12.0,29/10/2015,2016-10-23,3758.27,Defaulted,Property,,340.0,24.0,362.0,
LOAN001132,CUST000621,BR046,auto,48166.9,39804.89,"$27,351.89",7.095,120.0,12/12/2015,10/20/2025,401.39,Active,Stocks,Vehicle purchase,,,694.0,Renee Carpenter
LOAN001133,CUST000243,BR025,Business,55470.18,47103.28,35039.09,14.1,48.0,99/99/9999,"April 12, 2024",1155.63,Defaulted,Vehicle,,118.0,13.0,591.0,Bonnie Williams
LOAN001134,CUST000089,BR044,Home Equity,48489.86,47573.29,44104.42,13.892,84.0,"April 21, 2014",15-03-2021,577.26,ACTIVE,none,Debt consolidation,0.0,0.0,608.0,Katherine Scott
LOAN001135,CUST001971,BR004,Personal,38201.83,33065.85,23353.87,5.978,360.0,99/99/9999,24/05/2040,106.12,Closed,Savings,Travel,0.0,0.0,612.0,Christine Harper MD
LOAN001136,CUST003645,,Home Equity,,10084.02,9997.76,13.072,24.0,01-12-2017,"November 21, 2019",473.66,PAID OFF,none,Debt consolidation,0.0,0.0,825.0,Mitchell Powell
LOAN001137,,BR033,Auto,3961.63,3226.52,3388.35,,24.0,10/26/2018,99/99/9999,165.07,Current,N/A,Emergency,,0.0,514.0,Walter Avery
LOAN001138,,BR026,Personal,,50987.8,51261.75,3.841,84.0,15-02-2021,2028-01-10,73578.0,Active,PROPERTY,Medical,,,346.0,Jodi Taylor
LOAN001139,CUST001680,BR050,Home Equity,31844.14,26068.03,9924.85,4.216,36.0,22-11-25,11/09/2025,884.56,Closed,None,Education,,,612.0,Jill Garcia
LOAN001140,CUST004099,BR036,Personal,13791.08,13268.97,8748.41,2.569,120.0,21-05-05,2031-03-14,114.93,Delinquent,none,Wedding,178.0,3.0,361.0,Kristina Mcdonald
LOAN001141,CUST001017,BR005,Auto,8016.72,,"6278,41",10.134,12.0,99/99/9999,02/20/2015,668.06,Charged Off,N/A,Education,227.0,9.0,494.0,Alexis Goodwin
LOAN001142,CUST005000,BR022,Mortgage,"$31,921.93",29972.51,28539.2,14.979,180.0,07/19/2020,02/05/2035,177.34,defaulted,N/A,Home improvement,23.0,3.0,418.0,Mrs. Carolyn Schneider
LOAN001143,CUST000281,BR014,Mortgage,36105.81,34799.9,35469.13,5.254,180.0,2016-05-21,03/04/2031,200.59,Delinquent,Property,Travel,297.0,15.0,301.0,Harold Brown
LOAN001144,CUST000369,BR024,student,,36201.43,17070.53,2.723,120.0,2021-04-19,02/26/2031,322.14,paid off,PROPERTY,Home improvement,,,829.0,Chad Williams
LOAN001145,CUST003012,BR037,Student,,9631.9,1843.98,15.62,24.0,08/28/2020,2022-08-18,431.51,defaulted,None,Education,324.0,22.0,369.0,Suzanne White
LOAN001146,CUST004620,BR029,Personal,,27708.2,30059.28,,84.0,03/16/2017,2024-02-08,378.81,Bad Debt,Vehicle,Medical,178.0,15.0,545.0,Brittany Hart
LOAN001147,CUST004492,BR013,Home Equity,13301.09,"$12,918.72",11812.17,10.807,360.0,15/12/2013,43-07-11,36.95,ACTIVE,none,,,0.0,527.0,Gregory Baker
LOAN001148,CUST003192,BR047,Auto,40515.09,,3596.35,17.985,60.0,08-10-2021,"September 12, 2026",675.25,Paid Off,,Education,0.0,0.0,461.0,Lisa Andrews
LOAN001149,CUST004443,BR044,Mortgage,50395.03,41068.15,28344.27,9.401,12.0,2019-12-13,07/12/2020,4199.59,PAID OFF,Savings,Debt consolidation,,,755.0,Dana Brooks
LOAN001150,CUST003447,BR032,Personal,83861.0,76280.31,75328.21,16.515,,"August 14, 2011",99/99/9999,2329.47,Late,PROPERTY,Medical,332.0,15.0,,Michael Jefferson
LOAN001151,CUST000402,BR032,Mortgage,1000,870.53,287.56,12.231,240.0,14/02/2012,11/01/2031,4.17,Delinquent,property,Emergency,129.0,4.0,314.0,Calvin Smith
LOAN001152,CUST001335,BR023,Mortgage,37034.42,32608.34,14619.05,16.684,12.0,2010-04-13,99/99/9999,"$3,086.20",Paid Off,Vehicle,Emergency,0.0,0.0,473.0,Veronica Maxwell
LOAN001153,CUST000564,BR049,Student,8785.57,8043.47,2707.36,14.742,36.0,2020-09-19,23-09-04,244.04,Closed,Property,,,,561.0,Tracy Sanders
LOAN001154,CUST002152,BR038,Auto,9044.92,8874.64,"3337,37",3.027,360.0,2019-02-17,12/09/2048,,Active,Property,Wedding,,0.0,777.0,Victoria Mendez
LOAN001155,CUST003816,BR031,Personal,"$26,724.28",26717.65,14413.12,11.949,36.0,30/09/2010,14/09/2013,742.34,Active,Savings,,0.0,,,Mrs. Taylor Sweeney
LOAN001156,CUST002382,BR002,Student,12756.04,12223.11,3773.39,5.146,36.0,05/13/2021,99/99/9999,354.33,paid off,Stocks,Emergency,0.0,0.0,440.0,Yolanda Joyce
LOAN001157,CUST001188,BR045,student,24242.4,22919.82,13070.31,4.024,360.0,17/04/2015,10/11/2044,6734.0,DEFAULT,N/A,,119.0,16.0,777.0,Alex Ruiz
LOAN001158,CUST003076,BR002,Home Equity,5877.66,5353.09,71.01,13.211,180.0,"November 17, 2022",08/30/2037,32.65,DEFAULT,none,Emergency,197.0,24.0,442.0,
LOAN001159,CUST000825,BR002,Auto,15333.46,14911.65,10977.74,5.412,240.0,14-02-2022,"November 01, 2041",63.89,Completed,Stocks,Vehicle purchase,0.0,0.0,,Cassandra Hall
LOAN001160,CUST001406,BR015,Home Equity,"$77,134.62",76981.13,67992.59,7.562,60.0,2020-06-26,2025-05-31,1285.58,Defaulted,,Debt consolidation,199.0,13.0,382.0,Lawrence Nguyen
LOAN001161,CUST002309,BR027,Home Equity,29331.13,"24386,04175789623",25895.71,11.39,84.0,26-09-2021,20/08/2028,,Completed,,Debt consolidation,0.0,,489.0,Kelli Obrien
LOAN001162,CUST001906,BR025,Business,43198.54,36660.95,,13.644,360.0,"April 30, 2020",24/11/2049,120.0,late,Property,Education,323.0,22.0,849.0,Jessica Brown
LOAN001163,,BR001,Business,38341.05,36324.22,23606.44,4.772,36.0,12/06/2014,"May 27, 2017",1065.03,Delinquent,Savings,Education,211.0,21.0,825.0,Morgan Schmidt
LOAN001164,CUST003558,BR011,Student,8882.27,7696.75,"$2,883.66",3.763,60.0,17/10/2016,21/09/2021,148.04,PAST DUE,Property,Debt consolidation,293.0,7.0,553.0,Joe Hawkins
LOAN001165,CUST004517,BR050,Auto,57476.1,50062.55,55513.63,11.885,60.0,"December 27, 2019",30/11/2024,957.93,charged off,PROPERTY,Travel,242.0,15.0,609.0,Colleen Bennett
LOAN001166,CUST003474,BR041,Mortgage,"$69,998.78",67695.56,19512.72,7.807,48.0,01/11/2013,12/21/2016,1458.31,Paid Off,none,Business expansion,0.0,0.0,361.0,Richard Oconnor
LOAN001167,CUST002209,BR010,Mortgage,57501.26,54128.87,,4.966,120.0,07/03/2022,NULL,479.18,ACTIVE,Stocks,Debt consolidation,0.0,0.0,500.0,Jaime Santana
LOAN001168,CUST003399,BR008,Mortgage,16502.78,15321.88,14799.28,16.083,24.0,2016-12-19,2018-12-09,687.62,Paid,Vehicle,Vehicle purchase,,,436.0,Chad Richardson
LOAN001169,CUST004901,BR035,Business,42904.55,41183.56,"$26,796.45",5.807,60.0,04/27/2016,01-04-2021,715.08,active,Savings,Emergency,,,509.0,Richard Copeland
LOAN001170,CUST002405,BR029,Business,20986.18,17453.84,4461.25,15.84,84.0,14/07/2011,2018-06-07,249.84,Delinquent,None,Home improvement,183.0,19.0,488.0,David Baird
LOAN001171,CUST001508,BR047,Business,19802.4,19094.17,10346.29,14.223,240.0,31-03-2017,16/12/2036,82.51,paid,N/A,Business expansion,0.0,0.0,774.0,Brian Martinez
LOAN001172,CUST001337,BR008,Business,29835.07,26821.07,16837.12,12.303,240.0,27/08/2021,"May 14, 2041",124.31,Active,none,Travel,,0.0,383.0,Thomas Garcia
LOAN001173,CUST001607,BR026,Business,63830.62,6337758.187473968,53256.29,12.863,24.0,"December 14, 2010",03-12-2012,2659.61,Paid Off,N/A,Debt consolidation,0.0,,471.0,Jamie Avila
LOAN001174,CUST001315,BR002,mortgage,67103.51,64342.84,39812.95,13.004,36.0,04/04/2023,19-03-2026,1863.99,Defaulted,Vehicle,Travel,310.0,2.0,372.0,Emily Rowland
LOAN001175,CUST004985,BR030,Auto,37269.38,30656.78,16262.02,17.534,180.0,"September 26, 2016",2031-07-10,207.05,Paid Off,Property,Travel,,,426.0,Angela Torres
LOAN001176,CUST001286,BR025,Auto,26083.89,23947.94,19211.6,17.678,60.0,10-10-2022,"September 14, 2027",434.73,PAST DUE,Property,Vehicle purchase,250.0,20.0,769.0,Donna Garrett
LOAN001177,CUST004904,BR004,Student,89907.06,75612.5,5384.51,,120.0,18-09-06,15/07/2028,749.23,DEFAULTED,Vehicle,Wedding,4.0,7.0,572.0,Dr. Alexander Park
LOAN001178,CUST001869,BR029,Business,10562.0,8725.56,2975.64,13.683,120.0,"September 29, 2012","August 08, 2022",88.02,Defaulted,Property,Vehicle purchase,353.0,24.0,518.0,Steven Robbins
LOAN001179,CUST001237,BR022,Personal,67627.63,61713.59,10364.56,,,"April 16, 2021",2036-01-28,$375.71,Paid Off,None,Home improvement,0.0,,800.0,
LOAN001180,CUST002899,BR011,Home Equity,62375.56,61886.05,18721.28,13.016,360.0,16/03/2019,"October 09, 2048",173.27,Active,,Business expansion,0.0,0.0,820.0,Caleb Schultz
LOAN001181,,BR037,auto,,23460.02,2910.4,2.823,240.0,18-04-30,99/99/9999,$99.59,Open,Stocks,Medical,0.0,,,Debbie Melton
LOAN001182,CUST002428,BR015,Personal,46391.19,38889.56,33311.23,9.896,60.0,"October 29, 2011",02/10/2016,773.19,Bad Debt,,Travel,295.0,3.0,402.0,Kevin Mcclure
LOAN001183,CUST001905,BR030,Business,42973.83,38491.91,17015.24,8.985,24.0,2015-03-19,"March 08, 2017",1790.58,Paid Off,PROPERTY,Home improvement,,0.0,464.0,Michaela Wright
LOAN001184,CUST004326,BR048,auto,10755.83,8614.35,1822.87,8.797,120.0,99/99/9999,22-02-08,89.63,Defaulted,Vehicle,Travel,124.0,21.0,328.0,Mary Cannon
LOAN001185,CUST004979,BR029,Business,36139.89,31578.02,"1754,1",10.507,360.0,12-01-07,2041-08-02,$100.39,Active,property,Debt consolidation,,,690.0,Jose Bowman
LOAN001186,CUST003602,BR047,Student,46426.27,37919.44,12284.22,17.416,48.0,12-10-2020,21/09/2024,967.21,Late,Vehicle,Travel,285.0,20.0,739.0,Joshua Edwards
LOAN001187,CUST003807,BR044,Personal,38101.65,31028.86,21226.63,16.965,180.0,99/99/9999,2032-06-21,211.68,Paid Off,Vehicle,Business expansion,0.0,,434.0,Stephen Buchanan
LOAN001188,CUST003283,BR027,Home Equity,"$3,468.50",2930.32,3091.93,12.042,48.0,08/31/2022,08/10/2026,72.26,Defaulted,,Emergency,81.0,7.0,569.0,Kelly Williams
LOAN001189,CUST003626,BR050,Home Equity,11404.78,9742.4,3964.36,10.442,120.0,01-06-2012,"April 10, 2022",95.04,Defaulted,PROPERTY,Business expansion,169.0,23.0,,Brittney Haynes
LOAN001190,CUST004259,BR007,Home Equity,11453.26,9994.47,3994.91,7.226,12.0,2012-04-29,24/04/2013,954.44,PAID OFF,property,Travel,,0.0,,Angela Herrera
LOAN001191,CUST003066,BR045,Mortgage,38707.62,35431.86,5264.49,13.647,84.0,2020-11-14,99/99/9999,460.81,Paid Off,Savings,,0.0,0.0,421.0,Leslie Wilson
LOAN001192,CUST001894,BR034,Business,29220.3,26817.11,7916.12,8.418,360.0,05/12/2022,06-12-2051,81.17,Paid Off,PROPERTY,,0.0,,310.0,Matthew Smith
LOAN001193,CUST000911,BR018,home equity,16537.18,,USD 12225.39,12.63,360.0,2018-09-08,"April 03, 2048",45.94,Delinquent,PROPERTY,Business expansion,84.0,1.0,583.0,Abigail Perez
LOAN001194,CUST001330,BR003,Mortgage,57441.03,54366.89,2086.81,14.011,360.0,12/27/2012,07/23/2042,159.56,Active,N/A,,0.0,0.0,751.0,Antonio Collins
LOAN001195,CUST004959,BR021,Student,22228.91,20100.65,848.68,2.826,24.0,"December 30, 2012","December 20, 2014",926.2,active,N/A,,0.0,0.0,321.0,Curtis Molina
LOAN001196,CUST003221,BR035,Mortgage,59417.65,58170.0,5971.35,8.574,240.0,2010-01-12,09/29/2029,247.57,Active,Stocks,Home improvement,,,591.0,John Davis
LOAN001197,CUST004961,BR033,Business,38830.12,32960.59,,13.87,120.0,2022-06-20,"April 28, 2032",323.58,Open,Vehicle,,,,829.0,Samuel Mendoza
LOAN001198,CUST003489,BR028,Business,77373.77,72446.42,35961.68,17.947,48.0,2016-05-29,08-05-2020,1611.95,Defaulted,Vehicle,,12.0,4.0,502.0,Stacey Morse
LOAN001199,CUST003907,BR015,Home Equity,30173.34,24228.15,18619.97,7.681,84.0,08/24/2011,"July 18, 2018",359.21,Paid Off,N/A,Business expansion,,0.0,333.0,
LOAN001200,,BR036,student,24866.75,"$23,690.31",11877.18,17.024,120.0,16-05-20,29/03/2026,"207,22",Open,Property,,,0.0,594.0,Michelle Strickland
LOAN001201,CUST004481,BR010,Business,14670.71,1343389.8583661744,11892.58,9.185,240.0,18-11-30,17-08-2038,61.13,Active,N/A,Debt consolidation,0.0,0.0,847.0,Dennis Gardner
LOAN001202,CUST003403,BR012,Auto,6589462.0,61430.12,59951.54,3.343,60.0,23/07/2019,NULL,1098.24,Paid Off,none,Debt consolidation,0.0,,462.0,David King
LOAN001203,CUST004644,BR050,Personal,37243.38,33638.15,"$28,933.04",11.863,84.0,,07-06-2021,44337.0,In Progress,N/A,Vehicle purchase,0.0,,745.0,Jermaine Hayes
LOAN001204,CUST002711,BR024,Business,34362.2,"$28,476.64",USD 14920.29,13.225,24.0,2020-11-08,10/29/2022,1431.76,Paid Off,Vehicle,,,,349.0,
LOAN001205,CUST000766,BR011,Auto,27568.18,24867.61,12328.09,12.37,60.0,19-04-20,03/24/2024,459.47,Paid Off,PROPERTY,Business expansion,,,663.0,Ryan Evans
LOAN001206,CUST004025,BR018,home equity,72136.21,61306.48,21859.38,12.191,240.0,05/03/2011,20/11/2030,300.57,PAST DUE,,,147.0,14.0,628.0,Renee Fisher
LOAN001207,CUST000740,BR027,Auto,40944.58,37242.35,6203.4,16.266,120.0,26-08-2014,04-07-2024,341.2,Paid Off,N/A,Travel,0.0,,313.0,Joshua Walker
LOAN001208,CUST001321,BR008,Business,20881.47,19773.43,7519.48,4.96,,07/25/2015,06/28/2020,348.02,Paid Off,none,Medical,,,749.0,Amanda Wilson
LOAN001209,CUST003745,BR029,Mortgage,80345.82,"$75,698.64",19064.03,14.632,240.0,17-02-2013,"November 04, 2032",334.77,Delinquent,Vehicle,Wedding,27.0,15.0,464.0,Mr. Daniel Rocha
LOAN001210,CUST000365,BR002,Auto,6179.98,6126.2,1111.91,5.105,24.0,01/12/2012,14-11-21,257.5,Paid Off,,Wedding,0.0,0.0,560.0,Renee Carlson
LOAN001211,CUST002671,BR039,mortgage,56929.77,56420.69,25517.57,9.434,240.0,2020-06-16,03-03-2040,237.21,Defaulted,Savings,Emergency,245.0,13.0,324.0,Alexandra Randall
LOAN001212,CUST001524,BR043,Business,27818.43,24157.04,4438.84,10.165,180.0,18-07-01,04/13/2033,154.55,ACTIVE,N/A,,0.0,0.0,832.0,Xavier Bowers
LOAN001213,CUST003991,BR018,Auto,56863.25,52094.11,35257.95,5.373,120.0,99/99/9999,19/03/2030,473.86,Open,,Medical,0.0,,658.0,Angela Burgess
LOAN001214,CUST000135,BR012,Student,31551.1,27088.81,362006.0,7.456,240.0,"September 09, 2021",27-05-2041,131.46,Defaulted,Property,Vehicle purchase,66.0,15.0,781.0,Heather Dean
LOAN001215,CUST002205,BR011,Business,74011.55,69047.07,,3.689,60.0,12-06-09,14-05-2017,1233.53,DELINQUENT,Savings,Travel,196.0,21.0,800.0,Eugene Long
LOAN001216,CUST002719,BR043,Home Equity,13952.97,12206.19,USD 1880.59,11.436,240.0,11-10-2017,28-06-2037,58.14,Delinquent,None,Business expansion,43.0,23.0,656.0,Michelle Tucker
LOAN001217,CUST001609,BR004,Auto,39779.06,37472.33,28244.3,2.84,360.0,99/99/9999,"August 18, 2047",110.5,Paid Off,N/A,Travel,,0.0,696.0,Alyssa Zavala
LOAN001218,CUST003490,BR004,Auto,11056.78,9544.21,,13.489,84.0,16-03-17,23-02-09,131.63,DEFAULT,,Business expansion,118.0,5.0,659.0,
LOAN001219,CUST000784,BR050,business,,,20627.58,15.328,48.0,05/11/2014,NULL,1323.16,DEFAULTED,Stocks,Business expansion,145.0,17.0,423.0,
LOAN001220,CUST003608,,Student,7202.23,6797.2,4315.33,6.633,240.0,,,,Delinquent,N/A,Travel,47.0,6.0,612.0,Rebecca Johnson
LOAN001221,CUST000727,BR034,Personal,38740.79,33963.33,"$25,501.95",9.475,48.0,03/01/2010,2014-02-08,807.1,Active,Property,Education,0.0,,788.0,Grant Peterson
LOAN001222,CUST004420,BR041,Home Equity,37858.47,,4140.08,10.872,84.0,99/99/9999,05-07-2020,450.7,DEFAULTED,N/A,Home improvement,65.0,24.0,329.0,Danielle Barton
LOAN001223,CUST001214,BR033,Business,17146.28,16551.64,629.53,14.052,360.0,"May 01, 2019",24-11-2048,47.63,Completed,PROPERTY,Home improvement,0.0,0.0,525.0,Patrick Lawrence
LOAN001224,CUST002935,BR023,Student,52064.4,44642.19,33024.24,12.022,120.0,25-01-2018,04/12/2027,433.87,Paid Off,,Debt consolidation,,0.0,779.0,John Scott
LOAN001225,CUST004121,,Personal,4390.01,4133.78,1223.46,4.162,84.0,17-01-2019,99/99/9999,52.26,Paid Off,property,Business expansion,,0.0,473.0,Gregory Garcia
LOAN001226,CUST004059,BR041,student,34774.47,31140.87,6422.42,17.286,360.0,2022-02-09,2051-09-05,96.6,Delinquent,none,Debt consolidation,116.0,21.0,672.0,Courtney Griffin
LOAN001227,CUST000764,BR042,Home Equity,42183.04,40179.15,16293.01,12.699,24.0,10/29/2010,2012-10-18,1757.63,delinquent,,,110.0,14.0,820.0,Kevin Green
LOAN001228,CUST003995,BR046,Mortgage,48614.24,39205.85,12535.34,15.624,48.0,03/24/2018,22-03-03,1012.8,Completed,,Medical,0.0,,753.0,Charles Mckee
LOAN001229,CUST004145,BR018,Student,10548.38,9956.7,6702.3,4.624,120.0,11/03/2022,11-09-2032,87.9,DELINQUENT,Stocks,Wedding,296.0,24.0,,Michelle Goodman
LOAN001230,CUST004059,BR010,Student,80711.54,66206.02,,3.982,12.0,05/01/2014,26-04-2015,6725.96,Delinquent,N/A,Travel,165.0,15.0,645.0,Anthony Hampton
LOAN001231,CUST001327,BR043,Auto,65159.27,52889.13,"$2,945.47",11.07,360.0,99/99/9999,09/12/2046,181.0,Delinquent,Savings,,346.0,20.0,372.0,Alfred Riggs
LOAN001232,CUST004115,BR020,Home Equity,61389.77,51345.34,USD 34811.89,7.743,48.0,26-04-2019,05/04/2023,1278.95,Paid Off,,Medical,0.0,0.0,707.0,Jeffrey Wallace
LOAN001233,CUST001853,BR035,business,25368.24,24136.14,22741.31,,84.0,"July 12, 2018",05/06/2025,302.0,active,,Debt consolidation,0.0,,329.0,Madison Carey
LOAN001234,CUST003737,BR048,Business,32615.68,27413.68,6495.74,9.512,,08-02-2017,01/18/2021,679.49,Active,,Debt consolidation,,0.0,627.0,Louis Estrada
LOAN001235,CUST003419,BR022,Personal,62472.35,59477.21,47617.98,3.782,60.0,24/12/2017,22-11-28,1041.21,defaulted,Vehicle,Emergency,253.0,14.0,692.0,Kevin Rodriguez
LOAN001236,CUST003508,BR011,Business,48910.0,46667.23,16034.95,16.861,48.0,12-07-2014,18-06-21,1018.96,Bad Debt,N/A,Travel,275.0,11.0,537.0,Morgan Perez
LOAN001237,CUST002506,BR037,Home Equity,69155.45,58793.4,"$4,979.45",13.946,180.0,08/08/2015,,384.2,DELINQUENT,none,Travel,66.0,15.0,523.0,Shane Boyle
LOAN001238,CUST003908,BR028,Mortgage,44576.9,37299.24,13528.59,5.812,12.0,24-03-2015,03/18/2016,3714.74,Paid Off,,Vehicle purchase,0.0,0.0,319.0,
LOAN001239,CUST002317,,mortgage,34169.44,29288.89,22175.98,8.439,120.0,"September 23, 2022","August 01, 2032",284.75,Delinquent,PROPERTY,Education,272.0,18.0,642.0,Kevin Morris
LOAN001240,CUST001491,BR045,Mortgage,"$19,234.36",17601.3,199.34,6.807,360.0,"February 18, 2022",14/09/2051,53.43,Defaulted,Stocks,Debt consolidation,223.0,20.0,651.0,Jerome Pearson
LOAN001241,CUST002927,BR050,Home Equity,34201.31,29766.57,13290.69,16.144,120.0,"September 11, 2015",2025-07-20,285.01,Defaulted,none,Home improvement,54.0,3.0,372.0,Laura Gordon
LOAN001242,CUST004617,BR040,Home Equity,"$23,086.28",USD 21493.51,22108.79,,360.0,14-02-20,16/09/2043,64.13,In Progress,none,Emergency,,,394.0,Brittany Flores
LOAN001243,CUST002709,BR039,Student,41303.99,35262.11,20173.63,11.863,36.0,"May 14, 2023",26-04-28,1147.33,Active,PROPERTY,,0.0,,305.0,Jonathan Zuniga
LOAN001244,CUST001112,BR003,Mortgage,23439.69,22320.4,21293.87,9.282,12.0,07-04-2014,02-04-2015,1953.31,Delinquent,,Business expansion,56.0,16.0,,Margaret Rogers
LOAN001245,CUST001886,BR028,Home Equity,,1416.61,664.81,16.902,,21-07-31,07/21/2023,60.48,delinquent,property,Home improvement,65.0,21.0,687.0,Elizabeth Herrera
LOAN001246,CUST001390,BR011,Home Equity,12360.96,11437.02,9197.97,13.857,120.0,09/12/2022,07/21/2032,103.01,Active,Savings,Wedding,,,301.0,Cole Andrade
LOAN001247,CUST003643,BR031,Student,23883.77,21163.56,19006.99,3.001,12.0,20-04-12,07/04/2021,1990.31,Open,Savings,Debt consolidation,0.0,0.0,,Kevin Miller
LOAN001248,CUST003865,BR029,Auto,,USD 13786.76,"$13,360.57",14.469,60.0,22/10/2014,26-09-2019,282.79,Defaulted,property,Home improvement,52.0,21.0,565.0,Keith Sanchez
LOAN001249,CUST004646,BR010,Student,72164.1,60275.27,10323.38,13.395,120.0,23-05-2019,,601.37,Defaulted,none,,154.0,6.0,445.0,Nathan King
LOAN001250,CUST004317,,Auto,25080.77,22480.17,14872.36,9.068,24.0,13-01-2015,02-01-2017,1045.03,Defaulted,none,Vehicle purchase,39.0,7.0,829.0,Robin Mitchell
LOAN001251,CUST004403,BR039,Mortgage,USD 15033.24,12829.02,13299.06,7.306,84.0,2023-05-21,"April 14, 2030",178.97,Active,Stocks,Vehicle purchase,,0.0,451.0,Stephanie Oconnor
LOAN001252,CUST003893,BR027,Personal,51078.97,50626.45,12499.58,4.049,,"January 12, 2020",49-08-07,USD 141.89,Paid Off,Property,Debt consolidation,,,584.0,Dr. Steven Martin
LOAN001253,CUST001434,BR017,Mortgage,17035.51,13909.43,12064.35,7.701,360.0,07/15/2012,2042-02-08,47.32,Active,Stocks,Home improvement,,0.0,349.0,Laura Humphrey
LOAN001254,CUST001269,BR040,home equity,45827.34,44618.72,9190.74,15.918,360.0,,,127.3,Active,Stocks,Emergency,,0.0,343.0,Ronnie Bryant
LOAN001255,CUST003149,BR043,mortgage,57289.26,51810.89,36293.08,17.662,,"March 21, 2018",10-03-2020,2387.05,Defaulted,None,Emergency,224.0,3.0,346.0,Rebecca Jackson
LOAN001256,CUST001262,BR050,Auto,3445.83,3145.65,USD 3039.39,15.64,60.0,15-11-14,"October 18, 2020",,Paid Off,Vehicle,Emergency,0.0,0.0,822.0,Joanne Lopez
LOAN001257,CUST000519,BR044,Mortgage,28052.23,27145.94,25944.68,,84.0,31/03/2022,02/22/2029,,Defaulted,none,Emergency,100.0,1.0,329.0,Todd Jones
LOAN001258,CUST001701,BR018,Personal,56370.3,52883.59,35149.18,15.666,48.0,14-02-09,19/01/2018,1174.38,active,Savings,Vehicle purchase,0.0,0.0,338.0,William Medina
LOAN001259,CUST002294,BR050,Auto,"$68,778.96",62913.25,58850.71,17.439,24.0,17-03-13,19-03-03,2865.79,closed,property,Business expansion,0.0,,,Brandon Willis
LOAN001260,CUST000815,BR042,Personal,48739.03,40974.37,USD 34907.60,8.107,48.0,19/06/2011,29/05/2015,1015.4,Paid Off,Stocks,Medical,,,756.0,
LOAN001261,CUST000043,BR039,Auto,53346.16,52910.55,21356.46,12.592,12.0,21-04-03,29-03-2022,4445.51,Late,Savings,Business expansion,337.0,19.0,518.0,Christopher Orozco
LOAN001262,CUST002841,BR042,Personal,7679.22,6659.44,1784.69,4.253,120.0,2016-02-11,2025-12-20,63.99,Paid,property,Medical,,,849.0,Jennifer Morrison
LOAN001263,CUST001468,BR012,Student,12783.76,USD 11395.38,2389.22,7.679,180.0,07/14/2011,04/26/2026,,Active,,Education,,0.0,479.0,Roy Lee
LOAN001264,CUST001835,,Student,33273.12,31089.53,27877.82,2.991,120.0,16/05/2021,03/25/2031,277.28,Paid,Savings,Medical,,,713.0,Ms. Mallory Santana
LOAN001265,CUST003699,BR022,mortgage,21693.71,18405.58,4839.17,13.003,120.0,12-04-2013,"February 19, 2023",180.78,Delinquent,Vehicle,Business expansion,158.0,2.0,695.0,Bethany Kennedy
LOAN001266,CUST002243,BR008,Personal,38965.6,USD 36187.66,15641.21,15.445,12.0,02/06/2013,"February 01, 2014",3247.13,Paid Off,Stocks,,,0.0,449.0,Scott Smith
LOAN001267,CUST004604,BR010,Auto,28526.43,27093.18,18031.24,15.086,36.0,10/03/2010,"February 22, 2013",$792.40,Default,property,Emergency,189.0,23.0,769.0,Sherry Curtis
LOAN001268,CUST004642,BR003,Home Equity,22709.47,"$22,377.63",5065.19,5.009,36.0,2012-01-12,14-12-27,63082.00000000001,Paid Off,Property,Debt consolidation,,0.0,519.0,Danielle Smith
LOAN001269,CUST001916,,Student,52256.39,52079.12,"$31,818.68",8.133,,02/04/2011,"January 13, 2026",290.31,Delinquent,N/A,,276.0,9.0,382.0,Katherine Brown
LOAN001270,CUST000079,BR030,Auto,18529.44,18310.07,8083.58,2.759,84.0,15-04-10,"March 04, 2022",220.59,Past Due,property,Business expansion,267.0,13.0,667.0,
LOAN001271,CUST000994,BR011,Mortgage,1000,,$747.04,6.144,360.0,"June 14, 2014",08-01-2044,2.78,Delinquent,Vehicle,Emergency,5.0,11.0,583.0,Courtney Thomas
LOAN001272,CUST002570,BR039,auto,42202.75,39312.82,416674.0,4.368,240.0,NULL,30-10-30,175.84,Delinquent,Stocks,Emergency,65.0,8.0,,Emily Jones
LOAN001273,CUST002336,BR034,Mortgage,78908.25,73766.07,61083.81,13.975,360.0,03/19/2011,2040-10-12,219.19,Active,Stocks,,,0.0,469.0,Cheryl Murray
LOAN001274,CUST000069,BR009,Personal,"52580,38",50113.5,48519.44,6.575,180.0,16-12-2010,28/09/2025,292.11,Delinquent,N/A,Vehicle purchase,121.0,20.0,522.0,Brandon Best
LOAN001275,CUST002351,BR027,Home Equity,62083.78,54150.05,21112.38,17.25,,05/15/2012,14-05-05,2586.82,Charged Off,Savings,,41.0,9.0,596.0,Duane Scott
LOAN001276,CUST001813,BR016,Student,45567.51,38202.61,12683.43,11.882,360.0,2012-11-30,2042-06-26,126.58,Open,N/A,,0.0,,,
LOAN001277,CUST004989,BR041,Mortgage,54889.39,52876.68,46052.82,3.503,48.0,19/07/2020,24-06-28,1143.53,Defaulted,N/A,Vehicle purchase,331.0,9.0,381.0,Mark Peterson
LOAN001278,CUST002461,BR045,Home Equity,55120.25,47890.14,"$39,655.11",8.426,12.0,2015-10-29,,4593.35,Paid Off,none,Home improvement,0.0,,570.0,Denise Gibson
LOAN001279,CUST004190,BR029,Home Equity,39893.69,37634.6,30052.06,9.743,360.0,"March 24, 2014",43-10-18,110.82,Completed,Vehicle,Home improvement,0.0,,345.0,Kristina Walter
LOAN001280,CUST000900,,home equity,,14936.06,3462.43,11.428,24.0,99/99/9999,2015-02-06,677.89,Delinquent,Vehicle,Home improvement,98.0,18.0,361.0,Jerry Vaughan
LOAN001281,CUST003929,BR002,Mortgage,,55633.26,19179.62,10.379,84.0,16-08-2011,07/10/2018,761.98,past due,PROPERTY,,98.0,8.0,789.0,Joshua Adams
LOAN001282,CUST003164,BR034,Mortgage,48918.41,45551.25,25206.76,17.615,48.0,07-09-2014,17-08-2018,1019.13,Delinquent,Stocks,,250.0,10.0,509.0,Robert Turner
LOAN001283,CUST000378,BR044,Home Equity,34669.11,29851.84,24288.96,8.964,24.0,2022-12-09,"November 28, 2024",1444.55,Bad Debt,Savings,Home improvement,319.0,12.0,596.0,Brett Whitney
LOAN001284,CUST002883,BR034,Home Equity,35739.38,31775.21,2420.35,15.925,12.0,"September 28, 2013","September 23, 2014",2978.28,Active,PROPERTY,Debt consolidation,0.0,0.0,,
LOAN001285,CUST000306,BR032,Mortgage,USD 53883.80,,46609.79,12.703,24.0,2019-01-13,01/02/2021,2245.16,Completed,,Debt consolidation,0.0,,611.0,Shane Lopez
LOAN001286,CUST004168,BR012,student,,,6182.71,6.215,,,23-01-04,791.25,Paid Off,none,Business expansion,0.0,0.0,,Steve Fields
LOAN001287,,BR022,Student,75528.17,67583.64,36115.93,,12.0,"April 26, 2010",,6294.01,DELINQUENT,Savings,Vehicle purchase,185.0,20.0,619.0,Lauren Hood
LOAN001288,CUST004896,BR021,Student,55298.28,48907.67,6244.75,8.252,84.0,18-12-14,11/07/2025,,Defaulted,Stocks,,231.0,14.0,408.0,Jonathan Vaughan
LOAN001289,CUST001071,BR038,Personal,54531.26,54199.01,45161.99,16.685,24.0,01/24/2013,01/14/2015,2272.14,Defaulted,Savings,Home improvement,102.0,12.0,844.0,Julie Dixon
LOAN001290,CUST002316,BR004,Personal,23771.57,"$19,139.03",,9.405,,13-02-20,15/02/2014,1980.96,PAID OFF,N/A,Medical,0.0,0.0,608.0,Benjamin Williams
LOAN001291,CUST002966,BR043,Auto,45354.8,40098.33,12143.76,10.247,180.0,2017-01-02,31-10-16,251.97,DELINQUENT,N/A,Travel,339.0,16.0,780.0,Gabriela Clark
LOAN001292,CUST001027,BR002,Auto,16144.37,,8822.87,,24.0,10/01/2016,"September 21, 2018",672.68,Completed,,Business expansion,0.0,0.0,792.0,Ms. Stephanie Hurley
LOAN001293,CUST000958,BR016,Mortgage,"91357,57",76969.39,60910.57,12.411,24.0,03/25/2023,"March 14, 2025",3806.57,Charged Off,PROPERTY,Wedding,13.0,20.0,692.0,Kayla Beck
LOAN001294,CUST002695,BR013,Auto,72418.06,66189.33,68654.21,2.779,36.0,15-10-05,19/09/2018,2011.61,Paid Off,PROPERTY,Business expansion,,0.0,527.0,
LOAN001295,CUST001102,,Personal,34011.49,29031.01,33952.53,6.742,240.0,2013-10-05,33-06-22,141.71,Paid Off,PROPERTY,,,0.0,,Christina Brown
LOAN001296,CUST000661,BR018,Auto,26862.43,25277.42,21314.12,3.398,48.0,17-11-02,12/10/2021,USD 559.63,Paid,none,Wedding,,,716.0,Karen Pena
LOAN001297,CUST003462,BR021,Personal,USD 64370.50,62414.18,46255.73,11.707,84.0,13-03-2012,02/05/2019,766.32,Defaulted,PROPERTY,Wedding,247.0,12.0,786.0,Cathy Banks DVM
LOAN001298,CUST001787,BR050,Personal,72559.73,66409.42,54775.66,11.251,180.0,2019-03-05,16-12-2033,403.11,Paid,N/A,Debt consolidation,,,715.0,Terry Case
LOAN001299,CUST000131,BR004,Personal,23719.49,21691.13,12227.8,11.917,,,07/12/2034,98.83,ACTIVE,property,Home improvement,,0.0,525.0,Michael Fletcher
LOAN001300,CUST001834,BR037,Auto,38239.67,34826.61,3405.16,14.131,24.0,2014-10-02,2016-09-21,1593.32,In Progress,None,Home improvement,0.0,,758.0,Jeffery Armstrong
LOAN001301,CUST000570,BR021,Business,50974.99,44247.53,48165.41,12.015,180.0,07/22/2011,26-05-04,283.19,Defaulted,Vehicle,Home improvement,247.0,3.0,749.0,Judith Houston
LOAN001302,CUST000316,BR032,Business,42572.57,40363.32,12192.83,4.423,60.0,17-12-12,22-11-16,709.54,Active,Vehicle,Travel,0.0,0.0,545.0,Kathryn Harrison
LOAN001303,CUST003649,BR032,Mortgage,61888.08,55827.16,707.24,15.018,240.0,"August 06, 2015",23-04-2035,257.87,Paid Off,PROPERTY,Debt consolidation,,,659.0,Mark Rodriguez
LOAN001304,CUST000188,BR011,Home Equity,101973.21,"$91,351.46",66676.49,11.078,120.0,99/99/9999,11/07/2023,849.78,open,none,Debt consolidation,,0.0,574.0,David Fernandez
LOAN001305,CUST003955,BR042,Business,47273.77,45808.05,14161.56,14.84,36.0,16-05-05,04/20/2019,USD 1313.16,Defaulted,None,Home improvement,147.0,5.0,517.0,Stephanie Anderson
LOAN001306,,BR023,Business,71100.08,61746.54,18149.07,15.485,360.0,22/12/2021,07/18/2051,197.5,PAST DUE,Vehicle,,121.0,16.0,834.0,
LOAN001307,CUST001180,BR032,Business,15187.28,14041.12,7196.42,8.654,120.0,12-04-05,22-02-12,126.56,open,property,Emergency,,,510.0,Steven Mack
LOAN001308,CUST004196,BR046,Business,66041.63,60787.35,"$64,987.54",7.272,36.0,13/04/2013,03/28/2016,"1834,49",Default,Savings,Home improvement,112.0,20.0,,Rebecca Nelson
LOAN001309,CUST004922,BR025,Business,55420.33,54747.16,42616.52,11.418,84.0,18/08/2013,12/07/2020,659.77,Delinquent,Stocks,Debt consolidation,342.0,12.0,789.0,Alice Roberts
LOAN001310,CUST003613,BR042,Student,65249.45,57244.64,29950.69,15.443,60.0,05-08-2021,10-07-2026,1087.49,Delinquent,property,Wedding,274.0,3.0,487.0,Cassandra Bell
LOAN001311,CUST001655,BR034,Auto,38872.81,36790.94,23085.22,7.133,60.0,03/04/2020,"February 06, 2025",USD 647.88,open,Savings,Business expansion,,,,
LOAN001312,CUST003180,BR022,student,44989.95,36864.46,8561.64,10.933,24.0,"May 08, 2018",27-04-2020,1874.58,Defaulted,None,Medical,351.0,20.0,659.0,
LOAN001313,CUST004565,,home equity,18666.76,,12115.04,3.825,12.0,"April 28, 2012",23/04/2013,1555.56,Delinquent,,Medical,207.0,20.0,535.0,
LOAN001314,CUST003403,BR005,Mortgage,1000,847.52,392.09,7.928,36.0,11/21/2012,2015-11-06,27.78,Bad Debt,N/A,Home improvement,353.0,18.0,318.0,Victoria Anderson
LOAN001315,CUST000964,BR033,Home Equity,5046.26,,1350.09,5.842,360.0,"June 10, 2015",03-01-2045,,Closed,Savings,Vehicle purchase,0.0,0.0,339.0,Lisa Mcmahon
LOAN001316,CUST002385,BR042,Home Equity,52303.09,50998.59,2167.9,16.108,48.0,22-02-19,2026-01-29,108965.00000000001,Defaulted,Vehicle,Medical,185.0,12.0,567.0,Meghan Lewis
LOAN001317,CUST004865,BR040,business,28954.38,24079.13,27595.01,12.441,12.0,10/16/2018,11-10-2019,,DEFAULT,None,Travel,348.0,19.0,649.0,Robert Hall
LOAN001318,CUST002005,BR046,Auto,28439.53,27109.67,25655.89,4.128,48.0,2018-01-24,01/03/2022,592.49,Closed,Vehicle,Debt consolidation,0.0,0.0,427.0,Dr. Rebecca Brown DVM
LOAN001319,CUST000723,BR023,Auto,47960.95,47377.02,USD 41534.47,13.185,36.0,17/08/2014,"August 01, 2017",1332.25,delinquent,PROPERTY,Emergency,240.0,22.0,372.0,Judith Barajas
LOAN001320,CUST000125,BR012,Personal,15169.63,15160.9,3089.98,6.849,,2021-09-02,"May 20, 2041",63.21,Paid Off,,Education,,0.0,338.0,Andrew Barton
LOAN001321,CUST004560,BR003,Mortgage,22676.39,"$20,647.52",4478.27,11.9,12.0,04-04-2015,"March 29, 2016",1889.7,In Progress,None,Medical,,0.0,524.0,Alex Anderson
LOAN001322,CUST004330,BR032,Home Equity,8698.74,7864.04,4517.48,14.338,240.0,"April 22, 2013",01/07/2033,36.24,past due,PROPERTY,Debt consolidation,99.0,11.0,624.0,Kristen Howell
LOAN001323,CUST001043,BR046,Personal,"34729,8",31181.04,4450.73,2.642,48.0,"July 25, 2011",04-07-2015,723.54,Delinquent,None,Debt consolidation,304.0,6.0,302.0,Ryan Benson
LOAN001324,CUST002124,BR033,Student,14740.4,12312.78,8097.32,7.913,360.0,NULL,17-01-2049,40.95,Default,Savings,Debt consolidation,311.0,15.0,518.0,Stacey Jackson
LOAN001325,CUST004778,BR047,Personal,35584.89,33177.97,,3.486,180.0,16-10-2016,"July 30, 2031",197.69,defaulted,Savings,Home improvement,114.0,18.0,,Carolyn Freeman
LOAN001326,CUST004070,BR015,Auto,USD 20877.57,18089.88,4477.9,4.8,84.0,30-12-2012,24/11/2019,248.54,defaulted,,Business expansion,92.0,20.0,435.0,Jenna Bolton
LOAN001327,CUST003693,BR007,Student,82836.76,78076.44,2371.19,16.534,24.0,"May 30, 2013",20/05/2015,3451.53,Bad Debt,N/A,Home improvement,208.0,10.0,,John Collins
LOAN001328,CUST003700,BR026,Business,59149.18,47666.55,35982.73,11.404,48.0,22-04-30,09-04-2026,USD 1232.27,Paid Off,Savings,Vehicle purchase,,,840.0,Jeanette Bullock
LOAN001329,CUST002894,BR039,Student,30029.04,27767.44,23025.5,12.268,120.0,16/04/2022,02/23/2032,250.24,Active,None,Wedding,,,609.0,Jacob Woods
LOAN001330,CUST002718,BR018,home equity,49271.28,44936.54,36300.4,15.574,360.0,21-01-2014,17-08-2043,136.86,Late,Stocks,Travel,258.0,13.0,,James Schmidt
LOAN001331,CUST000863,BR007,Personal,51112.82,40953.75,6723.12,14.732,120.0,,"June 01, 2032",425.94,Completed,Stocks,Emergency,0.0,0.0,549.0,Jeremiah Brown
LOAN001332,CUST000527,BR004,Mortgage,50602.08,USD 44329.25,47635.38,16.161,60.0,"April 15, 2013",03/20/2018,,Defaulted,N/A,Emergency,6.0,18.0,,Joshua Stewart
LOAN001333,CUST003466,BR002,Personal,"19234,03",,2967.78,15.196,84.0,99/99/9999,05/28/2028,228.98,Delinquent,PROPERTY,,122.0,22.0,798.0,Anna Edwards
LOAN001334,CUST004793,BR034,Mortgage,,20748.62,14888.5,16.709,180.0,2013-01-05,10/19/2027,,open,Savings,Home improvement,0.0,,714.0,Rebecca Lindsey
LOAN001335,CUST000954,BR040,Student,45459.56,43117.91,"$42,206.47",16.927,60.0,13/05/2015,2020-04-16,757.66,Defaulted,,Travel,135.0,7.0,336.0,
LOAN001336,CUST004389,BR041,Home Equity,10093.94,8330.17,9223.69,6.015,60.0,19-02-21,01/26/2024,168.23,past due,PROPERTY,Travel,20.0,8.0,305.0,
LOAN001337,CUST000856,BR047,Auto,4340.98,3872.31,"$3,557.82",16.518,36.0,28/01/2015,12-01-2018,120.58,Defaulted,none,Business expansion,223.0,15.0,336.0,Thomas Lawrence
LOAN001338,CUST000544,BR005,Home Equity,,50871.58,25639.58,12.839,12.0,"January 24, 2022","January 19, 2023",4816.27,Current,Savings,Vehicle purchase,0.0,,461.0,Edwin Gay
LOAN001339,CUST004027,BR030,Auto,5667.58,"5549,71274020213",1401.39,10.392,180.0,04/11/2013,99/99/9999,31.49,Active,,Travel,,,517.0,Gregg Gross
LOAN001340,CUST002588,BR040,Home Equity,,17502.2,3809.61,,48.0,15-03-2021,99/99/9999,400.94,Paid Off,Property,Education,,,529.0,Megan Rangel
LOAN001341,CUST001735,BR008,Personal,"$24,043.82",23889.83,1867.32,12.93,36.0,22/09/2013,06-09-2016,667.88,past due,,Vehicle purchase,142.0,21.0,544.0,Robin Arnold
LOAN001342,CUST001099,BR029,Home Equity,24845.36,24668.17,13901.63,8.485,240.0,11/03/2019,"November 26, 2038",103.52,Delinquent,Stocks,,260.0,4.0,651.0,Elizabeth Barry
LOAN001343,CUST000859,BR028,Home Equity,71023.96,61831.89,30633.15,14.091,84.0,03-10-2010,2017-08-27,845.52,Paid Off,none,Travel,,,540.0,Michael Johnson
LOAN001344,CUST003763,BR022,Home Equity,"29349,52",24400.44,23965.83,11.619,48.0,13-09-20,08/30/2017,611.45,Defaulted,N/A,Medical,43.0,5.0,399.0,April Reyes
LOAN001345,CUST003080,BR007,Student,35913.75,33814.62,9066.91,3.944,36.0,24/06/2019,"June 08, 2022",,Paid Off,Savings,Home improvement,,0.0,344.0,Danielle Hansen
LOAN001346,CUST004909,BR044,Mortgage,47338.23,46753.92,"46055,65",6.042,360.0,27/12/2020,07/23/2050,131.5,Delinquent,None,Education,325.0,21.0,789.0,Sean Berg
LOAN001347,CUST001924,BR020,Business,32584.07,31034.08,15783.53,8.741,,,31-01-14,271.53,delinquent,Savings,Medical,173.0,20.0,370.0,Alisha Murphy
LOAN001348,CUST002322,,Student,58151.67,56282.7,4432.42,14.975,12.0,2019-12-01,20-11-25,4845.97,Paid Off,Savings,,0.0,0.0,357.0,Andrea Gonzalez
LOAN001349,CUST003912,BR005,Home Equity,46943.93,43673.64,9952.2,16.267,36.0,"November 08, 2019",23/10/2022,1304.0,closed,Property,Emergency,0.0,,794.0,
LOAN001350,CUST000948,BR023,Mortgage,66744.57,65345.43,73.43,9.204,48.0,09/30/2022,26-09-09,,late,none,,136.0,4.0,363.0,Jessica Gentry
LOAN001351,CUST003184,BR012,Business,44832.91,39602.24,2063.83,3.041,180.0,08/14/2022,NULL,249.07,Active,,Wedding,0.0,0.0,643.0,Amy Price
LOAN001352,CUST002243,BR050,Mortgage,39312.24,35647.83,27027.34,16.371,120.0,2018-07-19,2028-05-27,,Paid Off,none,Debt consolidation,,,757.0,Joann Griffith
LOAN001353,CUST004842,BR004,Home Equity,15205.73,13845.01,15195.95,8.116,48.0,02-12-2022,11/11/2026,316.79,Delinquent,none,Business expansion,229.0,20.0,805.0,Christopher Manning
LOAN001354,CUST004112,BR004,Mortgage,9363.76,8400.52,6989.26,10.875,120.0,17-06-26,05/05/2027,78.03,Defaulted,Property,Business expansion,123.0,20.0,388.0,John Murillo
LOAN001355,CUST004826,BR003,Personal,58177.97,46911.39,43066.52,6.146,36.0,01/12/2019,99/99/9999,,Late,none,Vehicle purchase,52.0,1.0,824.0,John Nunez DDS
LOAN001356,CUST000638,BR032,Auto,18309.05,16289.26,14867.03,11.958,,19/03/2023,2033-01-25,152.58,active,none,Wedding,,,701.0,Cody Mann
LOAN001357,CUST002872,BR043,Home Equity,34140.82,30034.27,17570.24,14.272,360.0,11/19/2016,"June 15, 2046",94.84,Paid Off,Vehicle,Debt consolidation,,0.0,461.0,Olivia Mays
LOAN001358,CUST004349,BR035,Business,38355.47,32797.21,33244.89,5.043,180.0,25/04/2014,05-02-2029,,Charged Off,Vehicle,Education,331.0,2.0,740.0,Alex Gibson
LOAN001359,CUST003827,BR003,Business,27776.86,27151.11,3448.15,17.392,24.0,19-11-21,11/10/2021,1157.37,Defaulted,none,Home improvement,251.0,11.0,789.0,Julia Ritter
LOAN001360,CUST000592,BR025,student,77295.19,63795.67,1342704.0,,84.0,08/11/2016,2023-10-03,920.18,Active,Vehicle,Business expansion,,0.0,797.0,Suzanne Mendoza
LOAN001361,CUST000562,BR024,Home Equity,20522.65,19851.6,5755.9,6.338,360.0,23-02-20,15-09-2052,57.01,Paid Off,property,Wedding,0.0,,684.0,Paul Drake
LOAN001362,CUST001444,BR020,Student,62900.41,53513.47,5199.83,8.566,360.0,28/02/2014,NULL,174.72,paid off,PROPERTY,,,0.0,467.0,Erica Jimenez
LOAN001363,CUST001412,BR017,Business,,,15162.87,8.403,12.0,01-12-2017,"November 26, 2018",3398.59,Defaulted,none,Emergency,181.0,5.0,386.0,
LOAN001364,CUST003207,BR014,home equity,21226.99,USD 18855.75,2923.73,7.659,36.0,NULL,17/02/2014,589.64,Paid Off,N/A,Emergency,,0.0,842.0,Sara Mcintyre
LOAN001365,CUST003330,BR046,home equity,59409.02,59224.46,,,240.0,"December 25, 2015",09/11/2035,247.54,Active,Stocks,Emergency,0.0,0.0,562.0,
LOAN001366,CUST002410,BR046,Student,6572.92,5986.53,3895.16,7.544,24.0,09/10/2015,17-09-28,273.87,closed,none,Wedding,0.0,0.0,532.0,Robert Martin
LOAN001367,CUST003190,BR022,Student,58449.35,54727.28,,17.456,60.0,08-09-2013,2018-08-13,974.16,Paid Off,Property,Home improvement,0.0,,627.0,Jessica Tran
LOAN001368,CUST003096,BR023,Home Equity,14011.37,13147.8,12350.03,11.018,60.0,16-02-13,01/17/2021,233.52,Default,,Education,88.0,23.0,568.0,Sharon Vargas
LOAN001369,CUST001850,BR026,Auto,"$22,677.86",22345.69,8065.49,11.558,60.0,22-11-11,16-10-2027,377.96,paid,none,Medical,,0.0,439.0,Michelle Roman
LOAN001370,CUST003410,BR021,Auto,52055.32,43153.95,,11.309,36.0,2019-11-30,2022-11-14,1445.98,Paid,none,Education,,,653.0,
LOAN001371,CUST000351,BR035,Auto,32769.96,29878.81,"$10,844.27",3.037,84.0,2014-06-12,06-05-2021,390.12,Delinquent,Savings,,272.0,10.0,741.0,Vanessa Fernandez
LOAN001372,CUST001560,BR019,Student,53972.71,45729.16,3530.8,4.991,48.0,"August 06, 2016",20-07-16,1124.43,Active,Property,Education,0.0,0.0,649.0,John Hernandez
LOAN001373,CUST003565,BR031,Personal,40081.93,37672.28,37685.22,4.793,48.0,,15-07-2016,835.04,Delinquent,none,Debt consolidation,361.0,23.0,336.0,Darryl Boone
LOAN001374,CUST003206,BR031,student,27829.64,23463.06,1209.42,10.546,84.0,11-03-2015,99/99/9999,331.31,Defaulted,N/A,Travel,354.0,7.0,,Brandon Willis
LOAN001375,CUST001839,BR029,Student,38915.18,34156.37,24701.66,10.839,36.0,04/10/2023,26-03-25,1080.98,paid off,Property,Education,,,387.0,Linda Waters
LOAN001376,CUST002661,BR033,Student,48423.69,40630.86,"$17,977.90",11.095,84.0,28/07/2021,2028-06-21,,Defaulted,Savings,Emergency,44.0,3.0,316.0,Joseph Watson
LOAN001377,CUST000165,BR028,Personal,26755.05,23865.0,11609.15,13.309,60.0,"July 03, 2010",15-06-07,,defaulted,,Emergency,346.0,18.0,365.0,Brian Lee
LOAN001378,CUST003049,BR002,Mortgage,48669.1,47097.14,206.71,8.522,360.0,2012-11-03,30-05-2042,135.19,Defaulted,None,Home improvement,200.0,21.0,469.0,Cynthia King
LOAN001379,CUST002220,BR039,Auto,30785.34,27143.8,,6.555,12.0,21/02/2015,16-02-2016,2565.45,Defaulted,Stocks,Education,334.0,22.0,720.0,Andrew Valencia
LOAN001380,CUST000798,BR002,Student,32158.08,"27811,48486740932",14250.29,,12.0,11/07/2020,06-07-2021,"$2,679.84",Delinquent,Vehicle,Business expansion,21.0,22.0,,
LOAN001381,CUST001869,BR012,Mortgage,46090.51,41275.05,42765.86,14.631,36.0,"November 18, 2020",23-11-03,1280.29,past due,N/A,Vehicle purchase,77.0,8.0,819.0,
LOAN001382,CUST002396,BR029,Personal,USD 16477.56,16134.85,488.47,9.952,84.0,28-03-2011,2018-02-19,196.16,DEFAULTED,property,Education,319.0,22.0,704.0,Christina Duarte MD
LOAN001383,CUST001193,BR005,Mortgage,2991.23,2718.24,"2982,48",9.239,36.0,20-05-20,"May 05, 2023",83.09,Active,Stocks,Debt consolidation,0.0,,375.0,Timothy Wade
LOAN001384,CUST003996,BR030,Student,44056.2,,42943.28,2.633,120.0,13-11-2021,"September 22, 2031",,Delinquent,PROPERTY,Travel,248.0,6.0,761.0,Charles Foster
LOAN001385,CUST000074,BR024,Business,12208.63,9822.68,7854.88,6.867,12.0,"June 14, 2016","June 09, 2017",,Paid Off,none,Vehicle purchase,,0.0,624.0,Patricia Clark
LOAN001386,CUST004350,BR001,Business,51177.21,44763.64,43872.45,11.051,120.0,22-08-31,09-07-2032,426.48,Active,None,,,0.0,779.0,Ryan Davidson
LOAN001387,CUST001962,BR023,Student,80538.95,78987.24,USD 61177.96,15.423,240.0,,28/03/2032,335.58,Defaulted,none,Education,191.0,1.0,769.0,Dr. Meghan Moore
LOAN001388,,BR008,Personal,,50790.05,13788.93,16.659,360.0,NULL,2052-09-30,142.85,Paid Off,none,Emergency,,,557.0,Sarah Jensen
LOAN001389,CUST002860,BR004,Mortgage,USD 79960.41,78064.21,31202.9,13.822,48.0,19-04-07,17/03/2023,1665.84,Past Due,PROPERTY,Business expansion,161.0,10.0,670.0,Wendy Diaz
LOAN001390,CUST002157,BR034,Personal,16166.65,14358.55,1448.66,13.576,120.0,03/20/2022,01/27/2032,,Paid Off,Stocks,Education,,,376.0,Ashley Brown
LOAN001391,CUST000400,BR048,Mortgage,7755.0,7408.72,3622.85,11.956,12.0,13-04-11,2014-04-06,646.25,Delinquent,N/A,Medical,215.0,3.0,305.0,Bill Blankenship
LOAN001392,CUST004512,BR036,Auto,39008.02,USD 35865.48,37822.36,9.317,360.0,NULL,05-01-2050,"108,36",Completed,N/A,Emergency,0.0,,816.0,
LOAN001393,CUST001145,BR010,Personal,62209.39,57800.58,7370.12,4.252,360.0,2011-08-15,2041-03-10,172.8,Delinquent,Savings,Travel,121.0,15.0,409.0,
LOAN001394,CUST000859,BR013,Home Equity,30621.82,27099.37,3567.07,5.564,84.0,16-07-28,,364.55,Open,Savings,Vehicle purchase,0.0,0.0,793.0,Michael Swanson
LOAN001395,CUST003631,BR049,Auto,,60542.97,28925.79,,84.0,2020-07-28,22/06/2027,872.97,Active,,Home improvement,,0.0,711.0,Caitlin Clark
LOAN001396,CUST003298,BR040,Home Equity,106896.98,"97255,90909639264",24608.08,3.656,12.0,2012-04-25,20-04-2013,"$8,908.08",Default,property,Debt consolidation,0.0,12.0,369.0,Cheyenne Hunter
LOAN001397,CUST003127,BR034,Auto,27860.93,25187.69,7698.87,10.911,84.0,2012-07-25,2019-06-19,331.68,open,Property,Medical,0.0,,832.0,Angela Smith
LOAN001398,CUST003330,BR037,business,51495.22,46397.98,26540.17,12.781,180.0,"April 12, 2020",24/01/2035,286.08,closed,Property,Business expansion,0.0,,819.0,Scott Fisher
LOAN001399,,BR024,auto,USD 69708.58,68123.18,9134.58,8.013,84.0,"March 16, 2023",02/07/2030,829.86,In Progress,Savings,Emergency,0.0,0.0,806.0,Ashley Johnson
LOAN001400,CUST000606,BR019,Student,77451.31,67877.08,,,180.0,2014-10-22,2029-08-04,430.29,ACTIVE,,Debt consolidation,0.0,0.0,808.0,Tony Williams
LOAN001401,CUST001289,BR015,Home Equity,7190.91,6755.96,4803.77,16.898,48.0,07-03-2020,15-02-2024,149.81,Active,property,Medical,0.0,,325.0,Michelle Jackson
LOAN001402,CUST002987,BR021,Auto,8543.93,7963.28,8513.57,13.259,12.0,24-09-2015,2016-09-18,711.99,active,Savings,,,0.0,638.0,Amber Singleton
LOAN001403,CUST004689,BR018,Home Equity,16081.67,,12823.46,15.384,84.0,30-06-2012,19-05-25,191.45,paid off,Property,Emergency,,0.0,431.0,Shawna Carlson
LOAN001404,CUST001090,BR031,home equity,"$48,243.99",USD 41353.62,35263.48,12.495,24.0,07/04/2017,"March 28, 2019",2010.17,Paid,Property,Emergency,,,617.0,Angela Hinton
LOAN001405,CUST002236,BR004,Business,31680.16,27173.61,28600.77,11.652,60.0,"October 31, 2014","October 05, 2019",528.0,Active,None,Business expansion,0.0,,361.0,
LOAN001406,CUST001044,BR015,Home Equity,71604.7,67824.69,61300.8,9.69,180.0,,10/31/2025,397.8,paid,,Travel,0.0,,547.0,Heather Robinson
LOAN001407,CUST003010,BR025,Mortgage,52120.19,51187.56,9995.59,6.591,12.0,"December 01, 2012",26/11/2013,4343.35,Delinquent,N/A,Travel,13.0,19.0,438.0,Nathaniel Walker
LOAN001408,CUST000522,BR028,Business,47931.43,38896.01,306727.0,5.035,360.0,2014-05-29,43-12-23,133.14,Active,,Wedding,,0.0,552.0,Mario Moreno
LOAN001409,CUST001113,BR009,Personal,,31020.55,8400.25,4.633,120.0,26/12/2010,20-11-03,301.44,Completed,none,Home improvement,,,558.0,John Lynch
LOAN001410,CUST003919,BR003,Mortgage,47639.82,46189.64,28151.6,17.971,36.0,06/04/2019,2022-03-21,1323.33,Open,Stocks,Education,0.0,,547.0,Kelly Duncan
LOAN001411,CUST002622,BR026,personal,37124.92,36638.24,4174.53,9.952,24.0,13-08-27,2015-08-17,1546.87,Active,PROPERTY,Vehicle purchase,,0.0,779.0,Veronica Shelton
LOAN001412,CUST004817,BR002,Auto,31783.62,27654.81,15860.76,5.866,12.0,10-09-01,11-08-27,2648.63,Active,property,Home improvement,0.0,,303.0,John Elliott
LOAN001413,CUST002107,BR003,Home Equity,21385.44,20956.28,10301.07,15.669,12.0,NULL,14-07-2017,1782.12,Defaulted,N/A,Education,19.0,20.0,776.0,Corey Garrett
LOAN001414,CUST003502,BR011,Student,43643.28,40451.13,11442.82,9.032,120.0,08/03/2021,12-06-2031,"363,69",Delinquent,PROPERTY,Debt consolidation,13.0,20.0,,Jason Morgan
LOAN001415,CUST004975,BR018,Student,68584.71,57031.71,56914.68,6.462,240.0,99/99/9999,"February 18, 2031",285.77,Delinquent,none,Travel,164.0,20.0,610.0,Patricia Christian
LOAN001416,CUST000775,BR037,Business,18302.12,16437.32,10571.1,3.676,360.0,04-04-2021,50-10-29,50.84,Defaulted,PROPERTY,Travel,183.0,1.0,728.0,Jerry Bryant
LOAN001417,CUST003181,BR008,Personal,19662.06,15789.35,14513.25,15.635,12.0,10-04-02,03/28/2011,1638.51,Delinquent,Stocks,Emergency,289.0,6.0,325.0,
LOAN001418,CUST000960,BR010,Auto,39847.09,36181.3,1020.54,16.755,48.0,"March 14, 2014",02/21/2018,830.15,Paid Off,PROPERTY,Emergency,0.0,,444.0,Andrew Stone
LOAN001419,CUST002986,BR026,Auto,65321.21,56925.61,5373.24,5.87,84.0,13-02-05,2019-12-31,777.63,Late,Savings,Debt consolidation,287.0,1.0,549.0,Tammy Miller
LOAN001420,CUST002714,BR031,Student,7996.82,7995.0,3581.42,17.192,360.0,15/04/2013,09/11/2042,22.21,delinquent,Property,Emergency,63.0,22.0,442.0,
LOAN001421,CUST001664,BR017,Personal,,43769.01,$791.66,4.631,24.0,16-06-2010,06/05/2012,"$2,270.92",Paid Off,Property,Medical,,,332.0,Manuel Rodgers
LOAN001422,CUST004159,BR030,Personal,24155.76,"$22,431.90",12445.61,8.382,60.0,13-11-04,10/09/2018,402.6,Paid Off,None,Business expansion,0.0,,468.0,Kristi Henderson
LOAN001423,CUST001177,BR041,Student,71163.79,62081.95,53036.96,2.521,120.0,2022-12-21,29-10-2032,593.03,Paid Off,Savings,Emergency,,0.0,580.0,Ryan White
LOAN001424,CUST003286,BR030,Mortgage,2788.01,2708.18,76.7,9.152,360.0,06/03/2016,28-12-2045,"7,74",closed,PROPERTY,Education,0.0,,410.0,Courtney Patel
LOAN001425,CUST004495,BR019,Personal,65422.58,61462.57,34605.29,12.612,360.0,15-01-2016,10-08-2045,181.73,open,Savings,Medical,,0.0,777.0,Craig Miller
LOAN001426,CUST004692,BR035,Auto,60413.76,58908.79,"54899,92",4.895,24.0,"July 17, 2012",07-07-2014,251723.99999999997,Paid Off,Vehicle,Emergency,0.0,,576.0,Stuart Holland
LOAN001427,CUST002826,BR047,Home Equity,98227.63,79937.4,27709.96,2.517,48.0,25/06/2017,04-06-2021,2046.41,Past Due,,,337.0,14.0,679.0,Tina Buchanan
LOAN001428,CUST004695,BR018,Auto,12944.75,"$12,137.74",56.25,16.046,240.0,18-01-05,22-09-2037,53.94,Open,none,Vehicle purchase,0.0,0.0,,Kimberly Crawford
LOAN001429,CUST004558,BR033,Auto,48640.52,43352.84,45710.63,6.815,24.0,04/17/2017,07/04/2019,2026.69,Active,N/A,Business expansion,,0.0,395.0,Krystal Frazier
LOAN001430,CUST004213,BR031,Home Equity,37091.74,30134.28,"$23,470.51",7.652,12.0,2016-08-23,"August 18, 2017",3090.98,paid,property,Travel,,0.0,446.0,Dustin Morrow
LOAN001431,CUST004459,BR022,student,27607.37,,25564.01,11.336,36.0,2011-02-27,02/11/2014,766.87,Charged Off,Savings,Education,305.0,16.0,524.0,Jamie Blackwell
LOAN001432,CUST001164,BR002,Business,38867.13,33083.54,21337.53,12.301,,20/03/2012,14-10-2041,107.96,Delinquent,property,Vehicle purchase,192.0,11.0,418.0,Sylvia Mejia
LOAN001433,CUST002593,BR046,Student,91140.6,87660.13,40802.93,8.907,60.0,23-03-29,03/02/2028,1519.01,Active,none,Vehicle purchase,,0.0,644.0,Shawn Alexander
LOAN001434,CUST004387,BR015,Business,26992.78,2213641.8951826235,9022.1,8.839,180.0,18-08-2012,01/06/2027,149.96,Delinquent,Property,,3.0,19.0,334.0,Madison Anderson
LOAN001435,CUST002687,,Mortgage,8881.57,7679.75,8486.0,,36.0,17-11-01,10/16/2020,246.71,paid,Property,Vehicle purchase,,0.0,703.0,Hannah Wood
LOAN001436,CUST004016,BR041,Mortgage,29952.49,26240.84,13094.54,6.409,240.0,18/04/2017,2037-01-03,USD 124.80,active,property,Emergency,,,572.0,Rachael Brewer
LOAN001437,CUST003558,BR015,Student,18746.63,16927.34,6054.55,12.326,180.0,"May 16, 2014",26/02/2029,104.15,Delinquent,None,Vehicle purchase,283.0,1.0,556.0,Curtis Moore
LOAN001438,CUST001272,BR049,Home Equity,"$6,407.27",5718.1,5922.97,17.111,,06/06/2012,"March 20, 2027",USD 35.60,Paid Off,PROPERTY,Wedding,,,687.0,Amanda Manning
LOAN001439,CUST003384,BR014,Personal,7397.73,USD 7025.10,503378.0,8.959,36.0,99/99/9999,2016-03-20,205.49,Paid Off,Savings,Education,0.0,0.0,487.0,Debra Brown
LOAN001440,CUST001612,BR036,Mortgage,66931.55,,49803.1,11.638,48.0,22/07/2014,01-07-2018,1394.41,Past Due,property,Education,355.0,1.0,491.0,Michelle Clark
LOAN001441,CUST002543,BR013,business,35705.12,31954.01,"8807,88",12.381,24.0,99/99/9999,26/06/2019,"1487,71",Open,,Education,,0.0,356.0,William Moore
LOAN001442,CUST001212,BR020,Home Equity,13216.5,,,11.793,24.0,,12-12-2014,550.69,Delinquent,property,Home improvement,299.0,2.0,675.0,
LOAN001443,CUST002625,BR001,Mortgage,16504.8,15665.82,15050.23,,48.0,23-03-2014,18-03-02,343.85,Paid Off,Savings,,0.0,0.0,413.0,Heidi Richardson
LOAN001444,CUST002274,BR031,Student,105211.73,95238.06,13564.5,8.375,12.0,"September 11, 2012",09/06/2013,8767.64,Current,property,Wedding,0.0,,542.0,Gregory Johnson
LOAN001445,CUST000042,BR048,Mortgage,57108.79,47987.99,11381.14,16.456,360.0,18-12-2019,13/07/2049,158.64,Delinquent,Stocks,Travel,105.0,18.0,717.0,
LOAN001446,CUST002516,,Student,"19411,92",17567.58,10250.08,14.8,48.0,99/99/9999,"November 19, 2023",404.41,active,Vehicle,Education,0.0,0.0,416.0,Shawn Allen
LOAN001447,CUST000956,BR034,home equity,20606.55,18094.84,16640.98,17.824,240.0,03/05/2018,18/01/2038,85.86,Defaulted,Savings,Medical,122.0,8.0,330.0,Gregory Owens
LOAN001448,CUST002999,BR048,Student,84183.07,73457.68,USD 30832.49,13.116,60.0,13/01/2016,"December 17, 2020",1403.05,Paid Off,Stocks,Business expansion,0.0,,520.0,Kristin Barr
LOAN001449,CUST002531,BR031,Home Equity,54581.32,52207.29,53538.15,4.903,84.0,"February 14, 2014",08-01-2021,649.78,delinquent,PROPERTY,Home improvement,132.0,6.0,744.0,Alexander Jackson
LOAN001450,CUST000979,BR024,Business,"3377,01",3216.27,976.04,3.932,,23-05-17,01/02/2043,14.07,Defaulted,none,Travel,270.0,21.0,370.0,Tammy Johnson
LOAN001451,CUST001947,BR048,Auto,10772.66,9921.7,4598.0,14.945,60.0,07-10-2013,11-09-2018,,Defaulted,Property,Home improvement,47.0,23.0,510.0,Johnny Simon
LOAN001452,CUST003387,BR002,Personal,58967.87,49512.75,34006.17,14.542,60.0,NULL,09/14/2025,982.8,Active,,Home improvement,0.0,0.0,315.0,Julie Wright
LOAN001453,CUST000284,BR027,Personal,57148.11,56994.76,18763.05,9.522,240.0,"August 22, 2014",05/09/2034,238.12,Paid Off,property,Travel,0.0,0.0,823.0,
LOAN001454,CUST000119,BR016,Student,51908.83,43195.48,18909.65,16.237,48.0,2019-09-10,23-08-20,1081.43,late,Vehicle,Education,217.0,6.0,351.0,Christian Nguyen
LOAN001455,CUST002668,BR018,Business,38242.91,35453.02,35866.74,13.38,36.0,12/29/2022,"December 13, 2025",1062.3,Paid Off,property,Medical,0.0,0.0,469.0,John Farrell
LOAN001456,CUST002211,BR005,Business,17060.42,16608.0,10573.95,13.98,360.0,"October 28, 2018","May 23, 2048",47.39,Delinquent,,,7.0,6.0,,Joseph Wolfe
LOAN001457,CUST002060,BR009,Student,71326.63,70669.57,"30999,72",11.151,360.0,13-03-2019,2048-10-06,198.13,Active,,Education,0.0,0.0,614.0,Ryan Mitchell
LOAN001458,CUST000027,BR007,Personal,36811.14,"$36,725.98",35109.46,4.757,36.0,28-02-2019,12/02/2022,1022.53,Defaulted,Savings,Travel,334.0,22.0,593.0,Sarah Taylor
LOAN001459,CUST001575,BR042,Personal,67322.72,66741.75,22323.52,17.73,120.0,"June 28, 2021","May 07, 2031",561.02,Delinquent,property,Medical,34.0,7.0,616.0,Dr. Tonya Hayes
LOAN001460,CUST003763,BR033,Home Equity,63252.66,61600.84,"$2,513.05",5.206,240.0,2014-11-27,2034-08-14,263.55,Paid Off,property,,,,471.0,Nancy Fritz
LOAN001461,CUST001986,BR035,Auto,52710.31,44322.23,,9.962,360.0,"October 03, 2013",04/29/2043,146.42,Paid Off,Savings,Home improvement,,,821.0,Corey Hobbs
LOAN001462,CUST003684,,Mortgage,33921.58,27307.44,16757.98,9.93,60.0,10/20/2017,22-09-24,565.36,Late,N/A,Debt consolidation,41.0,5.0,619.0,Courtney Herrera
LOAN001463,CUST002213,BR018,Student,29118.44,24537.26,9220.39,12.426,120.0,15-12-2012,22-10-24,242.65,Delinquent,None,Travel,65.0,5.0,338.0,Gregory Figueroa
LOAN001464,CUST000156,BR013,Student,33158.08,31211.33,19984.95,16.256,24.0,99/99/9999,2017-01-31,1381.59,PAST DUE,PROPERTY,Business expansion,331.0,5.0,369.0,Wendy Davis
LOAN001465,CUST003934,BR020,Student,70448.61,69592.13,13109.75,17.07,60.0,"July 25, 2017",29/06/2022,,Defaulted,None,Vehicle purchase,104.0,20.0,581.0,Jenna Clark
LOAN001466,CUST004480,BR041,Mortgage,24718.94,21570.54,24691.86,7.988,60.0,23-06-30,03-06-2028,,In Progress,N/A,Home improvement,,0.0,,Jaime Pena
LOAN001467,CUST005000,BR021,Auto,32418.77,"$27,382.64","$10,874.79",13.773,36.0,11-02-2014,26-01-2017,900.52,Default,Stocks,Business expansion,215.0,6.0,400.0,Christopher Jacobs
LOAN001468,CUST003344,BR012,Auto,49075.88,USD 42261.27,42054.97,6.297,84.0,2011-09-12,06/08/2018,584.24,Active,None,Medical,,0.0,652.0,Elizabeth Dawson
LOAN001469,CUST004225,BR024,Home Equity,,74754.49,"$39,318.72",10.71,12.0,19-06-18,20-06-12,6836.53,Defaulted,None,Home improvement,74.0,9.0,420.0,Angela Cox
LOAN001470,CUST002521,BR026,Personal,48077.61,,5155.25,12.166,180.0,"March 04, 2022",15-12-2036,267.1,Paid Off,PROPERTY,Emergency,0.0,,497.0,Jennifer Silva
LOAN001471,CUST002994,BR025,Student,39084.62,32306.37,20628.31,15.653,84.0,"May 13, 2013",99/99/9999,465.29,PAST DUE,N/A,Business expansion,363.0,7.0,650.0,Kevin Humphrey
LOAN001472,CUST002878,BR048,Student,"$26,176.74",25053.5,25529.9,6.755,24.0,2014-02-06,"January 27, 2016",1090.7,Paid Off,property,Debt consolidation,0.0,0.0,772.0,Holly Martinez
LOAN001473,CUST004642,BR004,Personal,98944.43,81195.25,56044.09,6.101,120.0,01/15/2013,24-11-2022,824.54,Current,,Business expansion,,0.0,,Laura Cowan
LOAN001474,CUST002173,BR037,Personal,31207.02,30945.75,26962.89,14.051,360.0,14-09-2016,04/10/2046,86.69,Bad Debt,Savings,Vehicle purchase,172.0,16.0,682.0,Samuel Vargas
LOAN001475,CUST002346,BR019,Personal,,9523.05,8964.04,9.679,36.0,,18-08-2014,330.22,DEFAULT,N/A,Wedding,75.0,24.0,618.0,Gregory Avery
LOAN001476,CUST004378,BR013,Student,59637.5,48037.34,14683.9,17.538,48.0,"August 20, 2019",07/30/2023,1242.45,Delinquent,Savings,Business expansion,333.0,11.0,818.0,James Burke
LOAN001477,CUST002200,BR014,personal,47166.7,43672.6,39664.48,16.247,48.0,10-04-29,08/04/2014,"982,64",Paid Off,Property,,0.0,0.0,640.0,Becky Navarro
LOAN001478,CUST004723,BR029,Auto,"$17,036.86",14763.87,11437.44,15.284,360.0,24/08/2013,20/03/2043,47.32,Active,none,Debt consolidation,0.0,0.0,647.0,David Harris
LOAN001479,CUST000002,BR015,Student,39082.35,33208.72,,8.051,360.0,04-10-2020,30-04-2050,USD 108.56,PAID OFF,Stocks,,,,652.0,Scott Stewart
LOAN001480,CUST001753,BR006,Personal,51457.79,45060.61,11038.25,7.066,24.0,14-03-2019,2021-03-03,2144.07,Active,Vehicle,Debt consolidation,,,681.0,Daniel Vaughn
LOAN001481,CUST000955,BR047,Business,,47533.6,40874.88,13.693,120.0,2019-03-06,"January 12, 2029",460.19,charged off,,Debt consolidation,283.0,13.0,587.0,
LOAN001482,CUST002159,BR048,Mortgage,30239.81,24550.26,"$9,896.61",6.327,84.0,2015-10-26,2022-09-19,,DELINQUENT,,Debt consolidation,75.0,11.0,,Anthony Schmidt
LOAN001483,CUST001418,BR033,Business,49911.04,44972.01,29746.56,2.836,84.0,2018-06-15,"May 09, 2025",594.18,Active,property,Travel,,0.0,477.0,Mark Hendricks
LOAN001484,CUST004124,BR014,Mortgage,78505.85,78120.42,76147.06,4.648,24.0,"November 11, 2012","November 01, 2014",3271.08,Defaulted,PROPERTY,Business expansion,196.0,23.0,787.0,
LOAN001485,CUST000152,BR019,Student,43834.92,42822.01,9231.96,15.395,180.0,24/03/2023,2038-01-04,24353.0,Charged Off,N/A,Wedding,91.0,21.0,662.0,Victoria Murray
LOAN001486,CUST002082,,Business,56754.81,56555.45,23997.56,8.473,,2023-02-08,17-12-2032,USD 472.96,Delinquent,PROPERTY,Medical,186.0,7.0,376.0,Alicia Vazquez
LOAN001487,CUST001881,BR026,Student,29869.58,25083.28,23301.06,11.322,24.0,11-10-25,13-10-14,1244.57,charged off,N/A,Business expansion,274.0,3.0,,Andrew Rodriguez
LOAN001488,CUST003014,BR037,Student,26208.56,25155.97,12055.8,12.537,60.0,2019-05-18,24-04-21,436.81,Defaulted,none,Education,174.0,9.0,488.0,Veronica Johnson
LOAN001489,CUST000090,BR036,student,27676.03,23889.54,16109.68,8.914,48.0,"August 11, 2013",07/21/2017,576.58,Defaulted,,Debt consolidation,15.0,11.0,842.0,
LOAN001490,CUST003442,BR005,Student,9272.23,8317.83,8128.66,14.106,180.0,13-06-21,28-04-03,51.51,Active,Savings,Business expansion,0.0,,474.0,Jacob Horton
LOAN001491,CUST003176,BR039,Personal,2354.89,2346.26,1018.52,8.622,180.0,05/06/2019,2034-03-18,13.08,closed,N/A,Business expansion,,,,Devin Moore
LOAN001492,CUST001976,BR025,Personal,55407.38,54907.26,53688.32,7.521,84.0,23/05/2017,16-04-2024,659.61,Paid Off,,Emergency,0.0,0.0,587.0,Aaron Ray
LOAN001493,CUST002806,BR028,Auto,51017.19,48728.74,12899.9,10.199,84.0,08/26/2010,07/20/2017,607.35,Delinquent,PROPERTY,Emergency,298.0,5.0,700.0,Joyce Hudson
LOAN001494,CUST003299,BR020,Auto,43015.64,35704.02,19420.7,11.827,48.0,"March 30, 2018",03/09/2022,896.16,DEFAULT,Savings,Emergency,248.0,14.0,605.0,Peter Bailey
LOAN001495,CUST003886,BR025,Business,5362.77,5336.48,,3.453,240.0,22-08-03,20/04/2042,22.34,DELINQUENT,property,Medical,168.0,23.0,,Cynthia Obrien
LOAN001496,CUST004854,BR039,Mortgage,91207.61,79196.76,45579.54,15.353,84.0,2023-05-23,30-04-16,1085.8,Open,N/A,Education,,0.0,416.0,Lisa Levine
LOAN001497,CUST001612,BR003,Business,4498.0,4041.66,4049.42,10.098,48.0,NULL,2024-09-21,93.71,Delinquent,,Medical,220.0,3.0,507.0,Brian Lamb
LOAN001498,CUST002473,BR023,Auto,,18550.85,11068.94,9.093,12.0,13-03-08,2014-03-03,1634.03,Paid Off,None,Business expansion,,0.0,354.0,Drew Owens
LOAN001499,CUST003125,BR008,Auto,22656.43,20633.42,16173.71,5.549,48.0,09/14/2010,,472.01,Active,Stocks,Business expansion,,0.0,368.0,James Guerra MD
LOAN001500,CUST003876,BR028,home equity,24157.45,19620.13,16365.47,2.971,24.0,"March 21, 2021",11/03/2023,1006.56,Defaulted,Property,Medical,318.0,16.0,471.0,David Castillo MD
LOAN001501,CUST003296,BR017,Auto,58256.4,52539.54,1339782.0,4.505,24.0,"June 15, 2020","June 05, 2022",2427.35,Delinquent,N/A,Emergency,43.0,8.0,485.0,Cheryl Coleman
LOAN001502,CUST003432,BR007,Business,32657.19,29264.94,30842.8,5.084,120.0,14/05/2015,"March 22, 2025",USD 272.14,Active,property,Wedding,0.0,0.0,476.0,Pamela Brown
LOAN001503,CUST000318,BR034,Business,9408.33,8768.68,4881.54,6.407,180.0,05-11-2010,"August 18, 2025",52.27,Default,Property,Home improvement,344.0,1.0,810.0,
LOAN001504,CUST001886,BR033,Business,51130.06,44600.66,"$39,800.64",11.165,120.0,28-04-2010,20-03-06,426.08,Defaulted,PROPERTY,Travel,14.0,7.0,,Michael Hughes
LOAN001505,CUST002105,BR021,Personal,18074.8,1707849.4693873199,8028.45,11.812,180.0,12/28/2010,10-10-2025,100.42,Paid,None,Home improvement,,,598.0,Gabriela Roberts
LOAN001506,CUST001121,,Personal,21983.43,20979.69,11182.88,6.055,240.0,11-12-10,27-08-2031,91.6,Past Due,Savings,,207.0,15.0,732.0,Larry Evans
LOAN001507,CUST000655,BR010,Mortgage,1006.26,860.57,101.2,5.566,60.0,19-05-09,"April 12, 2024",,Bad Debt,PROPERTY,Business expansion,67.0,19.0,518.0,Megan Garcia
LOAN001508,CUST002065,BR038,Mortgage,53276.95,,14367.92,6.33,240.0,31-07-2015,2035-04-17,221.99,In Progress,Savings,Vehicle purchase,0.0,,474.0,Natalie Coleman
LOAN001509,CUST002458,BR002,Home Equity,8314.08,7166.6,8215.97,8.435,180.0,16-11-2016,31-08-30,46.19,Delinquent,Stocks,Business expansion,313.0,18.0,562.0,Kevin Terry
LOAN001510,CUST000408,BR016,Personal,,"$1,446.31",682.38,11.606,360.0,21-01-23,2050-08-19,4.86,Active,PROPERTY,Emergency,,,553.0,Joshua Hill
LOAN001511,CUST003073,BR020,Mortgage,"72364,43",64445.51,39500.23,6.514,60.0,31/08/2015,20-08-04,1206.07,open,,Debt consolidation,0.0,,749.0,Jennifer Mitchell
LOAN001512,CUST004336,BR009,Home Equity,67852.86,,57195.12,2.509,48.0,10-12-08,"November 17, 2014",1413.6,Late,Property,Debt consolidation,94.0,5.0,729.0,Dana Walsh
LOAN001513,CUST000244,BR004,Mortgage,43346.2,40930.57,17335.08,4.862,36.0,2020-03-13,23-02-26,1204.06,DELINQUENT,property,Education,206.0,5.0,753.0,Sarah Jensen
LOAN001514,CUST004963,BR032,Personal,6330.62,5264.06,2282.09,4.646,84.0,25/04/2016,"March 20, 2023",75.36,Defaulted,PROPERTY,Business expansion,340.0,2.0,417.0,Diana Williams
LOAN001515,CUST004622,BR023,Personal,,46661.35,18360.6,16.757,120.0,16-12-11,10/20/2026,439.65,Default,none,Home improvement,232.0,1.0,826.0,Susan Allen
LOAN001516,CUST001059,BR006,Student,"18464,68","$15,161.27",13804.29,,48.0,23/12/2015,12/02/2019,384.68,Active,Savings,Vehicle purchase,,0.0,,Kimberly Mendez
LOAN001517,,BR047,Student,24243.95,22146.4,12153.37,8.595,120.0,03/13/2020,2030-01-20,202.03,ACTIVE,Savings,Home improvement,,0.0,548.0,Jonathan Walker
LOAN001518,CUST003173,BR047,Personal,44219.78,43937.73,36857.29,8.239,36.0,2020-05-06,21/04/2023,1228.33,Delinquent,property,Debt consolidation,200.0,9.0,705.0,Christina Schultz
LOAN001519,CUST004333,BR028,Mortgage,89886.58,72676.53,22579.16,,84.0,"April 07, 2020",02/03/2027,1070.08,PAST DUE,PROPERTY,Travel,136.0,9.0,369.0,Kyle Warren
LOAN001520,,,Business,64396.53,,38495.88,8.513,60.0,,03/02/2022,"$1,073.28",Delinquent,Savings,Medical,323.0,12.0,792.0,Helen Rodriguez
LOAN001521,CUST002360,,mortgage,72172.81,58038.94,61982.23,16.455,360.0,24/05/2020,2049-12-18,200.48,Paid,N/A,Travel,0.0,0.0,335.0,Julie Dean
LOAN001522,CUST002116,BR028,home equity,"$26,508.02",25769.78,25794.08,15.715,24.0,2015-05-14,,1104.5,Delinquent,Stocks,Debt consolidation,30.0,1.0,479.0,Barbara Thompson
LOAN001523,CUST004565,BR023,personal,"$41,084.70",37483.22,14727.18,15.251,36.0,02/02/2011,"January 17, 2014",1141.24,late,property,Debt consolidation,244.0,5.0,,Jose Robertson
LOAN001524,CUST003598,BR016,business,64316.89,"60999,12940973055",92.7,17.824,180.0,13-12-20,"October 02, 2028",357.32,Current,,Debt consolidation,,,772.0,Janet Wilkins
LOAN001525,CUST002396,,student,36847.71,32142.96,32839.36,3.353,,10/03/2022,02/17/2026,,PAID OFF,Vehicle,Home improvement,,,440.0,Andrew Berry
LOAN001526,CUST001357,BR036,Auto,5239.94,4316.13,63.07,10.149,120.0,10/07/2017,2027-08-16,$43.67,late,property,Debt consolidation,335.0,16.0,399.0,
LOAN001527,CUST003805,BR002,Personal,8244.06,6638.66,1163.55,6.297,84.0,2010-12-13,17-11-06,98.14,Defaulted,,,227.0,6.0,398.0,Jeffrey Stafford
LOAN001528,CUST001308,BR031,Auto,14139.15,12590.79,10570.11,16.328,240.0,04/05/2015,34-12-21,58.91,Delinquent,Property,,133.0,6.0,,James Roth
LOAN001529,CUST002925,,Mortgage,52368.47,50442.12,,7.175,120.0,09-12-2011,"October 17, 2021",436.4,Closed,property,Wedding,0.0,,320.0,Philip Rogers
LOAN001530,CUST002961,BR038,Student,12276.06,10750.28,11919.62,14.935,84.0,"March 31, 2017",23/02/2024,146.14,delinquent,none,Debt consolidation,306.0,9.0,764.0,Danielle Maxwell
LOAN001531,CUST004862,BR031,Personal,55801.18,55214.07,"$53,980.98",12.023,36.0,27-09-2013,11/09/2016,"$1,550.03",Defaulted,Stocks,Business expansion,96.0,5.0,330.0,Larry Martin
LOAN001532,CUST000039,BR018,Personal,74602.96,,"2367,7",9.061,240.0,18-01-09,26-09-2037,310.85,Defaulted,Savings,Medical,178.0,9.0,760.0,Andrew Martin
LOAN001533,CUST002109,BR029,Auto,,1510.14,$285.29,12.819,24.0,02/14/2018,04/02/2020,77.75,Paid Off,PROPERTY,Education,,,770.0,Daniel Hobbs
LOAN001534,CUST004607,BR008,Student,92668.45,80534.79,17652.7,12.274,12.0,11-09-01,26/08/2012,7722.37,Paid,Vehicle,Wedding,,,464.0,David Burke
LOAN001535,CUST002502,BR036,Home Equity,43604.7,35541.79,38516.65,10.442,120.0,08-04-2012,22-02-15,363.37,Paid Off,Savings,,0.0,0.0,797.0,David Li
LOAN001536,CUST003598,BR009,Business,12400.22,12313.19,6033.82,9.912,360.0,20-12-27,07/23/2050,34.45,Closed,none,Debt consolidation,0.0,,847.0,Wyatt Dyer
LOAN001537,CUST000164,BR027,Student,61812.99,59795.32,23686.73,10.236,84.0,06/11/2020,05/06/2027,735.87,PAST DUE,Savings,,332.0,2.0,311.0,Brittney Flores
LOAN001538,CUST004308,BR049,Student,20387.46,16521.95,7718.99,9.305,60.0,2011-10-07,16-09-10,339.79,Defaulted,Property,Emergency,281.0,23.0,669.0,Andrew Steele
LOAN001539,CUST003115,BR048,Student,97182.98,86096.7,"$25,629.71",5.172,180.0,"April 28, 2011",2026-02-08,539.91,In Progress,PROPERTY,Medical,0.0,0.0,,Christopher Smith
LOAN001540,,BR042,Student,USD 19218.34,18470.65,7768.62,7.342,24.0,2018-10-10,29/09/2020,800.76,Active,none,Education,,0.0,658.0,Erin Wright
LOAN001541,CUST001643,BR010,Auto,20698.92,19624.04,15616.38,6.454,12.0,2010-07-16,99/99/9999,1724.91,open,none,Medical,,,573.0,Craig Harper
LOAN001542,CUST002158,BR045,Auto,"$59,800.04","$50,680.69",USD 44782.75,6.285,12.0,09/01/2019,08/26/2020,4983.34,Late,none,,20.0,10.0,622.0,David Miller
LOAN001543,CUST004592,BR006,Home Equity,49180.23,46631.12,20089.43,11.427,,"September 15, 2018",NULL,$273.22,Defaulted,none,Debt consolidation,85.0,23.0,837.0,Randall Salazar
LOAN001544,CUST004630,BR038,Personal,7966.62,6506.83,2077.85,16.91,,17/02/2023,11/04/2042,33.19,Paid Off,PROPERTY,Travel,,,422.0,Elizabeth Harper
LOAN001545,CUST001852,BR048,Business,33360.62,32846.65,26236.21,8.061,180.0,20/07/2010,"May 02, 2025",185.34,active,Property,Medical,0.0,,416.0,Jeffrey Cain
LOAN001546,CUST000391,BR025,mortgage,"$47,069.85",39953.15,44916.08,13.718,180.0,21/08/2019,99/99/9999,261.5,Delinquent,,Emergency,177.0,17.0,,Stephanie Higgins
LOAN001547,,BR041,Personal,33134.92,31203.66,5065.05,,12.0,20-08-23,2021-08-18,2761.24,Defaulted,Vehicle,Vehicle purchase,322.0,2.0,812.0,Robert Reynolds
LOAN001548,CUST002576,BR044,Auto,91073.3,88792.3,38645.32,4.056,180.0,17-12-16,"September 28, 2032",505.96,Delinquent,Property,,283.0,22.0,316.0,Gary Boone
LOAN001549,CUST000399,BR043,Personal,16249.21,13230.79,6738.04,15.984,240.0,07/14/2012,,67.71,Defaulted,None,Home improvement,33.0,15.0,753.0,Kyle Hurst
LOAN001550,CUST003081,BR043,Business,,4208191.7655736925,3704.28,4.068,180.0,22-10-12,37-07-25,274.79,Defaulted,none,Medical,251.0,17.0,300.0,Shannon Dawson
LOAN001551,CUST004023,BR030,Auto,101515.01,,86975.91,14.798,360.0,2017-01-25,21-08-2046,281.99,Completed,PROPERTY,Travel,,,321.0,Joel Allen
LOAN001552,CUST002312,BR028,Business,,33481.37,18660.27,9.743,60.0,10-12-2019,24-11-13,559.76,Paid Off,PROPERTY,Education,0.0,0.0,649.0,Tyrone Russell
LOAN001553,CUST002003,BR010,Home Equity,13228.43,"$11,339.98","$9,974.83",6.531,360.0,2010-12-21,"July 16, 2040",36.75,Delinquent,Stocks,Vehicle purchase,86.0,15.0,788.0,Joan Burke
LOAN001554,CUST003241,BR045,Auto,46490.27,38829.88,45685.59,5.556,60.0,01/01/2014,12/06/2018,774.84,Paid Off,Property,Wedding,0.0,,648.0,Rebekah Cochran
LOAN001555,CUST000299,BR042,Business,7631.27,6790.22,"3083,29",6.626,60.0,"March 24, 2011","February 26, 2016",127.19,Defaulted,N/A,Travel,108.0,5.0,,Amanda Mills
LOAN001556,CUST000339,BR017,Mortgage,,7829.43,6490.59,12.869,12.0,NULL,2023-08-24,$687.17,DELINQUENT,Vehicle,Medical,191.0,15.0,708.0,Melissa Taylor
LOAN001557,CUST001009,BR022,Mortgage,"$10,910.68",9754.38,1677.0,15.371,60.0,22-06-03,05/08/2027,181.84,PAST DUE,None,Medical,110.0,14.0,799.0,Mikayla Vasquez DDS
LOAN001558,,BR016,home equity,27639.25,24153.34,16470.36,14.303,360.0,20-02-28,49-09-23,76.78,Charged Off,property,Business expansion,308.0,14.0,678.0,
LOAN001559,CUST003415,BR025,Personal,64134.99,58102.14,47048.45,11.983,180.0,11/02/2020,2035-08-16,356.31,ACTIVE,Vehicle,Business expansion,,,,Christopher Cooper
LOAN001560,CUST002469,BR035,Home Equity,39891.18,37907.88,34098.47,15.028,240.0,"January 02, 2010","September 19, 2029",166.21,open,PROPERTY,Education,0.0,,357.0,Kyle Williams
LOAN001561,CUST001185,BR039,student,"29978,08",24111.74,26672.4,12.49,24.0,07/21/2015,"July 10, 2017",1249.09,DEFAULT,N/A,Vehicle purchase,301.0,20.0,474.0,
LOAN001562,CUST004655,BR019,home equity,38457.25,34301.67,6547.34,11.577,240.0,2014-02-15,99/99/9999,160.24,DELINQUENT,none,Emergency,162.0,13.0,,Rebecca Norman DVM
LOAN001563,CUST003508,,Home Equity,9033.87,,8329.4,5.098,360.0,07/06/2014,2044-01-01,25.09,Defaulted,Vehicle,Home improvement,75.0,2.0,502.0,Edward Sanders
LOAN001564,CUST001530,BR016,Auto,57983.57,50366.29,5414206.0,16.31,24.0,2020-03-23,03/13/2022,2415.98,closed,Stocks,Vehicle purchase,,0.0,430.0,Troy Schmidt
LOAN001565,CUST003316,BR025,Auto,50624.28,43186.3,,15.977,180.0,2014-11-22,09/04/2029,281.25,closed,Stocks,Medical,0.0,0.0,605.0,Danny Johnston
LOAN001566,CUST000902,BR044,Student,62357.35,52256.9,,5.05,120.0,13/06/2011,04/21/2021,519.64,PAST DUE,N/A,Education,123.0,2.0,829.0,
LOAN001567,CUST001949,BR018,Student,19723.77,17065.31,4432.47,,36.0,"December 01, 2020",23-11-16,547.88,Paid Off,Vehicle,Debt consolidation,,0.0,,George May
LOAN001568,CUST000344,BR007,Business,,17554.81,11105.25,17.172,12.0,26-06-2020,21-06-2021,1553.95,paid,Property,Travel,0.0,0.0,,Stephen Walker
LOAN001569,CUST003919,BR003,Personal,50290.08,50135.52,2034061.0,,60.0,20-03-08,10/02/2025,,Active,Savings,Emergency,,0.0,,Sarah Miller
LOAN001570,CUST004463,BR047,Auto,,51902.37,35318.58,3.189,84.0,2014-10-04,21-08-28,745.49,Closed,Stocks,Business expansion,,0.0,843.0,Scott Kelly
LOAN001571,CUST004995,BR017,Mortgage,"50015,46",47163.48,3506.8,5.877,120.0,2022-11-18,26/09/2032,416.8,DEFAULTED,N/A,Debt consolidation,0.0,13.0,486.0,Peggy Williamson
LOAN001572,CUST004642,BR043,auto,,"27116,042079229494",USD 5390.21,7.42,36.0,2012-09-14,08/30/2015,826.23,Delinquent,property,Debt consolidation,27.0,20.0,481.0,Justin Miller
LOAN001573,CUST004649,BR007,Student,13701.05,12527.19,169.17,10.233,24.0,,29-11-2015,570.88,Defaulted,property,Medical,190.0,22.0,623.0,Lori Joseph
LOAN001574,CUST000743,BR037,Auto,"$28,943.39",25446.59,11581.03,12.985,36.0,11-02-2019,"January 26, 2022",803.98,Late,N/A,Wedding,135.0,11.0,764.0,Hannah Payne
LOAN001575,CUST001181,BR009,Business,18107.94,17551.42,,7.798,60.0,01/29/2019,01/03/2024,301.8,paid off,,Vehicle purchase,,0.0,305.0,Stephen Peck
LOAN001576,CUST000041,BR020,Business,14755.41,12537.47,5040.97,7.611,48.0,"February 19, 2015",2019-01-29,307.4,Active,PROPERTY,Debt consolidation,,,447.0,Sharon Mcbride
LOAN001577,CUST002454,BR035,Auto,33799.8,30843.8,2965576.0,14.892,240.0,99/99/9999,14-11-2040,140.83,Active,None,Emergency,0.0,,317.0,April Romero
LOAN001578,CUST002659,BR001,Business,50713.09,50107.99,23930.17,,24.0,19-05-10,04/29/2021,2113.05,Past Due,Vehicle,Education,312.0,13.0,353.0,Carla Cox
LOAN001579,CUST002118,BR036,Home Equity,12337.99,12256.69,11947.78,10.398,360.0,"September 12, 2016",08-04-2046,34.27,DEFAULTED,Property,Travel,47.0,21.0,300.0,
LOAN001580,,,Business,44539.04,43785.03,35036.17,17.088,84.0,13-12-2014,,530.23,Active,Stocks,Wedding,,,647.0,Yolanda Bishop
LOAN001581,CUST004061,BR030,Business,64001.56,,14652.69,5.464,,11-10-20,28/08/2021,533.35,ACTIVE,Property,Emergency,,0.0,450.0,Claire Robles
LOAN001582,CUST000055,,Business,36627.27,33399.63,18945.73,9.263,84.0,21-12-25,2028-11-18,436.04,Paid Off,,,,0.0,400.0,Angela Lewis
LOAN001583,CUST004953,BR005,Business,10703.52,9718.91,10106.16,14.488,36.0,,06/07/2019,297.32,closed,Property,Education,0.0,0.0,675.0,Mrs. Dawn Dougherty
LOAN001584,CUST004516,BR008,Home Equity,10052.18,8841.66,,7.299,12.0,13-05-2015,16-05-07,USD 837.68,Defaulted,none,Education,271.0,2.0,477.0,Robert Bell
LOAN001585,CUST000673,,auto,28804.55,25803.14,250.78,12.166,60.0,29-04-2022,,480.08,Defaulted,Property,Business expansion,140.0,7.0,757.0,Kimberly Curry
LOAN001586,CUST003928,BR013,Auto,58376.71,,57375.62,9.305,84.0,17-10-16,"September 09, 2024",694.96,Defaulted,Property,Vehicle purchase,303.0,3.0,355.0,Austin Pope
LOAN001587,CUST002232,BR032,Auto,24786.06,19887.33,10864.87,17.522,12.0,2010-10-05,"September 30, 2011",2065.51,Past Due,none,Medical,75.0,15.0,712.0,Brandon Garcia
LOAN001588,CUST001049,BR024,Business,47683.17,38244.61,37269.21,8.91,84.0,29/08/2013,23/07/2020,567.66,Delinquent,N/A,Business expansion,179.0,19.0,567.0,Kelly Hahn
LOAN001589,,BR020,Home Equity,28307.35,27114.9,3369.06,7.341,240.0,12-11-08,99/99/9999,117.95,Active,property,Medical,0.0,0.0,778.0,
LOAN001590,CUST004253,BR046,Auto,48861.63,46864.17,4717.16,5.035,240.0,2014-07-26,"April 12, 2034",203.59,Active,,Wedding,,0.0,791.0,Melissa Kane
LOAN001591,CUST002800,BR027,Home Equity,31728.04,25539.4,16397.52,7.011,24.0,01/02/2014,22-01-2016,1322.0,PAST DUE,None,Vehicle purchase,334.0,18.0,829.0,Michael Hicks
LOAN001592,CUST004712,BR024,Home Equity,33088.59,29780.09,3618.6,14.457,240.0,2022-05-16,31/01/2042,$137.87,Active,Stocks,Home improvement,0.0,,429.0,Paul Manning
LOAN001593,CUST001087,BR017,Mortgage,99428.26,9280009.635556385,76670.08,10.778,48.0,2022-05-14,04/23/2026,2071.42,past due,,Education,173.0,14.0,412.0,Jennifer Miller
LOAN001594,CUST000486,BR034,Home Equity,51975.75,43316.75,10183.12,17.011,180.0,30/05/2013,99/99/9999,,Current,Stocks,Debt consolidation,0.0,,764.0,Courtney Hayes
LOAN001595,CUST003310,BR017,Home Equity,51651.43,42273.65,46990.33,15.958,12.0,04-11-2019,10/29/2020,4304.29,Active,Stocks,Home improvement,0.0,0.0,455.0,Samuel Pham
LOAN001596,CUST003107,BR007,Personal,24847.29,23265.27,22104.97,5.105,48.0,99/99/9999,11/04/2018,517.65,Defaulted,,Debt consolidation,184.0,12.0,,Roberto Coleman
LOAN001597,CUST003392,BR030,Mortgage,39915.27,37626.05,30093.41,3.277,48.0,02-11-2021,,831.57,Defaulted,PROPERTY,Education,46.0,16.0,366.0,Jacob Pollard
LOAN001598,CUST001452,BR022,student,32573.99,USD 31763.91,15644.65,5.358,36.0,"October 19, 2012",04-10-2015,904.83,Paid Off,Property,Medical,,,761.0,Kristopher Lopez
LOAN001599,CUST004516,BR026,Mortgage,47147.34,,6407.8,13.63,240.0,06-03-2012,22/11/2031,196.45,Defaulted,PROPERTY,,188.0,16.0,302.0,Lacey Allen
LOAN001600,CUST000825,BR045,mortgage,23010.18,20641.27,15559.52,15.74,48.0,2010-05-09,,USD 479.38,ACTIVE,,Wedding,,,638.0,
LOAN001601,CUST000593,BR029,Mortgage,12401.77,10610.04,7837.96,8.85,,"February 26, 2023",10-02-2026,344.49,Charged Off,None,Medical,278.0,1.0,502.0,Jeremy Thomas
LOAN001602,CUST000407,BR034,Business,,79078.37,19368.23,16.651,12.0,15-01-15,10-01-2016,7850.41,late,property,Emergency,358.0,4.0,741.0,Andrea Brown
LOAN001603,CUST001949,BR019,Mortgage,42332.38,38373.57,"$40,253.74",15.89,240.0,20/02/2018,11/07/2037,176.38,open,None,Travel,0.0,0.0,691.0,Karen Simon
LOAN001604,CUST000168,BR033,Student,18257.97,,5115.89,10.486,240.0,23/11/2021,08/10/2041,76.07,PAST DUE,Savings,Wedding,235.0,14.0,409.0,Justin Stark
LOAN001605,CUST004414,BR045,auto,17657.51,17322.62,5762.11,5.426,48.0,03/17/2018,"February 24, 2022",367.86,Delinquent,property,Wedding,194.0,14.0,,Katie Turner
LOAN001606,CUST000134,BR046,Business,19610.15,18862.81,8862.87,6.129,180.0,2013-06-20,02/04/2028,,Paid Off,none,Home improvement,,,761.0,Amanda Santos
LOAN001607,CUST003887,BR014,Personal,15406.31,15324.77,4299.56,10.038,180.0,99/99/9999,"November 24, 2028",85.59,Defaulted,N/A,Travel,161.0,5.0,466.0,John Solomon
LOAN001608,CUST000257,BR038,Home Equity,13638.2,,1928.63,12.295,24.0,14-10-30,19-10-2016,568.26,Delinquent,PROPERTY,Medical,52.0,16.0,,Sandra Galvan
LOAN001609,CUST000373,BR038,Personal,34510.12,28378.4,3710.47,17.713,36.0,2015-12-19,99/99/9999,958.61,Defaulted,Vehicle,Business expansion,127.0,8.0,841.0,Derrick Johnson
LOAN001610,CUST003259,BR033,home equity,70890.7,69289.69,3248.62,4.37,180.0,2015-01-02,99/99/9999,393.84,ACTIVE,property,Home improvement,,,777.0,Jessica Smith
LOAN001611,CUST002130,BR020,Student,12394.34,,9239.99,12.668,360.0,,01/08/2045,34.43,closed,Vehicle,Travel,0.0,0.0,,
LOAN001612,CUST003416,BR019,Personal,16724.66,15684.87,595.5,12.093,48.0,,99/99/9999,348.43,defaulted,None,,278.0,17.0,409.0,Michelle Powell
LOAN001613,CUST003452,,Student,15102.27,13425.24,533.02,16.616,240.0,22-04-2013,07-01-2033,USD 62.93,Defaulted,PROPERTY,Home improvement,17.0,24.0,706.0,James Small
LOAN001614,CUST001326,BR046,Student,26463.62,25833.17,"$13,740.03",11.412,48.0,2012-11-10,2016-10-20,551.33,active,PROPERTY,Home improvement,,0.0,359.0,Johnathan Jones
LOAN001615,CUST003911,BR040,Business,"$20,755.65",16847.46,,10.682,12.0,19/02/2018,14-02-2019,"1729,64",Bad Debt,property,Travel,94.0,2.0,496.0,Amanda Ramirez
LOAN001616,CUST002737,BR035,Mortgage,38363.86,33363.44,24498.02,7.59,36.0,"February 02, 2018",17-01-2021,1065.66,Delinquent,none,Debt consolidation,301.0,3.0,,Wesley Jackson
LOAN001617,CUST003001,BR027,Auto,22191.77,21504.06,8989.76,3.18,84.0,21/06/2023,30-05-15,264.19,Active,N/A,,0.0,,666.0,Kristopher Cox
LOAN001618,CUST003134,BR024,Mortgage,43753.59,40731.5,21577.52,17.617,36.0,2013-03-07,2016-02-20,1215.38,Active,Vehicle,Medical,,,679.0,Shannon Shaw
LOAN001619,CUST001588,BR019,Business,44198.67,36948.79,22227.77,12.391,360.0,2016-11-06,NULL,122.77,Past Due,None,Business expansion,311.0,11.0,466.0,Brittany Farrell
LOAN001620,CUST003855,BR013,Mortgage,42490.87,39079.0,3163.66,8.856,180.0,2018-04-19,"January 30, 2033",$236.06,Defaulted,,Wedding,351.0,2.0,464.0,Lucas Pham
LOAN001621,CUST003538,BR002,Auto,42562.78,41324.09,,,24.0,NULL,20/07/2014,1773.45,Closed,,Debt consolidation,,,351.0,Barbara Pruitt
LOAN001622,CUST003083,BR019,Student,20112.56,19091.79,12539.77,9.647,120.0,"December 27, 2021",99/99/9999,,Paid Off,N/A,,,0.0,592.0,Michael Douglas
LOAN001623,CUST004745,BR030,Personal,USD 34844.97,"$32,788.21",3442.16,14.771,12.0,"February 01, 2013",,2903.75,Active,none,,,0.0,651.0,
LOAN001624,CUST000206,BR012,Mortgage,,2315.75,1284.01,9.196,360.0,29/12/2020,07/25/2050,7.0,In Progress,N/A,Home improvement,0.0,,584.0,Jennifer Miller MD
LOAN001625,CUST003568,BR041,Business,"$16,042.62",13419.61,"13515,18",9.771,36.0,"March 07, 2022",19/02/2025,445.63,Paid Off,None,Emergency,0.0,,301.0,
LOAN001626,CUST000779,BR001,Personal,36649.84,33002.91,35665.98,8.715,12.0,03-05-2014,"April 28, 2015",3054.15,delinquent,property,Debt consolidation,342.0,1.0,790.0,Ivan Diaz
LOAN001627,CUST004743,BR023,Business,,36804.19,"$29,411.98",15.181,60.0,2011-09-23,,692.22,Delinquent,PROPERTY,Home improvement,328.0,22.0,361.0,Donna King
LOAN001628,CUST002944,BR010,Business,32029.12,26296.36,2858.73,9.629,36.0,11/17/2015,2018-11-01,,DEFAULT,Savings,Wedding,318.0,2.0,533.0,Benjamin Barton
LOAN001629,CUST000920,,Home Equity,13020.44,,6608.12,4.709,360.0,"February 14, 2014",09/10/2043,36.17,Defaulted,PROPERTY,Emergency,344.0,14.0,,Darren Young
LOAN001630,CUST001923,BR043,Student,37386.31,36573.86,19020.48,3.846,36.0,04/07/2015,2018-03-22,1038.51,Defaulted,property,Medical,178.0,1.0,447.0,Carol Stewart
LOAN001631,CUST002065,BR015,Home Equity,USD 84748.78,75063.19,49793.58,17.836,,"January 22, 2017",NULL,1008.91,Defaulted,property,Medical,47.0,24.0,750.0,Robert Johnson
LOAN001632,CUST000757,BR012,Student,51683.55,USD 46882.87,38426.16,16.698,180.0,06/13/2018,2033-03-26,287.13,Active,None,Debt consolidation,0.0,,814.0,Nicole Ramsey
LOAN001633,CUST002398,BR012,Home Equity,68581.14,56763.95,19590.55,10.808,120.0,"October 12, 2021",21/08/2031,571.51,In Progress,none,Travel,0.0,0.0,434.0,Cheryl Braun
LOAN001634,CUST003088,BR027,Student,25446.49,20775.26,9519.57,15.905,12.0,17-10-06,99/99/9999,2120.54,Delinquent,None,Wedding,143.0,3.0,641.0,Robert Martinez
LOAN001635,CUST003784,BR047,Student,14750.86,11835.12,11896.82,2.813,60.0,21-08-27,26-08-01,245.85,Bad Debt,property,Debt consolidation,98.0,4.0,716.0,
LOAN001636,CUST003077,BR019,Personal,55302.99,53366.79,49918.94,13.23,24.0,19/09/2020,"September 09, 2022",2304.29,Delinquent,Property,Travel,99.0,23.0,550.0,Jennifer Shaffer
LOAN001637,CUST002955,BR030,Student,97353.55,97207.72,84735.68,16.991,240.0,09/29/2015,35-06-16,405.64,Defaulted,N/A,Medical,223.0,2.0,610.0,Courtney Barnes
LOAN001638,CUST000829,BR048,Student,16534.74,14681.64,15770.65,12.431,24.0,05/10/2018,"September 24, 2020",$688.95,open,Property,Vehicle purchase,0.0,0.0,614.0,Lori Johnson
LOAN001639,CUST004450,BR025,Mortgage,21808.14,USD 21385.84,,12.635,48.0,2020-10-10,19/09/2024,454.34,late,property,Education,36.0,1.0,523.0,Carrie Miller
LOAN001640,CUST002869,BR034,Personal,68848.55,56060.61,,3.501,,"April 26, 2010",2013-04-10,1912.46,Delinquent,,Emergency,65.0,14.0,371.0,
LOAN001641,CUST001995,,Personal,,4252.19,1820.36,15.824,180.0,09-07-2019,2034-04-21,25.4,paid,PROPERTY,Travel,,,823.0,Lisa Patel
LOAN001642,CUST002846,BR015,Auto,31122.93,"$27,952.17",766.04,15.696,60.0,25-06-2016,05/30/2021,518.72,Delinquent,Stocks,Education,211.0,6.0,824.0,Lisa Miller
LOAN001643,CUST003999,BR013,Mortgage,75138.16,62935.32,3253.2,4.237,60.0,"November 08, 2017",10/13/2022,1252.3,Charged Off,Savings,Education,260.0,6.0,503.0,
LOAN001644,CUST000288,BR009,Personal,38467.95,"34524,12643230822",18850.77,16.372,36.0,,11/05/2018,1068.55,Paid Off,Savings,Debt consolidation,0.0,0.0,843.0,Edward Orozco
LOAN001645,CUST004217,BR047,Student,10959.54,10259.11,9873.38,10.635,48.0,2014-03-24,"March 03, 2018",228.32,Paid Off,None,Home improvement,,,478.0,
LOAN001646,CUST003741,BR019,Mortgage,1918.26,1541.1,768.13,6.378,60.0,01-01-2010,"December 06, 2014",,Defaulted,PROPERTY,Emergency,60.0,12.0,709.0,Rachel Flores
LOAN001647,CUST002723,BR026,Mortgage,,4858.71,3190.1,5.312,180.0,23-05-22,2038-03-04,,Defaulted,PROPERTY,Medical,34.0,21.0,748.0,Ronald Joyce
LOAN001648,CUST004372,BR029,Home Equity,52924.92,50757.51,,7.252,36.0,16/03/2015,02/28/2018,1470.14,Delinquent,property,Business expansion,61.0,11.0,355.0,Virginia Roy
LOAN001649,CUST004737,BR006,Personal,16560.3,14310.71,12195.59,6.083,60.0,26/04/2011,99/99/9999,276.0,active,property,Education,0.0,,659.0,Amy Pitts
LOAN001650,CUST003271,BR028,Business,64237.34,54171.57,3668772.0,15.592,,99/99/9999,99/99/9999,267.66,ACTIVE,none,Wedding,0.0,,586.0,Morgan Randolph
LOAN001651,CUST001969,BR043,Student,23491.93,19322.73,18536.78,17.158,120.0,"November 07, 2015",2025-09-15,195.77,Delinquent,property,,4.0,22.0,529.0,Jose Kidd
LOAN001652,CUST001693,,Student,39591.99,35393.65,29628.94,4.84,24.0,"January 05, 2012",12/25/2013,1649.67,Defaulted,Savings,Vehicle purchase,320.0,12.0,753.0,
LOAN001653,CUST001768,BR047,Auto,6269.07,5053.81,4193.14,8.707,240.0,23/10/2017,2037-07-10,26.12,charged off,,Emergency,80.0,17.0,788.0,
LOAN001654,CUST004986,BR003,Mortgage,36678.05,35146.66,22878.24,7.307,36.0,05/01/2016,16/04/2019,1018.83,Defaulted,Property,Travel,61.0,10.0,771.0,Heather Diaz
LOAN001655,CUST003029,BR012,Auto,42379.89,39514.02,38357.26,3.701,24.0,99/99/9999,07-05-2015,1765.83,Past Due,Stocks,Travel,8.0,21.0,363.0,Sarah Reese
LOAN001656,CUST001469,BR042,Mortgage,27597.98,24262.94,26111.95,12.604,360.0,18-10-17,2048-05-12,76.66,ACTIVE,Stocks,Home improvement,0.0,0.0,776.0,
LOAN001657,CUST003598,BR025,Home Equity,63372.21,51126.83,59703.57,15.036,12.0,2016-06-10,05/06/2017,5281.02,Paid Off,N/A,Vehicle purchase,,,424.0,Jason Rios
LOAN001658,CUST002725,BR012,Auto,20974.67,18421.16,,4.186,,99/99/9999,30/01/2017,24970.0,Open,Property,Home improvement,0.0,0.0,,
LOAN001659,CUST001320,BR038,Mortgage,19114.57,17462.4,7848.73,13.378,60.0,2012-12-08,"November 12, 2017",318.58,Delinquent,None,Wedding,20.0,3.0,472.0,Brandon Cox
LOAN001660,CUST000487,BR002,Auto,32141.35,27221.74,4971.55,,180.0,09-08-2010,05/22/2025,178.56,Defaulted,,Debt consolidation,91.0,4.0,300.0,Ronald Kim
LOAN001661,CUST001513,BR009,Auto,,56936.98,41921.57,3.294,180.0,,2036-05-05,375.28,Defaulted,Property,Emergency,111.0,9.0,774.0,
LOAN001662,CUST003649,BR012,Home Equity,21477.55,18973.76,,14.969,48.0,"August 31, 2015",10/08/2019,447.45,closed,Savings,,,,339.0,Maria Carr
LOAN001663,CUST001997,BR009,Business,42908.15,36463.1,32596.52,11.094,240.0,17-10-25,37-07-12,178.78,Defaulted,Vehicle,Debt consolidation,309.0,19.0,446.0,David Banks
LOAN001664,CUST000179,BR025,Mortgage,53188.91,43525.81,20816.53,,180.0,07/08/2016,31-04-21,295.49,defaulted,PROPERTY,,63.0,21.0,820.0,Chelsea Huber MD
LOAN001665,CUST000664,BR014,Home Equity,"73687,84",68546.99,42502.16,13.689,120.0,20-09-15,25/07/2030,614.07,active,Stocks,Medical,,0.0,349.0,Marilyn Pierce
LOAN001666,CUST000547,BR033,Auto,8248.7,7465.58,3772.82,17.532,60.0,07/08/2013,12/07/2018,137.48,Paid Off,None,Medical,0.0,0.0,344.0,Julie Hart
LOAN001667,CUST003158,BR048,Auto,24773.24,20957.9,"$18,752.34",16.827,,2017-08-17,30-05-2032,137.63,Active,,Business expansion,0.0,,626.0,Anna Ortiz
LOAN001668,CUST001344,BR026,Business,63382.29,"59188,01376901936",874654.9999999999,10.326,36.0,2019-06-26,2022-06-10,1760.62,Past Due,none,Medical,326.0,5.0,430.0,Meghan David
LOAN001669,CUST001842,BR032,Personal,14717.99,13067.34,1931.52,,360.0,"December 05, 2012",01-07-2042,USD 40.88,Completed,N/A,Debt consolidation,,0.0,395.0,Christopher Morales
LOAN001670,CUST002200,BR050,Home Equity,66636.58,53640.64,,5.547,360.0,11-02-09,"September 04, 2040",185.1,Defaulted,property,Home improvement,210.0,21.0,529.0,Scott Porter
LOAN001671,CUST002478,BR024,Auto,74320.42,62790.29,50057.95,12.318,,27-10-2013,"October 22, 2014",,Completed,none,Home improvement,0.0,,576.0,Jonathan Lopez
LOAN001672,CUST001201,BR029,home equity,63705.36,56642.79,43259.24,16.577,180.0,09/18/2021,01/07/2036,353.92,Closed,Property,Travel,0.0,0.0,773.0,
LOAN001673,CUST003719,BR049,Personal,21155.53,20174.94,8828.19,9.066,,05-11-2021,15-10-2025,440.74,paid,Vehicle,Debt consolidation,0.0,,443.0,Patrick Warner
LOAN001674,CUST001588,BR044,Business,39675.62,36901.34,,3.928,84.0,12-02-02,27-12-2018,472.33,Delinquent,Vehicle,Medical,188.0,12.0,788.0,Mark Kane
LOAN001675,CUST000085,,Business,47964.95,40080.57,15811.24,9.353,240.0,15/06/2018,03/02/2038,$199.85,Active,none,Emergency,0.0,,528.0,Donna Suarez
LOAN001676,CUST004743,BR014,Mortgage,48540.03,47997.28,32303.66,14.663,180.0,13-07-12,2028-04-24,269.67,DEFAULT,None,,247.0,15.0,354.0,
LOAN001677,CUST001545,BR026,Business,22564.29,20960.16,,6.659,84.0,13-10-17,10-09-2020,268.62,Delinquent,Savings,Travel,164.0,14.0,591.0,Casey Hernandez
LOAN001678,CUST003883,BR034,Mortgage,50408.6,43053.68,12153.18,11.147,,"November 05, 2019",20-10-30,4200.72,open,none,Education,,,788.0,John Wang
LOAN001679,CUST004873,BR032,Business,,52348.13,57125.18,8.627,48.0,2016-03-10,99/99/9999,"$1,264.18",Paid Off,Savings,Home improvement,,,792.0,Shelly Hill
LOAN001680,CUST004396,BR018,Mortgage,62251.13,56388.75,28574.89,7.137,60.0,,24-11-24,1037.52,delinquent,,Medical,207.0,15.0,721.0,George Wallace
LOAN001681,CUST000529,BR004,Auto,36130.96,30707.93,"$15,422.78",11.71,48.0,"April 24, 2020",04/03/2024,752.73,Paid Off,Savings,Debt consolidation,,,365.0,Adriana Thompson
LOAN001682,CUST002497,BR044,Auto,13009.58,12167.15,7057.86,5.913,60.0,"February 01, 2018",23-01-06,216.83,DEFAULT,,Wedding,85.0,5.0,388.0,Tonya Franklin
LOAN001683,CUST003664,BR028,Auto,31025.58,29876.81,16001.76,11.51,120.0,26/05/2021,2031-04-04,258.55,Paid Off,,Business expansion,0.0,,515.0,Leah Rivera
LOAN001684,CUST002468,BR047,Student,1000,818.14,879.31,9.361,180.0,04/18/2014,29-01-2029,5.56,Charged Off,property,,44.0,22.0,569.0,
LOAN001685,CUST004781,BR006,Personal,47191.99,45181.76,34769.51,6.306,48.0,2014-04-19,29/03/2018,983.17,Paid Off,property,Home improvement,0.0,0.0,703.0,Catherine Morse MD
LOAN001686,CUST000873,BR029,Mortgage,,19917.61,"18710,19",5.433,120.0,"October 30, 2020",2030-09-08,172.61,Active,Vehicle,Business expansion,,0.0,311.0,Scott Jones
LOAN001687,CUST001913,BR006,Personal,28504.01,25161.05,25408.76,8.727,12.0,13/10/2022,2023-10-08,2375.33,Paid Off,N/A,Wedding,,,819.0,Nicholas Garrett
LOAN001688,CUST001287,BR032,Auto,USD 20875.16,20803.04,4178.64,11.356,360.0,10/10/2012,06-05-2042,57.99,active,Vehicle,Medical,0.0,0.0,522.0,Kevin Donovan
LOAN001689,CUST003957,BR024,Business,75394.35,68840.22,21694.08,15.214,180.0,2016-10-02,31-07-16,418.86,Defaulted,PROPERTY,,206.0,12.0,556.0,Morgan Rasmussen
LOAN001690,CUST002134,BR045,Business,56881.7,50492.09,24943.71,14.758,360.0,23-05-20,2052-12-13,158.0,Defaulted,none,Travel,40.0,6.0,461.0,Jacob Taylor
LOAN001691,CUST000590,BR016,Business,USD 31312.16,30983.44,18674.69,5.496,24.0,14-11-28,NULL,1304.67,Paid Off,,Business expansion,,0.0,568.0,Frederick Jacobs
LOAN001692,CUST001694,BR012,Auto,64237.28,60228.75,33874.56,13.296,84.0,,05/13/2023,764.73,Paid Off,Vehicle,Debt consolidation,0.0,,,Jennifer Gates
LOAN001693,CUST004719,BR050,Student,54362.06,43988.76,32225.42,4.784,12.0,13-03-2020,2021-03-08,4530.17,Past Due,none,Travel,126.0,3.0,823.0,Mr. Aaron Joseph
LOAN001694,CUST003281,BR020,Personal,59229.03,52090.54,45676.01,6.594,240.0,2020-11-08,40-07-26,246.79,PAID OFF,Savings,Vehicle purchase,,,822.0,Anthony Reynolds
LOAN001695,CUST002963,BR022,Home Equity,2579852.0,20785.29,21630.99,8.726,36.0,10-02-05,20-01-2013,716.63,Paid Off,None,Debt consolidation,,,335.0,Christopher Clements
LOAN001696,CUST002881,BR031,Mortgage,98877.69,USD 82832.32,25378.48,13.783,120.0,"April 27, 2022",05/03/2032,82398.0,Delinquent,,Vehicle purchase,339.0,14.0,404.0,
LOAN001697,CUST004094,BR014,Personal,65683.86,54508.18,9917.58,8.785,240.0,19-07-2019,05-04-2039,273.68,Active,,Travel,,,692.0,Cheryl Perry
LOAN001698,CUST000456,BR030,Mortgage,31591.44,27849.03,12680.01,3.613,,08/05/2023,03/16/2033,263.26,Paid Off,Savings,Vehicle purchase,,0.0,660.0,Annette James
LOAN001699,CUST002103,BR015,Mortgage,58016.2,USD 55594.64,43865.02,5.413,180.0,99/99/9999,18/12/2029,322.31,Paid Off,None,Travel,,,383.0,Robert Warner
LOAN001700,CUST002433,BR027,Personal,USD 31636.46,26767.25,31056.87,13.655,240.0,05/24/2021,02/08/2041,131.82,Active,None,Home improvement,0.0,,,Rebecca Santana
LOAN001701,CUST004158,BR013,Business,63907.54,63341.5,32755.58,3.611,180.0,12/25/2017,2032-10-07,355.04,Active,Vehicle,Vehicle purchase,,,697.0,Jamie Logan
LOAN001702,CUST004007,BR007,Student,45382.57,38421.39,8294.42,7.754,24.0,17-05-2010,"May 06, 2012",USD 1890.94,Delinquent,Savings,Travel,186.0,23.0,319.0,Jesse Scott
LOAN001703,CUST000477,BR025,Mortgage,2166.71,1751.24,703.53,4.105,180.0,29/11/2018,"September 11, 2033",12.04,Completed,Property,Debt consolidation,0.0,,675.0,
LOAN001704,CUST004692,BR050,personal,22465.69,19668.07,17018.65,11.408,36.0,"October 12, 2012",27/09/2015,USD 624.05,Active,None,Home improvement,,0.0,385.0,Glen Mann
LOAN001705,CUST004211,BR045,Auto,,60361.97,,2.553,,2011-07-07,01-07-2012,616672.0,closed,Stocks,Debt consolidation,,,779.0,Angela Washington
LOAN001706,CUST000609,BR004,Student,11597.19,,6191.85,,24.0,"July 21, 2014",10/07/2016,483.22,Paid Off,,Education,,,709.0,Tammy Valdez
LOAN001707,CUST003374,,Business,39898.27,32788.42,32794.84,5.988,60.0,2022-05-07,04/11/2027,664.97,Defaulted,PROPERTY,Emergency,120.0,9.0,,Frank Morris
LOAN001708,CUST004955,BR048,Personal,72722.4,68334.78,28049.75,10.118,84.0,22-09-27,08/21/2029,865.74,Paid Off,none,Debt consolidation,,0.0,477.0,Sarah Owens
LOAN001709,CUST004310,BR028,Auto,64532.49,54493.11,15237.78,15.971,120.0,22-08-30,08/07/2032,537.77,Paid Off,property,Vehicle purchase,0.0,,833.0,Brandon Martin
LOAN001710,CUST003057,BR014,Auto,,25133.31,20962.56,5.939,12.0,2015-01-23,01/18/2016,2129.79,ACTIVE,Vehicle,Emergency,,0.0,444.0,Dana Pena
LOAN001711,CUST002014,BR028,Business,24473.45,22512.85,2014.37,11.292,180.0,2011-08-17,30/05/2026,135.96,Defaulted,Property,Education,288.0,15.0,447.0,
LOAN001712,CUST004914,BR011,Home Equity,2122.19,1970.1,1343.02,14.344,84.0,2016-12-10,04-11-2023,,Defaulted,PROPERTY,,354.0,17.0,428.0,
LOAN001713,,BR017,Business,55569.53,48760.48,13082.01,2.584,36.0,23-10-2019,07/10/2022,1543.6,Active,Property,Education,,0.0,730.0,David Diaz
LOAN001714,CUST003853,BR034,Personal,28817.34,23716.03,322.6,8.787,120.0,12-03-02,2022-01-09,240.14,Delinquent,Property,Business expansion,26.0,4.0,470.0,Jessica Gardner
LOAN001715,CUST002117,BR049,Auto,41608.38,36549.25,33145.4,9.076,120.0,2018-01-04,99/99/9999,USD 346.74,Paid Off,,Education,0.0,,812.0,Kevin Medina
LOAN001716,CUST004204,BR044,Home Equity,102278.78,,45616.36,14.651,48.0,04/12/2021,22/03/2025,2130.81,Delinquent,Vehicle,,157.0,3.0,413.0,Christina Collins
LOAN001717,CUST002482,BR029,Home Equity,38644.05,35865.55,2650.09,6.505,240.0,2013-06-25,03/12/2033,161.02,Delinquent,none,,72.0,10.0,,Michael Miller
LOAN001718,CUST003469,BR019,Business,52517.23,51936.82,635588.0,9.647,48.0,30/03/2023,2027-03-09,1094.11,Active,N/A,Vehicle purchase,0.0,0.0,358.0,Timothy Ortega
LOAN001719,CUST000679,BR016,Auto,,49327.06,57010.87,11.024,60.0,14/01/2022,19/12/2026,,Delinquent,Property,Medical,138.0,9.0,387.0,Ashley Henderson
LOAN001720,CUST004741,BR001,Mortgage,23546.18,22630.84,19341.37,7.376,84.0,15-06-16,10/05/2022,280.31,Paid Off,Savings,,,0.0,,John Hess
LOAN001721,CUST003727,BR021,Mortgage,29335.52,28012.1,18430.1,11.118,240.0,"August 28, 2011",2031-05-15,$122.23,Active,Stocks,Debt consolidation,,0.0,,
LOAN001722,CUST001771,BR015,Business,11382.07,USD 10746.79,683.7,14.5,360.0,2010-11-07,,31.62,Past Due,PROPERTY,Vehicle purchase,207.0,5.0,540.0,Nicholas Morris MD
LOAN001723,CUST004256,BR009,Mortgage,15882.14,13688.92,5280.11,9.54,180.0,"August 07, 2022",2037-05-20,88.23,Defaulted,Vehicle,Wedding,31.0,8.0,771.0,Angela Butler
LOAN001724,CUST001333,BR009,Personal,35333.8,29311.63,33180.44,3.636,48.0,"February 06, 2021",16/01/2025,736.12,Defaulted,,Medical,226.0,10.0,439.0,James Hammond
LOAN001725,CUST002384,BR018,Home Equity,30170.46,24525.73,12340.48,7.248,60.0,13/02/2011,18-01-2016,$502.84,Active,Stocks,Debt consolidation,0.0,,837.0,Taylor Pollard
LOAN001726,CUST001795,BR038,Auto,14737.16,13558.97,189.18,,24.0,02/17/2012,2014-02-06,614.05,Defaulted,Savings,Business expansion,201.0,9.0,,Melissa Mullins
LOAN001727,CUST001525,BR049,Personal,25934.61,25304.12,11275.31,6.883,120.0,17-07-28,27-06-06,216.12,Delinquent,Vehicle,Wedding,290.0,3.0,323.0,Justin Reynolds
LOAN001728,CUST000419,BR019,Mortgage,"$8,677.11",8023.44,7829.95,12.276,,2019-04-15,34-01-26,48.21,Active,none,Vehicle purchase,,,,Matthew Leach
LOAN001729,CUST003882,BR001,Student,23127.48,21514.59,"$6,267.17",13.768,180.0,99/99/9999,26-12-2025,128.49,Delinquent,Savings,Business expansion,281.0,14.0,661.0,Ian Wilson
LOAN001730,CUST000145,BR044,personal,58651.57,USD 56594.00,8831.94,10.841,120.0,"May 24, 2018",04/01/2028,488.76,active,N/A,Home improvement,,,,John Sanchez
LOAN001731,CUST000578,BR007,Personal,USD 50118.70,,34318.38,14.139,36.0,,NULL,1392.19,PAST DUE,None,Emergency,364.0,4.0,616.0,Denise Perez
LOAN001732,CUST003717,BR041,Personal,29686.43,27590.04,8470.34,5.579,60.0,11/17/2020,22/10/2025,,Active,property,Wedding,0.0,0.0,494.0,Michael Hutchinson
LOAN001733,CUST002389,BR002,Student,6382.9,6337.77,2366.39,3.832,360.0,04/15/2019,08-11-2048,17.73,paid,property,Debt consolidation,,0.0,822.0,Jason Phelps
LOAN001734,CUST002973,BR030,Student,65798.71,58383.56,54702.64,14.431,36.0,10-10-27,2013-10-11,1827.74,defaulted,Property,Debt consolidation,25.0,9.0,477.0,Jeanette Jones
LOAN001735,CUST002291,BR003,home equity,34466.89,,23788.22,,36.0,19-04-21,05/04/2022,957.41,Defaulted,property,Travel,197.0,2.0,389.0,Diana Gomez
LOAN001736,CUST000191,BR029,Home Equity,USD 57083.06,,41173.33,9.367,84.0,2020-10-26,2027-09-20,679.56,Active,,Wedding,0.0,,745.0,
LOAN001737,CUST004734,BR027,student,9095.37,8036.26,829.77,9.752,120.0,14-08-10,18/06/2024,75.79,Active,Savings,Travel,,0.0,512.0,Brandi Williams
LOAN001738,CUST000039,BR024,Student,58730.67,51187.74,16258.93,4.813,60.0,"December 10, 2021",14/11/2026,978.84,Paid Off,Savings,Wedding,0.0,,621.0,David Hubbard
LOAN001739,CUST003560,BR001,Student,"$5,346.01",5180.46,2181.65,11.585,180.0,24-08-2015,,29.7,Paid Off,,Vehicle purchase,0.0,0.0,382.0,Allen Jones
LOAN001740,CUST000234,BR007,Mortgage,33625.18,28583.47,22276.91,14.634,36.0,10-02-04,13-01-19,934.03,Delinquent,N/A,Home improvement,89.0,24.0,,Christopher Bell
LOAN001741,CUST001310,BR002,mortgage,17599.13,15581.1,12792.79,14.981,120.0,15-09-25,2025-08-03,146.66,DEFAULTED,N/A,Education,173.0,3.0,331.0,Richard Moon
LOAN001742,,BR044,Business,24140.54,20394.22,2654.24,3.679,12.0,23-12-2011,17-12-2012,2011.71,charged off,None,,149.0,6.0,758.0,Mr. Douglas Gonzales
LOAN001743,CUST000109,BR050,Mortgage,24867.79,20604.09,23324.43,,,12/22/2018,12/01/2022,518.08,DELINQUENT,PROPERTY,Medical,333.0,7.0,315.0,Kelly Gillespie
LOAN001744,CUST002181,BR050,Personal,12266.46,10562.35,6986.02,12.509,12.0,18/09/2020,13-09-2021,1022.2,Delinquent,N/A,Education,344.0,9.0,742.0,Thomas Lewis
LOAN001745,CUST000078,BR048,Auto,23378.03,19757.76,USD 7778.62,17.381,360.0,"April 06, 2016",,64.94,Delinquent,Stocks,Education,188.0,11.0,740.0,James Manning
LOAN001746,CUST003445,BR038,Business,"$36,223.52",34187.33,537.14,,180.0,01/10/2020,23-10-2034,201.24,Default,,Travel,27.0,24.0,566.0,Patrick Gray
LOAN001747,CUST002465,BR034,Business,38953.54,31743.22,6415.52,2.78,240.0,99/99/9999,07/03/2033,162.31,DEFAULTED,property,Vehicle purchase,300.0,16.0,799.0,Crystal Harmon
LOAN001748,CUST004248,BR039,Personal,"37206,01",USD 31801.45,26935.25,16.213,60.0,"December 30, 2016","December 04, 2021",620.1,Active,property,Education,,0.0,754.0,Jerome Singh
LOAN001749,CUST000943,BR006,Student,USD 57284.29,52404.65,26557.74,16.305,48.0,23/09/2012,"September 02, 2016",1193.42,Defaulted,none,Education,61.0,13.0,,Tiffany Leach
LOAN001750,CUST003054,BR049,Home Equity,46694.7,41822.49,46245.39,10.125,240.0,"January 10, 2019",27/09/2038,194.56,Active,N/A,Debt consolidation,0.0,0.0,462.0,Anthony Williams
LOAN001751,CUST000206,BR033,Auto,"$48,242.80",41010.64,19635.13,7.476,84.0,16/01/2020,10-12-2026,574.32,Active,Vehicle,Business expansion,,0.0,671.0,Michael Arnold
LOAN001752,CUST000471,BR007,Auto,63993.53,55311.93,62363.52,4.945,24.0,06/08/2010,,"$2,666.40",Defaulted,Property,Education,365.0,24.0,483.0,
LOAN001753,CUST003905,BR007,Business,38279.77,37789.91,28300.54,3.313,24.0,"August 09, 2022",29/07/2024,1594.99,Late,Savings,Education,306.0,14.0,542.0,
LOAN001754,CUST002455,BR019,Mortgage,105227.21,86206.72,55946.03,8.736,24.0,2023-03-17,06-03-2025,4384.47,Completed,None,,,0.0,431.0,Mark Cain
LOAN001755,CUST002658,BR007,Student,54426.85,47666.33,USD 15709.47,9.736,24.0,14-02-15,16-02-05,2267.79,ACTIVE,property,Vehicle purchase,,,406.0,Martha Anderson DVM
LOAN001756,CUST001953,BR013,Auto,26511.02,"$25,201.10",20867.33,7.44,24.0,13/10/2017,19-10-03,1104.63,Current,PROPERTY,Home improvement,,,353.0,Todd Shah
LOAN001757,CUST000918,BR034,Personal,41979.84,38669.82,8002.37,9.515,180.0,15-01-2016,30-10-28,USD 233.22,Defaulted,,Education,124.0,6.0,831.0,Michael Kelly
LOAN001758,CUST000194,BR028,Personal,64706.11,53937.32,32373.89,15.683,360.0,30/07/2018,2048-02-23,179.74,Defaulted,N/A,Debt consolidation,298.0,10.0,477.0,Lisa Hamilton
LOAN001759,CUST003585,BR021,Mortgage,"$4,955.36",4892.83,"$4,475.75",4.87,120.0,15-11-02,10-09-2025,41.29,Past Due,Savings,Wedding,245.0,11.0,585.0,Kimberly Haney
LOAN001760,,BR022,Business,13167.99,11972.52,5862.5,,84.0,01-09-2016,27-07-2023,"156,76",Active,Savings,Emergency,,0.0,570.0,Eric Baker
LOAN001761,CUST002979,,Home Equity,"$34,401.65",31550.91,20946.87,9.556,12.0,30/12/2016,12/25/2017,2866.8,Active,,Medical,0.0,,374.0,Christie Mercado
LOAN001762,CUST002372,BR019,Personal,35948.37,31521.82,6137.87,3.918,12.0,14-08-25,"August 20, 2015",2995.7,ACTIVE,PROPERTY,Education,0.0,0.0,658.0,John Wolfe
LOAN001763,CUST001150,BR036,Student,20637.33,19381.73,3813.66,13.782,180.0,23/12/2018,05-10-2033,,Active,property,Medical,,,631.0,Dawn Miller
LOAN001764,CUST003845,BR043,Home Equity,35827.04,31226.31,24441.85,4.819,24.0,11-06-2017,19-06-01,1492.79,Delinquent,PROPERTY,Emergency,284.0,17.0,433.0,Jennifer Flores
LOAN001765,CUST004739,BR001,Mortgage,44872.12,42586.15,34061.53,6.886,36.0,15/12/2020,30/11/2023,1246.45,Defaulted,Vehicle,,256.0,17.0,420.0,Jennifer Mccall
LOAN001766,CUST001332,BR043,Auto,"$2,559.37",2250.1,,6.917,84.0,2020-11-01,26/09/2027,30.47,Delinquent,,Education,312.0,15.0,602.0,Gabriel Combs
LOAN001767,CUST004330,BR003,Home Equity,91065.97,81967.66,56360.83,11.378,180.0,26-12-2012,,505.92,PAST DUE,N/A,Emergency,359.0,5.0,355.0,Jennifer Smith
LOAN001768,CUST004968,BR048,Home Equity,40610.44,39373.13,22740.54,15.189,36.0,03/11/2023,02/23/2026,1128.07,DEFAULT,None,Medical,246.0,16.0,693.0,Alex Maynard
LOAN001769,CUST000250,BR023,Auto,10214.66,8668.21,1540.39,6.906,84.0,01/06/2020,30/11/2026,,charged off,Stocks,Business expansion,129.0,21.0,432.0,Nathan Calderon
LOAN001770,CUST001716,BR027,student,57850.12,50894.4,29195.23,10.971,240.0,09/09/2012,27/05/2032,241.04,Default,Vehicle,Emergency,287.0,15.0,309.0,Jennifer Escobar
LOAN001771,CUST003163,BR050,Personal,USD 19900.39,19805.54,16158.97,8.841,12.0,12/01/2017,18-11-26,1658.37,Defaulted,None,Home improvement,358.0,6.0,487.0,Dustin Willis
LOAN001772,CUST000487,BR011,Business,USD 60360.73,USD 59016.80,49532.75,15.387,180.0,16-03-04,2030-12-16,USD 335.34,Defaulted,,Business expansion,27.0,24.0,,Hannah Miller
LOAN001773,CUST002345,BR036,Personal,71816.36,60604.4,2060902.0,13.702,12.0,14/02/2013,09/02/2014,5984.7,Paid Off,Savings,Debt consolidation,,,339.0,
LOAN001774,CUST001146,BR010,Mortgage,24402.46,20819.08,10041.65,4.96,240.0,24-03-2021,"December 09, 2040",101.68,DEFAULT,Stocks,Medical,131.0,20.0,503.0,Mary Bennett
LOAN001775,CUST000496,BR007,Mortgage,"$36,954.86",34957.29,2427.58,13.135,180.0,2022-12-25,37-10-07,205.3,past due,Savings,Debt consolidation,217.0,10.0,511.0,Peter Smith
LOAN001776,CUST004251,BR028,Business,60484.92,49528.5,50324.95,7.084,24.0,2010-06-18,06/07/2012,2520.2,Paid Off,Savings,Medical,0.0,,491.0,Dr. Beth Clark
LOAN001777,CUST004613,BR020,Mortgage,40324.22,36068.74,29052.47,16.037,360.0,04/12/2018,99/99/9999,112.01,defaulted,,Business expansion,315.0,8.0,578.0,Judith Green
LOAN001778,CUST001991,BR042,Personal,56684.81,50685.61,7911.03,9.154,84.0,2015-02-27,22-01-21,674.82,DEFAULTED,None,Education,273.0,1.0,,Carol Hart
LOAN001779,CUST004526,,Auto,,,16401.65,7.849,60.0,"December 28, 2011",2016-12-01,380.91,Bad Debt,Vehicle,Travel,166.0,24.0,393.0,Jesus Sanchez
LOAN001780,CUST003440,BR043,personal,100900.56,82555.73,26879.69,10.668,240.0,2014-06-26,03/13/2034,420.42,Paid Off,Savings,Medical,,,645.0,Olivia Rodriguez
LOAN001781,CUST004445,BR040,Auto,18061.34,17897.61,15215.59,14.409,24.0,99/99/9999,,752.56,Open,Property,Emergency,,,651.0,Joy Dennis
LOAN001782,CUST002557,BR049,Home Equity,"$40,448.00",34125.99,40142.4,15.761,240.0,10-10-01,NULL,168.53,Defaulted,N/A,Wedding,47.0,6.0,651.0,Scott Duran
LOAN001783,CUST000911,BR021,Business,14292.14,12811.67,8466.49,13.524,12.0,99/99/9999,2018-11-29,1191.01,Defaulted,Savings,Vehicle purchase,336.0,20.0,782.0,Dr. Bradley White DVM
LOAN001784,CUST002989,BR010,student,22732.89,21233.99,5613.15,13.646,,12-07-16,99/99/9999,631.47,Paid Off,Property,Business expansion,,0.0,657.0,Cindy Hernandez
LOAN001785,CUST000904,BR009,Mortgage,USD 35277.26,29680.13,11195.28,15.319,84.0,13-06-2010,"May 07, 2017",41997.0,DEFAULTED,PROPERTY,Home improvement,92.0,15.0,781.0,Michael Contreras
LOAN001786,CUST000158,BR010,Home Equity,12401.5,10364.25,4618.5,14.848,240.0,11-09-2018,,,Active,Savings,,,,653.0,Daisy Davis
LOAN001787,,BR027,Auto,38464.84,37138.56,21603.88,17.409,12.0,NULL,2024-06-16,"$3,205.40",Delinquent,N/A,,184.0,15.0,,Dr. Henry Perez
LOAN001788,CUST000017,BR006,Personal,63285.72,53196.86,31310.79,16.151,48.0,"December 08, 2018",17-11-2022,1318.45,Paid Off,Stocks,Debt consolidation,,0.0,578.0,Brian Sampson
LOAN001789,CUST003169,BR020,Auto,8465.34,8430.81,7836.4,13.194,360.0,2018-09-24,2048-04-19,23.51,Open,none,Home improvement,0.0,,601.0,Kelly Jimenez
LOAN001790,CUST001432,BR042,Personal,74269.95,74166.87,59787.55,12.794,12.0,2015-11-27,2016-11-21,6189.16,defaulted,,Business expansion,136.0,15.0,482.0,Crystal Johnson
LOAN001791,CUST002601,,Business,34804.27,32560.19,4719.76,15.996,360.0,"September 07, 2014",44-04-02,96.68,DELINQUENT,none,Travel,228.0,22.0,451.0,Caitlin Osborne
LOAN001792,,BR019,home equity,2511.3,,196.48,11.24,120.0,"August 11, 2019",,20.93,Late,Property,,197.0,23.0,763.0,Amber Lane
LOAN001793,CUST000095,BR002,Student,24495.58,24435.6,USD 9074.31,6.433,24.0,09/07/2016,29/06/2018,1020.65,charged off,Savings,Business expansion,143.0,5.0,591.0,Jason Smith
LOAN001794,CUST002198,BR004,Auto,60622.88,54539.06,31922.68,5.518,36.0,"February 14, 2019",01/29/2022,1683.97,Open,property,Home improvement,,0.0,494.0,Derek Woods
LOAN001795,CUST002594,BR014,student,34112.21,,"$32,975.15",7.034,12.0,"March 21, 2011",15/03/2012,2842.68,Closed,Vehicle,Medical,,,334.0,Kenneth Walker
LOAN001796,CUST002208,BR013,Mortgage,2150914.0,20350.82,3875.04,7.302,48.0,30-07-2014,2018-07-09,448.11,Open,N/A,Wedding,,,756.0,Mrs. Kimberly Ramirez
LOAN001797,CUST004397,BR031,Business,26050.76,,,5.36,48.0,15-02-12,22/01/2019,542.72,Delinquent,none,Travel,151.0,10.0,309.0,Tim Gross
LOAN001798,CUST004548,BR020,Mortgage,19733.38,17845.89,6720.8,14.29,24.0,05/24/2010,13-05-2012,822.22,Active,Stocks,Home improvement,0.0,0.0,533.0,Matthew Guerrero
LOAN001799,CUST003107,BR033,Student,30543.38,24749.48,14471.18,10.228,360.0,99/99/9999,23-08-2045,84.84,Delinquent,none,,251.0,1.0,613.0,Keith Pearson
LOAN001800,CUST001773,,home equity,5823.61,5351.11,4597.47,3.733,60.0,2021-08-14,19-07-2026,97.06,Delinquent,N/A,Education,281.0,18.0,599.0,Kevin Copeland
LOAN001801,CUST003442,BR004,Home Equity,35268.29,28306.92,"$20,077.60",16.905,12.0,31-05-2021,26-05-2022,2939.02,Defaulted,Stocks,Vehicle purchase,235.0,24.0,847.0,Dawn Butler
LOAN001802,CUST004849,BR028,Business,31902.91,26699.16,29471.62,15.303,84.0,"January 26, 2022",12/20/2028,379.8,Delinquent,N/A,Debt consolidation,265.0,10.0,735.0,
LOAN001803,CUST004963,BR003,Home Equity,4842323.0,44741.83,13037.99,16.476,120.0,2011-01-20,28-11-2020,403.53,Late,Stocks,Debt consolidation,277.0,6.0,777.0,Jeff Young
LOAN001804,CUST004631,BR036,business,28426.41,24905.85,16888.23,13.422,180.0,30-10-2015,"August 12, 2030",157.92,Paid Off,N/A,Medical,0.0,,803.0,Joshua Jones
LOAN001805,CUST000857,BR027,home equity,24940.16,24599.5,9754.45,6.571,240.0,04/14/2020,99/99/9999,103.92,Active,None,Debt consolidation,0.0,0.0,493.0,Antonio Peters
LOAN001806,CUST003896,BR040,Auto,16035.09,"$14,494.73",12918.53,17.494,12.0,2015-10-01,09/25/2016,1336.26,Defaulted,Property,Vehicle purchase,164.0,22.0,449.0,
LOAN001807,CUST004756,BR010,Auto,57906.9,50180.34,"$42,524.67",3.961,180.0,2013-01-21,2027-11-04,321.7,Active,property,Wedding,0.0,0.0,388.0,Melissa Mcguire
LOAN001808,CUST004837,BR018,Student,42958.55,34847.04,14554.83,,60.0,"January 08, 2012",12/12/2016,715.98,Defaulted,Savings,Emergency,95.0,7.0,312.0,Stephanie Hill
LOAN001809,CUST002931,BR004,Home Equity,86979.9,78945.14,70723.87,2.861,180.0,07-02-2019,20/11/2033,483.22,late,property,Emergency,147.0,18.0,,Shelly Rodgers
LOAN001810,CUST003338,BR034,Business,37742.62,30858.8,32958.2,13.719,24.0,04-12-2012,"November 24, 2014",1572.61,PAID OFF,Vehicle,Vehicle purchase,0.0,0.0,761.0,Ebony Gonzales
LOAN001811,CUST000315,BR017,student,36562.21,31461.2,13092.47,8.098,240.0,13-10-2014,06/30/2034,152.34,Paid Off,property,Education,0.0,,643.0,Leah Schultz
LOAN001812,CUST003351,BR015,Auto,51198.62,42300.93,367.75,11.331,48.0,19/06/2016,20-05-29,1066.64,Defaulted,N/A,,326.0,15.0,486.0,Jeremy Martin
LOAN001813,CUST003479,BR050,Mortgage,38836.15,35203.5,14605.54,3.847,36.0,28/03/2010,99/99/9999,1078.78,Paid Off,none,Debt consolidation,0.0,0.0,550.0,John Frank
LOAN001814,CUST001986,BR018,Personal,46750.2,"$43,794.81",3527.36,6.34,240.0,"August 14, 2016","May 01, 2036",194.79,Defaulted,N/A,,85.0,6.0,,Tammy Levine
LOAN001815,CUST004961,BR014,Auto,28362.09,23019.74,26426.52,5.475,120.0,2016-03-21,2026-01-28,236.35,Active,,,,,455.0,Christopher Guzman
LOAN001816,CUST001309,BR024,Home Equity,1815.02,1675.81,1632.81,15.479,180.0,"March 10, 2015",12/21/2029,USD 10.08,past due,Vehicle,Vehicle purchase,312.0,12.0,727.0,Jessica Sanchez
LOAN001817,CUST004255,BR008,Student,15540.15,14874.46,2256.91,4.08,120.0,2012-03-23,2022-01-30,129.5,Active,PROPERTY,Home improvement,,0.0,496.0,Michael Wilson
LOAN001818,CUST001212,BR049,Business,47461.92,43629.22,33118.66,17.973,180.0,31-03-2019,01/11/2034,263.68,Defaulted,PROPERTY,Business expansion,281.0,23.0,505.0,Robin Stewart
LOAN001819,CUST002115,BR027,Home Equity,"$31,033.31",29479.58,29994.75,4.836,180.0,05/13/2013,02/24/2028,172.41,Delinquent,Stocks,Debt consolidation,67.0,17.0,355.0,Erik Morgan
LOAN001820,CUST000019,BR003,Personal,18547.77,,8626.69,9.152,36.0,2018-10-01,15/09/2021,515.22,Defaulted,None,Emergency,181.0,9.0,,Patricia Ochoa
LOAN001821,CUST003892,,Business,27329.73,24777.38,14376.98,11.545,60.0,"November 14, 2014",19-10-19,455.5,paid off,Stocks,Vehicle purchase,0.0,,346.0,Janice Coleman
LOAN001822,CUST004476,BR040,Student,2862.37,2807.63,1469.25,14.307,240.0,23/09/2017,37-06-10,11.93,Past Due,N/A,Emergency,68.0,11.0,603.0,Nicolas Murphy
LOAN001823,CUST003825,BR041,Business,74377.31,7192706.724183583,52167.24,13.254,84.0,27-06-2013,21-05-2020,88544.0,Delinquent,N/A,Business expansion,24.0,10.0,744.0,Alexandria Bryant
LOAN001824,CUST002531,BR027,Personal,46587.84,39043.98,43258.94,8.959,12.0,18-06-2015,16-06-12,3882.32,In Progress,none,Vehicle purchase,,,564.0,
LOAN001825,CUST002230,BR038,Mortgage,40200.71,36712.65,8234.66,13.564,36.0,14-05-04,17-04-18,USD 1116.69,Defaulted,PROPERTY,Debt consolidation,120.0,5.0,655.0,
LOAN001826,CUST000381,BR025,Mortgage,26189.35,25532.94,9449.24,17.342,120.0,2021-12-26,04-11-2031,$218.24,Defaulted,Property,Vehicle purchase,28.0,14.0,640.0,Michelle Diaz
LOAN001827,CUST003134,BR028,Auto,48647.45,45667.65,29015.02,7.895,240.0,26-11-2018,13/08/2038,202.7,Defaulted,,Business expansion,230.0,13.0,754.0,Stanley Baldwin Jr.
LOAN001828,CUST001495,BR033,Auto,17830.42,15337.97,9444.77,12.92,120.0,01/15/2018,,148.59,DELINQUENT,,Emergency,124.0,20.0,371.0,Kevin Fitzpatrick
LOAN001829,CUST004960,BR042,Business,6114.86,5589.26,3037.21,11.061,12.0,99/99/9999,21-05-29,509.57,Past Due,PROPERTY,Emergency,173.0,24.0,353.0,Daniel Wilson
LOAN001830,CUST003339,BR027,Student,64474.01,5341813.341358665,45727.44,16.008,12.0,2015-04-13,16-04-07,"5372,83",Delinquent,None,Travel,105.0,13.0,442.0,Cassie Manning
LOAN001831,CUST002348,BR003,Mortgage,24674.99,21668.69,23198.71,15.566,60.0,01/10/2011,15/12/2015,411.25,Defaulted,Savings,Travel,346.0,18.0,463.0,Matthew Kane
LOAN001832,CUST001147,BR013,Auto,27707.6,"$24,258.11",16561.3,13.103,180.0,13-08-27,28-06-09,153.93,Paid,Vehicle,Vehicle purchase,,0.0,678.0,Corey Cordova
LOAN001833,CUST003267,BR042,home equity,"$14,313.05",13925.63,3778.85,,36.0,99/99/9999,09-06-2018,397.58,closed,Vehicle,Travel,0.0,,630.0,Mr. Terry Sparks
LOAN001834,CUST004881,BR018,Mortgage,1000,851.66,239.6,15.149,48.0,"December 22, 2022",01-12-2026,20.83,Current,Savings,Home improvement,,,589.0,
LOAN001835,CUST000032,BR011,Student,48005.94,39810.19,45057.72,13.495,240.0,99/99/9999,13-06-2034,200.02,Active,PROPERTY,Medical,0.0,,,Laura Branch
LOAN001836,CUST002725,BR009,Home Equity,36866.29,34490.23,$136.75,14.49,36.0,23-05-06,04/20/2026,1024.06,Defaulted,PROPERTY,Home improvement,34.0,24.0,617.0,Colleen French
LOAN001837,CUST000685,,Home Equity,35120.1,29500.56,941.2,5.395,48.0,NULL,16-07-08,731.67,PAID OFF,None,Travel,0.0,,796.0,Stacie Harris
LOAN001838,CUST003091,BR030,Personal,24120.48,22554.17,18162.5,4.074,120.0,28-10-2020,06/09/2030,201.0,Delinquent,Property,Wedding,181.0,21.0,,Angie Allen
LOAN001839,CUST001899,BR023,Home Equity,7679.56,6706.83,1468.18,10.516,48.0,99/99/9999,2014-01-03,159.99,Defaulted,,Debt consolidation,315.0,12.0,735.0,Jacqueline Simmons
LOAN001840,CUST004764,BR040,Personal,60390.78,54194.03,,11.25,120.0,"January 05, 2021",14/11/2030,,Defaulted,PROPERTY,,283.0,2.0,696.0,Ebony Rodriguez
LOAN001841,CUST000235,BR011,Personal,4496.03,3953.37,524.67,2.855,60.0,08/24/2013,07/29/2018,74.93,Defaulted,property,Vehicle purchase,31.0,21.0,389.0,Isaiah Thomas
LOAN001842,CUST001126,BR005,Personal,1000,923.19,721.68,12.495,120.0,11/01/2011,"September 09, 2021",8.33,Delinquent,property,,341.0,4.0,455.0,Justin Davis
LOAN001843,CUST003249,BR029,Student,1000,938.05,166.21,,36.0,11-02-2016,"January 26, 2019",27.78,Active,Property,Vehicle purchase,0.0,,582.0,Anna Kim
LOAN001844,CUST001588,BR026,Home Equity,113511.97,108179.87,82320.26,2.669,12.0,10/21/2019,99/99/9999,9459.33,Delinquent,Stocks,Business expansion,72.0,23.0,788.0,Daniel Haas
LOAN001845,CUST000223,BR027,home equity,30502.26,2560232.6446202,1893366.9999999998,16.725,120.0,11/02/2018,28-09-10,254.19,Defaulted,Property,Wedding,153.0,21.0,753.0,Ryan Hernandez
LOAN001846,CUST001749,BR009,Business,24814.57,22345.05,16992.06,13.71,24.0,02/26/2013,15-02-16,,Defaulted,None,Debt consolidation,262.0,3.0,805.0,Steven Hill
LOAN001847,CUST003188,BR043,Personal,1905.02,1649.66,950.16,17.129,84.0,2014-04-26,2021-03-20,$22.68,charged off,none,Home improvement,123.0,19.0,424.0,Rachel Patrick
LOAN001848,,BR044,Student,"$23,754.49",19393.02,,8.096,48.0,22-01-17,25-12-27,494.89,paid off,None,Travel,0.0,,475.0,Brian Peterson
LOAN001849,CUST003048,BR019,Mortgage,73919.99,63229.97,57653.39,8.217,84.0,,,880.0,Paid Off,PROPERTY,Travel,,,761.0,
LOAN001850,CUST004394,BR005,Student,63796.71,53375.16,33092.98,10.894,60.0,"March 15, 2020",25-02-17,1063.28,Paid Off,none,Home improvement,0.0,,612.0,Emily Campbell
LOAN001851,CUST002452,BR034,Student,10459.53,10441.95,9137.98,3.889,360.0,23/05/2015,"December 16, 2044",29.05,Active,property,Emergency,0.0,0.0,336.0,Monica Todd
LOAN001852,CUST002789,BR024,Personal,21355.86,19056.41,8408.94,10.095,12.0,04-12-2016,2017-11-29,1779.65,Paid Off,PROPERTY,Business expansion,,0.0,733.0,Sarah Edwards
LOAN001853,CUST004537,BR028,Business,81587.79,"$80,700.46",51338.67,17.582,36.0,18-12-03,"November 17, 2021",2266.33,Paid Off,none,Business expansion,0.0,,724.0,Jacob Boyd
LOAN001854,,BR019,Mortgage,34079.62,USD 31245.79,3141.08,17.76,360.0,08-08-2021,2051-03-04,94.67,Paid Off,None,Education,,0.0,334.0,Brenda Garcia
LOAN001855,CUST002864,BR031,Business,1987.93,1973.35,1055.45,16.693,24.0,2015-06-06,05/26/2017,82.83,Defaulted,Vehicle,Travel,190.0,12.0,526.0,
LOAN001856,CUST002466,,Mortgage,24526.74,24476.98,15557.86,,84.0,"December 29, 2014",21-11-22,291.99,Active,N/A,Travel,0.0,0.0,696.0,Todd Reed
LOAN001857,,BR030,Home Equity,39795.95,39144.16,13342.72,5.999,48.0,25/06/2016,06/04/2020,829.08,Delinquent,property,Home improvement,276.0,23.0,342.0,Daniel Torres
LOAN001858,CUST003810,BR023,Mortgage,88972.01,84703.14,,,180.0,03/26/2012,01/07/2027,494.29,Paid Off,Vehicle,Travel,,0.0,741.0,Karen Jones
LOAN001859,CUST002501,BR020,Mortgage,"$15,950.86",14206.35,12573.75,12.51,60.0,2015-08-28,"August 01, 2020",265.85,Delinquent,None,Emergency,361.0,12.0,,Andrew Taylor
LOAN001860,CUST001255,BR030,Personal,43538.35,37069.41,"$20,641.62",15.846,12.0,"June 23, 2011",17-06-2012,3628.2,Delinquent,None,Wedding,18.0,14.0,348.0,Kelly Mahoney
LOAN001861,CUST002289,BR021,Auto,6897.83,6672.34,3841.15,2.753,36.0,31-12-2013,2016-12-15,USD 191.61,Active,Property,Home improvement,0.0,0.0,601.0,Thomas Spears
LOAN001862,CUST000644,BR040,Auto,29389.7,27482.83,5799.2,16.185,24.0,23-04-2023,12/04/2025,1224.57,Delinquent,PROPERTY,Wedding,106.0,9.0,331.0,Julia Clark
LOAN001863,CUST001855,BR020,Business,51042.48,47845.4,30478.3,16.775,180.0,"July 17, 2010",29/04/2025,283.57,Defaulted,Property,Wedding,73.0,4.0,663.0,Natalie Ward
LOAN001864,CUST003393,BR045,Student,3704.18,3632.42,USD 2203.62,2.98,12.0,11-04-09,2012-04-03,308.68,past due,none,Travel,289.0,1.0,767.0,Susan Jackson
LOAN001865,CUST004921,BR012,Mortgage,"$50,061.14",49644.73,15422.43,4.081,36.0,"March 03, 2015",15/02/2018,1390.59,late,None,,179.0,15.0,774.0,
LOAN001866,CUST004457,BR011,Personal,83564.87,71653.88,55729.53,8.829,180.0,04/25/2012,"February 06, 2027",464.25,Active,PROPERTY,Debt consolidation,0.0,0.0,524.0,Jamie Becker
LOAN001867,CUST003187,BR037,Student,43002.12,"$37,688.23",25602.47,8.469,120.0,16-09-2014,2024-07-25,"358,35",Paid Off,,Travel,,,419.0,Kathleen Mcclure
LOAN001868,CUST004689,BR022,Business,62677.7,56193.42,13991.57,8.53,48.0,,21-04-25,1305.79,Active,Stocks,Travel,0.0,0.0,318.0,Suzanne Newman
LOAN001869,CUST004975,BR006,Mortgage,1000,931.07,589.38,12.22,24.0,13-11-18,"November 08, 2015",$41.67,Bad Debt,property,Debt consolidation,209.0,16.0,588.0,Jesse Jones
LOAN001870,CUST004785,BR036,Home Equity,25144.28,20615.17,14590.12,7.348,48.0,NULL,03-11-2016,523.84,Paid Off,PROPERTY,Medical,,0.0,566.0,Tyler Perez
LOAN001871,CUST001227,BR017,Home Equity,17128.49,13799.16,3785.03,16.035,180.0,27-03-2013,2028-01-08,95.16,Paid Off,PROPERTY,Home improvement,,0.0,672.0,Anna Steele
LOAN001872,CUST002587,,Student,41037.83,39138.36,5642.08,9.938,84.0,10/05/2012,08/30/2019,488.55,DELINQUENT,Property,Home improvement,269.0,12.0,528.0,Adam Parker
LOAN001873,CUST004038,BR001,mortgage,43392.9,,"$31,977.36",13.126,360.0,06/03/2011,27-12-2040,120.54,In Progress,PROPERTY,Education,0.0,,635.0,Edward Sanchez
LOAN001874,CUST003983,BR006,Home Equity,,26888.7,15050.32,13.138,84.0,20-01-18,2026-12-12,USD 358.02,Delinquent,Vehicle,Business expansion,303.0,17.0,448.0,Christopher Ruiz
LOAN001875,CUST002778,BR048,Personal,34572.12,34337.55,20068.77,3.301,36.0,07-03-2022,19-02-2025,960.34,Defaulted,Stocks,Business expansion,281.0,11.0,624.0,Billy Young
LOAN001876,CUST004084,BR011,Student,58275.33,49411.44,29238.93,7.523,84.0,01/05/2014,25/03/2021,693.75,late,none,Emergency,5.0,23.0,477.0,Gordon Bennett
LOAN001877,CUST002566,BR032,Home Equity,26934.38,26655.41,26162.94,12.613,240.0,03/21/2010,12/06/2029,112.23,Active,property,Business expansion,,,,Joshua Rosales
LOAN001878,CUST000270,BR041,Auto,54003.83,50967.78,,7.249,,19-12-24,2034-10-06,"300,02",Delinquent,none,,105.0,7.0,330.0,
LOAN001879,CUST000112,BR028,Student,35958.15,35875.56,18485.93,7.535,360.0,2016-01-19,"August 14, 2045",99.88,Bad Debt,property,Debt consolidation,305.0,22.0,347.0,Patricia Smith
LOAN001880,CUST003741,BR047,Auto,50539.04,47368.05,,6.594,36.0,16/07/2013,06/30/2016,1403.86,Defaulted,,Home improvement,188.0,16.0,813.0,Gerald Miller
LOAN001881,CUST003703,BR033,auto,"$32,281.39",29468.17,26726.07,7.978,60.0,2012-12-05,09-11-2017,538.02,Active,none,Wedding,,,608.0,Christina Walker
LOAN001882,CUST000442,BR040,auto,81459.89,80163.75,24984.74,14.718,48.0,08/10/2012,"September 17, 2016",1697.08,Active,Property,Education,0.0,,301.0,Shannon Adams
LOAN001883,CUST001303,BR048,Student,7355.43,6593.21,4852.6,16.361,60.0,23-05-13,"April 16, 2028",122.59,Delinquent,Property,Business expansion,345.0,7.0,,James Chapman
LOAN001884,CUST000278,BR004,Business,62741.4,53842.68,21217.37,10.065,36.0,NULL,24-09-30,1742.82,PAID OFF,None,Vehicle purchase,0.0,,714.0,Lisa Caldwell
LOAN001885,CUST003092,BR007,Personal,28031.95,27659.95,11057.33,,84.0,"April 16, 2016",11-03-2023,333.71,Late,Property,Wedding,202.0,4.0,393.0,Julie Young
LOAN001886,CUST004390,BR050,Personal,39126.51,37973.15,31716.35,5.755,36.0,06/12/2022,27-05-2025,1086.85,Active,None,Home improvement,,,620.0,Robert Williams
LOAN001887,CUST002365,BR040,Mortgage,41949.88,37876.02,"31425,62",11.363,180.0,"March 15, 2012",27-12-2026,233.05,Defaulted,N/A,Travel,252.0,6.0,682.0,Crystal Parks
LOAN001888,CUST000380,BR027,Home Equity,33981.3,28533.18,18279.79,4.605,60.0,"February 22, 2023","January 27, 2028",566.36,Active,PROPERTY,Business expansion,,,598.0,Cassandra Oneill
LOAN001889,CUST004778,BR033,Mortgage,"69477,89",66327.9,64825.24,14.266,84.0,06/12/2021,"October 30, 2028",827.12,Default,Savings,Wedding,2.0,4.0,528.0,Jillian Cox
LOAN001890,CUST000991,BR042,Mortgage,13549.54,11437.98,13411.43,7.34,84.0,2015-10-31,22-09-24,161.3,Delinquent,property,Medical,88.0,14.0,432.0,Philip Zamora
LOAN001891,CUST002526,BR035,Home Equity,,47296.43,USD 17556.40,12.003,48.0,04/01/2017,03/11/2021,1151.69,Paid Off,N/A,Travel,0.0,0.0,488.0,Matthew Mccall
LOAN001892,CUST003933,BR036,Business,"$63,757.22",51108.98,37112.05,10.157,84.0,12-06-03,19-04-28,759.01,Defaulted,Stocks,Vehicle purchase,256.0,6.0,473.0,James Flores
LOAN001893,CUST001855,,Mortgage,50770.4,47190.63,16867.8,4.819,60.0,13-10-14,"September 18, 2018",846.17,Active,N/A,Travel,0.0,,502.0,Joseph Rollins
LOAN001894,CUST000739,BR034,Business,67976.66,66173.33,15412.27,17.562,60.0,05/20/2014,24/04/2019,1132.94,PAST DUE,None,,340.0,17.0,303.0,Lindsey Sullivan
LOAN001895,CUST000899,BR036,Personal,2280.08,2140.17,392.46,,84.0,01/20/2020,26-12-14,,Defaulted,Stocks,Business expansion,283.0,13.0,807.0,Natasha Goodman
LOAN001896,CUST000259,BR050,Business,40553.76,38568.07,1479.11,17.136,36.0,,16-03-22,1126.49,past due,property,Emergency,318.0,2.0,,Shelby Golden
LOAN001897,CUST004874,,Personal,44883.8,42805.21,"$22,103.67",3.188,48.0,99/99/9999,23-09-12,935.08,Defaulted,none,,80.0,7.0,627.0,
LOAN001898,CUST002751,BR032,Auto,29617.45,,8942.8,12.242,,27/03/2014,33-12-12,123.41,Delinquent,Property,Medical,302.0,10.0,594.0,Dennis Long
LOAN001899,CUST004489,BR037,Student,26396.83,22647.58,2492.85,10.419,180.0,2017-07-06,32-04-18,,Defaulted,Stocks,Education,160.0,19.0,413.0,Brian Peck
LOAN001900,CUST000420,BR008,Auto,47578.58,38237.88,32099.32,15.64,180.0,16-10-23,08/06/2031,264.33,paid off,Stocks,Vehicle purchase,0.0,,465.0,Sarah Hernandez
LOAN001901,CUST004877,BR021,Business,9200.86,7860.59,2308.36,6.889,84.0,23/01/2016,17/12/2022,109.53,Defaulted,Vehicle,Home improvement,207.0,20.0,722.0,James Lawrence
LOAN001902,CUST002093,BR025,Mortgage,59724.95,56880.76,34831.32,5.626,180.0,17-07-13,"April 25, 2032",331.81,Delinquent,Property,Business expansion,43.0,2.0,790.0,Wendy Anderson
LOAN001903,CUST000829,BR025,business,50261.46,48114.09,41927.31,7.638,60.0,18-11-13,18/10/2023,837.69,PAID OFF,Property,Medical,,0.0,442.0,James Braun
LOAN001904,CUST004378,,Student,21696.73,21629.93,2974.92,14.802,120.0,10-05-06,2020-03-14,"180,81",Active,,Wedding,0.0,0.0,433.0,Michael Griffith
LOAN001905,CUST002292,BR039,Auto,23711.96,23515.18,21956.59,,180.0,2021-02-09,35-11-23,131.73,DEFAULT,None,Business expansion,38.0,2.0,570.0,William Robinson
LOAN001906,,BR045,Personal,6210.79,5231.7,2238.7,13.762,60.0,2010-05-29,2015-05-03,$103.51,Delinquent,Stocks,Wedding,236.0,22.0,654.0,Christopher Marquez
LOAN001907,CUST000261,BR003,Home Equity,27897.61,22681.37,5995.41,2.565,12.0,05/08/2018,03-05-2019,2324.8,DEFAULT,Savings,Education,26.0,4.0,673.0,Robert Cervantes
LOAN001908,CUST002827,BR023,Personal,29725.3,28625.57,,,84.0,12/12/2021,11/05/2028,353.87,Paid Off,Vehicle,Debt consolidation,0.0,0.0,540.0,Regina Moore
LOAN001909,CUST004152,BR013,Mortgage,4966404.0,46719.35,1749.54,3.726,60.0,06/29/2023,"June 02, 2028",$827.73,Delinquent,,Emergency,16.0,11.0,404.0,Erin Caldwell
LOAN001910,CUST004525,BR035,student,31580.89,25632.23,4773.57,6.307,48.0,"September 23, 2020",02-09-2024,657.94,DEFAULTED,Savings,Home improvement,31.0,6.0,523.0,Melissa Greene
LOAN001911,CUST004359,BR028,Home Equity,76033.22,74071.19,10361.2,13.584,60.0,"July 05, 2014",09/06/2019,1267.22,defaulted,Savings,Debt consolidation,212.0,24.0,827.0,Dominic Frank
LOAN001912,CUST004252,BR045,business,40806.96,33606.35,20493.78,6.964,84.0,04/06/2012,29-04-2019,485.8,Paid Off,none,Debt consolidation,,,462.0,Kristen Buckley
LOAN001913,CUST003409,BR038,business,36984.69,"$35,086.91",2988.31,5.002,12.0,NULL,04/24/2011,3082.06,Defaulted,property,,14.0,18.0,349.0,David Zuniga Jr.
LOAN001914,CUST002179,BR050,Home Equity,46024.58,38935.2,6077.26,5.639,24.0,2023-04-04,25-03-24,1917.69,Delinquent,N/A,Wedding,239.0,8.0,574.0,Philip Christian
LOAN001915,CUST003794,BR044,Student,3969.46,3347.56,2566.68,12.231,120.0,2017-02-18,"December 28, 2026",USD 33.08,Delinquent,N/A,Emergency,32.0,21.0,747.0,Christopher Martin
LOAN001916,CUST000200,BR047,Mortgage,41650.54,35362.76,16843.21,,60.0,"December 19, 2013",23-11-2018,694.18,Paid Off,Stocks,Medical,0.0,,818.0,Alexander Perry
LOAN001917,CUST000366,,Business,25484.27,"22302,32205237008","$24,381.15",13.246,,12/28/2019,21/11/2026,303.38,Delinquent,,Emergency,302.0,4.0,329.0,Susan Jones
LOAN001918,CUST004725,,Student,73235.66,58775.56,67371.51,12.154,360.0,,09/04/2045,203.43,Paid Off,N/A,,0.0,,351.0,Emily Franco
LOAN001919,CUST000006,BR014,Home Equity,19133.98,16137.43,13381.38,10.906,12.0,16-02-08,17-02-02,1594.5,In Progress,,Travel,0.0,,388.0,Chad Hanson
LOAN001920,CUST002938,BR028,Student,33603.03,28021.36,29600.7,16.598,84.0,11/17/2021,10/11/2028,400.04,Paid Off,none,Emergency,0.0,,812.0,Gary Clay
LOAN001921,CUST001073,BR004,auto,37173.98,32594.41,27676.22,14.512,36.0,"January 06, 2015",,1032.61,Paid Off,None,Wedding,0.0,0.0,,Deborah Lynch
LOAN001922,CUST003949,BR007,Student,10779.35,9686.73,9460.76,9.445,84.0,03/11/2021,02/03/2028,128.33,DEFAULT,property,Emergency,152.0,19.0,536.0,Shannon Robinson
LOAN001923,CUST003327,BR048,Home Equity,60097.41,51469.16,45106.35,6.853,360.0,99/99/9999,"February 09, 2046",,Past Due,Savings,Emergency,194.0,8.0,,Taylor Palmer
LOAN001924,CUST002800,BR036,Business,17481.26,17412.53,15066.9,3.767,48.0,02-11-2018,"October 12, 2022",364.19,Defaulted,N/A,Home improvement,23.0,24.0,843.0,Heidi Cantrell
LOAN001925,CUST002305,BR015,business,2394271.0,20867.75,9544.96,7.229,180.0,"December 21, 2016",31-10-04,133.02,delinquent,PROPERTY,Travel,206.0,24.0,721.0,Briana Cervantes
LOAN001926,CUST002016,BR042,Business,"$20,633.93",19301.13,15989.1,5.116,,2016-03-27,06-03-2020,429.87,Defaulted,PROPERTY,Business expansion,155.0,13.0,,John Davis
LOAN001927,CUST004667,BR049,Mortgage,611569.0,5504.05,1717.82,4.792,36.0,16/06/2018,05/31/2021,$169.88,Open,Stocks,Debt consolidation,0.0,,414.0,Cory Taylor
LOAN001928,CUST004143,BR045,Home Equity,24213.27,20535.0,23853.06,17.377,84.0,2022-09-08,29-08-02,288.25,Current,Vehicle,Vehicle purchase,,,824.0,Deborah Malone
LOAN001929,CUST000475,BR045,Personal,52695.16,52363.9,46589.09,3.53,36.0,06/01/2017,"May 16, 2020",1463.75,Late,Savings,Medical,169.0,15.0,447.0,Mr. Michael Cohen
LOAN001930,CUST001997,BR049,Personal,"$45,187.69",43801.41,24618.92,5.015,36.0,2020-02-05,"January 20, 2023",1255.21,Paid Off,,Emergency,,0.0,766.0,Sarah Wong
LOAN001931,CUST002769,BR015,Mortgage,88666.33,85736.29,29332.36,4.371,120.0,07-12-2010,15/10/2020,738.89,Active,None,Wedding,0.0,,728.0,Michael Patrick
LOAN001932,CUST000149,BR019,Personal,33763.87,32712.73,5048.99,8.422,36.0,16-06-2016,06/01/2019,937.89,Delinquent,Property,Medical,234.0,11.0,592.0,Michael Villa
LOAN001933,CUST002554,BR047,Auto,,24753.6,"$23,384.08",4.706,180.0,16-07-10,31-04-23,167.5,Paid Off,None,Travel,,0.0,,Teresa Perez
LOAN001934,CUST001442,BR027,Mortgage,,51433.96,USD 12917.90,8.75,24.0,31/05/2023,99/99/9999,2195.19,Defaulted,property,Medical,86.0,24.0,397.0,Warren Sims
LOAN001935,CUST004810,BR048,Mortgage,37601.24,30273.11,27585.49,16.43,12.0,,2021-05-22,,Paid Off,PROPERTY,Travel,0.0,,481.0,Nancy Simmons
LOAN001936,CUST001807,BR030,Home Equity,37601.32,33437.4,3196.82,10.356,48.0,15-02-14,24-01-2019,783.36,Delinquent,PROPERTY,Travel,277.0,5.0,526.0,Amber Livingston
LOAN001937,CUST001418,BR022,Home Equity,9189.48,7830.09,2092.08,15.643,84.0,01/08/2019,25/06/2026,109.4,DEFAULT,N/A,Education,130.0,21.0,622.0,Jasmine Levy
LOAN001938,CUST002502,BR035,Mortgage,"$52,290.93",41930.5,,15.791,360.0,05/24/2018,"December 18, 2047",145.25,defaulted,,Education,195.0,7.0,756.0,Paul Phillips
LOAN001939,CUST000872,BR004,Personal,87010.68,84284.69,10185.48,11.338,60.0,99/99/9999,07-06-2027,1450.18,Delinquent,None,Travel,130.0,14.0,452.0,Monica Griffin
LOAN001940,CUST002561,BR007,Home Equity,65330.06,54359.85,51518.87,11.996,12.0,22/11/2018,11/17/2019,5444.17,Bad Debt,property,Home improvement,266.0,5.0,767.0,Virginia Lewis
LOAN001941,CUST004492,BR030,Mortgage,86497.15,76011.55,44887.65,2.554,60.0,03/16/2013,02/18/2018,1441.62,Late,Property,Emergency,316.0,21.0,639.0,Tina Ryan
LOAN001942,CUST001407,BR005,Home Equity,23844.43,23413.41,,8.362,240.0,12-06-27,"March 14, 2032",$99.35,charged off,Property,Business expansion,12.0,18.0,784.0,Anna Santos
LOAN001943,CUST004481,BR047,Home Equity,6025.62,5730.13,4053.13,3.75,240.0,11/07/2015,99/99/9999,25.11,Paid Off,Vehicle,Medical,,0.0,,Dana Jones
LOAN001944,CUST001345,BR027,Auto,,22410.37,12006.59,6.389,24.0,"November 22, 2010",,968.71,Defaulted,property,Wedding,187.0,6.0,548.0,
LOAN001945,CUST000821,BR010,Mortgage,7777.67,6965.65,132.13,2.862,12.0,"June 06, 2021",22-06-01,648.14,Past Due,Stocks,Education,318.0,24.0,316.0,
LOAN001946,CUST003757,,Home Equity,81790.57,78614.05,USD 20041.79,14.524,60.0,01-02-2013,06/01/2018,1363.18,Open,Stocks,Wedding,,,718.0,Johnathan Charles
LOAN001947,CUST004877,BR032,Student,38198.23,36903.88,303925.0,17.43,120.0,"October 26, 2013",09/04/2023,318.32,Active,property,Wedding,0.0,,788.0,Lindsey Harrington
LOAN001948,CUST000982,BR037,Mortgage,"13698,54",11362.72,7368.17,12.335,84.0,"August 26, 2015",20-07-2022,163.08,Defaulted,Vehicle,Medical,356.0,15.0,488.0,Stacy Wright
LOAN001949,CUST004096,BR039,Home Equity,30593.46,2879702.6074476996,28193.64,16.013,84.0,99/99/9999,2022-12-22,364.21,open,Vehicle,Education,0.0,0.0,,April James
LOAN001950,CUST002592,BR048,Student,48474.74,40511.59,39182.92,12.895,240.0,"January 20, 2017","October 07, 2036",201.98,Paid Off,PROPERTY,Vehicle purchase,0.0,,820.0,David Hill
LOAN001951,CUST001042,BR017,Home Equity,USD 29584.95,27750.21,349.68,11.229,24.0,04/01/2013,12/25/2014,1232.71,PAST DUE,None,Home improvement,280.0,5.0,391.0,Justin Stokes
LOAN001952,CUST001543,BR001,Mortgage,26336.94,21921.81,4240.36,7.788,180.0,"July 16, 2020",35-04-29,$146.32,Paid Off,none,Emergency,,,773.0,Christopher Cox
LOAN001953,CUST003321,BR011,Mortgage,46515.96,40651.11,24868.74,16.698,60.0,2015-09-29,02-09-2020,775.27,ACTIVE,Stocks,Medical,0.0,0.0,522.0,Kelly Barton
LOAN001954,CUST000177,BR012,Auto,2655.93,,2057.86,10.758,60.0,"May 27, 2018",01-05-2023,44.27,Delinquent,property,,17.0,3.0,325.0,Amanda Martinez
LOAN001955,CUST000636,BR031,auto,31948.37,28076.29,5646.45,14.715,36.0,12/05/2019,"November 19, 2022",887.45,Bad Debt,property,Travel,235.0,21.0,828.0,Anthony James
LOAN001956,CUST000802,BR024,Home Equity,16249.55,14911.49,,4.976,84.0,"June 07, 2023",01-05-2030,193.45,Delinquent,Property,Wedding,230.0,11.0,375.0,Mary Ward
LOAN001957,CUST004026,BR022,Auto,49911.93,41121.9,42569.7,4.75,180.0,2015-09-03,16/06/2030,277.29,Paid Off,none,,,0.0,337.0,Justin Brown
LOAN001958,CUST000496,BR050,Home Equity,50497.94,42217.51,"$26,730.65",15.333,24.0,22-03-2018,"March 11, 2020",2104.08,Defaulted,N/A,Business expansion,93.0,21.0,709.0,Emily Thomas
LOAN001959,CUST000628,,Business,38405.2,"37241,67079505217",19292.11,6.807,120.0,"April 04, 2019",02/10/2029,"320,04",paid off,None,,,0.0,435.0,Mary Murray
LOAN001960,CUST002580,BR004,Student,43833.3,,"1136,82",3.76,180.0,06/10/2019,"July 19, 2034",243.52,Delinquent,None,Debt consolidation,80.0,22.0,818.0,Stephanie Kline
LOAN001961,CUST001122,BR012,Personal,23622.74,20261.89,16213.91,13.731,180.0,NULL,09/06/2037,131.24,Active,PROPERTY,,0.0,,334.0,Joshua Mccann
LOAN001962,CUST002490,BR012,Home Equity,USD 42952.50,35664.43,19414.38,,180.0,99/99/9999,08/27/2025,238.62,open,Property,Emergency,0.0,,765.0,
LOAN001963,CUST003208,BR033,Auto,50282.57,48774.2,6716.24,8.09,36.0,,29/10/2019,1396.74,Delinquent,property,Travel,21.0,14.0,565.0,Maria Johnston
LOAN001964,CUST000533,BR022,Student,"$43,542.78",37586.08,34864.7,4.776,36.0,"July 19, 2022",07/03/2025,1209.52,Paid Off,PROPERTY,Medical,,0.0,560.0,Jason Miller
LOAN001965,CUST001914,BR032,Business,45369.93,44042.89,8877.44,3.256,,2022-04-24,2026-04-03,945.21,Bad Debt,Property,Wedding,143.0,10.0,538.0,Shane Hernandez
LOAN001966,CUST000298,BR026,Auto,67691.83,59838.95,12858.75,14.792,24.0,2017-05-31,21/05/2019,2820.49,Paid Off,Savings,Business expansion,0.0,0.0,565.0,Christopher Koch
LOAN001967,CUST004695,BR046,Auto,31396.19,28424.41,21355.74,4.252,12.0,01-01-2012,26-12-2012,2616.35,Delinquent,,Debt consolidation,313.0,17.0,408.0,
LOAN001968,CUST002186,BR005,Personal,"21892,3",18030.79,6815.81,11.894,60.0,26/01/2010,2014-12-31,364.87,Active,,Debt consolidation,,,679.0,Andrea Patrick
LOAN001969,CUST000130,BR045,Student,26105.43,23805.06,8974.23,5.348,240.0,30-12-2012,32-09-16,108.77,PAID OFF,property,Vehicle purchase,0.0,0.0,734.0,Kendra Miller
LOAN001970,CUST004038,BR035,Mortgage,10904.7,9087.45,4674.53,2.841,84.0,NULL,99/99/9999,129.82,Bad Debt,property,Vehicle purchase,145.0,10.0,431.0,
LOAN001971,CUST003254,,Home Equity,,13961.57,12226.36,10.811,36.0,2012-07-13,06/28/2015,445.4,Delinquent,Property,Vehicle purchase,91.0,9.0,639.0,Sheri Perry
LOAN001972,CUST002552,BR008,student,46540.13,46456.28,26328.13,15.572,48.0,01/01/2016,11-12-2019,969.59,Paid Off,None,Education,,0.0,633.0,Dennis Simpson
LOAN001973,CUST002560,BR010,Home Equity,18619.07,,18382.14,9.468,12.0,NULL,12-12-30,1551.59,defaulted,None,Business expansion,206.0,14.0,505.0,Laura Williams
LOAN001974,CUST000520,,Auto,65669.31,59942.71,54557.75,4.024,360.0,09-02-2020,2049-09-04,182.41,Paid Off,None,,,0.0,844.0,David Stewart
LOAN001975,CUST000683,BR002,Mortgage,17450.5,1577486.2699912523,"10038,74",17.081,180.0,25/09/2013,"July 08, 2028",96.95,Late,,Home improvement,91.0,6.0,493.0,Susan Farmer
LOAN001976,CUST000916,BR014,Auto,30470.98,29445.11,23047.31,14.735,,2020-03-24,"March 09, 2023",846.42,delinquent,Property,Wedding,37.0,9.0,417.0,Jeremy Mckinney
LOAN001977,CUST001249,,Student,USD 33784.52,32959.2,8946.93,15.129,120.0,05/28/2014,24-04-05,281.54,Delinquent,None,Wedding,220.0,8.0,578.0,Teresa Vaughn
LOAN001978,CUST004824,BR031,Business,38979.59,34024.61,"$17,924.05",2.56,84.0,2017-12-06,10/30/2024,464.04,Paid Off,,Education,0.0,0.0,555.0,Madison Bernard
LOAN001979,CUST002456,BR046,Mortgage,24466.32,19882.19,11230.89,13.919,84.0,2019-09-16,2026-08-10,291.27,Defaulted,Savings,Medical,52.0,17.0,365.0,Emily Morris
LOAN001980,CUST000845,BR009,Auto,2182.74,2024.16,1516.91,12.521,240.0,"September 09, 2015",27-05-2035,9.09,Delinquent,N/A,Debt consolidation,151.0,8.0,631.0,Brianna Richardson
LOAN001981,CUST002981,BR035,Business,39170.91,36483.45,,11.503,24.0,"June 01, 2012",2014-05-22,1632.12,defaulted,none,Education,272.0,7.0,534.0,Samuel Richardson
LOAN001982,CUST001590,BR003,Personal,79472.98,68991.09,64709.48,4.246,24.0,26/12/2016,16/12/2018,3311.37,charged off,PROPERTY,Emergency,322.0,11.0,554.0,Samuel Wilson
LOAN001983,CUST001656,BR032,Home Equity,11722.41,11629.89,4070.96,5.384,24.0,2022-03-27,16/03/2024,488.43,DEFAULTED,N/A,Travel,88.0,14.0,315.0,
LOAN001984,CUST002881,BR007,Home Equity,25361.53,USD 22277.23,"4139,44",13.227,36.0,09/14/2016,"August 30, 2019",,paid off,property,,,,418.0,Jesse Robertson Jr.
LOAN001985,CUST004809,BR015,Home Equity,72893.1,63081.74,,11.985,180.0,09-07-2011,,404.96,Defaulted,none,Wedding,357.0,19.0,439.0,Steven Gomez
LOAN001986,CUST001259,,Student,62840.53,52179.24,16912.8,3.181,84.0,99/99/9999,2018-12-30,748.1,Active,Savings,Medical,0.0,,844.0,Michael Kim
LOAN001987,CUST004655,BR018,Home Equity,28487.0,USD 24275.54,17434.78,9.024,120.0,08/26/2018,07/04/2028,237.39,paid,None,Business expansion,,,605.0,Robert Moore
LOAN001988,CUST002707,BR019,Mortgage,20969.07,18568.37,9353.82,17.333,48.0,"May 30, 2020",05/09/2024,436.86,Delinquent,Savings,Emergency,341.0,5.0,686.0,Vanessa Chapman
LOAN001989,CUST000779,BR003,Auto,,24812.23,19660.63,16.812,360.0,20-08-2022,,80.33,Active,Stocks,Vehicle purchase,0.0,,584.0,Bradley Martin
LOAN001990,CUST002169,BR045,personal,53616.35,46992.02,13045.92,16.492,36.0,21-09-19,03-09-2024,1489.34,Paid Off,Savings,Home improvement,,,581.0,Margaret Medina
LOAN001991,CUST004738,BR048,Personal,8376.9,6894.81,68.03,14.451,12.0,08/29/2021,"August 24, 2022",698.07,Active,none,Travel,,0.0,638.0,Kenneth Larson
LOAN001992,CUST003235,BR048,Home Equity,55362.08,46296.54,USD 23264.43,9.023,360.0,03/07/2017,99/99/9999,153.78,Delinquent,property,Vehicle purchase,177.0,13.0,547.0,Nicole Henderson
LOAN001993,CUST000174,BR021,auto,43888.95,"$40,929.85",38932.53,11.364,360.0,"January 02, 2010",2039-07-29,121.91,open,None,Education,0.0,0.0,498.0,Brian James
LOAN001994,CUST000321,BR022,Student,39538.9,36684.95,32454.64,14.329,24.0,"August 29, 2020",19/08/2022,1647.45,Delinquent,N/A,Debt consolidation,171.0,23.0,659.0,Theresa Bautista
LOAN001995,CUST000701,BR041,Auto,1659.29,1516.3,USD 1584.42,11.001,48.0,19-01-07,"December 17, 2022",34.57,Defaulted,None,Education,91.0,18.0,347.0,Michelle Mckinney
LOAN001996,CUST003175,BR005,Personal,,29236.2,"24950,11",14.048,84.0,"August 29, 2022",07/23/2029,353.07,Delinquent,Savings,Emergency,252.0,12.0,541.0,Tiffany Reid
LOAN001997,CUST003346,BR042,Business,25309.82,22609.45,3173.58,8.62,60.0,02/09/2014,01/14/2019,421.83,Charged Off,Vehicle,Wedding,24.0,13.0,715.0,
LOAN001998,,BR037,Home Equity,"$28,551.35",25193.92,8082.76,14.535,60.0,14/02/2015,2020-01-19,475.86,Paid,,Emergency,,0.0,603.0,Jenna Malone
LOAN001999,,BR018,Home Equity,28874.19,27943.71,5385.51,16.658,36.0,23-05-09,04/23/2026,802.06,Defaulted,Savings,Education,365.0,10.0,783.0,Patricia Davis
LOAN002000,CUST002115,BR031,Mortgage,,7914.15,3580.09,9.765,60.0,24-02-2023,28-01-29,$156.21,Active,property,Vehicle purchase,,0.0,780.0,
